Model: ,Oscilloscope DSO-X 1102G
Serial Number:,CN57246464
Address: ,USBInstrument3
Date: ,2026-09-28 15:24:21

Sample Number,Time (s),1 (VOLT),2 (VOLT),
1,-0.25,-0.132764145731926,-0.00394727662205696,
2,-0.249744,-0.0523621514439583,-0.00796737754717469,
3,-0.249488,-0.0523621514439583,-0.00394727662205696,
4,-0.249232,-0.132764145731926,-0.00796737754717469,
5,-0.248976,-0.0523621514439583,-0.00796737754717469,
6,-0.24872,-0.0523621514439583,-0.00796737754717469,
7,-0.248464,-0.0523621514439583,-0.0119874784722924,
8,-0.248208,-0.0523621514439583,-0.00796737754717469,
9,-0.247952,-0.132764145731926,-0.00796737754717469,
10,-0.247696,-0.0523621514439583,-0.00796737754717469,
11,-0.24744,-0.0523621514439583,-0.00394727662205696,
12,-0.247184,-0.132764145731926,-0.00796737754717469,
13,-0.246928,-0.0523621514439583,-0.00394727662205696,
14,-0.246672,-0.0523621514439583,-0.00796737754717469,
15,-0.246416,-0.0523621514439583,-0.0119874784722924,
16,-0.24616,-0.132764145731926,-0.00394727662205696,
17,-0.245904,-0.0523621514439583,-0.00796737754717469,
18,-0.245648,-0.132764145731926,-0.00394727662205696,
19,-0.245392,-0.0523621514439583,-0.00394727662205696,
20,-0.245136,-0.0523621514439583,-0.0119874784722924,
21,-0.24488,-0.132764145731926,-0.00394727662205696,
22,-0.244624,-0.0523621514439583,-0.0119874784722924,
23,-0.244368,-0.132764145731926,-0.00796737754717469,
24,-0.244112,-0.0523621514439583,-0.00796737754717469,
25,-0.243856,-0.0523621514439583,-0.00796737754717469,
26,-0.2436,-0.0523621514439583,-0.00796737754717469,
27,-0.243344,-0.0523621514439583,-0.00796737754717469,
28,-0.243088,-0.0523621514439583,-0.00796737754717469,
29,-0.242832,-0.132764145731926,-0.00394727662205696,
30,-0.242576,-0.0523621514439583,-0.00796737754717469,
31,-0.24232,-0.0523621514439583,-0.00796737754717469,
32,-0.242064,-0.0523621514439583,-0.00796737754717469,
33,-0.241808,-0.0523621514439583,-0.00796737754717469,
34,-0.241552,-0.132764145731926,-0.00796737754717469,
35,-0.241296,-0.132764145731926,-0.00394727662205696,
36,-0.24104,-0.132764145731926,-0.00796737754717469,
37,-0.240784,-0.132764145731926,-0.00394727662205696,
38,-0.240528,-0.132764145731926,-0.00394727662205696,
39,-0.240272,-0.0523621514439583,-0.00796737754717469,
40,-0.240016,-0.0523621514439583,-0.00796737754717469,
41,-0.23976,-0.0523621514439583,-0.0119874784722924,
42,-0.239504,-0.0523621514439583,-0.0119874784722924,
43,-0.239248,-0.0523621514439583,-0.00796737754717469,
44,-0.238992,0.0280398428440094,-0.00796737754717469,
45,-0.238736,-0.0523621514439583,-0.00796737754717469,
46,-0.23848,-0.132764145731926,-0.00796737754717469,
47,-0.238224,-0.0523621514439583,-0.0119874784722924,
48,-0.237968,-0.0523621514439583,-0.00394727662205696,
49,-0.237712,-0.0523621514439583,-0.00796737754717469,
50,-0.237456,-0.0523621514439583,-0.00394727662205696,
51,-0.2372,-0.0523621514439583,-0.00796737754717469,
52,-0.236944,-0.0523621514439583,-0.00796737754717469,
53,-0.236688,-0.132764145731926,-0.00796737754717469,
54,-0.236432,-0.132764145731926,-0.0119874784722924,
55,-0.236176,-0.0523621514439583,-0.00796737754717469,
56,-0.23592,-0.0523621514439583,-0.00796737754717469,
57,-0.235664,-0.132764145731926,-0.00394727662205696,
58,-0.235408,-0.0523621514439583,-0.0119874784722924,
59,-0.235152,-0.0523621514439583,-0.00796737754717469,
60,-0.234896,0.0280398428440094,-0.00394727662205696,
61,-0.23464,-0.132764145731926,7.282430306077E-05,
62,-0.234384,-0.0523621514439583,-0.00796737754717469,
63,-0.234128,-0.0523621514439583,-0.00796737754717469,
64,-0.233872,-0.0523621514439583,-0.00796737754717469,
65,-0.233616,-0.132764145731926,-0.00796737754717469,
66,-0.23336,-0.0523621514439583,-0.00394727662205696,
67,-0.233104,-0.132764145731926,-0.00796737754717469,
68,-0.232848,-0.0523621514439583,-0.00796737754717469,
69,-0.232592,-0.132764145731926,-0.00796737754717469,
70,-0.232336,-0.0523621514439583,-0.00796737754717469,
71,-0.23208,-0.0523621514439583,-0.00796737754717469,
72,-0.231824,-0.132764145731926,-0.00796737754717469,
73,-0.231568,-0.132764145731926,-0.00394727662205696,
74,-0.231312,-0.0523621514439583,-0.00796737754717469,
75,-0.231056,-0.0523621514439583,-0.00796737754717469,
76,-0.2308,-0.0523621514439583,-0.00796737754717469,
77,-0.230544,-0.0523621514439583,-0.00796737754717469,
78,-0.230288,-0.0523621514439583,-0.00796737754717469,
79,-0.230032,-0.0523621514439583,-0.00796737754717469,
80,-0.229776,-0.132764145731926,-0.00796737754717469,
81,-0.22952,-0.132764145731926,-0.00796737754717469,
82,-0.229264,-0.132764145731926,-0.00796737754717469,
83,-0.229008,-0.0523621514439583,-0.00796737754717469,
84,-0.228752,-0.0523621514439583,-0.00394727662205696,
85,-0.228496,-0.0523621514439583,-0.00796737754717469,
86,-0.22824,-0.0523621514439583,-0.00796737754717469,
87,-0.227984,-0.0523621514439583,-0.00394727662205696,
88,-0.227728,-0.0523621514439583,-0.00796737754717469,
89,-0.227472,-0.132764145731926,-0.00796737754717469,
90,-0.227216,-0.132764145731926,-0.00796737754717469,
91,-0.22696,-0.0523621514439583,-0.00796737754717469,
92,-0.226704,-0.132764145731926,-0.00796737754717469,
93,-0.226448,-0.0523621514439583,-0.00796737754717469,
94,-0.226192,0.0280398428440094,-0.00796737754717469,
95,-0.225936,-0.132764145731926,-0.00394727662205696,
96,-0.22568,-0.132764145731926,-0.00394727662205696,
97,-0.225424,-0.0523621514439583,-0.00796737754717469,
98,-0.225168,-0.0523621514439583,-0.00796737754717469,
99,-0.224912,-0.0523621514439583,-0.00394727662205696,
100,-0.224656,-0.132764145731926,-0.00796737754717469,
101,-0.2244,-0.132764145731926,-0.00394727662205696,
102,-0.224144,-0.0523621514439583,-0.00394727662205696,
103,-0.223888,-0.132764145731926,-0.0119874784722924,
104,-0.223632,-0.132764145731926,-0.00796737754717469,
105,-0.223376,-0.0523621514439583,7.282430306077E-05,
106,-0.22312,-0.132764145731926,-0.00796737754717469,
107,-0.222864,-0.0523621514439583,-0.00796737754717469,
108,-0.222608,-0.0523621514439583,-0.00394727662205696,
109,-0.222352,-0.132764145731926,-0.00394727662205696,
110,-0.222096,-0.0523621514439583,-0.00796737754717469,
111,-0.22184,-0.0523621514439583,-0.00394727662205696,
112,-0.221584,-0.0523621514439583,-0.00796737754717469,
113,-0.221328,-0.132764145731926,-0.00796737754717469,
114,-0.221072,-0.132764145731926,-0.00394727662205696,
115,-0.220816,-0.132764145731926,-0.00796737754717469,
116,-0.22056,-0.0523621514439583,-0.00394727662205696,
117,-0.220304,-0.0523621514439583,-0.00394727662205696,
118,-0.220048,-0.0523621514439583,-0.00394727662205696,
119,-0.219792,-0.0523621514439583,-0.00796737754717469,
120,-0.219536,-0.0523621514439583,-0.00796737754717469,
121,-0.21928,-0.0523621514439583,-0.00796737754717469,
122,-0.219024,-0.0523621514439583,-0.00394727662205696,
123,-0.218768,-0.0523621514439583,-0.0119874784722924,
124,-0.218512,-0.132764145731926,-0.00394727662205696,
125,-0.218256,-0.132764145731926,-0.00394727662205696,
126,-0.218,-0.132764145731926,-0.00796737754717469,
127,-0.217744,0.0280398428440094,-0.0119874784722924,
128,-0.217488,-0.0523621514439583,-0.00796737754717469,
129,-0.217232,-0.132764145731926,-0.00796737754717469,
130,-0.216976,0.0280398428440094,-0.00796737754717469,
131,-0.21672,-0.0523621514439583,-0.0119874784722924,
132,-0.216464,-0.0523621514439583,-0.00796737754717469,
133,-0.216208,-0.0523621514439583,-0.00394727662205696,
134,-0.215952,-0.0523621514439583,-0.00796737754717469,
135,-0.215696,-0.0523621514439583,-0.00796737754717469,
136,-0.21544,-0.0523621514439583,-0.00796737754717469,
137,-0.215184,-0.132764145731926,-0.00796737754717469,
138,-0.214928,-0.0523621514439583,-0.00796737754717469,
139,-0.214672,-0.0523621514439583,-0.0119874784722924,
140,-0.214416,-0.0523621514439583,-0.0119874784722924,
141,-0.21416,-0.132764145731926,-0.0160075793974102,
142,-0.213904,-0.0523621514439583,-0.00394727662205696,
143,-0.213648,-0.132764145731926,-0.00394727662205696,
144,-0.213392,-0.0523621514439583,-0.00796737754717469,
145,-0.213136,0.0280398428440094,-0.00796737754717469,
146,-0.21288,-0.0523621514439583,-0.00796737754717469,
147,-0.212624,-0.0523621514439583,-0.0119874784722924,
148,-0.212368,-0.132764145731926,-0.00796737754717469,
149,-0.212112,-0.132764145731926,-0.0119874784722924,
150,-0.211856,-0.0523621514439583,-0.0119874784722924,
151,-0.2116,-0.132764145731926,-0.00394727662205696,
152,-0.211344,-0.132764145731926,-0.00796737754717469,
153,-0.211088,-0.0523621514439583,-0.00796737754717469,
154,-0.210832,-0.0523621514439583,-0.00796737754717469,
155,-0.210576,-0.0523621514439583,-0.00796737754717469,
156,-0.21032,-0.132764145731926,-0.0119874784722924,
157,-0.210064,-0.132764145731926,-0.00796737754717469,
158,-0.209808,-0.0523621514439583,-0.00796737754717469,
159,-0.209552,-0.132764145731926,-0.00796737754717469,
160,-0.209296,-0.0523621514439583,-0.00394727662205696,
161,-0.20904,-0.132764145731926,-0.00796737754717469,
162,-0.208784,-0.0523621514439583,-0.00796737754717469,
163,-0.208528,-0.132764145731926,-0.00796737754717469,
164,-0.208272,-0.0523621514439583,-0.00796737754717469,
165,-0.208016,-0.0523621514439583,-0.00796737754717469,
166,-0.20776,-0.132764145731926,-0.00394727662205696,
167,-0.207504,-0.132764145731926,-0.00394727662205696,
168,-0.207248,-0.0523621514439583,-0.00394727662205696,
169,-0.206992,-0.132764145731926,-0.00394727662205696,
170,-0.206736,-0.0523621514439583,-0.0119874784722924,
171,-0.20648,-0.132764145731926,-0.0160075793974102,
172,-0.206224,-0.0523621514439583,-0.00796737754717469,
173,-0.205968,-0.0523621514439583,-0.00394727662205696,
174,-0.205712,-0.132764145731926,-0.00796737754717469,
175,-0.205456,-0.0523621514439583,-0.00394727662205696,
176,-0.2052,0.0280398428440094,-0.0119874784722924,
177,-0.204944,-0.0523621514439583,-0.00394727662205696,
178,-0.204688,-0.132764145731926,-0.00796737754717469,
179,-0.204432,-0.132764145731926,-0.0119874784722924,
180,-0.204176,-0.0523621514439583,7.282430306077E-05,
181,-0.20392,-0.0523621514439583,-0.00394727662205696,
182,-0.203664,-0.132764145731926,-0.00394727662205696,
183,-0.203408,-0.132764145731926,-0.00796737754717469,
184,-0.203152,-0.0523621514439583,-0.00796737754717469,
185,-0.202896,-0.132764145731926,-0.00394727662205696,
186,-0.20264,-0.0523621514439583,-0.00394727662205696,
187,-0.202384,-0.0523621514439583,-0.00796737754717469,
188,-0.202128,-0.0523621514439583,-0.00796737754717469,
189,-0.201872,-0.0523621514439583,-0.00796737754717469,
190,-0.201616,-0.0523621514439583,-0.00796737754717469,
191,-0.20136,-0.0523621514439583,-0.0119874784722924,
192,-0.201104,-0.132764145731926,-0.0119874784722924,
193,-0.200848,-0.0523621514439583,-0.00394727662205696,
194,-0.200592,-0.132764145731926,-0.00394727662205696,
195,-0.200336,-0.0523621514439583,-0.00796737754717469,
196,-0.20008,-0.132764145731926,-0.0119874784722924,
197,-0.199824,-0.0523621514439583,0.0161532280035317,
198,-0.199568,-0.132764145731926,0.0442939344793558,
199,-0.199312,-0.0523621514439583,0.056354237254709,
200,-0.199056,-0.0523621514439583,0.0724346409551799,
201,-0.1988,-0.0523621514439583,0.0844949437305331,
202,-0.198544,-0.132764145731926,0.0844949437305331,
203,-0.198288,-0.132764145731926,0.0965552465058863,
204,-0.198032,-0.0523621514439583,0.0925351455807686,
205,-0.197776,-0.0523621514439583,0.0925351455807686,
206,-0.19752,-0.0523621514439583,0.0925351455807686,
207,-0.197264,-0.132764145731926,0.0885150446556509,
208,-0.197008,-0.0523621514439583,0.0885150446556509,
209,-0.196752,-0.132764145731926,0.0844949437305331,
210,-0.196496,-0.0523621514439583,0.0804748428054154,
211,-0.19624,-0.132764145731926,0.0764547418802977,
212,-0.195984,-0.0523621514439583,0.0764547418802977,
213,-0.195728,-0.0523621514439583,0.0724346409551799,
214,-0.195472,-0.0523621514439583,0.0684145400300622,
215,-0.195216,-0.0523621514439583,0.0643944391049445,
216,-0.19496,-0.0523621514439583,0.0603743381798267,
217,-0.194704,-0.0523621514439583,0.056354237254709,
218,-0.194448,-0.0523621514439583,0.0523341363295913,
219,-0.194192,-0.132764145731926,0.0483140354044735,
220,-0.193936,-0.132764145731926,0.0483140354044735,
221,-0.19368,-0.0523621514439583,0.0442939344793558,
222,-0.193424,-0.0523621514439583,0.0402738335542381,
223,-0.193168,-0.0523621514439583,0.0402738335542381,
224,-0.192912,-0.0523621514439583,0.0362537326291204,
225,-0.192656,-0.132764145731926,0.0322336317040026,
226,-0.1924,-0.132764145731926,0.0362537326291204,
227,-0.192144,-0.132764145731926,0.0282135307788849,
228,-0.191888,-0.0523621514439583,0.0322336317040026,
229,-0.191632,-0.0523621514439583,0.0282135307788849,
230,-0.191376,-0.0523621514439583,0.0241934298537672,
231,-0.19112,-0.0523621514439583,0.0201733289286494,
232,-0.190864,-0.132764145731926,0.0241934298537672,
233,-0.190608,-0.0523621514439583,0.0161532280035317,
234,-0.190352,-0.132764145731926,0.0161532280035317,
235,-0.190096,-0.132764145731926,0.012133127078414,
236,-0.18984,-0.0523621514439583,0.0161532280035317,
237,-0.189584,-0.0523621514439583,0.0161532280035317,
238,-0.189328,-0.0523621514439583,0.0161532280035317,
239,-0.189072,-0.0523621514439583,0.012133127078414,
240,-0.188816,-0.132764145731926,0.012133127078414,
241,-0.18856,0.0280398428440094,0.00811302615329623,
242,-0.188304,-0.0523621514439583,0.0161532280035317,
243,-0.188048,-0.0523621514439583,0.00811302615329623,
244,-0.187792,-0.132764145731926,0.00811302615329623,
245,-0.187536,-0.0523621514439583,0.0040929252281785,
246,-0.18728,-0.132764145731926,0.0040929252281785,
247,-0.187024,-0.0523621514439583,0.0040929252281785,
248,-0.186768,-0.0523621514439583,0.00811302615329623,
249,-0.186512,-0.0523621514439583,7.282430306077E-05,
250,-0.186256,-0.0523621514439583,7.282430306077E-05,
251,-0.186,-0.132764145731926,7.282430306077E-05,
252,-0.185744,-0.0523621514439583,0.0040929252281785,
253,-0.185488,-0.0523621514439583,7.282430306077E-05,
254,-0.185232,-0.0523621514439583,-0.00394727662205696,
255,-0.184976,-0.0523621514439583,7.282430306077E-05,
256,-0.18472,-0.132764145731926,-0.00394727662205696,
257,-0.184464,-0.0523621514439583,7.282430306077E-05,
258,-0.184208,-0.0523621514439583,0.0040929252281785,
259,-0.183952,-0.0523621514439583,0.0040929252281785,
260,-0.183696,-0.0523621514439583,-0.00394727662205696,
261,-0.18344,-0.132764145731926,-0.00394727662205696,
262,-0.183184,-0.0523621514439583,-0.00394727662205696,
263,-0.182928,-0.0523621514439583,7.282430306077E-05,
264,-0.182672,-0.0523621514439583,7.282430306077E-05,
265,-0.182416,-0.0523621514439583,-0.00394727662205696,
266,-0.18216,-0.132764145731926,-0.00394727662205696,
267,-0.181904,-0.0523621514439583,-0.00394727662205696,
268,-0.181648,-0.0523621514439583,-0.00394727662205696,
269,-0.181392,-0.132764145731926,-0.00796737754717469,
270,-0.181136,-0.132764145731926,-0.00394727662205696,
271,-0.18088,-0.0523621514439583,-0.00394727662205696,
272,-0.180624,-0.132764145731926,-0.00394727662205696,
273,-0.180368,-0.132764145731926,-0.00796737754717469,
274,-0.180112,-0.0523621514439583,-0.00394727662205696,
275,-0.179856,-0.0523621514439583,-0.00394727662205696,
276,-0.1796,-0.132764145731926,7.282430306077E-05,
277,-0.179344,-0.0523621514439583,-0.00796737754717469,
278,-0.179088,-0.132764145731926,-0.00796737754717469,
279,-0.178832,-0.0523621514439583,-0.00394727662205696,
280,-0.178576,-0.0523621514439583,-0.00394727662205696,
281,-0.17832,-0.132764145731926,-0.00796737754717469,
282,-0.178064,-0.132764145731926,-0.00796737754717469,
283,-0.177808,-0.132764145731926,-0.00796737754717469,
284,-0.177552,-0.0523621514439583,-0.00796737754717469,
285,-0.177296,-0.0523621514439583,-0.00394727662205696,
286,-0.17704,-0.132764145731926,-0.00394727662205696,
287,-0.176784,-0.0523621514439583,-0.00796737754717469,
288,-0.176528,-0.0523621514439583,-0.00796737754717469,
289,-0.176272,-0.0523621514439583,-0.00394727662205696,
290,-0.176016,-0.132764145731926,-0.00394727662205696,
291,-0.17576,-0.0523621514439583,-0.0119874784722924,
292,-0.175504,-0.0523621514439583,-0.00796737754717469,
293,-0.175248,-0.0523621514439583,-0.00394727662205696,
294,-0.174992,-0.0523621514439583,-0.00796737754717469,
295,-0.174736,-0.132764145731926,-0.00796737754717469,
296,-0.17448,-0.132764145731926,-0.00394727662205696,
297,-0.174224,-0.0523621514439583,-0.00394727662205696,
298,-0.173968,-0.0523621514439583,-0.00796737754717469,
299,-0.173712,-0.0523621514439583,-0.00394727662205696,
300,-0.173456,-0.0523621514439583,-0.00796737754717469,
301,-0.1732,-0.0523621514439583,-0.00796737754717469,
302,-0.172944,-0.0523621514439583,-0.00394727662205696,
303,-0.172688,-0.0523621514439583,-0.00796737754717469,
304,-0.172432,-0.0523621514439583,-0.00394727662205696,
305,-0.172176,-0.132764145731926,-0.00796737754717469,
306,-0.17192,-0.0523621514439583,-0.00394727662205696,
307,-0.171664,-0.132764145731926,-0.00796737754717469,
308,-0.171408,0.0280398428440094,-0.00796737754717469,
309,-0.171152,-0.0523621514439583,-0.00796737754717469,
310,-0.170896,-0.132764145731926,-0.00394727662205696,
311,-0.17064,0.0280398428440094,-0.00796737754717469,
312,-0.170384,-0.0523621514439583,-0.0119874784722924,
313,-0.170128,-0.0523621514439583,-0.00796737754717469,
314,-0.169872,-0.0523621514439583,-0.00796737754717469,
315,-0.169616,-0.0523621514439583,-0.00796737754717469,
316,-0.16936,-0.132764145731926,-0.0119874784722924,
317,-0.169104,-0.132764145731926,-0.00796737754717469,
318,-0.168848,-0.0523621514439583,-0.00796737754717469,
319,-0.168592,-0.0523621514439583,-0.0119874784722924,
320,-0.168336,-0.0523621514439583,-0.0119874784722924,
321,-0.16808,-0.0523621514439583,-0.00796737754717469,
322,-0.167824,-0.0523621514439583,-0.00394727662205696,
323,-0.167568,-0.132764145731926,-0.00796737754717469,
324,-0.167312,-0.0523621514439583,-0.00796737754717469,
325,-0.167056,-0.0523621514439583,-0.00394727662205696,
326,-0.1668,-0.0523621514439583,7.282430306077E-05,
327,-0.166544,-0.0523621514439583,-0.0119874784722924,
328,-0.166288,-0.132764145731926,-0.00394727662205696,
329,-0.166032,-0.0523621514439583,-0.00796737754717469,
330,-0.165776,-0.0523621514439583,-0.00796737754717469,
331,-0.16552,-0.0523621514439583,-0.00394727662205696,
332,-0.165264,-0.0523621514439583,-0.00394727662205696,
333,-0.165008,-0.0523621514439583,7.282430306077E-05,
334,-0.164752,-0.132764145731926,-0.00394727662205696,
335,-0.164496,-0.0523621514439583,-0.00796737754717469,
336,-0.16424,-0.132764145731926,-0.0119874784722924,
337,-0.163984,-0.0523621514439583,-0.00394727662205696,
338,-0.163728,-0.0523621514439583,-0.00394727662205696,
339,-0.163472,-0.0523621514439583,-0.00796737754717469,
340,-0.163216,-0.132764145731926,-0.00394727662205696,
341,-0.16296,-0.132764145731926,-0.00796737754717469,
342,-0.162704,-0.132764145731926,-0.00394727662205696,
343,-0.162448,-0.132764145731926,-0.00796737754717469,
344,-0.162192,-0.0523621514439583,-0.00394727662205696,
345,-0.161936,-0.132764145731926,-0.00796737754717469,
346,-0.16168,-0.0523621514439583,-0.00394727662205696,
347,-0.161424,-0.0523621514439583,-0.00796737754717469,
348,-0.161168,-0.0523621514439583,-0.00796737754717469,
349,-0.160912,-0.0523621514439583,-0.00796737754717469,
350,-0.160656,-0.132764145731926,-0.00796737754717469,
351,-0.1604,-0.0523621514439583,-0.00796737754717469,
352,-0.160144,-0.132764145731926,-0.00796737754717469,
353,-0.159888,-0.0523621514439583,-0.00796737754717469,
354,-0.159632,-0.0523621514439583,-0.00796737754717469,
355,-0.159376,-0.0523621514439583,-0.00796737754717469,
356,-0.15912,-0.0523621514439583,-0.00796737754717469,
357,-0.158864,-0.0523621514439583,-0.00796737754717469,
358,-0.158608,-0.0523621514439583,-0.00796737754717469,
359,-0.158352,-0.0523621514439583,-0.00394727662205696,
360,-0.158096,-0.0523621514439583,-0.0119874784722924,
361,-0.15784,-0.0523621514439583,-0.00796737754717469,
362,-0.157584,-0.0523621514439583,-0.00796737754717469,
363,-0.157328,-0.132764145731926,-0.00394727662205696,
364,-0.157072,-0.0523621514439583,-0.00796737754717469,
365,-0.156816,-0.0523621514439583,-0.00796737754717469,
366,-0.15656,-0.132764145731926,-0.0119874784722924,
367,-0.156304,-0.0523621514439583,-0.00796737754717469,
368,-0.156048,-0.0523621514439583,-0.00796737754717469,
369,-0.155792,-0.132764145731926,-0.00796737754717469,
370,-0.155536,-0.0523621514439583,-0.00796737754717469,
371,-0.15528,-0.132764145731926,-0.00796737754717469,
372,-0.155024,-0.0523621514439583,-0.00394727662205696,
373,-0.154768,0.0280398428440094,-0.00394727662205696,
374,-0.154512,-0.0523621514439583,-0.00796737754717469,
375,-0.154256,-0.0523621514439583,-0.00796737754717469,
376,-0.154,-0.132764145731926,-0.00796737754717469,
377,-0.153744,-0.0523621514439583,-0.0119874784722924,
378,-0.153488,-0.132764145731926,-0.0119874784722924,
379,-0.153232,-0.0523621514439583,-0.00796737754717469,
380,-0.152976,-0.132764145731926,-0.00796737754717469,
381,-0.15272,-0.0523621514439583,-0.00394727662205696,
382,-0.152464,-0.0523621514439583,-0.00394727662205696,
383,-0.152208,0.0280398428440094,-0.00394727662205696,
384,-0.151952,-0.132764145731926,-0.00796737754717469,
385,-0.151696,-0.0523621514439583,-0.00796737754717469,
386,-0.15144,-0.0523621514439583,-0.00796737754717469,
387,-0.151184,-0.132764145731926,-0.00796737754717469,
388,-0.150928,-0.132764145731926,-0.00394727662205696,
389,-0.150672,-0.0523621514439583,-0.00394727662205696,
390,-0.150416,-0.0523621514439583,-0.0119874784722924,
391,-0.15016,-0.0523621514439583,-0.00796737754717469,
392,-0.149904,-0.132764145731926,-0.00796737754717469,
393,-0.149648,-0.132764145731926,-0.00796737754717469,
394,-0.149392,-0.0523621514439583,-0.00796737754717469,
395,-0.149136,-0.132764145731926,-0.00394727662205696,
396,-0.14888,-0.0523621514439583,-0.00796737754717469,
397,-0.148624,-0.132764145731926,-0.00796737754717469,
398,-0.148368,-0.132764145731926,-0.00796737754717469,
399,-0.148112,-0.132764145731926,-0.0160075793974102,
400,-0.147856,-0.0523621514439583,-0.00394727662205696,
401,-0.1476,-0.0523621514439583,-0.00394727662205696,
402,-0.147344,-0.0523621514439583,-0.00796737754717469,
403,-0.147088,-0.0523621514439583,-0.00796737754717469,
404,-0.146832,-0.0523621514439583,-0.00796737754717469,
405,-0.146576,-0.0523621514439583,-0.00394727662205696,
406,-0.14632,-0.132764145731926,-0.00796737754717469,
407,-0.146064,-0.0523621514439583,-0.00796737754717469,
408,-0.145808,-0.0523621514439583,-0.00796737754717469,
409,-0.145552,-0.0523621514439583,-0.00796737754717469,
410,-0.145296,-0.0523621514439583,-0.00394727662205696,
411,-0.14504,-0.0523621514439583,-0.00796737754717469,
412,-0.144784,-0.0523621514439583,-0.00394727662205696,
413,-0.144528,-0.0523621514439583,-0.00394727662205696,
414,-0.144272,-0.0523621514439583,-0.0119874784722924,
415,-0.144016,-0.0523621514439583,-0.00796737754717469,
416,-0.14376,-0.0523621514439583,-0.00796737754717469,
417,-0.143504,-0.0523621514439583,-0.00796737754717469,
418,-0.143248,-0.132764145731926,-0.00796737754717469,
419,-0.142992,-0.132764145731926,-0.0119874784722924,
420,-0.142736,-0.0523621514439583,-0.00796737754717469,
421,-0.14248,-0.132764145731926,-0.00394727662205696,
422,-0.142224,-0.0523621514439583,-0.00796737754717469,
423,-0.141968,-0.132764145731926,-0.00796737754717469,
424,-0.141712,-0.0523621514439583,-0.00796737754717469,
425,-0.141456,-0.132764145731926,-0.00796737754717469,
426,-0.1412,-0.0523621514439583,-0.00394727662205696,
427,-0.140944,-0.132764145731926,-0.0119874784722924,
428,-0.140688,-0.0523621514439583,-0.00796737754717469,
429,-0.140432,-0.0523621514439583,-0.00394727662205696,
430,-0.140176,-0.0523621514439583,-0.0119874784722924,
431,-0.13992,-0.132764145731926,-0.00796737754717469,
432,-0.139664,-0.0523621514439583,-0.00796737754717469,
433,-0.139408,-0.0523621514439583,-0.0119874784722924,
434,-0.139152,-0.0523621514439583,-0.00796737754717469,
435,-0.138896,-0.0523621514439583,-0.00796737754717469,
436,-0.13864,-0.0523621514439583,-0.00796737754717469,
437,-0.138384,-0.0523621514439583,-0.00796737754717469,
438,-0.138128,-0.0523621514439583,-0.0119874784722924,
439,-0.137872,-0.0523621514439583,-0.00796737754717469,
440,-0.137616,-0.0523621514439583,-0.00796737754717469,
441,-0.13736,-0.0523621514439583,-0.00796737754717469,
442,-0.137104,-0.132764145731926,-0.0119874784722924,
443,-0.136848,-0.132764145731926,-0.0119874784722924,
444,-0.136592,-0.0523621514439583,-0.00394727662205696,
445,-0.136336,-0.132764145731926,-0.00796737754717469,
446,-0.13608,-0.0523621514439583,-0.0119874784722924,
447,-0.135824,-0.0523621514439583,-0.0119874784722924,
448,-0.135568,-0.0523621514439583,-0.00394727662205696,
449,-0.135312,-0.132764145731926,-0.00796737754717469,
450,-0.135056,-0.0523621514439583,-0.00394727662205696,
451,-0.1348,-0.0523621514439583,-0.00796737754717469,
452,-0.134544,-0.132764145731926,-0.00394727662205696,
453,-0.134288,0.0280398428440094,-0.00796737754717469,
454,-0.134032,-0.0523621514439583,-0.0119874784722924,
455,-0.133776,-0.132764145731926,-0.00394727662205696,
456,-0.13352,-0.132764145731926,-0.00796737754717469,
457,-0.133264,-0.132764145731926,-0.00394727662205696,
458,-0.133008,-0.0523621514439583,-0.00796737754717469,
459,-0.132752,-0.0523621514439583,-0.00796737754717469,
460,-0.132496,-0.0523621514439583,-0.00796737754717469,
461,-0.13224,-0.132764145731926,-0.0119874784722924,
462,-0.131984,-0.132764145731926,-0.00394727662205696,
463,-0.131728,-0.132764145731926,-0.00394727662205696,
464,-0.131472,-0.0523621514439583,-0.00796737754717469,
465,-0.131216,-0.0523621514439583,-0.00394727662205696,
466,-0.13096,-0.0523621514439583,-0.00796737754717469,
467,-0.130704,-0.132764145731926,-0.00796737754717469,
468,-0.130448,-0.0523621514439583,-0.0119874784722924,
469,-0.130192,-0.0523621514439583,-0.00796737754717469,
470,-0.129936,-0.0523621514439583,7.282430306077E-05,
471,-0.12968,-0.0523621514439583,-0.00796737754717469,
472,-0.129424,-0.132764145731926,-0.00796737754717469,
473,-0.129168,-0.0523621514439583,-0.00796737754717469,
474,-0.128912,-0.0523621514439583,-0.00796737754717469,
475,-0.128656,-0.132764145731926,-0.00394727662205696,
476,-0.1284,-0.0523621514439583,-0.00394727662205696,
477,-0.128144,-0.0523621514439583,-0.00796737754717469,
478,-0.127888,-0.0523621514439583,-0.00796737754717469,
479,-0.127632,-0.0523621514439583,-0.00394727662205696,
480,-0.127376,-0.0523621514439583,-0.00796737754717469,
481,-0.12712,-0.0523621514439583,-0.00796737754717469,
482,-0.126864,-0.0523621514439583,-0.00796737754717469,
483,-0.126608,-0.132764145731926,-0.00796737754717469,
484,-0.126352,0.0280398428440094,-0.00796737754717469,
485,-0.126096,-0.132764145731926,-0.00796737754717469,
486,-0.12584,-0.0523621514439583,-0.00394727662205696,
487,-0.125584,-0.0523621514439583,-0.00796737754717469,
488,-0.125328,-0.132764145731926,-0.00394727662205696,
489,-0.125072,-0.0523621514439583,-0.00796737754717469,
490,-0.124816,-0.0523621514439583,-0.00796737754717469,
491,-0.12456,-0.0523621514439583,-0.00796737754717469,
492,-0.124304,-0.132764145731926,-0.00394727662205696,
493,-0.124048,-0.132764145731926,-0.00796737754717469,
494,-0.123792,-0.132764145731926,-0.00394727662205696,
495,-0.123536,0.0280398428440094,-0.00796737754717469,
496,-0.12328,-0.132764145731926,-0.0119874784722924,
497,-0.123024,-0.0523621514439583,-0.0119874784722924,
498,-0.122768,-0.0523621514439583,-0.0119874784722924,
499,-0.122512,-0.0523621514439583,-0.00394727662205696,
500,-0.122256,-0.0523621514439583,-0.00394727662205696,
501,-0.122,-0.0523621514439583,-0.00796737754717469,
502,-0.121744,-0.132764145731926,-0.00796737754717469,
503,-0.121488,-0.0523621514439583,-0.00796737754717469,
504,-0.121232,-0.0523621514439583,-0.00796737754717469,
505,-0.120976,-0.0523621514439583,-0.00394727662205696,
506,-0.12072,-0.132764145731926,-0.00394727662205696,
507,-0.120464,-0.0523621514439583,-0.00796737754717469,
508,-0.120208,-0.132764145731926,-0.00796737754717469,
509,-0.119952,-0.0523621514439583,-0.00394727662205696,
510,-0.119696,-0.0523621514439583,-0.00796737754717469,
511,-0.11944,-0.0523621514439583,-0.0119874784722924,
512,-0.119184,-0.132764145731926,-0.00796737754717469,
513,-0.118928,-0.0523621514439583,-0.00796737754717469,
514,-0.118672,-0.0523621514439583,-0.00796737754717469,
515,-0.118416,-0.0523621514439583,-0.00394727662205696,
516,-0.11816,-0.132764145731926,-0.0119874784722924,
517,-0.117904,-0.0523621514439583,-0.00796737754717469,
518,-0.117648,-0.132764145731926,-0.00796737754717469,
519,-0.117392,-0.0523621514439583,-0.00796737754717469,
520,-0.117136,-0.132764145731926,-0.00796737754717469,
521,-0.11688,-0.0523621514439583,-0.00796737754717469,
522,-0.116624,-0.132764145731926,-0.00796737754717469,
523,-0.116368,-0.0523621514439583,-0.00796737754717469,
524,-0.116112,-0.0523621514439583,-0.00394727662205696,
525,-0.115856,-0.0523621514439583,-0.00796737754717469,
526,-0.1156,-0.0523621514439583,-0.00394727662205696,
527,-0.115344,-0.0523621514439583,-0.00796737754717469,
528,-0.115088,0.0280398428440094,-0.00796737754717469,
529,-0.114832,-0.0523621514439583,-0.00796737754717469,
530,-0.114576,-0.132764145731926,-0.00394727662205696,
531,-0.11432,-0.0523621514439583,-0.00796737754717469,
532,-0.114064,-0.132764145731926,-0.0119874784722924,
533,-0.113808,-0.0523621514439583,-0.0119874784722924,
534,-0.113552,-0.0523621514439583,-0.00796737754717469,
535,-0.113296,-0.132764145731926,-0.00796737754717469,
536,-0.11304,-0.0523621514439583,-0.00796737754717469,
537,-0.112784,-0.0523621514439583,-0.00796737754717469,
538,-0.112528,-0.0523621514439583,-0.00796737754717469,
539,-0.112272,-0.132764145731926,-0.00796737754717469,
540,-0.112016,-0.0523621514439583,-0.00796737754717469,
541,-0.11176,-0.0523621514439583,-0.00394727662205696,
542,-0.111504,0.0280398428440094,-0.0119874784722924,
543,-0.111248,-0.132764145731926,7.282430306077E-05,
544,-0.110992,-0.0523621514439583,-0.0119874784722924,
545,-0.110736,-0.0523621514439583,-0.00796737754717469,
546,-0.11048,-0.0523621514439583,-0.00796737754717469,
547,-0.110224,-0.132764145731926,-0.00796737754717469,
548,-0.109968,0.0280398428440094,-0.00394727662205696,
549,-0.109712,-0.0523621514439583,-0.00394727662205696,
550,-0.109456,-0.0523621514439583,-0.0119874784722924,
551,-0.1092,-0.132764145731926,-0.00394727662205696,
552,-0.108944,-0.0523621514439583,-0.00796737754717469,
553,-0.108688,-0.0523621514439583,-0.00796737754717469,
554,-0.108432,-0.132764145731926,-0.0119874784722924,
555,-0.108176,-0.0523621514439583,-0.00796737754717469,
556,-0.10792,-0.132764145731926,-0.00394727662205696,
557,-0.107664,-0.132764145731926,-0.00796737754717469,
558,-0.107408,-0.132764145731926,-0.00394727662205696,
559,-0.107152,-0.0523621514439583,-0.00796737754717469,
560,-0.106896,-0.0523621514439583,-0.0119874784722924,
561,-0.10664,-0.132764145731926,-0.00796737754717469,
562,-0.106384,-0.0523621514439583,-0.00796737754717469,
563,-0.106128,-0.0523621514439583,-0.00796737754717469,
564,-0.105872,-0.132764145731926,-0.00394727662205696,
565,-0.105616,-0.132764145731926,-0.0119874784722924,
566,-0.10536,-0.0523621514439583,-0.00796737754717469,
567,-0.105104,-0.132764145731926,-0.00394727662205696,
568,-0.104848,-0.132764145731926,-0.00394727662205696,
569,-0.104592,-0.132764145731926,-0.00394727662205696,
570,-0.104336,-0.132764145731926,-0.00796737754717469,
571,-0.10408,-0.0523621514439583,-0.00394727662205696,
572,-0.103824,-0.132764145731926,-0.0119874784722924,
573,-0.103568,-0.132764145731926,-0.00796737754717469,
574,-0.103312,-0.132764145731926,-0.00394727662205696,
575,-0.103056,-0.0523621514439583,-0.0119874784722924,
576,-0.1028,-0.132764145731926,-0.00796737754717469,
577,-0.102544,-0.0523621514439583,-0.00796737754717469,
578,-0.102288,-0.132764145731926,-0.00796737754717469,
579,-0.102032,-0.0523621514439583,-0.00394727662205696,
580,-0.101776,-0.0523621514439583,-0.00796737754717469,
581,-0.10152,-0.132764145731926,-0.00394727662205696,
582,-0.101264,-0.132764145731926,-0.00394727662205696,
583,-0.101008,-0.0523621514439583,-0.00394727662205696,
584,-0.100752,0.0280398428440094,-0.00796737754717469,
585,-0.100496,-0.0523621514439583,-0.00796737754717469,
586,-0.10024,-0.213166140019894,-0.0119874784722924,
587,-0.099984,4.7717575058341,-0.00796737754717469,
588,-0.099728,-0.132764145731926,0.0241934298537672,
589,-0.099472,-0.0523621514439583,0.0483140354044735,
590,-0.099216,-0.0523621514439583,0.0684145400300622,
591,-0.09896,-0.132764145731926,0.0764547418802977,
592,-0.098704,-0.0523621514439583,0.0844949437305331,
593,-0.098448,-0.0523621514439583,0.0885150446556509,
594,-0.098192,-0.132764145731926,0.0965552465058863,
595,-0.097936,-0.0523621514439583,0.0925351455807686,
596,-0.09768,-0.0523621514439583,0.0965552465058863,
597,-0.097424,-0.0523621514439583,0.0885150446556509,
598,-0.097168,-0.0523621514439583,0.0925351455807686,
599,-0.096912,-0.0523621514439583,0.0844949437305331,
600,-0.096656,-0.0523621514439583,0.0844949437305331,
601,-0.0964,-0.132764145731926,0.0804748428054154,
602,-0.096144,-0.0523621514439583,0.0804748428054154,
603,-0.095888,-0.0523621514439583,0.0724346409551799,
604,-0.095632,-0.132764145731926,0.0724346409551799,
605,-0.095376,-0.0523621514439583,0.0643944391049445,
606,-0.09512,-0.132764145731926,0.0603743381798267,
607,-0.094864,-0.0523621514439583,0.056354237254709,
608,-0.094608,-0.0523621514439583,0.056354237254709,
609,-0.094352,-0.0523621514439583,0.0523341363295913,
610,-0.094096,-0.0523621514439583,0.0442939344793558,
611,-0.09384,-0.132764145731926,0.0442939344793558,
612,-0.093584,-0.0523621514439583,0.0402738335542381,
613,-0.093328,-0.0523621514439583,0.0442939344793558,
614,-0.093072,-0.0523621514439583,0.0362537326291204,
615,-0.092816,0.0280398428440094,0.0322336317040026,
616,-0.09256,-0.0523621514439583,0.0362537326291204,
617,-0.092304,-0.132764145731926,0.0282135307788849,
618,-0.092048,-0.0523621514439583,0.0241934298537672,
619,-0.091792,-0.0523621514439583,0.0282135307788849,
620,-0.091536,-0.0523621514439583,0.0241934298537672,
621,-0.09128,-0.0523621514439583,0.0201733289286494,
622,-0.091024,-0.0523621514439583,0.0241934298537672,
623,-0.090768,-0.132764145731926,0.0201733289286494,
624,-0.090512,-0.0523621514439583,0.0161532280035317,
625,-0.090256,-0.132764145731926,0.0161532280035317,
626,-0.09,-0.0523621514439583,0.0161532280035317,
627,-0.089744,-0.132764145731926,0.0161532280035317,
628,-0.089488,-0.132764145731926,0.0201733289286494,
629,-0.089232,-0.0523621514439583,0.012133127078414,
630,-0.088976,-0.0523621514439583,0.012133127078414,
631,-0.08872,-0.0523621514439583,0.012133127078414,
632,-0.088464,-0.0523621514439583,0.012133127078414,
633,-0.088208,-0.132764145731926,0.00811302615329623,
634,-0.087952,-0.0523621514439583,0.012133127078414,
635,-0.087696,-0.0523621514439583,0.0040929252281785,
636,-0.08744,-0.132764145731926,7.282430306077E-05,
637,-0.087184,-0.132764145731926,0.0040929252281785,
638,-0.086928,-0.0523621514439583,0.0040929252281785,
639,-0.086672,-0.132764145731926,0.0040929252281785,
640,-0.086416,-0.132764145731926,0.0040929252281785,
641,-0.08616,-0.0523621514439583,7.282430306077E-05,
642,-0.085904,-0.0523621514439583,0.0040929252281785,
643,-0.085648,-0.0523621514439583,0.0040929252281785,
644,-0.085392,-0.132764145731926,7.282430306077E-05,
645,-0.085136,-0.0523621514439583,7.282430306077E-05,
646,-0.08488,-0.0523621514439583,-0.00394727662205696,
647,-0.084624,-0.0523621514439583,-0.00394727662205696,
648,-0.084368,-0.132764145731926,-0.00796737754717469,
649,-0.084112,-0.132764145731926,-0.00394727662205696,
650,-0.083856,-0.132764145731926,0.0040929252281785,
651,-0.0836,-0.132764145731926,7.282430306077E-05,
652,-0.083344,-0.0523621514439583,7.282430306077E-05,
653,-0.083088,-0.132764145731926,-0.00394727662205696,
654,-0.082832,-0.0523621514439583,-0.00394727662205696,
655,-0.082576,-0.132764145731926,-0.00394727662205696,
656,-0.08232,-0.0523621514439583,7.282430306077E-05,
657,-0.082064,-0.0523621514439583,-0.00394727662205696,
658,-0.081808,-0.0523621514439583,-0.00394727662205696,
659,-0.081552,-0.0523621514439583,7.282430306077E-05,
660,-0.081296,-0.0523621514439583,7.282430306077E-05,
661,-0.08104,-0.0523621514439583,-0.00394727662205696,
662,-0.080784,-0.0523621514439583,7.282430306077E-05,
663,-0.080528,-0.132764145731926,-0.00394727662205696,
664,-0.080272,-0.0523621514439583,-0.00394727662205696,
665,-0.080016,-0.132764145731926,0.0040929252281785,
666,-0.07976,-0.0523621514439583,-0.00394727662205696,
667,-0.079504,-0.0523621514439583,-0.00394727662205696,
668,-0.079248,-0.0523621514439583,-0.00394727662205696,
669,-0.078992,-0.0523621514439583,-0.00394727662205696,
670,-0.078736,-0.0523621514439583,-0.00796737754717469,
671,-0.07848,-0.0523621514439583,-0.00394727662205696,
672,-0.078224,-0.0523621514439583,-0.00796737754717469,
673,-0.077968,-0.0523621514439583,-0.00796737754717469,
674,-0.077712,-0.132764145731926,-0.00796737754717469,
675,-0.077456,-0.0523621514439583,-0.00796737754717469,
676,-0.0772,0.0280398428440094,-0.00394727662205696,
677,-0.076944,-0.0523621514439583,-0.00394727662205696,
678,-0.076688,-0.0523621514439583,-0.00796737754717469,
679,-0.076432,-0.0523621514439583,-0.00394727662205696,
680,-0.076176,-0.132764145731926,-0.00394727662205696,
681,-0.07592,-0.0523621514439583,-0.00394727662205696,
682,-0.075664,-0.0523621514439583,-0.00394727662205696,
683,-0.075408,-0.0523621514439583,-0.00796737754717469,
684,-0.075152,-0.0523621514439583,-0.00394727662205696,
685,-0.074896,-0.0523621514439583,-0.00394727662205696,
686,-0.07464,-0.0523621514439583,-0.00394727662205696,
687,-0.074384,-0.0523621514439583,-0.0119874784722924,
688,-0.074128,-0.0523621514439583,-0.00394727662205696,
689,-0.073872,-0.0523621514439583,-0.00394727662205696,
690,-0.073616,-0.0523621514439583,-0.00394727662205696,
691,-0.07336,-0.132764145731926,-0.00394727662205696,
692,-0.073104,-0.0523621514439583,-0.00796737754717469,
693,-0.072848,-0.0523621514439583,-0.00796737754717469,
694,-0.072592,-0.0523621514439583,-0.00796737754717469,
695,-0.072336,-0.132764145731926,-0.0119874784722924,
696,-0.07208,-0.132764145731926,-0.00796737754717469,
697,-0.071824,-0.0523621514439583,-0.00796737754717469,
698,-0.071568,-0.0523621514439583,-0.00394727662205696,
699,-0.071312,-0.0523621514439583,-0.00796737754717469,
700,-0.071056,-0.132764145731926,-0.00796737754717469,
701,-0.0708,-0.132764145731926,-0.00394727662205696,
702,-0.070544,-0.0523621514439583,-0.00796737754717469,
703,-0.070288,-0.0523621514439583,-0.00796737754717469,
704,-0.070032,-0.0523621514439583,-0.00796737754717469,
705,-0.069776,-0.132764145731926,-0.00796737754717469,
706,-0.06952,-0.132764145731926,-0.00796737754717469,
707,-0.069264,-0.0523621514439583,-0.00796737754717469,
708,-0.069008,-0.132764145731926,-0.00796737754717469,
709,-0.068752,-0.0523621514439583,-0.0119874784722924,
710,-0.068496,-0.0523621514439583,-0.00796737754717469,
711,-0.06824,-0.0523621514439583,-0.0119874784722924,
712,-0.067984,-0.0523621514439583,-0.00796737754717469,
713,-0.067728,-0.0523621514439583,-0.00796737754717469,
714,-0.067472,-0.132764145731926,-0.00796737754717469,
715,-0.067216,-0.132764145731926,-0.0119874784722924,
716,-0.06696,-0.0523621514439583,-0.00796737754717469,
717,-0.066704,-0.0523621514439583,-0.00394727662205696,
718,-0.066448,-0.0523621514439583,-0.00796737754717469,
719,-0.066192,-0.132764145731926,-0.00796737754717469,
720,-0.065936,-0.0523621514439583,-0.00394727662205696,
721,-0.06568,-0.0523621514439583,-0.00796737754717469,
722,-0.065424,-0.132764145731926,-0.00796737754717469,
723,-0.065168,0.0280398428440094,-0.00796737754717469,
724,-0.064912,-0.0523621514439583,-0.00394727662205696,
725,-0.064656,-0.0523621514439583,-0.00796737754717469,
726,-0.0644,-0.132764145731926,-0.0119874784722924,
727,-0.064144,-0.0523621514439583,-0.00394727662205696,
728,-0.063888,-0.0523621514439583,-0.00796737754717469,
729,-0.063632,-0.132764145731926,-0.0119874784722924,
730,-0.063376,-0.0523621514439583,-0.0160075793974102,
731,-0.06312,-0.0523621514439583,-0.00796737754717469,
732,-0.062864,-0.0523621514439583,-0.00394727662205696,
733,-0.062608,-0.0523621514439583,-0.00796737754717469,
734,-0.062352,-0.0523621514439583,-0.00796737754717469,
735,-0.062096,-0.0523621514439583,-0.00796737754717469,
736,-0.06184,0.0280398428440094,-0.00796737754717469,
737,-0.061584,-0.0523621514439583,-0.00796737754717469,
738,-0.061328,-0.0523621514439583,-0.00394727662205696,
739,-0.061072,-0.0523621514439583,-0.00796737754717469,
740,-0.060816,-0.0523621514439583,-0.00796737754717469,
741,-0.06056,-0.0523621514439583,-0.00796737754717469,
742,-0.060304,-0.0523621514439583,-0.00394727662205696,
743,-0.060048,-0.0523621514439583,-0.00796737754717469,
744,-0.059792,-0.0523621514439583,-0.0119874784722924,
745,-0.059536,-0.132764145731926,-0.00394727662205696,
746,-0.05928,-0.0523621514439583,-0.00796737754717469,
747,-0.059024,-0.132764145731926,-0.0119874784722924,
748,-0.058768,0.0280398428440094,-0.00394727662205696,
749,-0.058512,-0.132764145731926,-0.00796737754717469,
750,-0.058256,-0.0523621514439583,-0.00394727662205696,
751,-0.058,-0.132764145731926,-0.0119874784722924,
752,-0.057744,-0.132764145731926,-0.00796737754717469,
753,-0.057488,-0.132764145731926,-0.00796737754717469,
754,-0.057232,-0.0523621514439583,-0.0119874784722924,
755,-0.056976,-0.132764145731926,-0.00796737754717469,
756,-0.05672,-0.132764145731926,-0.00394727662205696,
757,-0.056464,0.0280398428440094,-0.0119874784722924,
758,-0.056208,-0.0523621514439583,-0.00796737754717469,
759,-0.055952,-0.132764145731926,-0.00796737754717469,
760,-0.055696,-0.0523621514439583,-0.00796737754717469,
761,-0.05544,0.0280398428440094,-0.00394727662205696,
762,-0.055184,-0.0523621514439583,-0.00394727662205696,
763,-0.054928,-0.0523621514439583,-0.00796737754717469,
764,-0.054672,-0.0523621514439583,-0.00796737754717469,
765,-0.054416,-0.0523621514439583,-0.00796737754717469,
766,-0.05416,-0.0523621514439583,-0.00796737754717469,
767,-0.053904,-0.0523621514439583,-0.00796737754717469,
768,-0.053648,-0.132764145731926,-0.00796737754717469,
769,-0.053392,-0.0523621514439583,-0.00796737754717469,
770,-0.053136,-0.0523621514439583,-0.00796737754717469,
771,-0.05288,-0.132764145731926,-0.00796737754717469,
772,-0.052624,-0.0523621514439583,-0.00796737754717469,
773,-0.052368,-0.0523621514439583,-0.00796737754717469,
774,-0.052112,-0.0523621514439583,-0.0119874784722924,
775,-0.051856,-0.0523621514439583,-0.00796737754717469,
776,-0.0516,-0.132764145731926,-0.00394727662205696,
777,-0.051344,-0.0523621514439583,-0.00394727662205696,
778,-0.051088,-0.0523621514439583,-0.0119874784722924,
779,-0.050832,-0.0523621514439583,-0.00796737754717469,
780,-0.050576,-0.0523621514439583,-0.00796737754717469,
781,-0.05032,-0.132764145731926,-0.00394727662205696,
782,-0.050064,-0.0523621514439583,-0.00796737754717469,
783,-0.049808,-0.0523621514439583,-0.00796737754717469,
784,-0.049552,-0.0523621514439583,-0.0119874784722924,
785,-0.049296,-0.0523621514439583,-0.00394727662205696,
786,-0.04904,-0.132764145731926,-0.00394727662205696,
787,-0.048784,-0.0523621514439583,-0.00394727662205696,
788,-0.048528,0.0280398428440094,-0.00796737754717469,
789,-0.048272,-0.132764145731926,-0.00394727662205696,
790,-0.048016,-0.0523621514439583,-0.00796737754717469,
791,-0.04776,0.0280398428440094,-0.00796737754717469,
792,-0.047504,-0.0523621514439583,-0.00796737754717469,
793,-0.047248,-0.132764145731926,-0.00796737754717469,
794,-0.046992,-0.0523621514439583,-0.00394727662205696,
795,-0.046736,-0.0523621514439583,-0.00796737754717469,
796,-0.04648,-0.0523621514439583,-0.00394727662205696,
797,-0.046224,-0.132764145731926,-0.0119874784722924,
798,-0.045968,-0.0523621514439583,-0.00796737754717469,
799,-0.045712,-0.0523621514439583,-0.00394727662205696,
800,-0.045456,0.0280398428440094,-0.00394727662205696,
801,-0.0452,-0.0523621514439583,-0.00394727662205696,
802,-0.044944,-0.0523621514439583,-0.0119874784722924,
803,-0.044688,-0.0523621514439583,-0.00796737754717469,
804,-0.044432,-0.0523621514439583,-0.00796737754717469,
805,-0.044176,-0.132764145731926,-0.00394727662205696,
806,-0.04392,-0.132764145731926,-0.00394727662205696,
807,-0.043664,-0.0523621514439583,-0.00796737754717469,
808,-0.043408,-0.0523621514439583,-0.00394727662205696,
809,-0.043152,-0.0523621514439583,-0.00796737754717469,
810,-0.042896,-0.0523621514439583,-0.00394727662205696,
811,-0.04264,-0.0523621514439583,-0.00796737754717469,
812,-0.042384,-0.132764145731926,-0.00394727662205696,
813,-0.042128,-0.0523621514439583,-0.00394727662205696,
814,-0.041872,-0.132764145731926,-0.00796737754717469,
815,-0.041616,-0.0523621514439583,-0.00796737754717469,
816,-0.04136,-0.0523621514439583,-0.00394727662205696,
817,-0.041104,-0.0523621514439583,-0.00796737754717469,
818,-0.040848,-0.0523621514439583,-0.0119874784722924,
819,-0.040592,-0.132764145731926,-0.0119874784722924,
820,-0.040336,-0.0523621514439583,-0.0119874784722924,
821,-0.04008,-0.0523621514439583,-0.00796737754717469,
822,-0.039824,-0.132764145731926,-0.00796737754717469,
823,-0.039568,-0.0523621514439583,-0.00796737754717469,
824,-0.039312,-0.132764145731926,-0.00394727662205696,
825,-0.039056,-0.0523621514439583,-0.00796737754717469,
826,-0.0388,-0.0523621514439583,-0.0119874784722924,
827,-0.038544,-0.0523621514439583,-0.00796737754717469,
828,-0.038288,-0.0523621514439583,-0.00796737754717469,
829,-0.038032,-0.132764145731926,-0.00796737754717469,
830,-0.037776,-0.0523621514439583,-0.00394727662205696,
831,-0.03752,-0.132764145731926,-0.00796737754717469,
832,-0.037264,-0.0523621514439583,-0.00394727662205696,
833,-0.037008,-0.0523621514439583,-0.00394727662205696,
834,-0.036752,-0.0523621514439583,-0.00796737754717469,
835,-0.036496,-0.0523621514439583,-0.00796737754717469,
836,-0.03624,-0.132764145731926,-0.00796737754717469,
837,-0.035984,-0.0523621514439583,-0.0119874784722924,
838,-0.035728,-0.132764145731926,-0.0119874784722924,
839,-0.035472,-0.0523621514439583,-0.0119874784722924,
840,-0.035216,-0.132764145731926,-0.00796737754717469,
841,-0.03496,-0.0523621514439583,-0.00796737754717469,
842,-0.034704,-0.0523621514439583,-0.00796737754717469,
843,-0.034448,-0.132764145731926,-0.00796737754717469,
844,-0.034192,-0.132764145731926,-0.00796737754717469,
845,-0.033936,-0.132764145731926,-0.00796737754717469,
846,-0.03368,-0.0523621514439583,-0.00796737754717469,
847,-0.033424,-0.132764145731926,-0.00394727662205696,
848,-0.033168,-0.0523621514439583,-0.00796737754717469,
849,-0.032912,-0.0523621514439583,-0.00796737754717469,
850,-0.032656,-0.132764145731926,-0.00796737754717469,
851,-0.0324,-0.132764145731926,-0.00796737754717469,
852,-0.032144,-0.0523621514439583,-0.00796737754717469,
853,-0.031888,-0.132764145731926,-0.00394727662205696,
854,-0.031632,-0.0523621514439583,-0.00796737754717469,
855,-0.031376,-0.0523621514439583,7.282430306077E-05,
856,-0.03112,-0.0523621514439583,-0.00796737754717469,
857,-0.030864,-0.0523621514439583,-0.00394727662205696,
858,-0.030608,-0.0523621514439583,-0.00796737754717469,
859,-0.030352,-0.0523621514439583,-0.00796737754717469,
860,-0.030096,-0.0523621514439583,-0.00796737754717469,
861,-0.02984,-0.0523621514439583,-0.00394727662205696,
862,-0.029584,-0.0523621514439583,-0.00796737754717469,
863,-0.029328,0.0280398428440094,-0.00394727662205696,
864,-0.029072,-0.0523621514439583,-0.00796737754717469,
865,-0.028816,-0.0523621514439583,-0.0119874784722924,
866,-0.02856,-0.0523621514439583,-0.00394727662205696,
867,-0.028304,-0.0523621514439583,-0.00394727662205696,
868,-0.028048,-0.132764145731926,-0.0119874784722924,
869,-0.027792,-0.0523621514439583,-0.00796737754717469,
870,-0.027536,-0.132764145731926,-0.00796737754717469,
871,-0.02728,-0.132764145731926,-0.00394727662205696,
872,-0.027024,-0.0523621514439583,-0.00796737754717469,
873,-0.026768,-0.0523621514439583,-0.0119874784722924,
874,-0.026512,-0.0523621514439583,-0.00796737754717469,
875,-0.026256,-0.0523621514439583,-0.00796737754717469,
876,-0.026,-0.132764145731926,-0.00796737754717469,
877,-0.025744,-0.0523621514439583,-0.00796737754717469,
878,-0.025488,-0.132764145731926,-0.00796737754717469,
879,-0.025232,-0.0523621514439583,-0.00796737754717469,
880,-0.024976,-0.132764145731926,-0.00796737754717469,
881,-0.02472,-0.0523621514439583,-0.0119874784722924,
882,-0.024464,-0.0523621514439583,-0.00796737754717469,
883,-0.024208,-0.0523621514439583,-0.00394727662205696,
884,-0.023952,-0.132764145731926,-0.00796737754717469,
885,-0.023696,-0.132764145731926,-0.00796737754717469,
886,-0.02344,-0.0523621514439583,-0.00796737754717469,
887,-0.023184,-0.0523621514439583,-0.0119874784722924,
888,-0.022928,-0.0523621514439583,-0.00796737754717469,
889,-0.022672,-0.0523621514439583,-0.00796737754717469,
890,-0.022416,-0.0523621514439583,-0.00394727662205696,
891,-0.02216,-0.0523621514439583,-0.00796737754717469,
892,-0.021904,-0.0523621514439583,-0.00796737754717469,
893,-0.021648,-0.0523621514439583,-0.00394727662205696,
894,-0.021392,-0.0523621514439583,-0.00796737754717469,
895,-0.021136,-0.132764145731926,-0.00796737754717469,
896,-0.02088,-0.0523621514439583,-0.00394727662205696,
897,-0.020624,-0.0523621514439583,-0.00394727662205696,
898,-0.020368,-0.0523621514439583,-0.00796737754717469,
899,-0.020112,-0.0523621514439583,-0.00796737754717469,
900,-0.019856,0.0280398428440094,-0.00796737754717469,
901,-0.0196,-0.0523621514439583,-0.00796737754717469,
902,-0.019344,-0.132764145731926,-0.00796737754717469,
903,-0.019088,-0.0523621514439583,-0.00796737754717469,
904,-0.018832,-0.0523621514439583,-0.00394727662205696,
905,-0.018576,-0.0523621514439583,-0.00394727662205696,
906,-0.01832,-0.132764145731926,-0.00796737754717469,
907,-0.018064,-0.0523621514439583,-0.00796737754717469,
908,-0.017808,-0.132764145731926,-0.00796737754717469,
909,-0.017552,-0.132764145731926,-0.00394727662205696,
910,-0.017296,-0.0523621514439583,-0.00796737754717469,
911,-0.01704,-0.0523621514439583,-0.00394727662205696,
912,-0.016784,-0.0523621514439583,-0.00796737754717469,
913,-0.016528,-0.0523621514439583,-0.00796737754717469,
914,-0.016272,-0.0523621514439583,-0.00796737754717469,
915,-0.016016,-0.0523621514439583,-0.00796737754717469,
916,-0.01576,-0.132764145731926,-0.0119874784722924,
917,-0.015504,-0.0523621514439583,-0.00394727662205696,
918,-0.015248,-0.0523621514439583,-0.00796737754717469,
919,-0.014992,-0.0523621514439583,-0.00796737754717469,
920,-0.014736,-0.0523621514439583,-0.0119874784722924,
921,-0.01448,-0.0523621514439583,-0.00796737754717469,
922,-0.014224,-0.0523621514439583,-0.0119874784722924,
923,-0.013968,-0.0523621514439583,-0.00394727662205696,
924,-0.013712,-0.132764145731926,-0.00394727662205696,
925,-0.013456,-0.0523621514439583,-0.00394727662205696,
926,-0.0132,-0.0523621514439583,-0.00796737754717469,
927,-0.012944,-0.132764145731926,-0.00796737754717469,
928,-0.012688,-0.132764145731926,-0.00394727662205696,
929,-0.012432,-0.0523621514439583,-0.00394727662205696,
930,-0.012176,-0.132764145731926,-0.00796737754717469,
931,-0.01192,-0.0523621514439583,-0.00796737754717469,
932,-0.011664,-0.0523621514439583,-0.00796737754717469,
933,-0.011408,-0.0523621514439583,-0.00394727662205696,
934,-0.011152,-0.0523621514439583,-0.00394727662205696,
935,-0.010896,-0.0523621514439583,-0.0119874784722924,
936,-0.01064,-0.132764145731926,-0.0119874784722924,
937,-0.010384,-0.0523621514439583,-0.0119874784722924,
938,-0.010128,-0.132764145731926,-0.00796737754717469,
939,-0.00987200000000002,-0.0523621514439583,-0.00796737754717469,
940,-0.00961600000000001,-0.0523621514439583,-0.00796737754717469,
941,-0.00936000000000001,-0.0523621514439583,-0.00394727662205696,
942,-0.009104,-0.0523621514439583,-0.0119874784722924,
943,-0.00884800000000002,-0.0523621514439583,-0.00796737754717469,
944,-0.00859200000000002,-0.0523621514439583,-0.00796737754717469,
945,-0.00833600000000001,-0.0523621514439583,-0.00394727662205696,
946,-0.00808,-0.0523621514439583,-0.00796737754717469,
947,-0.007824,-0.132764145731926,-0.00796737754717469,
948,-0.00756800000000002,-0.0523621514439583,7.282430306077E-05,
949,-0.00731200000000001,0.0280398428440094,-0.00394727662205696,
950,-0.00705600000000001,-0.0523621514439583,-0.00796737754717469,
951,-0.0068,-0.0523621514439583,-0.00394727662205696,
952,-0.00654400000000002,-0.132764145731926,-0.00796737754717469,
953,-0.00628800000000002,-0.0523621514439583,-0.00796737754717469,
954,-0.00603200000000001,-0.132764145731926,-0.00394727662205696,
955,-0.005776,-0.0523621514439583,-0.00394727662205696,
956,-0.00552000000000002,-0.0523621514439583,-0.00394727662205696,
957,-0.00526400000000002,-0.0523621514439583,-0.0119874784722924,
958,-0.00500800000000001,-0.0523621514439583,-0.00796737754717469,
959,-0.00475200000000001,-0.0523621514439583,-0.00394727662205696,
960,-0.004496,-0.0523621514439583,-0.00796737754717469,
961,-0.00424000000000002,-0.132764145731926,-0.00394727662205696,
962,-0.00398400000000002,-0.0523621514439583,-0.00796737754717469,
963,-0.00372800000000001,-0.132764145731926,-0.00796737754717469,
964,-0.003472,-0.132764145731926,7.282430306077E-05,
965,-0.00321600000000002,-0.0523621514439583,-0.00796737754717469,
966,-0.00296000000000002,-0.0523621514439583,-0.0119874784722924,
967,-0.00270400000000001,-0.0523621514439583,-0.00796737754717469,
968,-0.00244800000000001,-0.0523621514439583,-0.00796737754717469,
969,-0.002192,-0.0523621514439583,-0.00796737754717469,
970,-0.00193600000000002,-0.132764145731926,-0.00796737754717469,
971,-0.00168000000000001,-0.132764145731926,-0.0119874784722924,
972,-0.00142400000000001,-0.0523621514439583,-0.00796737754717469,
973,-0.001168,-0.0523621514439583,-0.0119874784722924,
974,-0.000912000000000024,-0.0523621514439583,-0.00394727662205696,
975,-0.000656000000000018,-0.0523621514439583,-0.00796737754717469,
976,-0.000400000000000011,-0.0523621514439583,-0.0119874784722924,
977,-0.000144000000000005,-0.0523621514439583,-0.00796737754717469,
978,0.000112000000000001,-0.0523621514439583,7.282430306077E-05,
979,0.000367999999999979,-0.0523621514439583,0.0322336317040026,
980,0.000624000000000013,-0.0523621514439583,0.056354237254709,
981,0.000879999999999992,0.0280398428440094,0.0684145400300622,
982,0.00113599999999997,-0.0523621514439583,0.0804748428054154,
983,0.001392,-0.0523621514439583,0.0925351455807686,
984,0.00164799999999998,-0.0523621514439583,0.0925351455807686,
985,0.00190399999999996,-0.0523621514439583,0.0925351455807686,
986,0.00216,-0.0523621514439583,0.0925351455807686,
987,0.00241599999999997,-0.132764145731926,0.0885150446556509,
988,0.00267200000000001,-0.132764145731926,0.0885150446556509,
989,0.00292799999999999,-0.0523621514439583,0.0885150446556509,
990,0.00318399999999996,0.0280398428440094,0.0885150446556509,
991,0.00344,-0.132764145731926,0.0844949437305331,
992,0.00369599999999998,-0.0523621514439583,0.0804748428054154,
993,0.00395200000000001,-0.132764145731926,0.0764547418802977,
994,0.00420799999999999,-0.0523621514439583,0.0724346409551799,
995,0.00446399999999997,-0.0523621514439583,0.0643944391049445,
996,0.00472,-0.132764145731926,0.0643944391049445,
997,0.00497599999999998,-0.132764145731926,0.0603743381798267,
998,0.00523200000000001,-0.132764145731926,0.056354237254709,
999,0.00548799999999999,-0.0523621514439583,0.056354237254709,
1000,0.00574399999999997,-0.0523621514439583,0.0523341363295913,
1001,0.00600000000000001,-0.0523621514439583,0.0483140354044735,
1002,0.00625599999999998,-0.0523621514439583,0.0442939344793558,
1003,0.00651199999999996,-0.132764145731926,0.0402738335542381,
1004,0.006768,-0.132764145731926,0.0362537326291204,
1005,0.00702399999999997,-0.0523621514439583,0.0402738335542381,
1006,0.00728000000000001,-0.0523621514439583,0.0322336317040026,
1007,0.00753599999999999,-0.0523621514439583,0.0322336317040026,
1008,0.00779199999999997,-0.132764145731926,0.0322336317040026,
1009,0.008048,-0.0523621514439583,0.0282135307788849,
1010,0.00830399999999998,-0.0523621514439583,0.0241934298537672,
1011,0.00856000000000001,-0.0523621514439583,0.0282135307788849,
1012,0.00881599999999999,-0.0523621514439583,0.0241934298537672,
1013,0.00907199999999997,-0.0523621514439583,0.0201733289286494,
1014,0.009328,-0.0523621514439583,0.0241934298537672,
1015,0.00958399999999998,-0.0523621514439583,0.0161532280035317,
1016,0.00984000000000002,-0.0523621514439583,0.0161532280035317,
1017,0.010096,-0.0523621514439583,0.0161532280035317,
1018,0.010352,-0.132764145731926,0.0161532280035317,
1019,0.010608,-0.0523621514439583,0.012133127078414,
1020,0.010864,-0.132764145731926,0.012133127078414,
1021,0.01112,-0.0523621514439583,0.0161532280035317,
1022,0.011376,-0.0523621514439583,0.00811302615329623,
1023,0.011632,-0.0523621514439583,0.00811302615329623,
1024,0.011888,-0.0523621514439583,0.00811302615329623,
1025,0.012144,-0.0523621514439583,0.00811302615329623,
1026,0.0124,-0.0523621514439583,0.00811302615329623,
1027,0.012656,-0.0523621514439583,7.282430306077E-05,
1028,0.012912,-0.132764145731926,0.012133127078414,
1029,0.013168,0.0280398428440094,0.0040929252281785,
1030,0.013424,-0.132764145731926,0.0040929252281785,
1031,0.01368,-0.0523621514439583,0.0040929252281785,
1032,0.013936,-0.0523621514439583,0.0040929252281785,
1033,0.014192,-0.0523621514439583,0.00811302615329623,
1034,0.014448,-0.0523621514439583,7.282430306077E-05,
1035,0.014704,-0.0523621514439583,0.0040929252281785,
1036,0.01496,-0.0523621514439583,7.282430306077E-05,
1037,0.015216,-0.0523621514439583,7.282430306077E-05,
1038,0.015472,-0.0523621514439583,0.0040929252281785,
1039,0.015728,-0.0523621514439583,0.0040929252281785,
1040,0.015984,-0.132764145731926,7.282430306077E-05,
1041,0.01624,-0.0523621514439583,0.0040929252281785,
1042,0.016496,-0.0523621514439583,0.0040929252281785,
1043,0.016752,-0.132764145731926,0.0040929252281785,
1044,0.017008,-0.0523621514439583,7.282430306077E-05,
1045,0.017264,-0.0523621514439583,7.282430306077E-05,
1046,0.01752,-0.132764145731926,7.282430306077E-05,
1047,0.017776,-0.132764145731926,7.282430306077E-05,
1048,0.018032,-0.0523621514439583,-0.00394727662205696,
1049,0.018288,-0.0523621514439583,-0.00394727662205696,
1050,0.018544,-0.0523621514439583,7.282430306077E-05,
1051,0.0188,-0.132764145731926,0.0040929252281785,
1052,0.019056,-0.0523621514439583,7.282430306077E-05,
1053,0.019312,-0.132764145731926,-0.00394727662205696,
1054,0.019568,-0.0523621514439583,-0.00796737754717469,
1055,0.019824,-0.0523621514439583,-0.00394727662205696,
1056,0.02008,-0.0523621514439583,-0.00394727662205696,
1057,0.020336,-0.132764145731926,-0.00796737754717469,
1058,0.020592,-0.0523621514439583,-0.00394727662205696,
1059,0.020848,-0.132764145731926,-0.00796737754717469,
1060,0.021104,-0.0523621514439583,-0.00796737754717469,
1061,0.02136,-0.0523621514439583,-0.0119874784722924,
1062,0.021616,-0.132764145731926,-0.00796737754717469,
1063,0.021872,0.0280398428440094,-0.00394727662205696,
1064,0.022128,0.0280398428440094,-0.00796737754717469,
1065,0.022384,-0.0523621514439583,-0.0119874784722924,
1066,0.02264,-0.132764145731926,-0.00796737754717469,
1067,0.022896,-0.132764145731926,-0.00796737754717469,
1068,0.023152,-0.0523621514439583,-0.00796737754717469,
1069,0.023408,0.0280398428440094,-0.00796737754717469,
1070,0.023664,-0.0523621514439583,-0.00796737754717469,
1071,0.02392,-0.0523621514439583,-0.00394727662205696,
1072,0.024176,-0.132764145731926,-0.00796737754717469,
1073,0.024432,-0.0523621514439583,7.282430306077E-05,
1074,0.024688,-0.0523621514439583,-0.00796737754717469,
1075,0.024944,-0.132764145731926,7.282430306077E-05,
1076,0.0252,-0.132764145731926,-0.00796737754717469,
1077,0.025456,-0.0523621514439583,-0.00394727662205696,
1078,0.025712,-0.132764145731926,-0.00796737754717469,
1079,0.025968,-0.132764145731926,-0.00394727662205696,
1080,0.026224,-0.0523621514439583,-0.00796737754717469,
1081,0.02648,-0.0523621514439583,-0.00796737754717469,
1082,0.026736,-0.0523621514439583,-0.00796737754717469,
1083,0.026992,-0.0523621514439583,-0.00796737754717469,
1084,0.027248,-0.0523621514439583,-0.0119874784722924,
1085,0.027504,0.0280398428440094,-0.00394727662205696,
1086,0.02776,-0.0523621514439583,-0.00394727662205696,
1087,0.028016,-0.132764145731926,-0.0119874784722924,
1088,0.028272,-0.132764145731926,-0.00796737754717469,
1089,0.028528,-0.0523621514439583,-0.00394727662205696,
1090,0.028784,-0.132764145731926,-0.00394727662205696,
1091,0.02904,-0.0523621514439583,-0.00394727662205696,
1092,0.029296,-0.132764145731926,-0.00394727662205696,
1093,0.029552,-0.132764145731926,-0.00796737754717469,
1094,0.029808,-0.0523621514439583,7.282430306077E-05,
1095,0.030064,-0.0523621514439583,-0.00796737754717469,
1096,0.03032,-0.132764145731926,-0.00796737754717469,
1097,0.030576,-0.0523621514439583,-0.00796737754717469,
1098,0.030832,-0.0523621514439583,-0.00796737754717469,
1099,0.031088,-0.132764145731926,-0.00796737754717469,
1100,0.031344,-0.132764145731926,-0.0119874784722924,
1101,0.0316,-0.132764145731926,-0.00394727662205696,
1102,0.031856,-0.0523621514439583,-0.00394727662205696,
1103,0.032112,-0.0523621514439583,-0.00394727662205696,
1104,0.032368,-0.132764145731926,-0.00796737754717469,
1105,0.032624,-0.0523621514439583,-0.00796737754717469,
1106,0.03288,-0.0523621514439583,-0.00796737754717469,
1107,0.033136,-0.132764145731926,-0.00796737754717469,
1108,0.033392,-0.0523621514439583,-0.00394727662205696,
1109,0.033648,-0.0523621514439583,-0.00796737754717469,
1110,0.033904,-0.132764145731926,-0.00796737754717469,
1111,0.03416,-0.0523621514439583,-0.00796737754717469,
1112,0.034416,-0.132764145731926,-0.00796737754717469,
1113,0.034672,-0.132764145731926,-0.0119874784722924,
1114,0.034928,-0.0523621514439583,-0.00796737754717469,
1115,0.035184,-0.0523621514439583,-0.00796737754717469,
1116,0.03544,-0.0523621514439583,-0.00394727662205696,
1117,0.035696,-0.0523621514439583,-0.00394727662205696,
1118,0.035952,-0.132764145731926,-0.00394727662205696,
1119,0.036208,-0.132764145731926,-0.00796737754717469,
1120,0.036464,-0.0523621514439583,-0.0119874784722924,
1121,0.03672,-0.0523621514439583,-0.00796737754717469,
1122,0.036976,-0.0523621514439583,-0.0119874784722924,
1123,0.037232,-0.132764145731926,-0.00796737754717469,
1124,0.037488,-0.0523621514439583,-0.00394727662205696,
1125,0.037744,-0.0523621514439583,-0.00796737754717469,
1126,0.038,-0.132764145731926,-0.00394727662205696,
1127,0.038256,-0.0523621514439583,-0.0119874784722924,
1128,0.038512,-0.0523621514439583,-0.00796737754717469,
1129,0.038768,-0.0523621514439583,-0.00796737754717469,
1130,0.039024,-0.0523621514439583,-0.00796737754717469,
1131,0.03928,-0.0523621514439583,-0.00796737754717469,
1132,0.039536,-0.0523621514439583,-0.00394727662205696,
1133,0.039792,-0.0523621514439583,-0.0119874784722924,
1134,0.040048,-0.0523621514439583,-0.0119874784722924,
1135,0.040304,-0.0523621514439583,-0.00796737754717469,
1136,0.04056,-0.0523621514439583,-0.0119874784722924,
1137,0.040816,-0.0523621514439583,-0.00394727662205696,
1138,0.041072,-0.132764145731926,-0.00394727662205696,
1139,0.041328,-0.0523621514439583,-0.0119874784722924,
1140,0.041584,-0.0523621514439583,-0.00394727662205696,
1141,0.04184,-0.132764145731926,-0.00394727662205696,
1142,0.042096,-0.0523621514439583,-0.00394727662205696,
1143,0.042352,-0.0523621514439583,-0.00796737754717469,
1144,0.042608,-0.0523621514439583,-0.00796737754717469,
1145,0.042864,-0.0523621514439583,-0.00796737754717469,
1146,0.04312,-0.0523621514439583,-0.00796737754717469,
1147,0.043376,-0.0523621514439583,-0.00796737754717469,
1148,0.043632,-0.0523621514439583,-0.00796737754717469,
1149,0.043888,-0.132764145731926,-0.00796737754717469,
1150,0.044144,-0.0523621514439583,-0.0119874784722924,
1151,0.0444,-0.132764145731926,-0.00796737754717469,
1152,0.044656,-0.0523621514439583,-0.00796737754717469,
1153,0.044912,-0.0523621514439583,-0.00796737754717469,
1154,0.045168,-0.0523621514439583,-0.00394727662205696,
1155,0.045424,-0.0523621514439583,-0.00796737754717469,
1156,0.04568,0.0280398428440094,-0.00394727662205696,
1157,0.045936,-0.0523621514439583,-0.00796737754717469,
1158,0.046192,-0.0523621514439583,-0.0119874784722924,
1159,0.046448,-0.132764145731926,-0.00796737754717469,
1160,0.046704,-0.132764145731926,-0.00796737754717469,
1161,0.04696,-0.0523621514439583,-0.0119874784722924,
1162,0.047216,-0.132764145731926,-0.00796737754717469,
1163,0.047472,-0.132764145731926,-0.00796737754717469,
1164,0.047728,-0.0523621514439583,-0.00796737754717469,
1165,0.047984,-0.0523621514439583,-0.00796737754717469,
1166,0.04824,-0.0523621514439583,-0.00796737754717469,
1167,0.048496,-0.132764145731926,-0.00796737754717469,
1168,0.048752,-0.0523621514439583,-0.00394727662205696,
1169,0.049008,-0.132764145731926,-0.00796737754717469,
1170,0.049264,-0.0523621514439583,-0.00796737754717469,
1171,0.04952,-0.0523621514439583,-0.00796737754717469,
1172,0.049776,0.0280398428440094,-0.00394727662205696,
1173,0.050032,-0.132764145731926,-0.00394727662205696,
1174,0.050288,0.0280398428440094,-0.0119874784722924,
1175,0.050544,-0.0523621514439583,-0.00796737754717469,
1176,0.0508,-0.0523621514439583,-0.0119874784722924,
1177,0.051056,-0.0523621514439583,-0.00796737754717469,
1178,0.051312,0.0280398428440094,-0.00394727662205696,
1179,0.051568,-0.0523621514439583,-0.00796737754717469,
1180,0.051824,-0.0523621514439583,-0.0119874784722924,
1181,0.05208,-0.0523621514439583,-0.00796737754717469,
1182,0.052336,-0.0523621514439583,-0.00394727662205696,
1183,0.052592,-0.0523621514439583,-0.0119874784722924,
1184,0.052848,-0.132764145731926,-0.00394727662205696,
1185,0.053104,-0.0523621514439583,-0.0119874784722924,
1186,0.05336,-0.0523621514439583,-0.00394727662205696,
1187,0.053616,-0.0523621514439583,-0.00394727662205696,
1188,0.053872,-0.0523621514439583,-0.00796737754717469,
1189,0.054128,-0.0523621514439583,-0.0119874784722924,
1190,0.054384,-0.132764145731926,-0.00394727662205696,
1191,0.05464,-0.0523621514439583,-0.00796737754717469,
1192,0.054896,-0.0523621514439583,-0.00796737754717469,
1193,0.055152,-0.0523621514439583,-0.00796737754717469,
1194,0.055408,-0.132764145731926,-0.00796737754717469,
1195,0.055664,-0.132764145731926,-0.00394727662205696,
1196,0.05592,-0.132764145731926,-0.00394727662205696,
1197,0.056176,-0.132764145731926,7.282430306077E-05,
1198,0.056432,-0.0523621514439583,-0.00796737754717469,
1199,0.056688,-0.0523621514439583,-0.00394727662205696,
1200,0.056944,-0.132764145731926,-0.00796737754717469,
1201,0.0572,-0.0523621514439583,-0.0119874784722924,
1202,0.057456,-0.0523621514439583,-0.00796737754717469,
1203,0.057712,-0.0523621514439583,-0.00796737754717469,
1204,0.057968,-0.132764145731926,-0.00796737754717469,
1205,0.058224,-0.132764145731926,-0.00796737754717469,
1206,0.05848,-0.0523621514439583,-0.00394727662205696,
1207,0.058736,-0.132764145731926,-0.00394727662205696,
1208,0.058992,-0.0523621514439583,-0.00796737754717469,
1209,0.059248,-0.0523621514439583,-0.00394727662205696,
1210,0.059504,-0.0523621514439583,-0.00796737754717469,
1211,0.05976,-0.0523621514439583,-0.00796737754717469,
1212,0.060016,-0.132764145731926,-0.00796737754717469,
1213,0.060272,-0.132764145731926,-0.00796737754717469,
1214,0.060528,-0.132764145731926,-0.00394727662205696,
1215,0.060784,-0.132764145731926,-0.00796737754717469,
1216,0.06104,-0.0523621514439583,-0.00394727662205696,
1217,0.061296,-0.0523621514439583,-0.00796737754717469,
1218,0.061552,-0.132764145731926,-0.00394727662205696,
1219,0.061808,-0.0523621514439583,-0.00796737754717469,
1220,0.062064,-0.132764145731926,-0.00796737754717469,
1221,0.06232,-0.0523621514439583,-0.00394727662205696,
1222,0.062576,-0.0523621514439583,-0.00796737754717469,
1223,0.062832,-0.0523621514439583,-0.0119874784722924,
1224,0.063088,-0.0523621514439583,-0.00394727662205696,
1225,0.063344,-0.0523621514439583,-0.00394727662205696,
1226,0.0636,-0.0523621514439583,-0.00394727662205696,
1227,0.063856,-0.0523621514439583,-0.00796737754717469,
1228,0.064112,-0.0523621514439583,-0.00394727662205696,
1229,0.064368,-0.132764145731926,-0.00394727662205696,
1230,0.064624,-0.0523621514439583,-0.00796737754717469,
1231,0.06488,-0.0523621514439583,-0.00796737754717469,
1232,0.065136,-0.0523621514439583,-0.00796737754717469,
1233,0.065392,-0.132764145731926,-0.00394727662205696,
1234,0.065648,-0.0523621514439583,-0.00796737754717469,
1235,0.065904,-0.0523621514439583,-0.00796737754717469,
1236,0.06616,-0.132764145731926,-0.00796737754717469,
1237,0.066416,-0.132764145731926,-0.00796737754717469,
1238,0.066672,-0.0523621514439583,-0.0119874784722924,
1239,0.066928,-0.0523621514439583,-0.0119874784722924,
1240,0.067184,-0.0523621514439583,-0.0119874784722924,
1241,0.06744,-0.132764145731926,-0.00796737754717469,
1242,0.067696,-0.0523621514439583,-0.00796737754717469,
1243,0.067952,-0.0523621514439583,-0.00394727662205696,
1244,0.068208,-0.132764145731926,-0.00796737754717469,
1245,0.068464,-0.132764145731926,-0.00796737754717469,
1246,0.06872,-0.132764145731926,-0.00394727662205696,
1247,0.068976,-0.132764145731926,-0.00796737754717469,
1248,0.069232,-0.0523621514439583,-0.00796737754717469,
1249,0.069488,-0.132764145731926,-0.00394727662205696,
1250,0.069744,-0.132764145731926,-0.00394727662205696,
1251,0.07,-0.132764145731926,-0.00796737754717469,
1252,0.070256,-0.0523621514439583,-0.0119874784722924,
1253,0.070512,-0.0523621514439583,-0.0119874784722924,
1254,0.070768,-0.0523621514439583,-0.00796737754717469,
1255,0.071024,-0.0523621514439583,-0.00796737754717469,
1256,0.07128,-0.0523621514439583,-0.00394727662205696,
1257,0.071536,-0.132764145731926,-0.00796737754717469,
1258,0.071792,-0.132764145731926,-0.00796737754717469,
1259,0.072048,-0.0523621514439583,-0.00796737754717469,
1260,0.072304,-0.0523621514439583,-0.00394727662205696,
1261,0.07256,-0.132764145731926,-0.00796737754717469,
1262,0.072816,-0.0523621514439583,-0.00394727662205696,
1263,0.073072,0.0280398428440094,-0.00796737754717469,
1264,0.073328,-0.0523621514439583,7.282430306077E-05,
1265,0.073584,-0.0523621514439583,-0.00394727662205696,
1266,0.07384,-0.132764145731926,-0.00796737754717469,
1267,0.074096,-0.0523621514439583,-0.00394727662205696,
1268,0.074352,-0.0523621514439583,-0.00796737754717469,
1269,0.074608,-0.0523621514439583,-0.00796737754717469,
1270,0.074864,-0.0523621514439583,-0.0119874784722924,
1271,0.07512,-0.0523621514439583,-0.00796737754717469,
1272,0.075376,-0.132764145731926,-0.00796737754717469,
1273,0.075632,-0.132764145731926,-0.00796737754717469,
1274,0.075888,-0.0523621514439583,-0.00796737754717469,
1275,0.076144,-0.0523621514439583,-0.00394727662205696,
1276,0.0764,-0.0523621514439583,-0.00796737754717469,
1277,0.076656,-0.0523621514439583,-0.00796737754717469,
1278,0.076912,0.0280398428440094,-0.00394727662205696,
1279,0.077168,-0.132764145731926,-0.00796737754717469,
1280,0.077424,-0.132764145731926,-0.00796737754717469,
1281,0.07768,-0.0523621514439583,-0.0119874784722924,
1282,0.077936,-0.0523621514439583,-0.00796737754717469,
1283,0.078192,-0.132764145731926,-0.00796737754717469,
1284,0.078448,-0.132764145731926,-0.00796737754717469,
1285,0.078704,-0.0523621514439583,-0.00796737754717469,
1286,0.07896,-0.0523621514439583,-0.00796737754717469,
1287,0.079216,-0.0523621514439583,-0.00796737754717469,
1288,0.079472,-0.0523621514439583,-0.00394727662205696,
1289,0.079728,-0.0523621514439583,-0.00394727662205696,
1290,0.079984,0.0280398428440094,-0.00796737754717469,
1291,0.08024,-0.132764145731926,-0.0119874784722924,
1292,0.080496,-0.132764145731926,-0.00394727662205696,
1293,0.080752,-0.132764145731926,-0.0119874784722924,
1294,0.081008,0.0280398428440094,-0.00796737754717469,
1295,0.081264,-0.0523621514439583,-0.00796737754717469,
1296,0.08152,-0.132764145731926,-0.00796737754717469,
1297,0.081776,-0.132764145731926,-0.00796737754717469,
1298,0.082032,-0.0523621514439583,-0.00796737754717469,
1299,0.082288,-0.132764145731926,-0.00796737754717469,
1300,0.082544,-0.0523621514439583,-0.00796737754717469,
1301,0.0828,-0.0523621514439583,-0.00796737754717469,
1302,0.083056,-0.132764145731926,-0.00394727662205696,
1303,0.083312,-0.0523621514439583,-0.00796737754717469,
1304,0.083568,-0.132764145731926,-0.0119874784722924,
1305,0.083824,-0.0523621514439583,-0.00796737754717469,
1306,0.08408,-0.0523621514439583,-0.00796737754717469,
1307,0.084336,-0.132764145731926,-0.00796737754717469,
1308,0.084592,-0.0523621514439583,-0.00796737754717469,
1309,0.084848,-0.0523621514439583,-0.00796737754717469,
1310,0.085104,-0.0523621514439583,-0.0119874784722924,
1311,0.08536,-0.132764145731926,-0.00796737754717469,
1312,0.085616,-0.0523621514439583,-0.00796737754717469,
1313,0.085872,-0.0523621514439583,-0.0119874784722924,
1314,0.086128,-0.0523621514439583,-0.0119874784722924,
1315,0.086384,-0.0523621514439583,-0.00796737754717469,
1316,0.08664,-0.132764145731926,-0.00796737754717469,
1317,0.086896,-0.0523621514439583,-0.00394727662205696,
1318,0.087152,-0.132764145731926,-0.0119874784722924,
1319,0.087408,-0.132764145731926,-0.00796737754717469,
1320,0.087664,-0.0523621514439583,-0.00796737754717469,
1321,0.08792,-0.132764145731926,-0.00796737754717469,
1322,0.088176,-0.132764145731926,-0.00394727662205696,
1323,0.088432,-0.0523621514439583,-0.0119874784722924,
1324,0.088688,-0.132764145731926,-0.0119874784722924,
1325,0.088944,-0.132764145731926,-0.00796737754717469,
1326,0.0892,0.0280398428440094,-0.00796737754717469,
1327,0.089456,-0.132764145731926,-0.00796737754717469,
1328,0.089712,-0.0523621514439583,-0.0119874784722924,
1329,0.089968,-0.132764145731926,-0.00796737754717469,
1330,0.090224,-0.132764145731926,-0.0119874784722924,
1331,0.09048,-0.0523621514439583,-0.0119874784722924,
1332,0.090736,0.0280398428440094,-0.0119874784722924,
1333,0.090992,0.0280398428440094,-0.0119874784722924,
1334,0.091248,-0.0523621514439583,-0.00796737754717469,
1335,0.091504,-0.132764145731926,-0.0119874784722924,
1336,0.09176,-0.0523621514439583,-0.00394727662205696,
1337,0.092016,-0.0523621514439583,-0.0119874784722924,
1338,0.092272,-0.132764145731926,-0.00394727662205696,
1339,0.092528,0.0280398428440094,-0.00796737754717469,
1340,0.092784,-0.0523621514439583,-0.00796737754717469,
1341,0.09304,-0.132764145731926,-0.00796737754717469,
1342,0.093296,-0.0523621514439583,-0.00796737754717469,
1343,0.093552,-0.132764145731926,-0.00796737754717469,
1344,0.093808,-0.0523621514439583,-0.0119874784722924,
1345,0.094064,-0.0523621514439583,-0.00796737754717469,
1346,0.09432,-0.0523621514439583,-0.00796737754717469,
1347,0.094576,-0.0523621514439583,-0.00796737754717469,
1348,0.094832,-0.0523621514439583,-0.00394727662205696,
1349,0.095088,-0.0523621514439583,-0.0119874784722924,
1350,0.095344,-0.0523621514439583,-0.00796737754717469,
1351,0.0956,-0.132764145731926,-0.00796737754717469,
1352,0.095856,-0.0523621514439583,-0.00796737754717469,
1353,0.096112,-0.132764145731926,-0.00796737754717469,
1354,0.096368,-0.132764145731926,-0.0119874784722924,
1355,0.096624,-0.0523621514439583,-0.00394727662205696,
1356,0.09688,-0.132764145731926,-0.00796737754717469,
1357,0.097136,-0.132764145731926,-0.00394727662205696,
1358,0.097392,-0.0523621514439583,-0.0119874784722924,
1359,0.097648,-0.132764145731926,-0.00796737754717469,
1360,0.097904,-0.0523621514439583,-0.00796737754717469,
1361,0.09816,-0.0523621514439583,-0.00394727662205696,
1362,0.098416,-0.132764145731926,-0.00796737754717469,
1363,0.098672,-0.132764145731926,-0.00796737754717469,
1364,0.098928,-0.132764145731926,-0.0119874784722924,
1365,0.099184,-0.132764145731926,-0.00796737754717469,
1366,0.09944,-0.0523621514439583,-0.0119874784722924,
1367,0.099696,-0.132764145731926,-0.00394727662205696,
1368,0.099952,-0.0523621514439583,-0.0119874784722924,
1369,0.100208,-0.132764145731926,0.012133127078414,
1370,0.100464,0.0280398428440094,0.0402738335542381,
1371,0.10072,-0.0523621514439583,0.0603743381798267,
1372,0.100976,-0.0523621514439583,0.0764547418802977,
1373,0.101232,-0.132764145731926,0.0885150446556509,
1374,0.101488,-0.0523621514439583,0.0965552465058863,
1375,0.101744,-0.0523621514439583,0.0925351455807686,
1376,0.102,-0.0523621514439583,0.0925351455807686,
1377,0.102256,-0.0523621514439583,0.0925351455807686,
1378,0.102512,0.0280398428440094,0.0965552465058863,
1379,0.102768,-0.0523621514439583,0.0885150446556509,
1380,0.103024,-0.0523621514439583,0.0844949437305331,
1381,0.10328,-0.132764145731926,0.0844949437305331,
1382,0.103536,-0.0523621514439583,0.0804748428054154,
1383,0.103792,-0.0523621514439583,0.0724346409551799,
1384,0.104048,-0.0523621514439583,0.0764547418802977,
1385,0.104304,-0.132764145731926,0.0684145400300622,
1386,0.10456,-0.0523621514439583,0.0684145400300622,
1387,0.104816,-0.0523621514439583,0.0643944391049445,
1388,0.105072,-0.132764145731926,0.0603743381798267,
1389,0.105328,-0.0523621514439583,0.056354237254709,
1390,0.105584,-0.132764145731926,0.0523341363295913,
1391,0.10584,-0.132764145731926,0.0483140354044735,
1392,0.106096,-0.132764145731926,0.0483140354044735,
1393,0.106352,0.0280398428440094,0.0442939344793558,
1394,0.106608,-0.0523621514439583,0.0402738335542381,
1395,0.106864,-0.132764145731926,0.0402738335542381,
1396,0.10712,-0.0523621514439583,0.0322336317040026,
1397,0.107376,-0.0523621514439583,0.0322336317040026,
1398,0.107632,-0.0523621514439583,0.0322336317040026,
1399,0.107888,-0.132764145731926,0.0322336317040026,
1400,0.108144,-0.132764145731926,0.0282135307788849,
1401,0.1084,0.0280398428440094,0.0241934298537672,
1402,0.108656,-0.0523621514439583,0.0241934298537672,
1403,0.108912,-0.0523621514439583,0.0282135307788849,
1404,0.109168,-0.132764145731926,0.0241934298537672,
1405,0.109424,-0.0523621514439583,0.0161532280035317,
1406,0.10968,-0.132764145731926,0.0161532280035317,
1407,0.109936,-0.0523621514439583,0.0161532280035317,
1408,0.110192,-0.0523621514439583,0.0201733289286494,
1409,0.110448,-0.132764145731926,0.0161532280035317,
1410,0.110704,-0.132764145731926,0.0161532280035317,
1411,0.11096,-0.0523621514439583,0.012133127078414,
1412,0.111216,-0.0523621514439583,0.012133127078414,
1413,0.111472,-0.0523621514439583,0.00811302615329623,
1414,0.111728,-0.0523621514439583,0.00811302615329623,
1415,0.111984,-0.132764145731926,0.0040929252281785,
1416,0.11224,-0.0523621514439583,0.012133127078414,
1417,0.112496,-0.0523621514439583,0.00811302615329623,
1418,0.112752,-0.0523621514439583,0.0040929252281785,
1419,0.113008,-0.132764145731926,0.012133127078414,
1420,0.113264,0.0280398428440094,0.0040929252281785,
1421,0.11352,-0.0523621514439583,7.282430306077E-05,
1422,0.113776,-0.0523621514439583,0.0040929252281785,
1423,0.114032,-0.0523621514439583,0.0040929252281785,
1424,0.114288,-0.132764145731926,0.0040929252281785,
1425,0.114544,-0.0523621514439583,7.282430306077E-05,
1426,0.1148,-0.0523621514439583,7.282430306077E-05,
1427,0.115056,-0.0523621514439583,7.282430306077E-05,
1428,0.115312,-0.0523621514439583,7.282430306077E-05,
1429,0.115568,0.0280398428440094,7.282430306077E-05,
1430,0.115824,-0.0523621514439583,7.282430306077E-05,
1431,0.11608,-0.0523621514439583,7.282430306077E-05,
1432,0.116336,-0.132764145731926,7.282430306077E-05,
1433,0.116592,-0.0523621514439583,-0.00394727662205696,
1434,0.116848,-0.0523621514439583,-0.00394727662205696,
1435,0.117104,-0.0523621514439583,-0.00394727662205696,
1436,0.11736,-0.132764145731926,-0.00394727662205696,
1437,0.117616,-0.0523621514439583,7.282430306077E-05,
1438,0.117872,-0.0523621514439583,-0.00394727662205696,
1439,0.118128,-0.0523621514439583,-0.00394727662205696,
1440,0.118384,-0.0523621514439583,-0.00394727662205696,
1441,0.11864,-0.0523621514439583,-0.00394727662205696,
1442,0.118896,-0.132764145731926,-0.00394727662205696,
1443,0.119152,-0.0523621514439583,-0.00394727662205696,
1444,0.119408,-0.0523621514439583,-0.00394727662205696,
1445,0.119664,-0.0523621514439583,-0.00394727662205696,
1446,0.11992,-0.0523621514439583,-0.00394727662205696,
1447,0.120176,-0.132764145731926,-0.00796737754717469,
1448,0.120432,-0.0523621514439583,-0.00394727662205696,
1449,0.120688,-0.132764145731926,-0.00796737754717469,
1450,0.120944,-0.132764145731926,-0.00796737754717469,
1451,0.1212,-0.132764145731926,-0.00394727662205696,
1452,0.121456,-0.0523621514439583,-0.00796737754717469,
1453,0.121712,-0.0523621514439583,-0.00394727662205696,
1454,0.121968,-0.132764145731926,-0.00394727662205696,
1455,0.122224,-0.0523621514439583,-0.00796737754717469,
1456,0.12248,-0.0523621514439583,-0.00796737754717469,
1457,0.122736,-0.132764145731926,-0.00394727662205696,
1458,0.122992,0.0280398428440094,-0.00394727662205696,
1459,0.123248,-0.0523621514439583,-0.00796737754717469,
1460,0.123504,-0.132764145731926,-0.00796737754717469,
1461,0.12376,-0.0523621514439583,-0.00394727662205696,
1462,0.124016,-0.0523621514439583,-0.00796737754717469,
1463,0.124272,-0.0523621514439583,-0.0119874784722924,
1464,0.124528,-0.0523621514439583,-0.00796737754717469,
1465,0.124784,-0.0523621514439583,-0.00394727662205696,
1466,0.12504,-0.0523621514439583,-0.00394727662205696,
1467,0.125296,-0.0523621514439583,-0.00796737754717469,
1468,0.125552,-0.132764145731926,7.282430306077E-05,
1469,0.125808,-0.132764145731926,-0.00796737754717469,
1470,0.126064,-0.132764145731926,-0.00796737754717469,
1471,0.12632,-0.0523621514439583,-0.00394727662205696,
1472,0.126576,-0.0523621514439583,-0.00394727662205696,
1473,0.126832,-0.132764145731926,-0.00796737754717469,
1474,0.127088,-0.0523621514439583,-0.00394727662205696,
1475,0.127344,-0.0523621514439583,-0.00796737754717469,
1476,0.1276,-0.0523621514439583,-0.00796737754717469,
1477,0.127856,-0.0523621514439583,-0.00796737754717469,
1478,0.128112,-0.0523621514439583,-0.00394727662205696,
1479,0.128368,0.0280398428440094,-0.00796737754717469,
1480,0.128624,-0.0523621514439583,-0.00796737754717469,
1481,0.12888,-0.0523621514439583,-0.00394727662205696,
1482,0.129136,-0.0523621514439583,-0.00796737754717469,
1483,0.129392,0.0280398428440094,-0.00394727662205696,
1484,0.129648,-0.132764145731926,-0.00796737754717469,
1485,0.129904,-0.0523621514439583,-0.00796737754717469,
1486,0.13016,-0.0523621514439583,-0.00796737754717469,
1487,0.130416,-0.0523621514439583,-0.00394727662205696,
1488,0.130672,-0.0523621514439583,-0.00796737754717469,
1489,0.130928,-0.0523621514439583,-0.00796737754717469,
1490,0.131184,-0.132764145731926,-0.00394727662205696,
1491,0.13144,-0.0523621514439583,-0.00796737754717469,
1492,0.131696,-0.132764145731926,-0.00394727662205696,
1493,0.131952,-0.0523621514439583,-0.00796737754717469,
1494,0.132208,-0.0523621514439583,-0.00796737754717469,
1495,0.132464,-0.132764145731926,-0.00796737754717469,
1496,0.13272,0.0280398428440094,-0.00394727662205696,
1497,0.132976,-0.0523621514439583,-0.00796737754717469,
1498,0.133232,-0.0523621514439583,7.282430306077E-05,
1499,0.133488,-0.132764145731926,-0.00796737754717469,
1500,0.133744,-0.0523621514439583,-0.0119874784722924,
1501,0.134,-0.132764145731926,-0.00796737754717469,
1502,0.134256,-0.0523621514439583,-0.00796737754717469,
1503,0.134512,-0.0523621514439583,-0.00796737754717469,
1504,0.134768,-0.0523621514439583,-0.00796737754717469,
1505,0.135024,-0.132764145731926,-0.00796737754717469,
1506,0.13528,0.0280398428440094,-0.00796737754717469,
1507,0.135536,-0.132764145731926,-0.0119874784722924,
1508,0.135792,-0.0523621514439583,-0.00796737754717469,
1509,0.136048,-0.132764145731926,-0.0119874784722924,
1510,0.136304,-0.0523621514439583,-0.00394727662205696,
1511,0.13656,-0.0523621514439583,-0.0119874784722924,
1512,0.136816,-0.132764145731926,-0.00796737754717469,
1513,0.137072,-0.0523621514439583,-0.00394727662205696,
1514,0.137328,-0.132764145731926,-0.00394727662205696,
1515,0.137584,-0.0523621514439583,-0.00796737754717469,
1516,0.13784,-0.0523621514439583,-0.00796737754717469,
1517,0.138096,-0.132764145731926,-0.00394727662205696,
1518,0.138352,-0.132764145731926,-0.00796737754717469,
1519,0.138608,-0.132764145731926,-0.00796737754717469,
1520,0.138864,-0.0523621514439583,-0.0119874784722924,
1521,0.13912,-0.0523621514439583,-0.00394727662205696,
1522,0.139376,-0.132764145731926,-0.00796737754717469,
1523,0.139632,-0.0523621514439583,-0.0119874784722924,
1524,0.139888,-0.0523621514439583,-0.00796737754717469,
1525,0.140144,-0.0523621514439583,7.282430306077E-05,
1526,0.1404,-0.132764145731926,-0.00796737754717469,
1527,0.140656,-0.0523621514439583,-0.00796737754717469,
1528,0.140912,-0.132764145731926,-0.00796737754717469,
1529,0.141168,-0.0523621514439583,-0.00394727662205696,
1530,0.141424,-0.0523621514439583,-0.00796737754717469,
1531,0.14168,-0.0523621514439583,-0.00394727662205696,
1532,0.141936,-0.132764145731926,-0.00394727662205696,
1533,0.142192,-0.132764145731926,-0.00394727662205696,
1534,0.142448,-0.132764145731926,-0.0160075793974102,
1535,0.142704,-0.0523621514439583,-0.00796737754717469,
1536,0.14296,-0.132764145731926,-0.0119874784722924,
1537,0.143216,-0.0523621514439583,-0.0119874784722924,
1538,0.143472,-0.0523621514439583,-0.00394727662205696,
1539,0.143728,-0.132764145731926,-0.00394727662205696,
1540,0.143984,-0.0523621514439583,-0.00394727662205696,
1541,0.14424,-0.0523621514439583,-0.00394727662205696,
1542,0.144496,-0.132764145731926,-0.00796737754717469,
1543,0.144752,-0.0523621514439583,-0.00796737754717469,
1544,0.145008,-0.0523621514439583,-0.00796737754717469,
1545,0.145264,-0.0523621514439583,-0.00796737754717469,
1546,0.14552,-0.132764145731926,-0.00394727662205696,
1547,0.145776,-0.0523621514439583,-0.00394727662205696,
1548,0.146032,-0.0523621514439583,-0.00394727662205696,
1549,0.146288,-0.0523621514439583,-0.00394727662205696,
1550,0.146544,0.0280398428440094,-0.00796737754717469,
1551,0.1468,-0.0523621514439583,-0.00394727662205696,
1552,0.147056,-0.132764145731926,-0.0119874784722924,
1553,0.147312,-0.0523621514439583,-0.00796737754717469,
1554,0.147568,-0.0523621514439583,-0.00796737754717469,
1555,0.147824,-0.0523621514439583,-0.0119874784722924,
1556,0.14808,-0.132764145731926,-0.00796737754717469,
1557,0.148336,-0.0523621514439583,-0.00796737754717469,
1558,0.148592,-0.0523621514439583,-0.00394727662205696,
1559,0.148848,-0.0523621514439583,-0.00796737754717469,
1560,0.149104,-0.0523621514439583,-0.0119874784722924,
1561,0.14936,-0.132764145731926,-0.00394727662205696,
1562,0.149616,-0.0523621514439583,-0.00796737754717469,
1563,0.149872,-0.0523621514439583,-0.00796737754717469,
1564,0.150128,-0.132764145731926,-0.00796737754717469,
1565,0.150384,-0.0523621514439583,-0.00796737754717469,
1566,0.15064,-0.0523621514439583,-0.00394727662205696,
1567,0.150896,-0.132764145731926,-0.00796737754717469,
1568,0.151152,-0.132764145731926,-0.00796737754717469,
1569,0.151408,-0.0523621514439583,-0.00796737754717469,
1570,0.151664,-0.132764145731926,-0.00796737754717469,
1571,0.15192,-0.132764145731926,-0.00394727662205696,
1572,0.152176,-0.132764145731926,-0.00796737754717469,
1573,0.152432,-0.0523621514439583,-0.00796737754717469,
1574,0.152688,-0.0523621514439583,-0.00394727662205696,
1575,0.152944,-0.132764145731926,-0.00394727662205696,
1576,0.1532,-0.0523621514439583,-0.00394727662205696,
1577,0.153456,-0.132764145731926,-0.00394727662205696,
1578,0.153712,-0.0523621514439583,-0.00796737754717469,
1579,0.153968,-0.0523621514439583,-0.00796737754717469,
1580,0.154224,-0.0523621514439583,-0.00796737754717469,
1581,0.15448,-0.0523621514439583,-0.00796737754717469,
1582,0.154736,-0.0523621514439583,-0.00394727662205696,
1583,0.154992,-0.132764145731926,-0.00796737754717469,
1584,0.155248,-0.132764145731926,-0.00796737754717469,
1585,0.155504,-0.0523621514439583,-0.00394727662205696,
1586,0.15576,-0.0523621514439583,-0.00796737754717469,
1587,0.156016,-0.132764145731926,-0.00796737754717469,
1588,0.156272,-0.0523621514439583,-0.00796737754717469,
1589,0.156528,-0.132764145731926,-0.00796737754717469,
1590,0.156784,-0.0523621514439583,-0.00796737754717469,
1591,0.15704,-0.0523621514439583,-0.00796737754717469,
1592,0.157296,-0.0523621514439583,-0.00394727662205696,
1593,0.157552,-0.0523621514439583,-0.00394727662205696,
1594,0.157808,-0.0523621514439583,-0.00796737754717469,
1595,0.158064,-0.132764145731926,-0.00394727662205696,
1596,0.15832,-0.0523621514439583,-0.00796737754717469,
1597,0.158576,-0.0523621514439583,-0.00796737754717469,
1598,0.158832,-0.0523621514439583,-0.0119874784722924,
1599,0.159088,-0.132764145731926,-0.00796737754717469,
1600,0.159344,-0.132764145731926,-0.00796737754717469,
1601,0.1596,-0.0523621514439583,-0.00796737754717469,
1602,0.159856,-0.132764145731926,-0.00394727662205696,
1603,0.160112,-0.132764145731926,-0.00796737754717469,
1604,0.160368,-0.132764145731926,-0.00796737754717469,
1605,0.160624,-0.132764145731926,-0.00796737754717469,
1606,0.16088,-0.0523621514439583,-0.00394727662205696,
1607,0.161136,-0.0523621514439583,-0.00394727662205696,
1608,0.161392,-0.0523621514439583,-0.00394727662205696,
1609,0.161648,-0.0523621514439583,-0.00796737754717469,
1610,0.161904,-0.0523621514439583,-0.00796737754717469,
1611,0.16216,-0.0523621514439583,-0.00394727662205696,
1612,0.162416,-0.0523621514439583,-0.00394727662205696,
1613,0.162672,-0.0523621514439583,-0.00796737754717469,
1614,0.162928,-0.132764145731926,-0.00796737754717469,
1615,0.163184,-0.0523621514439583,-0.00796737754717469,
1616,0.16344,-0.132764145731926,-0.00796737754717469,
1617,0.163696,-0.0523621514439583,-0.00796737754717469,
1618,0.163952,-0.0523621514439583,-0.00796737754717469,
1619,0.164208,0.0280398428440094,-0.00796737754717469,
1620,0.164464,-0.0523621514439583,-0.00796737754717469,
1621,0.16472,-0.0523621514439583,-0.00796737754717469,
1622,0.164976,-0.0523621514439583,-0.0119874784722924,
1623,0.165232,-0.132764145731926,-0.00394727662205696,
1624,0.165488,-0.0523621514439583,-0.00796737754717469,
1625,0.165744,-0.0523621514439583,-0.00796737754717469,
1626,0.166,-0.0523621514439583,-0.00796737754717469,
1627,0.166256,-0.132764145731926,-0.00796737754717469,
1628,0.166512,-0.132764145731926,-0.00796737754717469,
1629,0.166768,-0.132764145731926,-0.00394727662205696,
1630,0.167024,-0.132764145731926,-0.00796737754717469,
1631,0.16728,-0.132764145731926,-0.00394727662205696,
1632,0.167536,-0.0523621514439583,-0.00796737754717469,
1633,0.167792,-0.0523621514439583,-0.00796737754717469,
1634,0.168048,-0.0523621514439583,-0.0119874784722924,
1635,0.168304,0.0280398428440094,-0.0119874784722924,
1636,0.16856,-0.0523621514439583,-0.0119874784722924,
1637,0.168816,-0.132764145731926,-0.00796737754717469,
1638,0.169072,-0.132764145731926,-0.00796737754717469,
1639,0.169328,-0.0523621514439583,-0.00796737754717469,
1640,0.169584,-0.0523621514439583,-0.00796737754717469,
1641,0.16984,-0.0523621514439583,-0.00796737754717469,
1642,0.170096,-0.0523621514439583,-0.00394727662205696,
1643,0.170352,-0.0523621514439583,-0.00796737754717469,
1644,0.170608,-0.0523621514439583,-0.00394727662205696,
1645,0.170864,-0.0523621514439583,-0.00394727662205696,
1646,0.17112,-0.0523621514439583,-0.00796737754717469,
1647,0.171376,-0.132764145731926,-0.00796737754717469,
1648,0.171632,-0.0523621514439583,-0.00796737754717469,
1649,0.171888,-0.132764145731926,-0.00796737754717469,
1650,0.172144,-0.132764145731926,-0.00796737754717469,
1651,0.1724,-0.0523621514439583,-0.00796737754717469,
1652,0.172656,-0.0523621514439583,-0.00394727662205696,
1653,0.172912,-0.132764145731926,-0.00796737754717469,
1654,0.173168,-0.132764145731926,-0.00796737754717469,
1655,0.173424,-0.0523621514439583,-0.00394727662205696,
1656,0.17368,-0.132764145731926,-0.00796737754717469,
1657,0.173936,-0.0523621514439583,-0.00796737754717469,
1658,0.174192,-0.0523621514439583,-0.00796737754717469,
1659,0.174448,-0.0523621514439583,-0.00796737754717469,
1660,0.174704,-0.0523621514439583,-0.00796737754717469,
1661,0.17496,-0.0523621514439583,-0.00796737754717469,
1662,0.175216,-0.0523621514439583,-0.00796737754717469,
1663,0.175472,-0.0523621514439583,-0.00796737754717469,
1664,0.175728,-0.0523621514439583,-0.00796737754717469,
1665,0.175984,-0.0523621514439583,-0.00796737754717469,
1666,0.17624,-0.132764145731926,-0.00394727662205696,
1667,0.176496,-0.0523621514439583,-0.00796737754717469,
1668,0.176752,-0.0523621514439583,-0.00796737754717469,
1669,0.177008,-0.132764145731926,-0.0119874784722924,
1670,0.177264,-0.0523621514439583,-0.0119874784722924,
1671,0.17752,-0.132764145731926,7.282430306077E-05,
1672,0.177776,-0.132764145731926,-0.00394727662205696,
1673,0.178032,-0.132764145731926,-0.00796737754717469,
1674,0.178288,0.0280398428440094,-0.00796737754717469,
1675,0.178544,-0.132764145731926,-0.00796737754717469,
1676,0.1788,-0.0523621514439583,-0.00796737754717469,
1677,0.179056,-0.0523621514439583,-0.00796737754717469,
1678,0.179312,-0.0523621514439583,-0.0119874784722924,
1679,0.179568,-0.132764145731926,-0.00796737754717469,
1680,0.179824,-0.0523621514439583,-0.00796737754717469,
1681,0.18008,-0.132764145731926,-0.00796737754717469,
1682,0.180336,-0.0523621514439583,-0.0119874784722924,
1683,0.180592,-0.0523621514439583,-0.00796737754717469,
1684,0.180848,-0.132764145731926,-0.00796737754717469,
1685,0.181104,-0.0523621514439583,-0.00796737754717469,
1686,0.18136,-0.0523621514439583,-0.00394727662205696,
1687,0.181616,-0.0523621514439583,-0.00796737754717469,
1688,0.181872,-0.0523621514439583,-0.0119874784722924,
1689,0.182128,-0.0523621514439583,-0.0119874784722924,
1690,0.182384,-0.132764145731926,-0.00796737754717469,
1691,0.18264,-0.0523621514439583,-0.00394727662205696,
1692,0.182896,-0.132764145731926,-0.0119874784722924,
1693,0.183152,-0.132764145731926,-0.00394727662205696,
1694,0.183408,-0.132764145731926,-0.00796737754717469,
1695,0.183664,-0.0523621514439583,-0.00796737754717469,
1696,0.18392,-0.0523621514439583,-0.0119874784722924,
1697,0.184176,0.0280398428440094,-0.00796737754717469,
1698,0.184432,-0.0523621514439583,-0.00394727662205696,
1699,0.184688,0.0280398428440094,-0.00394727662205696,
1700,0.184944,-0.0523621514439583,-0.0119874784722924,
1701,0.1852,-0.132764145731926,-0.00796737754717469,
1702,0.185456,-0.0523621514439583,-0.00796737754717469,
1703,0.185712,-0.0523621514439583,-0.00394727662205696,
1704,0.185968,-0.0523621514439583,-0.0119874784722924,
1705,0.186224,-0.0523621514439583,-0.0119874784722924,
1706,0.18648,-0.132764145731926,-0.00796737754717469,
1707,0.186736,0.0280398428440094,-0.0119874784722924,
1708,0.186992,-0.132764145731926,-0.00394727662205696,
1709,0.187248,-0.132764145731926,-0.00394727662205696,
1710,0.187504,-0.132764145731926,-0.00796737754717469,
1711,0.18776,-0.132764145731926,-0.00796737754717469,
1712,0.188016,-0.0523621514439583,-0.00394727662205696,
1713,0.188272,-0.0523621514439583,-0.00796737754717469,
1714,0.188528,-0.132764145731926,-0.00796737754717469,
1715,0.188784,-0.132764145731926,-0.00796737754717469,
1716,0.18904,-0.132764145731926,-0.00796737754717469,
1717,0.189296,-0.0523621514439583,-0.00796737754717469,
1718,0.189552,-0.132764145731926,-0.00796737754717469,
1719,0.189808,-0.0523621514439583,-0.00796737754717469,
1720,0.190064,-0.0523621514439583,-0.00394727662205696,
1721,0.19032,-0.132764145731926,-0.00796737754717469,
1722,0.190576,-0.0523621514439583,-0.00394727662205696,
1723,0.190832,-0.132764145731926,-0.00796737754717469,
1724,0.191088,-0.0523621514439583,-0.00796737754717469,
1725,0.191344,-0.0523621514439583,-0.00796737754717469,
1726,0.1916,-0.0523621514439583,-0.00394727662205696,
1727,0.191856,-0.0523621514439583,-0.00796737754717469,
1728,0.192112,-0.0523621514439583,-0.00394727662205696,
1729,0.192368,-0.0523621514439583,-0.00796737754717469,
1730,0.192624,-0.132764145731926,-0.00796737754717469,
1731,0.19288,-0.132764145731926,-0.00796737754717469,
1732,0.193136,-0.0523621514439583,-0.00796737754717469,
1733,0.193392,-0.0523621514439583,-0.00796737754717469,
1734,0.193648,-0.0523621514439583,-0.00796737754717469,
1735,0.193904,-0.0523621514439583,7.282430306077E-05,
1736,0.19416,-0.0523621514439583,-0.00796737754717469,
1737,0.194416,-0.0523621514439583,-0.00394727662205696,
1738,0.194672,-0.0523621514439583,-0.00796737754717469,
1739,0.194928,-0.0523621514439583,-0.0119874784722924,
1740,0.195184,-0.132764145731926,-0.00394727662205696,
1741,0.19544,-0.0523621514439583,-0.00796737754717469,
1742,0.195696,-0.0523621514439583,-0.00394727662205696,
1743,0.195952,-0.132764145731926,-0.00796737754717469,
1744,0.196208,-0.0523621514439583,-0.00796737754717469,
1745,0.196464,-0.0523621514439583,-0.00796737754717469,
1746,0.19672,-0.0523621514439583,-0.00796737754717469,
1747,0.196976,-0.0523621514439583,-0.00394727662205696,
1748,0.197232,-0.0523621514439583,-0.00796737754717469,
1749,0.197488,-0.132764145731926,-0.00796737754717469,
1750,0.197744,0.0280398428440094,-0.00394727662205696,
1751,0.198,-0.0523621514439583,-0.00394727662205696,
1752,0.198256,-0.0523621514439583,-0.00394727662205696,
1753,0.198512,-0.0523621514439583,-0.00796737754717469,
1754,0.198768,-0.0523621514439583,-0.0119874784722924,
1755,0.199024,-0.0523621514439583,-0.00796737754717469,
1756,0.19928,-0.0523621514439583,-0.00394727662205696,
1757,0.199536,-0.0523621514439583,-0.00796737754717469,
1758,0.199792,-0.132764145731926,-0.00394727662205696,
1759,0.200048,4.69135551154613,-0.00394727662205696,
1760,0.200304,-0.0523621514439583,0.0282135307788849,
1761,0.20056,-0.132764145731926,0.0523341363295913,
1762,0.200816,-0.132764145731926,0.0684145400300622,
1763,0.201072,-0.132764145731926,0.0804748428054154,
1764,0.201328,-0.0523621514439583,0.0885150446556509,
1765,0.201584,-0.0523621514439583,0.0885150446556509,
1766,0.20184,-0.0523621514439583,0.0965552465058863,
1767,0.202096,-0.0523621514439583,0.0965552465058863,
1768,0.202352,-0.0523621514439583,0.0965552465058863,
1769,0.202608,-0.0523621514439583,0.0885150446556509,
1770,0.202864,-0.0523621514439583,0.0885150446556509,
1771,0.20312,-0.0523621514439583,0.0844949437305331,
1772,0.203376,-0.0523621514439583,0.0804748428054154,
1773,0.203632,-0.0523621514439583,0.0804748428054154,
1774,0.203888,-0.0523621514439583,0.0764547418802977,
1775,0.204144,-0.132764145731926,0.0724346409551799,
1776,0.2044,-0.0523621514439583,0.0724346409551799,
1777,0.204656,-0.0523621514439583,0.0643944391049445,
1778,0.204912,-0.0523621514439583,0.0603743381798267,
1779,0.205168,-0.132764145731926,0.056354237254709,
1780,0.205424,-0.0523621514439583,0.056354237254709,
1781,0.20568,-0.0523621514439583,0.0523341363295913,
1782,0.205936,-0.0523621514439583,0.0483140354044735,
1783,0.206192,-0.132764145731926,0.0442939344793558,
1784,0.206448,-0.0523621514439583,0.0442939344793558,
1785,0.206704,-0.0523621514439583,0.0402738335542381,
1786,0.20696,-0.0523621514439583,0.0402738335542381,
1787,0.207216,-0.0523621514439583,0.0322336317040026,
1788,0.207472,-0.0523621514439583,0.0282135307788849,
1789,0.207728,-0.0523621514439583,0.0282135307788849,
1790,0.207984,-0.0523621514439583,0.0282135307788849,
1791,0.20824,-0.132764145731926,0.0241934298537672,
1792,0.208496,-0.0523621514439583,0.0322336317040026,
1793,0.208752,-0.132764145731926,0.0241934298537672,
1794,0.209008,-0.0523621514439583,0.0241934298537672,
1795,0.209264,-0.132764145731926,0.0241934298537672,
1796,0.20952,-0.0523621514439583,0.0201733289286494,
1797,0.209776,-0.0523621514439583,0.0161532280035317,
1798,0.210032,-0.132764145731926,0.0161532280035317,
1799,0.210288,-0.132764145731926,0.0161532280035317,
1800,0.210544,0.0280398428440094,0.0161532280035317,
1801,0.2108,-0.0523621514439583,0.012133127078414,
1802,0.211056,-0.0523621514439583,0.012133127078414,
1803,0.211312,-0.0523621514439583,0.00811302615329623,
1804,0.211568,-0.0523621514439583,0.00811302615329623,
1805,0.211824,-0.0523621514439583,0.00811302615329623,
1806,0.21208,-0.132764145731926,0.00811302615329623,
1807,0.212336,-0.0523621514439583,0.00811302615329623,
1808,0.212592,-0.0523621514439583,0.00811302615329623,
1809,0.212848,-0.0523621514439583,0.00811302615329623,
1810,0.213104,0.0280398428440094,0.0040929252281785,
1811,0.21336,-0.132764145731926,0.00811302615329623,
1812,0.213616,-0.0523621514439583,0.0040929252281785,
1813,0.213872,-0.0523621514439583,0.0040929252281785,
1814,0.214128,-0.132764145731926,0.0040929252281785,
1815,0.214384,-0.0523621514439583,0.0040929252281785,
1816,0.21464,-0.0523621514439583,7.282430306077E-05,
1817,0.214896,-0.0523621514439583,0.0040929252281785,
1818,0.215152,-0.132764145731926,7.282430306077E-05,
1819,0.215408,-0.0523621514439583,7.282430306077E-05,
1820,0.215664,-0.0523621514439583,7.282430306077E-05,
1821,0.21592,-0.0523621514439583,7.282430306077E-05,
1822,0.216176,-0.0523621514439583,-0.00394727662205696,
1823,0.216432,-0.0523621514439583,7.282430306077E-05,
1824,0.216688,-0.0523621514439583,-0.00394727662205696,
1825,0.216944,-0.0523621514439583,-0.00394727662205696,
1826,0.2172,-0.0523621514439583,7.282430306077E-05,
1827,0.217456,-0.0523621514439583,-0.00394727662205696,
1828,0.217712,-0.0523621514439583,7.282430306077E-05,
1829,0.217968,-0.132764145731926,-0.00394727662205696,
1830,0.218224,-0.132764145731926,-0.00394727662205696,
1831,0.21848,-0.0523621514439583,-0.00394727662205696,
1832,0.218736,-0.0523621514439583,-0.00394727662205696,
1833,0.218992,-0.0523621514439583,-0.00394727662205696,
1834,0.219248,-0.132764145731926,7.282430306077E-05,
1835,0.219504,-0.132764145731926,-0.00394727662205696,
1836,0.21976,-0.0523621514439583,-0.00796737754717469,
1837,0.220016,-0.132764145731926,-0.00796737754717469,
1838,0.220272,-0.132764145731926,7.282430306077E-05,
1839,0.220528,-0.132764145731926,-0.00796737754717469,
1840,0.220784,-0.0523621514439583,-0.00394727662205696,
1841,0.22104,-0.0523621514439583,-0.00796737754717469,
1842,0.221296,-0.0523621514439583,-0.00394727662205696,
1843,0.221552,-0.0523621514439583,-0.00796737754717469,
1844,0.221808,-0.132764145731926,-0.00394727662205696,
1845,0.222064,-0.0523621514439583,-0.00796737754717469,
1846,0.22232,-0.0523621514439583,-0.00796737754717469,
1847,0.222576,0.0280398428440094,-0.00394727662205696,
1848,0.222832,-0.0523621514439583,-0.00796737754717469,
1849,0.223088,-0.0523621514439583,7.282430306077E-05,
1850,0.223344,-0.0523621514439583,-0.00796737754717469,
1851,0.2236,-0.0523621514439583,-0.00394727662205696,
1852,0.223856,-0.0523621514439583,-0.00394727662205696,
1853,0.224112,-0.0523621514439583,-0.00394727662205696,
1854,0.224368,-0.0523621514439583,-0.00394727662205696,
1855,0.224624,-0.132764145731926,-0.00394727662205696,
1856,0.22488,-0.132764145731926,-0.00394727662205696,
1857,0.225136,-0.0523621514439583,-0.00394727662205696,
1858,0.225392,-0.132764145731926,-0.00394727662205696,
1859,0.225648,-0.0523621514439583,-0.00394727662205696,
1860,0.225904,-0.132764145731926,-0.00394727662205696,
1861,0.22616,-0.132764145731926,-0.0119874784722924,
1862,0.226416,-0.0523621514439583,-0.0119874784722924,
1863,0.226672,-0.132764145731926,-0.00796737754717469,
1864,0.226928,-0.0523621514439583,-0.00796737754717469,
1865,0.227184,-0.0523621514439583,-0.00394727662205696,
1866,0.22744,-0.0523621514439583,-0.00394727662205696,
1867,0.227696,-0.0523621514439583,-0.00394727662205696,
1868,0.227952,-0.132764145731926,-0.00394727662205696,
1869,0.228208,-0.132764145731926,-0.00394727662205696,
1870,0.228464,-0.132764145731926,-0.0119874784722924,
1871,0.22872,-0.0523621514439583,-0.00796737754717469,
1872,0.228976,-0.0523621514439583,-0.00394727662205696,
1873,0.229232,-0.0523621514439583,-0.00796737754717469,
1874,0.229488,-0.0523621514439583,-0.00796737754717469,
1875,0.229744,-0.132764145731926,-0.0119874784722924,
1876,0.23,-0.0523621514439583,-0.00394727662205696,
1877,0.230256,-0.132764145731926,-0.00796737754717469,
1878,0.230512,-0.0523621514439583,-0.00796737754717469,
1879,0.230768,-0.0523621514439583,-0.00796737754717469,
1880,0.231024,-0.132764145731926,-0.00394727662205696,
1881,0.23128,-0.0523621514439583,-0.0160075793974102,
1882,0.231536,-0.132764145731926,-0.00796737754717469,
1883,0.231792,-0.0523621514439583,-0.0119874784722924,
1884,0.232048,-0.132764145731926,-0.00796737754717469,
1885,0.232304,-0.132764145731926,-0.00796737754717469,
1886,0.23256,-0.132764145731926,-0.00796737754717469,
1887,0.232816,-0.0523621514439583,-0.00394727662205696,
1888,0.233072,-0.0523621514439583,-0.00796737754717469,
1889,0.233328,0.0280398428440094,-0.00796737754717469,
1890,0.233584,-0.132764145731926,-0.00394727662205696,
1891,0.23384,-0.0523621514439583,-0.00796737754717469,
1892,0.234096,-0.0523621514439583,-0.00796737754717469,
1893,0.234352,-0.132764145731926,-0.00796737754717469,
1894,0.234608,-0.0523621514439583,-0.00796737754717469,
1895,0.234864,-0.0523621514439583,-0.00394727662205696,
1896,0.23512,-0.132764145731926,-0.00796737754717469,
1897,0.235376,-0.0523621514439583,-0.00796737754717469,
1898,0.235632,-0.0523621514439583,-0.00796737754717469,
1899,0.235888,-0.132764145731926,-0.00796737754717469,
1900,0.236144,-0.132764145731926,-0.00796737754717469,
1901,0.2364,-0.0523621514439583,-0.00796737754717469,
1902,0.236656,-0.0523621514439583,-0.00796737754717469,
1903,0.236912,-0.132764145731926,-0.00394727662205696,
1904,0.237168,-0.132764145731926,-0.00796737754717469,
1905,0.237424,-0.132764145731926,-0.0119874784722924,
1906,0.23768,-0.0523621514439583,7.282430306077E-05,
1907,0.237936,-0.132764145731926,-0.00394727662205696,
1908,0.238192,-0.132764145731926,-0.00796737754717469,
1909,0.238448,-0.0523621514439583,-0.00796737754717469,
1910,0.238704,-0.0523621514439583,-0.00796737754717469,
1911,0.23896,-0.0523621514439583,-0.00394727662205696,
1912,0.239216,-0.0523621514439583,-0.00394727662205696,
1913,0.239472,-0.0523621514439583,-0.00394727662205696,
1914,0.239728,-0.132764145731926,-0.00796737754717469,
1915,0.239984,-0.0523621514439583,-0.00394727662205696,
1916,0.24024,-0.0523621514439583,-0.00394727662205696,
1917,0.240496,-0.0523621514439583,-0.00394727662205696,
1918,0.240752,-0.132764145731926,-0.00796737754717469,
1919,0.241008,-0.0523621514439583,-0.00394727662205696,
1920,0.241264,-0.0523621514439583,-0.00796737754717469,
1921,0.24152,-0.0523621514439583,-0.00796737754717469,
1922,0.241776,-0.0523621514439583,-0.0119874784722924,
1923,0.242032,-0.132764145731926,-0.00796737754717469,
1924,0.242288,-0.0523621514439583,-0.0119874784722924,
1925,0.242544,-0.0523621514439583,-0.00796737754717469,
1926,0.2428,-0.0523621514439583,-0.00796737754717469,
1927,0.243056,-0.0523621514439583,-0.0119874784722924,
1928,0.243312,0.0280398428440094,-0.00796737754717469,
1929,0.243568,-0.0523621514439583,-0.00796737754717469,
1930,0.243824,-0.0523621514439583,-0.00394727662205696,
1931,0.24408,-0.0523621514439583,-0.00796737754717469,
1932,0.244336,-0.0523621514439583,-0.00394727662205696,
1933,0.244592,-0.0523621514439583,-0.00796737754717469,
1934,0.244848,-0.0523621514439583,-0.00796737754717469,
1935,0.245104,-0.0523621514439583,-0.00796737754717469,
1936,0.24536,-0.0523621514439583,-0.00796737754717469,
1937,0.245616,-0.0523621514439583,-0.00796737754717469,
1938,0.245872,-0.132764145731926,-0.00796737754717469,
1939,0.246128,-0.0523621514439583,-0.0119874784722924,
1940,0.246384,-0.0523621514439583,-0.00394727662205696,
1941,0.24664,-0.132764145731926,-0.0119874784722924,
1942,0.246896,-0.0523621514439583,-0.00796737754717469,
1943,0.247152,-0.132764145731926,-0.00796737754717469,
1944,0.247408,-0.0523621514439583,-0.00796737754717469,
1945,0.247664,-0.0523621514439583,-0.00796737754717469,
1946,0.24792,-0.0523621514439583,-0.00796737754717469,
1947,0.248176,-0.0523621514439583,-0.00394727662205696,
1948,0.248432,-0.0523621514439583,-0.0119874784722924,
1949,0.248688,-0.0523621514439583,-0.00394727662205696,
1950,0.248944,-0.0523621514439583,-0.00394727662205696,
1951,0.2492,-0.0523621514439583,-0.00394727662205696,
1952,0.249456,-0.0523621514439583,-0.00796737754717469,
1953,0.249712,0.0280398428440094,-0.00394727662205696,
