Model: ,Oscilloscope DSO-X 1102G
Serial Number:,CN57246464
Address: ,USBInstrument3
Date: ,2026-09-28 15:29:19

Sample Number,Time (s),1 (VOLT),2 (VOLT),
1,-0.0005,-0.0804019942879677,-0.00804020185023546,
2,-0.000499488,-0.160803988575935,-0.00402010092511773,
3,-0.000498976,-0.0804019942879677,-0.00804020185023546,
4,-0.000498464,-0.0804019942879677,-0.0120603027753532,
5,-0.000497952,-0.0804019942879677,-0.00804020185023546,
6,-0.00049744,-0.0804019942879677,-0.00804020185023546,
7,-0.000496928,-0.0804019942879677,-0.00804020185023546,
8,-0.000496416,-0.0804019942879677,-0.00402010092511773,
9,-0.000495904,-0.160803988575935,-0.0120603027753532,
10,-0.000495392,-0.0804019942879677,-0.00402010092511773,
11,-0.00049488,-0.0804019942879677,-0.00402010092511773,
12,-0.000494368,-0.0804019942879677,-0.00804020185023546,
13,-0.000493856,-0.0804019942879677,-0.0120603027753532,
14,-0.000493344,0,-0.00804020185023546,
15,-0.000492832,-0.0804019942879677,-0.00804020185023546,
16,-0.00049232,-0.0804019942879677,-0.00402010092511773,
17,-0.000491808,-0.0804019942879677,-0.0120603027753532,
18,-0.000491296,-0.160803988575935,-0.00804020185023546,
19,-0.000490784,-0.0804019942879677,-0.00804020185023546,
20,-0.000490272,-0.0804019942879677,-0.00804020185023546,
21,-0.00048976,-0.0804019942879677,-0.00402010092511773,
22,-0.000489248,-0.0804019942879677,-0.00804020185023546,
23,-0.000488736,-0.0804019942879677,-0.00402010092511773,
24,-0.000488224,-0.0804019942879677,-0.00804020185023546,
25,-0.000487712,0,-0.00402010092511773,
26,-0.0004872,-0.0804019942879677,-0.00402010092511773,
27,-0.000486688,-0.0804019942879677,-0.00804020185023546,
28,-0.000486176,-0.160803988575935,-0.00804020185023546,
29,-0.000485664,-0.0804019942879677,-0.00804020185023546,
30,-0.000485152,0,-0.00804020185023546,
31,-0.00048464,-0.0804019942879677,-0.0120603027753532,
32,-0.000484128,-0.160803988575935,-0.00402010092511773,
33,-0.000483616,-0.0804019942879677,-0.00402010092511773,
34,-0.000483104,-0.0804019942879677,-0.00804020185023546,
35,-0.000482592,0,-0.00804020185023546,
36,-0.00048208,0,-0.00804020185023546,
37,-0.000481568,-0.0804019942879677,-0.0120603027753532,
38,-0.000481056,0,-0.00804020185023546,
39,-0.000480544,-0.0804019942879677,-0.00804020185023546,
40,-0.000480032,0,-0.00402010092511773,
41,-0.00047952,-0.0804019942879677,-0.00804020185023546,
42,-0.000479008,0,-0.00804020185023546,
43,-0.000478496,-0.0804019942879677,-0.00402010092511773,
44,-0.000477984,-0.0804019942879677,-0.00804020185023546,
45,-0.000477472,-0.0804019942879677,-0.00804020185023546,
46,-0.00047696,0,-0.0120603027753532,
47,-0.000476448,-0.0804019942879677,-0.00804020185023546,
48,-0.000475936,-0.0804019942879677,-0.00804020185023546,
49,-0.000475424,-0.0804019942879677,-0.00402010092511773,
50,-0.000474912,-0.0804019942879677,-0.00804020185023546,
51,-0.0004744,-0.0804019942879677,-0.00804020185023546,
52,-0.000473888,0,-0.0120603027753532,
53,-0.000473376,-0.0804019942879677,-0.00402010092511773,
54,-0.000472864,-0.0804019942879677,-0.00804020185023546,
55,-0.000472352,-0.0804019942879677,-0.00804020185023546,
56,-0.00047184,-0.0804019942879677,-0.00804020185023546,
57,-0.000471328,-0.0804019942879677,-0.00804020185023546,
58,-0.000470816,-0.0804019942879677,-0.00804020185023546,
59,-0.000470304,-0.0804019942879677,-0.00402010092511773,
60,-0.000469792,-0.0804019942879677,-0.00804020185023546,
61,-0.00046928,-0.0804019942879677,-0.00402010092511773,
62,-0.000468768,-0.0804019942879677,-0.00402010092511773,
63,-0.000468256,-0.0804019942879677,-0.00402010092511773,
64,-0.000467744,-0.0804019942879677,-0.0120603027753532,
65,-0.000467232,-0.0804019942879677,-0.00804020185023546,
66,-0.00046672,-0.0804019942879677,-0.0120603027753532,
67,-0.000466208,0,-0.0120603027753532,
68,-0.000465696,-0.0804019942879677,-0.00804020185023546,
69,-0.000465184,-0.0804019942879677,-0.00804020185023546,
70,-0.000464672,-0.0804019942879677,-0.00804020185023546,
71,-0.00046416,-0.0804019942879677,-0.00804020185023546,
72,-0.000463648,0,-0.00804020185023546,
73,-0.000463136,-0.0804019942879677,-0.00804020185023546,
74,-0.000462624,-0.0804019942879677,-0.00804020185023546,
75,-0.000462112,0,-0.00804020185023546,
76,-0.0004616,-0.0804019942879677,-0.00402010092511773,
77,-0.000461088,-0.0804019942879677,-0.00804020185023546,
78,-0.000460576,-0.0804019942879677,-0.00804020185023546,
79,-0.000460064,-0.160803988575935,-0.00402010092511773,
80,-0.000459552,-0.0804019942879677,-0.00804020185023546,
81,-0.00045904,-0.0804019942879677,-0.00804020185023546,
82,-0.000458528,-0.0804019942879677,-0.00804020185023546,
83,-0.000458016,-0.0804019942879677,-0.00804020185023546,
84,-0.000457504,-0.0804019942879677,-0.00402010092511773,
85,-0.000456992,-0.0804019942879677,-0.00804020185023546,
86,-0.00045648,-0.0804019942879677,-0.00804020185023546,
87,-0.000455968,-0.0804019942879677,-0.0120603027753532,
88,-0.000455456,-0.0804019942879677,-0.00804020185023546,
89,-0.000454944,0,-0.00804020185023546,
90,-0.000454432,-0.0804019942879677,-0.0120603027753532,
91,-0.00045392,-0.0804019942879677,-0.00804020185023546,
92,-0.000453408,-0.0804019942879677,-0.00804020185023546,
93,-0.000452896,-0.0804019942879677,-0.0120603027753532,
94,-0.000452384,-0.0804019942879677,-0.00804020185023546,
95,-0.000451872,-0.0804019942879677,-0.00804020185023546,
96,-0.00045136,-0.0804019942879677,-0.00804020185023546,
97,-0.000450848,-0.0804019942879677,-0.00804020185023546,
98,-0.000450336,-0.0804019942879677,-0.00804020185023546,
99,-0.000449824,-0.0804019942879677,-0.00804020185023546,
100,-0.000449312,-0.0804019942879677,-0.00804020185023546,
101,-0.0004488,-0.0804019942879677,-0.00402010092511773,
102,-0.000448288,-0.0804019942879677,-0.00804020185023546,
103,-0.000447776,-0.160803988575935,-0.00402010092511773,
104,-0.000447264,-0.0804019942879677,-0.00402010092511773,
105,-0.000446752,-0.0804019942879677,-0.00402010092511773,
106,-0.00044624,-0.160803988575935,-0.00804020185023546,
107,-0.000445728,-0.0804019942879677,-0.00804020185023546,
108,-0.000445216,-0.0804019942879677,-0.00804020185023546,
109,-0.000444704,-0.0804019942879677,-0.00804020185023546,
110,-0.000444192,-0.0804019942879677,-0.00804020185023546,
111,-0.00044368,-0.0804019942879677,-0.0120603027753532,
112,-0.000443168,-0.0804019942879677,-0.00804020185023546,
113,-0.000442656,-0.0804019942879677,-0.00804020185023546,
114,-0.000442144,-0.0804019942879677,0,
115,-0.000441632,-0.0804019942879677,-0.00804020185023546,
116,-0.00044112,-0.0804019942879677,-0.00804020185023546,
117,-0.000440608,-0.0804019942879677,-0.00804020185023546,
118,-0.000440096,-0.0804019942879677,-0.00804020185023546,
119,-0.000439584,-0.160803988575935,-0.00804020185023546,
120,-0.000439072,-0.0804019942879677,-0.00804020185023546,
121,-0.00043856,-0.0804019942879677,-0.0120603027753532,
122,-0.000438048,-0.0804019942879677,-0.00804020185023546,
123,-0.000437536,-0.0804019942879677,-0.00804020185023546,
124,-0.000437024,0,-0.00804020185023546,
125,-0.000436512,-0.0804019942879677,-0.00402010092511773,
126,-0.000436,0,-0.00804020185023546,
127,-0.000435488,-0.0804019942879677,-0.00402010092511773,
128,-0.000434976,0,-0.00804020185023546,
129,-0.000434464,-0.160803988575935,-0.00402010092511773,
130,-0.000433952,0,-0.00402010092511773,
131,-0.00043344,-0.0804019942879677,-0.00402010092511773,
132,-0.000432928,-0.0804019942879677,-0.00804020185023546,
133,-0.000432416,-0.0804019942879677,-0.00402010092511773,
134,-0.000431904,-0.0804019942879677,-0.00804020185023546,
135,-0.000431392,0,-0.00804020185023546,
136,-0.00043088,-0.160803988575935,-0.00804020185023546,
137,-0.000430368,-0.0804019942879677,-0.00804020185023546,
138,-0.000429856,-0.0804019942879677,-0.00804020185023546,
139,-0.000429344,-0.0804019942879677,-0.00402010092511773,
140,-0.000428832,-0.160803988575935,-0.00402010092511773,
141,-0.00042832,0,-0.00804020185023546,
142,-0.000427808,-0.0804019942879677,-0.00804020185023546,
143,-0.000427296,-0.0804019942879677,-0.00804020185023546,
144,-0.000426784,-0.0804019942879677,-0.00804020185023546,
145,-0.000426272,-0.0804019942879677,-0.00804020185023546,
146,-0.00042576,-0.0804019942879677,-0.00804020185023546,
147,-0.000425248,-0.0804019942879677,-0.00402010092511773,
148,-0.000424736,-0.0804019942879677,-0.00402010092511773,
149,-0.000424224,-0.0804019942879677,-0.00804020185023546,
150,-0.000423712,-0.160803988575935,-0.00402010092511773,
151,-0.0004232,-0.0804019942879677,-0.0120603027753532,
152,-0.000422688,0,-0.00402010092511773,
153,-0.000422176,-0.0804019942879677,-0.00402010092511773,
154,-0.000421664,-0.0804019942879677,-0.00804020185023546,
155,-0.000421152,-0.160803988575935,-0.0120603027753532,
156,-0.00042064,-0.0804019942879677,-0.00804020185023546,
157,-0.000420128,-0.0804019942879677,-0.00804020185023546,
158,-0.000419616,0,-0.00804020185023546,
159,-0.000419104,0,-0.00402010092511773,
160,-0.000418592,-0.0804019942879677,-0.00804020185023546,
161,-0.00041808,-0.0804019942879677,-0.0120603027753532,
162,-0.000417568,-0.0804019942879677,-0.00804020185023546,
163,-0.000417056,-0.0804019942879677,-0.00804020185023546,
164,-0.000416544,-0.0804019942879677,-0.00804020185023546,
165,-0.000416032,-0.0804019942879677,-0.00804020185023546,
166,-0.00041552,0,-0.00402010092511773,
167,-0.000415008,-0.0804019942879677,-0.00804020185023546,
168,-0.000414496,-0.0804019942879677,-0.00804020185023546,
169,-0.000413984,-0.0804019942879677,-0.00402010092511773,
170,-0.000413472,0,-0.00804020185023546,
171,-0.00041296,0,-0.00402010092511773,
172,-0.000412448,0,-0.00402010092511773,
173,-0.000411936,-0.0804019942879677,-0.00804020185023546,
174,-0.000411424,-0.0804019942879677,-0.00804020185023546,
175,-0.000410912,-0.0804019942879677,-0.00402010092511773,
176,-0.0004104,-0.0804019942879677,-0.00804020185023546,
177,-0.000409888,-0.0804019942879677,-0.00804020185023546,
178,-0.000409376,-0.0804019942879677,-0.00804020185023546,
179,-0.000408864,0,-0.00804020185023546,
180,-0.000408352,0,-0.00804020185023546,
181,-0.00040784,-0.0804019942879677,-0.0120603027753532,
182,-0.000407328,0,-0.00402010092511773,
183,-0.000406816,-0.0804019942879677,-0.00804020185023546,
184,-0.000406304,-0.0804019942879677,-0.00804020185023546,
185,-0.000405792,-0.0804019942879677,-0.00804020185023546,
186,-0.00040528,-0.0804019942879677,-0.00804020185023546,
187,-0.000404768,-0.0804019942879677,-0.00804020185023546,
188,-0.000404256,-0.0804019942879677,-0.00804020185023546,
189,-0.000403744,-0.0804019942879677,-0.00804020185023546,
190,-0.000403232,-0.0804019942879677,-0.0120603027753532,
191,-0.00040272,-0.0804019942879677,-0.00402010092511773,
192,-0.000402208,-0.0804019942879677,-0.0120603027753532,
193,-0.000401696,-0.0804019942879677,-0.00804020185023546,
194,-0.000401184,-0.0804019942879677,-0.00804020185023546,
195,-0.000400672,0,-0.00804020185023546,
196,-0.00040016,-0.160803988575935,-0.00402010092511773,
197,-0.000399648,-0.0804019942879677,-0.00402010092511773,
198,-0.000399136,-0.0804019942879677,-0.00804020185023546,
199,-0.000398624,-0.0804019942879677,-0.00804020185023546,
200,-0.000398112,-0.0804019942879677,-0.00804020185023546,
201,-0.0003976,-0.160803988575935,-0.00804020185023546,
202,-0.000397088,-0.160803988575935,0,
203,-0.000396576,-0.0804019942879677,-0.00804020185023546,
204,-0.000396064,0,-0.00402010092511773,
205,-0.000395552,-0.0804019942879677,-0.0120603027753532,
206,-0.00039504,0,-0.00804020185023546,
207,-0.000394528,0,-0.00804020185023546,
208,-0.000394016,-0.0804019942879677,-0.00804020185023546,
209,-0.000393504,0,-0.00402010092511773,
210,-0.000392992,-0.0804019942879677,-0.0120603027753532,
211,-0.00039248,-0.0804019942879677,-0.00402010092511773,
212,-0.000391968,-0.0804019942879677,-0.00804020185023546,
213,-0.000391456,0,-0.00804020185023546,
214,-0.000390944,0,-0.00804020185023546,
215,-0.000390432,-0.0804019942879677,-0.00402010092511773,
216,-0.00038992,-0.0804019942879677,-0.00804020185023546,
217,-0.000389408,0,-0.00804020185023546,
218,-0.000388896,0,-0.00804020185023546,
219,-0.000388384,-0.0804019942879677,-0.00804020185023546,
220,-0.000387872,-0.0804019942879677,-0.00804020185023546,
221,-0.00038736,-0.0804019942879677,-0.00804020185023546,
222,-0.000386848,-0.0804019942879677,-0.00804020185023546,
223,-0.000386336,-0.0804019942879677,-0.00402010092511773,
224,-0.000385824,0,-0.00804020185023546,
225,-0.000385312,-0.0804019942879677,-0.00402010092511773,
226,-0.0003848,-0.0804019942879677,-0.00804020185023546,
227,-0.000384288,0,-0.00804020185023546,
228,-0.000383776,-0.0804019942879677,-0.0120603027753532,
229,-0.000383264,-0.160803988575935,-0.00804020185023546,
230,-0.000382752,-0.0804019942879677,-0.00804020185023546,
231,-0.00038224,-0.0804019942879677,-0.00804020185023546,
232,-0.000381728,-0.0804019942879677,-0.00804020185023546,
233,-0.000381216,-0.0804019942879677,-0.00804020185023546,
234,-0.000380704,-0.0804019942879677,-0.00402010092511773,
235,-0.000380192,-0.0804019942879677,-0.00804020185023546,
236,-0.00037968,-0.0804019942879677,-0.00804020185023546,
237,-0.000379168,-0.0804019942879677,-0.0120603027753532,
238,-0.000378656,0,-0.0120603027753532,
239,-0.000378144,-0.160803988575935,-0.00402010092511773,
240,-0.000377632,-0.0804019942879677,-0.00804020185023546,
241,-0.00037712,-0.0804019942879677,-0.00804020185023546,
242,-0.000376608,-0.0804019942879677,-0.00804020185023546,
243,-0.000376096,-0.0804019942879677,-0.00402010092511773,
244,-0.000375584,0,-0.00804020185023546,
245,-0.000375072,-0.0804019942879677,-0.0120603027753532,
246,-0.00037456,0,-0.0120603027753532,
247,-0.000374048,-0.0804019942879677,-0.0120603027753532,
248,-0.000373536,-0.0804019942879677,-0.00804020185023546,
249,-0.000373024,0,-0.00804020185023546,
250,-0.000372512,-0.0804019942879677,-0.00804020185023546,
251,-0.000372,-0.0804019942879677,-0.00402010092511773,
252,-0.000371488,-0.0804019942879677,-0.00804020185023546,
253,-0.000370976,-0.160803988575935,-0.00804020185023546,
254,-0.000370464,0,-0.00804020185023546,
255,-0.000369952,-0.0804019942879677,0,
256,-0.00036944,-0.0804019942879677,-0.00804020185023546,
257,-0.000368928,-0.0804019942879677,-0.00804020185023546,
258,-0.000368416,-0.160803988575935,-0.00804020185023546,
259,-0.000367904,-0.0804019942879677,-0.00402010092511773,
260,-0.000367392,0,-0.00804020185023546,
261,-0.00036688,-0.0804019942879677,-0.00804020185023546,
262,-0.000366368,0,-0.00804020185023546,
263,-0.000365856,-0.0804019942879677,-0.00804020185023546,
264,-0.000365344,-0.0804019942879677,-0.00804020185023546,
265,-0.000364832,-0.0804019942879677,-0.00804020185023546,
266,-0.00036432,0,-0.00804020185023546,
267,-0.000363808,0,-0.00804020185023546,
268,-0.000363296,0,-0.00804020185023546,
269,-0.000362784,-0.0804019942879677,-0.00804020185023546,
270,-0.000362272,-0.0804019942879677,-0.00402010092511773,
271,-0.00036176,-0.0804019942879677,-0.00804020185023546,
272,-0.000361248,-0.160803988575935,-0.00402010092511773,
273,-0.000360736,-0.0804019942879677,-0.00804020185023546,
274,-0.000360224,-0.0804019942879677,-0.00402010092511773,
275,-0.000359712,-0.0804019942879677,-0.00804020185023546,
276,-0.0003592,-0.0804019942879677,-0.00804020185023546,
277,-0.000358688,-0.0804019942879677,-0.00804020185023546,
278,-0.000358176,-0.0804019942879677,-0.00804020185023546,
279,-0.000357664,-0.0804019942879677,-0.0120603027753532,
280,-0.000357152,-0.0804019942879677,0,
281,-0.00035664,-0.0804019942879677,-0.00804020185023546,
282,-0.000356128,-0.0804019942879677,-0.00804020185023546,
283,-0.000355616,-0.0804019942879677,-0.00402010092511773,
284,-0.000355104,-0.160803988575935,-0.00804020185023546,
285,-0.000354592,0,-0.00804020185023546,
286,-0.00035408,-0.0804019942879677,-0.0120603027753532,
287,-0.000353568,0,-0.00402010092511773,
288,-0.000353056,-0.0804019942879677,-0.00402010092511773,
289,-0.000352544,-0.0804019942879677,-0.00804020185023546,
290,-0.000352032,-0.0804019942879677,0,
291,-0.00035152,-0.0804019942879677,-0.00804020185023546,
292,-0.000351008,-0.0804019942879677,-0.00804020185023546,
293,-0.000350496,-0.0804019942879677,-0.00804020185023546,
294,-0.000349984,-0.0804019942879677,-0.00402010092511773,
295,-0.000349472,-0.160803988575935,-0.00402010092511773,
296,-0.00034896,-0.0804019942879677,-0.00804020185023546,
297,-0.000348448,0,-0.00804020185023546,
298,-0.000347936,-0.0804019942879677,-0.00804020185023546,
299,-0.000347424,-0.160803988575935,-0.00804020185023546,
300,-0.000346912,0,-0.0120603027753532,
301,-0.0003464,-0.0804019942879677,-0.00402010092511773,
302,-0.000345888,-0.160803988575935,-0.00402010092511773,
303,-0.000345376,-0.0804019942879677,-0.00804020185023546,
304,-0.000344864,-0.0804019942879677,-0.0120603027753532,
305,-0.000344352,-0.0804019942879677,0,
306,-0.00034384,-0.0804019942879677,-0.00804020185023546,
307,-0.000343328,0,-0.00804020185023546,
308,-0.000342816,-0.160803988575935,-0.00804020185023546,
309,-0.000342304,-0.0804019942879677,-0.00402010092511773,
310,-0.000341792,-0.0804019942879677,-0.00804020185023546,
311,-0.00034128,-0.0804019942879677,-0.00804020185023546,
312,-0.000340768,-0.0804019942879677,-0.00402010092511773,
313,-0.000340256,-0.160803988575935,-0.00804020185023546,
314,-0.000339744,-0.0804019942879677,-0.00804020185023546,
315,-0.000339232,-0.0804019942879677,-0.00402010092511773,
316,-0.00033872,-0.0804019942879677,-0.00804020185023546,
317,-0.000338208,0,-0.00804020185023546,
318,-0.000337696,0,-0.00804020185023546,
319,-0.000337184,-0.0804019942879677,-0.00804020185023546,
320,-0.000336672,-0.0804019942879677,-0.00804020185023546,
321,-0.00033616,0,-0.00804020185023546,
322,-0.000335648,-0.0804019942879677,-0.00804020185023546,
323,-0.000335136,-0.160803988575935,-0.00804020185023546,
324,-0.000334624,0,-0.00804020185023546,
325,-0.000334112,-0.0804019942879677,-0.00804020185023546,
326,-0.0003336,-0.160803988575935,-0.00804020185023546,
327,-0.000333088,0,-0.00804020185023546,
328,-0.000332576,-0.0804019942879677,-0.00402010092511773,
329,-0.000332064,0,-0.0120603027753532,
330,-0.000331552,-0.0804019942879677,-0.00804020185023546,
331,-0.00033104,-0.0804019942879677,-0.00804020185023546,
332,-0.000330528,-0.0804019942879677,-0.00402010092511773,
333,-0.000330016,-0.0804019942879677,-0.00402010092511773,
334,-0.000329504,-0.0804019942879677,-0.00804020185023546,
335,-0.000328992,-0.0804019942879677,-0.00402010092511773,
336,-0.00032848,-0.0804019942879677,-0.00804020185023546,
337,-0.000327968,-0.0804019942879677,-0.0120603027753532,
338,-0.000327456,-0.0804019942879677,-0.00804020185023546,
339,-0.000326944,-0.0804019942879677,-0.00402010092511773,
340,-0.000326432,-0.0804019942879677,-0.00402010092511773,
341,-0.00032592,-0.0804019942879677,-0.00402010092511773,
342,-0.000325408,-0.0804019942879677,-0.00402010092511773,
343,-0.000324896,-0.0804019942879677,-0.00804020185023546,
344,-0.000324384,-0.0804019942879677,-0.0120603027753532,
345,-0.000323872,-0.0804019942879677,-0.00804020185023546,
346,-0.00032336,-0.0804019942879677,-0.00402010092511773,
347,-0.000322848,-0.0804019942879677,-0.00804020185023546,
348,-0.000322336,0,-0.00804020185023546,
349,-0.000321824,-0.0804019942879677,-0.00804020185023546,
350,-0.000321312,-0.0804019942879677,-0.00402010092511773,
351,-0.0003208,-0.0804019942879677,-0.0120603027753532,
352,-0.000320288,-0.160803988575935,-0.00804020185023546,
353,-0.000319776,-0.0804019942879677,-0.0120603027753532,
354,-0.000319264,-0.0804019942879677,-0.00804020185023546,
355,-0.000318752,-0.160803988575935,-0.0120603027753532,
356,-0.00031824,-0.0804019942879677,-0.00804020185023546,
357,-0.000317728,-0.0804019942879677,-0.00804020185023546,
358,-0.000317216,0,-0.0120603027753532,
359,-0.000316704,-0.0804019942879677,-0.00402010092511773,
360,-0.000316192,0,-0.00402010092511773,
361,-0.00031568,-0.0804019942879677,-0.0120603027753532,
362,-0.000315168,-0.0804019942879677,-0.00804020185023546,
363,-0.000314656,-0.0804019942879677,-0.00402010092511773,
364,-0.000314144,-0.0804019942879677,-0.00402010092511773,
365,-0.000313632,-0.0804019942879677,-0.00804020185023546,
366,-0.00031312,0,-0.00804020185023546,
367,-0.000312608,-0.0804019942879677,-0.00804020185023546,
368,-0.000312096,-0.0804019942879677,-0.00804020185023546,
369,-0.000311584,0,-0.00804020185023546,
370,-0.000311072,-0.160803988575935,-0.00804020185023546,
371,-0.00031056,-0.0804019942879677,-0.00804020185023546,
372,-0.000310048,-0.0804019942879677,-0.00804020185023546,
373,-0.000309536,-0.0804019942879677,-0.0120603027753532,
374,-0.000309024,-0.0804019942879677,-0.00804020185023546,
375,-0.000308512,-0.0804019942879677,-0.00804020185023546,
376,-0.000308,-0.0804019942879677,-0.00804020185023546,
377,-0.000307488,-0.0804019942879677,-0.00804020185023546,
378,-0.000306976,-0.0804019942879677,-0.00804020185023546,
379,-0.000306464,0,-0.00804020185023546,
380,-0.000305952,-0.0804019942879677,-0.00402010092511773,
381,-0.00030544,-0.0804019942879677,-0.00804020185023546,
382,-0.000304928,-0.0804019942879677,-0.00804020185023546,
383,-0.000304416,-0.0804019942879677,-0.00804020185023546,
384,-0.000303904,-0.0804019942879677,-0.00804020185023546,
385,-0.000303392,0,-0.00804020185023546,
386,-0.00030288,-0.0804019942879677,-0.00804020185023546,
387,-0.000302368,-0.0804019942879677,-0.00402010092511773,
388,-0.000301856,-0.0804019942879677,-0.00804020185023546,
389,-0.000301344,-0.0804019942879677,-0.00402010092511773,
390,-0.000300832,0,-0.0120603027753532,
391,-0.00030032,-0.0804019942879677,-0.00804020185023546,
392,-0.000299808,-0.160803988575935,-0.00804020185023546,
393,-0.000299296,-0.0804019942879677,-0.00402010092511773,
394,-0.000298784,0,-0.00804020185023546,
395,-0.000298272,-0.0804019942879677,-0.00804020185023546,
396,-0.00029776,-0.160803988575935,-0.00804020185023546,
397,-0.000297248,-0.0804019942879677,-0.00804020185023546,
398,-0.000296736,-0.0804019942879677,-0.0120603027753532,
399,-0.000296224,-0.0804019942879677,-0.00804020185023546,
400,-0.000295712,-0.160803988575935,-0.00804020185023546,
401,-0.0002952,-0.0804019942879677,-0.00402010092511773,
402,-0.000294688,-0.0804019942879677,-0.00804020185023546,
403,-0.000294176,-0.0804019942879677,-0.00402010092511773,
404,-0.000293664,-0.0804019942879677,-0.00804020185023546,
405,-0.000293152,-0.0804019942879677,-0.00804020185023546,
406,-0.00029264,0,-0.00402010092511773,
407,-0.000292128,-0.0804019942879677,-0.0120603027753532,
408,-0.000291616,-0.0804019942879677,-0.00804020185023546,
409,-0.000291104,0,-0.00804020185023546,
410,-0.000290592,-0.0804019942879677,-0.00804020185023546,
411,-0.00029008,-0.0804019942879677,-0.00804020185023546,
412,-0.000289568,0,-0.00804020185023546,
413,-0.000289056,-0.0804019942879677,-0.0120603027753532,
414,-0.000288544,-0.0804019942879677,-0.00804020185023546,
415,-0.000288032,0,-0.00804020185023546,
416,-0.00028752,-0.0804019942879677,-0.00804020185023546,
417,-0.000287008,-0.0804019942879677,-0.00804020185023546,
418,-0.000286496,-0.0804019942879677,-0.00804020185023546,
419,-0.000285984,-0.160803988575935,-0.00804020185023546,
420,-0.000285472,-0.0804019942879677,-0.00804020185023546,
421,-0.00028496,0,-0.00804020185023546,
422,-0.000284448,-0.0804019942879677,-0.00804020185023546,
423,-0.000283936,-0.0804019942879677,-0.00804020185023546,
424,-0.000283424,-0.0804019942879677,-0.00804020185023546,
425,-0.000282912,-0.0804019942879677,-0.00804020185023546,
426,-0.0002824,-0.0804019942879677,-0.00402010092511773,
427,-0.000281888,0,-0.00804020185023546,
428,-0.000281376,-0.0804019942879677,-0.00804020185023546,
429,-0.000280864,0,-0.00402010092511773,
430,-0.000280352,-0.0804019942879677,0,
431,-0.00027984,-0.0804019942879677,-0.0120603027753532,
432,-0.000279328,-0.0804019942879677,-0.00804020185023546,
433,-0.000278816,-0.0804019942879677,-0.00804020185023546,
434,-0.000278304,-0.0804019942879677,-0.00804020185023546,
435,-0.000277792,-0.0804019942879677,-0.00804020185023546,
436,-0.00027728,-0.0804019942879677,-0.00804020185023546,
437,-0.000276768,-0.0804019942879677,-0.00804020185023546,
438,-0.000276256,-0.0804019942879677,-0.0120603027753532,
439,-0.000275744,-0.160803988575935,-0.0120603027753532,
440,-0.000275232,-0.160803988575935,-0.00804020185023546,
441,-0.00027472,-0.0804019942879677,-0.00402010092511773,
442,-0.000274208,-0.160803988575935,-0.0120603027753532,
443,-0.000273696,-0.0804019942879677,-0.00804020185023546,
444,-0.000273184,-0.0804019942879677,-0.00804020185023546,
445,-0.000272672,-0.0804019942879677,-0.00804020185023546,
446,-0.00027216,0,-0.00804020185023546,
447,-0.000271648,-0.0804019942879677,-0.00804020185023546,
448,-0.000271136,0,-0.00402010092511773,
449,-0.000270624,-0.0804019942879677,-0.00804020185023546,
450,-0.000270112,-0.0804019942879677,-0.0120603027753532,
451,-0.0002696,0,-0.00402010092511773,
452,-0.000269088,-0.0804019942879677,-0.00402010092511773,
453,-0.000268576,0,-0.00804020185023546,
454,-0.000268064,-0.0804019942879677,-0.00804020185023546,
455,-0.000267552,-0.0804019942879677,-0.00804020185023546,
456,-0.00026704,0,-0.00804020185023546,
457,-0.000266528,-0.0804019942879677,-0.0120603027753532,
458,-0.000266016,-0.0804019942879677,-0.00804020185023546,
459,-0.000265504,-0.0804019942879677,-0.0120603027753532,
460,-0.000264992,-0.0804019942879677,-0.00804020185023546,
461,-0.00026448,0,-0.00804020185023546,
462,-0.000263968,-0.160803988575935,-0.00804020185023546,
463,-0.000263456,0,-0.00402010092511773,
464,-0.000262944,-0.160803988575935,-0.00804020185023546,
465,-0.000262432,-0.0804019942879677,-0.00804020185023546,
466,-0.00026192,-0.0804019942879677,-0.00402010092511773,
467,-0.000261408,-0.0804019942879677,-0.0120603027753532,
468,-0.000260896,-0.0804019942879677,-0.0120603027753532,
469,-0.000260384,-0.0804019942879677,-0.00804020185023546,
470,-0.000259872,-0.0804019942879677,-0.00402010092511773,
471,-0.00025936,0,-0.00402010092511773,
472,-0.000258848,-0.0804019942879677,-0.00402010092511773,
473,-0.000258336,-0.0804019942879677,-0.00402010092511773,
474,-0.000257824,0,-0.00804020185023546,
475,-0.000257312,-0.0804019942879677,-0.0120603027753532,
476,-0.0002568,0,-0.00402010092511773,
477,-0.000256288,-0.0804019942879677,-0.00402010092511773,
478,-0.000255776,-0.0804019942879677,-0.00402010092511773,
479,-0.000255264,0,-0.00804020185023546,
480,-0.000254752,-0.160803988575935,-0.00402010092511773,
481,-0.00025424,-0.0804019942879677,-0.00804020185023546,
482,-0.000253728,-0.0804019942879677,-0.00804020185023546,
483,-0.000253216,-0.0804019942879677,-0.00804020185023546,
484,-0.000252704,-0.0804019942879677,-0.00804020185023546,
485,-0.000252192,0,-0.00804020185023546,
486,-0.00025168,0,-0.00804020185023546,
487,-0.000251168,-0.0804019942879677,-0.00804020185023546,
488,-0.000250656,-0.0804019942879677,-0.00804020185023546,
489,-0.000250144,-0.0804019942879677,-0.00804020185023546,
490,-0.000249632,-0.0804019942879677,-0.00804020185023546,
491,-0.00024912,-0.0804019942879677,-0.00804020185023546,
492,-0.000248608,-0.0804019942879677,-0.00402010092511773,
493,-0.000248096,-0.0804019942879677,-0.00804020185023546,
494,-0.000247584,0,-0.00804020185023546,
495,-0.000247072,0,-0.00804020185023546,
496,-0.00024656,-0.0804019942879677,-0.00402010092511773,
497,-0.000246048,-0.0804019942879677,-0.00804020185023546,
498,-0.000245536,-0.0804019942879677,-0.0120603027753532,
499,-0.000245024,-0.0804019942879677,-0.00402010092511773,
500,-0.000244512,-0.0804019942879677,-0.0120603027753532,
501,-0.000244,-0.0804019942879677,-0.00402010092511773,
502,-0.000243488,-0.0804019942879677,-0.00804020185023546,
503,-0.000242976,-0.0804019942879677,-0.00402010092511773,
504,-0.000242464,-0.0804019942879677,-0.00804020185023546,
505,-0.000241952,-0.0804019942879677,-0.0120603027753532,
506,-0.00024144,0,-0.00804020185023546,
507,-0.000240928,-0.0804019942879677,-0.00804020185023546,
508,-0.000240416,-0.0804019942879677,-0.00804020185023546,
509,-0.000239904,-0.0804019942879677,-0.00804020185023546,
510,-0.000239392,-0.0804019942879677,-0.0120603027753532,
511,-0.00023888,0,-0.00402010092511773,
512,-0.000238368,-0.0804019942879677,-0.00402010092511773,
513,-0.000237856,-0.0804019942879677,-0.00804020185023546,
514,-0.000237344,0,-0.00804020185023546,
515,-0.000236832,0,-0.00804020185023546,
516,-0.00023632,-0.0804019942879677,-0.00804020185023546,
517,-0.000235808,0,-0.00804020185023546,
518,-0.000235296,-0.0804019942879677,-0.0120603027753532,
519,-0.000234784,-0.160803988575935,-0.00804020185023546,
520,-0.000234272,-0.0804019942879677,-0.00804020185023546,
521,-0.00023376,-0.0804019942879677,-0.00804020185023546,
522,-0.000233248,-0.0804019942879677,-0.00804020185023546,
523,-0.000232736,-0.0804019942879677,-0.00402010092511773,
524,-0.000232224,-0.0804019942879677,-0.00804020185023546,
525,-0.000231712,0,-0.0120603027753532,
526,-0.0002312,-0.0804019942879677,-0.00804020185023546,
527,-0.000230688,-0.0804019942879677,-0.00804020185023546,
528,-0.000230176,-0.0804019942879677,-0.00402010092511773,
529,-0.000229664,0,-0.00804020185023546,
530,-0.000229152,-0.0804019942879677,-0.00804020185023546,
531,-0.00022864,-0.0804019942879677,-0.00804020185023546,
532,-0.000228128,-0.0804019942879677,-0.00804020185023546,
533,-0.000227616,-0.0804019942879677,-0.00804020185023546,
534,-0.000227104,-0.0804019942879677,-0.00402010092511773,
535,-0.000226592,-0.0804019942879677,-0.00804020185023546,
536,-0.00022608,-0.0804019942879677,-0.00804020185023546,
537,-0.000225568,-0.0804019942879677,-0.00804020185023546,
538,-0.000225056,-0.0804019942879677,-0.00804020185023546,
539,-0.000224544,0,-0.00804020185023546,
540,-0.000224032,-0.0804019942879677,-0.00402010092511773,
541,-0.00022352,0,-0.00804020185023546,
542,-0.000223008,-0.0804019942879677,-0.0120603027753532,
543,-0.000222496,0,-0.00804020185023546,
544,-0.000221984,0,-0.00804020185023546,
545,-0.000221472,-0.0804019942879677,-0.0120603027753532,
546,-0.00022096,-0.0804019942879677,-0.00804020185023546,
547,-0.000220448,0,-0.00804020185023546,
548,-0.000219936,0,-0.0120603027753532,
549,-0.000219424,0,-0.00804020185023546,
550,-0.000218912,0,-0.00804020185023546,
551,-0.0002184,-0.0804019942879677,-0.00804020185023546,
552,-0.000217888,-0.0804019942879677,-0.0120603027753532,
553,-0.000217376,-0.0804019942879677,-0.00804020185023546,
554,-0.000216864,-0.0804019942879677,-0.0120603027753532,
555,-0.000216352,0,-0.0120603027753532,
556,-0.00021584,-0.0804019942879677,-0.00804020185023546,
557,-0.000215328,-0.0804019942879677,-0.00804020185023546,
558,-0.000214816,-0.0804019942879677,-0.00804020185023546,
559,-0.000214304,-0.160803988575935,-0.00804020185023546,
560,-0.000213792,-0.0804019942879677,-0.00402010092511773,
561,-0.00021328,-0.0804019942879677,-0.00804020185023546,
562,-0.000212768,0,-0.00804020185023546,
563,-0.000212256,0,-0.00804020185023546,
564,-0.000211744,-0.160803988575935,-0.00804020185023546,
565,-0.000211232,-0.0804019942879677,-0.00804020185023546,
566,-0.00021072,0,-0.00804020185023546,
567,-0.000210208,-0.0804019942879677,-0.00402010092511773,
568,-0.000209696,-0.0804019942879677,-0.00804020185023546,
569,-0.000209184,-0.0804019942879677,-0.00804020185023546,
570,-0.000208672,-0.0804019942879677,-0.00804020185023546,
571,-0.00020816,-0.0804019942879677,-0.0120603027753532,
572,-0.000207648,-0.0804019942879677,-0.00804020185023546,
573,-0.000207136,0,-0.00804020185023546,
574,-0.000206624,-0.160803988575935,-0.00402010092511773,
575,-0.000206112,-0.0804019942879677,-0.00804020185023546,
576,-0.0002056,0,-0.0120603027753532,
577,-0.000205088,-0.160803988575935,-0.00804020185023546,
578,-0.000204576,-0.0804019942879677,-0.00402010092511773,
579,-0.000204064,-0.0804019942879677,-0.00402010092511773,
580,-0.000203552,-0.0804019942879677,-0.0120603027753532,
581,-0.00020304,-0.0804019942879677,-0.00804020185023546,
582,-0.000202528,-0.0804019942879677,-0.00804020185023546,
583,-0.000202016,-0.0804019942879677,-0.00804020185023546,
584,-0.000201504,-0.0804019942879677,-0.00804020185023546,
585,-0.000200992,-0.0804019942879677,-0.00804020185023546,
586,-0.00020048,-0.0804019942879677,-0.00804020185023546,
587,-0.000199968,-0.0804019942879677,-0.00804020185023546,
588,-0.000199456,-0.0804019942879677,-0.00402010092511773,
589,-0.000198944,-0.0804019942879677,-0.00804020185023546,
590,-0.000198432,-0.0804019942879677,-0.00804020185023546,
591,-0.00019792,-0.0804019942879677,-0.0120603027753532,
592,-0.000197408,-0.0804019942879677,-0.00804020185023546,
593,-0.000196896,-0.0804019942879677,-0.00804020185023546,
594,-0.000196384,-0.0804019942879677,-0.00804020185023546,
595,-0.000195872,0,-0.00804020185023546,
596,-0.00019536,-0.0804019942879677,-0.00402010092511773,
597,-0.000194848,-0.0804019942879677,-0.0120603027753532,
598,-0.000194336,-0.160803988575935,-0.00402010092511773,
599,-0.000193824,-0.0804019942879677,-0.00804020185023546,
600,-0.000193312,-0.0804019942879677,-0.0120603027753532,
601,-0.0001928,-0.160803988575935,-0.00804020185023546,
602,-0.000192288,-0.0804019942879677,-0.00804020185023546,
603,-0.000191776,-0.0804019942879677,-0.0120603027753532,
604,-0.000191264,-0.0804019942879677,-0.00804020185023546,
605,-0.000190752,-0.0804019942879677,-0.00804020185023546,
606,-0.00019024,-0.0804019942879677,-0.00402010092511773,
607,-0.000189728,-0.0804019942879677,-0.00402010092511773,
608,-0.000189216,-0.0804019942879677,-0.00402010092511773,
609,-0.000188704,-0.0804019942879677,-0.00402010092511773,
610,-0.000188192,-0.0804019942879677,-0.00804020185023546,
611,-0.00018768,-0.0804019942879677,-0.00804020185023546,
612,-0.000187168,-0.160803988575935,-0.00804020185023546,
613,-0.000186656,-0.0804019942879677,-0.00402010092511773,
614,-0.000186144,-0.0804019942879677,-0.00804020185023546,
615,-0.000185632,-0.0804019942879677,-0.00402010092511773,
616,-0.00018512,-0.0804019942879677,-0.00804020185023546,
617,-0.000184608,-0.0804019942879677,-0.0120603027753532,
618,-0.000184096,-0.160803988575935,-0.00804020185023546,
619,-0.000183584,0,-0.0120603027753532,
620,-0.000183072,-0.0804019942879677,-0.00804020185023546,
621,-0.00018256,-0.0804019942879677,-0.00804020185023546,
622,-0.000182048,0,-0.00804020185023546,
623,-0.000181536,-0.0804019942879677,-0.00804020185023546,
624,-0.000181024,-0.0804019942879677,-0.00804020185023546,
625,-0.000180512,-0.0804019942879677,-0.00804020185023546,
626,-0.00018,-0.0804019942879677,-0.00804020185023546,
627,-0.000179488,-0.0804019942879677,-0.00804020185023546,
628,-0.000178976,-0.0804019942879677,-0.00804020185023546,
629,-0.000178464,-0.0804019942879677,-0.00402010092511773,
630,-0.000177952,-0.0804019942879677,-0.00804020185023546,
631,-0.00017744,0,-0.00804020185023546,
632,-0.000176928,-0.0804019942879677,-0.00804020185023546,
633,-0.000176416,-0.0804019942879677,-0.00402010092511773,
634,-0.000175904,-0.0804019942879677,-0.0120603027753532,
635,-0.000175392,-0.0804019942879677,-0.0120603027753532,
636,-0.00017488,-0.0804019942879677,-0.0120603027753532,
637,-0.000174368,-0.0804019942879677,-0.00804020185023546,
638,-0.000173856,-0.0804019942879677,-0.00804020185023546,
639,-0.000173344,-0.0804019942879677,-0.00402010092511773,
640,-0.000172832,0,-0.00804020185023546,
641,-0.00017232,-0.0804019942879677,-0.00804020185023546,
642,-0.000171808,-0.0804019942879677,-0.00804020185023546,
643,-0.000171296,-0.0804019942879677,-0.00804020185023546,
644,-0.000170784,-0.0804019942879677,-0.00804020185023546,
645,-0.000170272,0,-0.00402010092511773,
646,-0.00016976,-0.0804019942879677,-0.00804020185023546,
647,-0.000169248,-0.0804019942879677,-0.0120603027753532,
648,-0.000168736,-0.0804019942879677,-0.00804020185023546,
649,-0.000168224,-0.0804019942879677,-0.00804020185023546,
650,-0.000167712,-0.0804019942879677,-0.00402010092511773,
651,-0.0001672,-0.0804019942879677,-0.00804020185023546,
652,-0.000166688,-0.0804019942879677,-0.00804020185023546,
653,-0.000166176,0,-0.00804020185023546,
654,-0.000165664,0,-0.00804020185023546,
655,-0.000165152,-0.0804019942879677,-0.00804020185023546,
656,-0.00016464,0,-0.00804020185023546,
657,-0.000164128,-0.0804019942879677,-0.00804020185023546,
658,-0.000163616,0,-0.00804020185023546,
659,-0.000163104,-0.0804019942879677,-0.00402010092511773,
660,-0.000162592,-0.0804019942879677,-0.00804020185023546,
661,-0.00016208,-0.0804019942879677,-0.00804020185023546,
662,-0.000161568,0,-0.00804020185023546,
663,-0.000161056,0,-0.0120603027753532,
664,-0.000160544,-0.0804019942879677,-0.00804020185023546,
665,-0.000160032,-0.0804019942879677,-0.00804020185023546,
666,-0.00015952,-0.0804019942879677,-0.00402010092511773,
667,-0.000159008,-0.0804019942879677,-0.00804020185023546,
668,-0.000158496,0,-0.00804020185023546,
669,-0.000157984,-0.0804019942879677,-0.00402010092511773,
670,-0.000157472,-0.0804019942879677,-0.00804020185023546,
671,-0.00015696,-0.0804019942879677,-0.00402010092511773,
672,-0.000156448,-0.0804019942879677,-0.00804020185023546,
673,-0.000155936,-0.0804019942879677,-0.0120603027753532,
674,-0.000155424,-0.0804019942879677,-0.00804020185023546,
675,-0.000154912,-0.0804019942879677,-0.0120603027753532,
676,-0.0001544,-0.0804019942879677,-0.0120603027753532,
677,-0.000153888,-0.0804019942879677,-0.00804020185023546,
678,-0.000153376,-0.0804019942879677,-0.00804020185023546,
679,-0.000152864,-0.0804019942879677,-0.00804020185023546,
680,-0.000152352,-0.0804019942879677,-0.00804020185023546,
681,-0.00015184,-0.0804019942879677,-0.0120603027753532,
682,-0.000151328,-0.0804019942879677,-0.00402010092511773,
683,-0.000150816,-0.0804019942879677,-0.00804020185023546,
684,-0.000150304,-0.0804019942879677,-0.00804020185023546,
685,-0.000149792,-0.0804019942879677,-0.00804020185023546,
686,-0.00014928,-0.0804019942879677,-0.00402010092511773,
687,-0.000148768,-0.0804019942879677,-0.00804020185023546,
688,-0.000148256,-0.0804019942879677,-0.00804020185023546,
689,-0.000147744,-0.0804019942879677,-0.00804020185023546,
690,-0.000147232,-0.0804019942879677,-0.00804020185023546,
691,-0.00014672,0,-0.00804020185023546,
692,-0.000146208,0,-0.00804020185023546,
693,-0.000145696,-0.0804019942879677,-0.00804020185023546,
694,-0.000145184,-0.0804019942879677,-0.0120603027753532,
695,-0.000144672,-0.0804019942879677,-0.00804020185023546,
696,-0.00014416,0,-0.00804020185023546,
697,-0.000143648,0,-0.00804020185023546,
698,-0.000143136,-0.0804019942879677,-0.0120603027753532,
699,-0.000142624,0,-0.0120603027753532,
700,-0.000142112,0,-0.00804020185023546,
701,-0.0001416,-0.0804019942879677,-0.00402010092511773,
702,-0.000141088,-0.0804019942879677,-0.00804020185023546,
703,-0.000140576,-0.160803988575935,-0.00804020185023546,
704,-0.000140064,-0.160803988575935,-0.00402010092511773,
705,-0.000139552,0,-0.00804020185023546,
706,-0.00013904,-0.0804019942879677,-0.00804020185023546,
707,-0.000138528,0,-0.00804020185023546,
708,-0.000138016,-0.160803988575935,-0.00804020185023546,
709,-0.000137504,-0.0804019942879677,-0.00804020185023546,
710,-0.000136992,0,-0.00804020185023546,
711,-0.00013648,-0.0804019942879677,-0.00804020185023546,
712,-0.000135968,-0.160803988575935,-0.00804020185023546,
713,-0.000135456,-0.0804019942879677,-0.00804020185023546,
714,-0.000134944,-0.0804019942879677,-0.00804020185023546,
715,-0.000134432,-0.0804019942879677,-0.00402010092511773,
716,-0.00013392,0,-0.00402010092511773,
717,-0.000133408,-0.0804019942879677,-0.00804020185023546,
718,-0.000132896,0,-0.00804020185023546,
719,-0.000132384,-0.0804019942879677,-0.00804020185023546,
720,-0.000131872,-0.160803988575935,-0.00804020185023546,
721,-0.00013136,-0.0804019942879677,-0.00804020185023546,
722,-0.000130848,-0.0804019942879677,-0.00804020185023546,
723,-0.000130336,-0.0804019942879677,-0.00804020185023546,
724,-0.000129824,-0.0804019942879677,-0.00804020185023546,
725,-0.000129312,-0.0804019942879677,-0.00804020185023546,
726,-0.0001288,-0.0804019942879677,-0.0120603027753532,
727,-0.000128288,-0.0804019942879677,-0.00402010092511773,
728,-0.000127776,-0.0804019942879677,-0.00804020185023546,
729,-0.000127264,-0.0804019942879677,-0.00804020185023546,
730,-0.000126752,0,-0.00804020185023546,
731,-0.00012624,-0.0804019942879677,-0.00804020185023546,
732,-0.000125728,-0.0804019942879677,-0.00804020185023546,
733,-0.000125216,-0.0804019942879677,-0.00804020185023546,
734,-0.000124704,-0.0804019942879677,-0.00804020185023546,
735,-0.000124192,-0.0804019942879677,-0.00804020185023546,
736,-0.00012368,0,-0.00402010092511773,
737,-0.000123168,-0.0804019942879677,-0.0120603027753532,
738,-0.000122656,-0.0804019942879677,-0.00804020185023546,
739,-0.000122144,0,-0.00402010092511773,
740,-0.000121632,-0.0804019942879677,-0.00804020185023546,
741,-0.00012112,-0.0804019942879677,-0.00804020185023546,
742,-0.000120608,-0.0804019942879677,-0.00402010092511773,
743,-0.000120096,-0.0804019942879677,-0.00804020185023546,
744,-0.000119584,-0.0804019942879677,-0.00402010092511773,
745,-0.000119072,-0.0804019942879677,-0.00402010092511773,
746,-0.00011856,-0.0804019942879677,-0.00804020185023546,
747,-0.000118048,-0.0804019942879677,-0.00804020185023546,
748,-0.000117536,-0.0804019942879677,-0.00402010092511773,
749,-0.000117024,-0.0804019942879677,-0.00804020185023546,
750,-0.000116512,-0.0804019942879677,-0.00804020185023546,
751,-0.000116,-0.160803988575935,-0.00804020185023546,
752,-0.000115488,-0.0804019942879677,-0.0120603027753532,
753,-0.000114976,-0.0804019942879677,-0.0120603027753532,
754,-0.000114464,-0.0804019942879677,-0.00804020185023546,
755,-0.000113952,0,-0.00804020185023546,
756,-0.00011344,0,-0.00804020185023546,
757,-0.000112928,-0.0804019942879677,-0.00402010092511773,
758,-0.000112416,-0.0804019942879677,-0.00804020185023546,
759,-0.000111904,-0.0804019942879677,-0.00804020185023546,
760,-0.000111392,-0.160803988575935,-0.00402010092511773,
761,-0.00011088,-0.0804019942879677,-0.00804020185023546,
762,-0.000110368,-0.0804019942879677,-0.00804020185023546,
763,-0.000109856,-0.0804019942879677,-0.00402010092511773,
764,-0.000109344,0,-0.0120603027753532,
765,-0.000108832,-0.0804019942879677,-0.00402010092511773,
766,-0.00010832,-0.0804019942879677,-0.00804020185023546,
767,-0.000107808,-0.0804019942879677,-0.00804020185023546,
768,-0.000107296,-0.0804019942879677,-0.0120603027753532,
769,-0.000106784,-0.0804019942879677,-0.00804020185023546,
770,-0.000106272,-0.0804019942879677,-0.00804020185023546,
771,-0.00010576,-0.160803988575935,-0.00804020185023546,
772,-0.000105248,-0.0804019942879677,-0.00804020185023546,
773,-0.000104736,-0.0804019942879677,-0.0120603027753532,
774,-0.000104224,-0.0804019942879677,-0.00804020185023546,
775,-0.000103712,-0.0804019942879677,-0.00402010092511773,
776,-0.0001032,-0.0804019942879677,-0.0120603027753532,
777,-0.000102688,0,-0.00804020185023546,
778,-0.000102176,-0.0804019942879677,-0.00804020185023546,
779,-0.000101664,-0.0804019942879677,-0.00804020185023546,
780,-0.000101152,-0.0804019942879677,-0.0120603027753532,
781,-0.00010064,-0.0804019942879677,-0.0120603027753532,
782,-0.000100128,-0.0804019942879677,-0.00804020185023546,
783,-9.9616E-05,-0.0804019942879677,-0.00804020185023546,
784,-9.9104E-05,-0.0804019942879677,-0.00804020185023546,
785,-9.8592E-05,0,-0.00804020185023546,
786,-9.808E-05,-0.0804019942879677,-0.00402010092511773,
787,-9.7568E-05,0,-0.00804020185023546,
788,-9.7056E-05,-0.0804019942879677,-0.0120603027753532,
789,-9.6544E-05,-0.160803988575935,-0.00804020185023546,
790,-9.6032E-05,0,-0.00804020185023546,
791,-9.552E-05,-0.160803988575935,-0.00402010092511773,
792,-9.5008E-05,-0.0804019942879677,-0.00804020185023546,
793,-9.4496E-05,-0.0804019942879677,-0.00804020185023546,
794,-9.3984E-05,-0.0804019942879677,-0.00804020185023546,
795,-9.3472E-05,-0.0804019942879677,-0.00804020185023546,
796,-9.296E-05,-0.160803988575935,-0.0120603027753532,
797,-9.2448E-05,-0.160803988575935,-0.0120603027753532,
798,-9.1936E-05,-0.0804019942879677,-0.00804020185023546,
799,-9.1424E-05,-0.0804019942879677,-0.00402010092511773,
800,-9.0912E-05,-0.0804019942879677,-0.00804020185023546,
801,-9.04E-05,0,-0.00402010092511773,
802,-8.9888E-05,-0.0804019942879677,-0.00804020185023546,
803,-8.9376E-05,-0.0804019942879677,-0.00804020185023546,
804,-8.8864E-05,-0.0804019942879677,-0.00804020185023546,
805,-8.8352E-05,-0.0804019942879677,-0.00804020185023546,
806,-8.784E-05,-0.160803988575935,-0.00804020185023546,
807,-8.7328E-05,-0.0804019942879677,-0.00804020185023546,
808,-8.6816E-05,-0.0804019942879677,-0.0120603027753532,
809,-8.6304E-05,0,-0.00804020185023546,
810,-8.5792E-05,0,-0.00804020185023546,
811,-8.528E-05,-0.0804019942879677,-0.00402010092511773,
812,-8.4768E-05,-0.0804019942879677,-0.00402010092511773,
813,-8.4256E-05,-0.0804019942879677,-0.00804020185023546,
814,-8.3744E-05,0,-0.00804020185023546,
815,-8.3232E-05,-0.0804019942879677,-0.00804020185023546,
816,-8.272E-05,-0.0804019942879677,-0.00804020185023546,
817,-8.2208E-05,-0.0804019942879677,-0.00804020185023546,
818,-8.1696E-05,-0.0804019942879677,-0.00402010092511773,
819,-8.1184E-05,-0.0804019942879677,-0.00804020185023546,
820,-8.0672E-05,-0.0804019942879677,-0.0120603027753532,
821,-8.016E-05,-0.0804019942879677,-0.00402010092511773,
822,-7.9648E-05,-0.0804019942879677,-0.0120603027753532,
823,-7.9136E-05,-0.0804019942879677,-0.00402010092511773,
824,-7.8624E-05,-0.0804019942879677,-0.00804020185023546,
825,-7.8112E-05,-0.0804019942879677,-0.0120603027753532,
826,-7.76E-05,-0.0804019942879677,-0.00804020185023546,
827,-7.7088E-05,-0.0804019942879677,-0.00804020185023546,
828,-7.6576E-05,-0.0804019942879677,-0.00804020185023546,
829,-7.6064E-05,-0.0804019942879677,-0.00402010092511773,
830,-7.5552E-05,-0.0804019942879677,-0.00402010092511773,
831,-7.504E-05,-0.0804019942879677,-0.00402010092511773,
832,-7.4528E-05,0,-0.00804020185023546,
833,-7.4016E-05,-0.0804019942879677,-0.00804020185023546,
834,-7.3504E-05,-0.0804019942879677,-0.00804020185023546,
835,-7.2992E-05,-0.0804019942879677,-0.00804020185023546,
836,-7.248E-05,0,-0.00804020185023546,
837,-7.1968E-05,0,-0.00804020185023546,
838,-7.1456E-05,-0.0804019942879677,-0.00402010092511773,
839,-7.0944E-05,-0.0804019942879677,-0.00804020185023546,
840,-7.0432E-05,-0.0804019942879677,-0.0120603027753532,
841,-6.992E-05,-0.160803988575935,-0.00804020185023546,
842,-6.9408E-05,-0.0804019942879677,-0.00804020185023546,
843,-6.8896E-05,-0.0804019942879677,-0.00804020185023546,
844,-6.8384E-05,-0.0804019942879677,-0.00804020185023546,
845,-6.7872E-05,0,-0.00804020185023546,
846,-6.736E-05,-0.160803988575935,-0.0120603027753532,
847,-6.6848E-05,-0.160803988575935,-0.00804020185023546,
848,-6.6336E-05,-0.160803988575935,-0.00402010092511773,
849,-6.5824E-05,-0.0804019942879677,-0.00402010092511773,
850,-6.5312E-05,-0.0804019942879677,-0.00402010092511773,
851,-6.48E-05,0,-0.00804020185023546,
852,-6.4288E-05,-0.0804019942879677,-0.00402010092511773,
853,-6.3776E-05,0,-0.00804020185023546,
854,-6.3264E-05,-0.0804019942879677,-0.0120603027753532,
855,-6.2752E-05,-0.0804019942879677,-0.00804020185023546,
856,-6.224E-05,-0.0804019942879677,-0.00804020185023546,
857,-6.1728E-05,-0.0804019942879677,-0.00402010092511773,
858,-6.1216E-05,-0.160803988575935,-0.00804020185023546,
859,-6.0704E-05,-0.160803988575935,-0.00804020185023546,
860,-6.0192E-05,-0.160803988575935,-0.0160804037004709,
861,-5.968E-05,-0.0804019942879677,-0.00402010092511773,
862,-5.9168E-05,-0.0804019942879677,-0.0120603027753532,
863,-5.8656E-05,-0.0804019942879677,-0.00804020185023546,
864,-5.8144E-05,-0.160803988575935,-0.00804020185023546,
865,-5.7632E-05,-0.0804019942879677,-0.00402010092511773,
866,-5.712E-05,-0.160803988575935,-0.00804020185023546,
867,-5.6608E-05,-0.0804019942879677,-0.00804020185023546,
868,-5.6096E-05,-0.0804019942879677,-0.00804020185023546,
869,-5.5584E-05,0,-0.00804020185023546,
870,-5.5072E-05,-0.0804019942879677,-0.00402010092511773,
871,-5.456E-05,-0.0804019942879677,-0.00804020185023546,
872,-5.4048E-05,0,-0.00402010092511773,
873,-5.3536E-05,-0.0804019942879677,-0.00804020185023546,
874,-5.3024E-05,-0.0804019942879677,-0.00402010092511773,
875,-5.2512E-05,-0.160803988575935,-0.00804020185023546,
876,-5.2E-05,-0.0804019942879677,-0.0120603027753532,
877,-5.1488E-05,-0.0804019942879677,-0.00804020185023546,
878,-5.0976E-05,-0.0804019942879677,-0.00804020185023546,
879,-5.0464E-05,-0.0804019942879677,-0.00804020185023546,
880,-4.9952E-05,-0.0804019942879677,-0.00804020185023546,
881,-4.944E-05,-0.0804019942879677,-0.00804020185023546,
882,-4.8928E-05,-0.0804019942879677,-0.0120603027753532,
883,-4.8416E-05,-0.0804019942879677,-0.0120603027753532,
884,-4.7904E-05,-0.0804019942879677,-0.0120603027753532,
885,-4.7392E-05,-0.0804019942879677,-0.00804020185023546,
886,-4.688E-05,-0.0804019942879677,-0.00804020185023546,
887,-4.6368E-05,-0.0804019942879677,-0.00804020185023546,
888,-4.5856E-05,0,-0.00804020185023546,
889,-4.5344E-05,-0.0804019942879677,-0.00804020185023546,
890,-4.4832E-05,-0.0804019942879677,-0.00804020185023546,
891,-4.432E-05,-0.0804019942879677,-0.00402010092511773,
892,-4.3808E-05,-0.0804019942879677,-0.0120603027753532,
893,-4.3296E-05,-0.0804019942879677,-0.00402010092511773,
894,-4.2784E-05,-0.0804019942879677,-0.00804020185023546,
895,-4.2272E-05,-0.0804019942879677,-0.00804020185023546,
896,-4.176E-05,-0.0804019942879677,-0.00804020185023546,
897,-4.1248E-05,-0.160803988575935,-0.00804020185023546,
898,-4.0736E-05,-0.0804019942879677,-0.00804020185023546,
899,-4.0224E-05,-0.0804019942879677,-0.00804020185023546,
900,-3.9712E-05,-0.0804019942879677,-0.00804020185023546,
901,-3.92E-05,-0.160803988575935,-0.00804020185023546,
902,-3.8688E-05,-0.0804019942879677,-0.00804020185023546,
903,-3.8176E-05,-0.0804019942879677,-0.00804020185023546,
904,-3.7664E-05,-0.0804019942879677,-0.00804020185023546,
905,-3.7152E-05,-0.0804019942879677,-0.00804020185023546,
906,-3.664E-05,-0.0804019942879677,-0.00804020185023546,
907,-3.6128E-05,-0.0804019942879677,-0.00804020185023546,
908,-3.5616E-05,-0.0804019942879677,-0.00402010092511773,
909,-3.5104E-05,0,-0.00804020185023546,
910,-3.4592E-05,-0.0804019942879677,-0.00804020185023546,
911,-3.408E-05,-0.0804019942879677,-0.00804020185023546,
912,-3.3568E-05,-0.0804019942879677,-0.00402010092511773,
913,-3.3056E-05,-0.0804019942879677,-0.00804020185023546,
914,-3.2544E-05,-0.160803988575935,-0.0120603027753532,
915,-3.2032E-05,-0.160803988575935,-0.00804020185023546,
916,-3.152E-05,0,-0.00804020185023546,
917,-3.1008E-05,-0.0804019942879677,-0.00402010092511773,
918,-3.0496E-05,-0.0804019942879677,-0.00804020185023546,
919,-2.9984E-05,-0.0804019942879677,-0.00804020185023546,
920,-2.9472E-05,0,-0.00402010092511773,
921,-2.896E-05,-0.0804019942879677,-0.0120603027753532,
922,-2.8448E-05,-0.0804019942879677,-0.00804020185023546,
923,-2.7936E-05,-0.0804019942879677,-0.00804020185023546,
924,-2.7424E-05,-0.0804019942879677,-0.00402010092511773,
925,-2.6912E-05,-0.0804019942879677,-0.00402010092511773,
926,-2.64E-05,-0.0804019942879677,-0.00804020185023546,
927,-2.5888E-05,-0.0804019942879677,-0.0120603027753532,
928,-2.5376E-05,-0.0804019942879677,-0.00804020185023546,
929,-2.4864E-05,-0.0804019942879677,-0.00804020185023546,
930,-2.4352E-05,-0.0804019942879677,-0.0120603027753532,
931,-2.384E-05,0,-0.0120603027753532,
932,-2.3328E-05,-0.0804019942879677,-0.00804020185023546,
933,-2.2816E-05,-0.0804019942879677,-0.00804020185023546,
934,-2.2304E-05,-0.0804019942879677,-0.00804020185023546,
935,-2.1792E-05,-0.0804019942879677,-0.00402010092511773,
936,-2.128E-05,-0.0804019942879677,-0.00804020185023546,
937,-2.0768E-05,-0.0804019942879677,-0.00804020185023546,
938,-2.0256E-05,-0.0804019942879677,-0.00804020185023546,
939,-1.9744E-05,-0.0804019942879677,-0.00804020185023546,
940,-1.9232E-05,-0.0804019942879677,-0.00804020185023546,
941,-1.872E-05,-0.0804019942879677,-0.00804020185023546,
942,-1.8208E-05,-0.0804019942879677,-0.00804020185023546,
943,-1.7696E-05,0,-0.00402010092511773,
944,-1.7184E-05,-0.0804019942879677,-0.00804020185023546,
945,-1.6672E-05,0,-0.00804020185023546,
946,-1.616E-05,-0.0804019942879677,-0.00804020185023546,
947,-1.5648E-05,0,-0.0120603027753532,
948,-1.5136E-05,-0.0804019942879677,-0.00804020185023546,
949,-1.4624E-05,-0.0804019942879677,-0.00402010092511773,
950,-1.4112E-05,0,-0.00804020185023546,
951,-1.36E-05,-0.0804019942879677,-0.00402010092511773,
952,-1.3088E-05,-0.0804019942879677,-0.00804020185023546,
953,-1.2576E-05,-0.0804019942879677,-0.00804020185023546,
954,-1.2064E-05,-0.0804019942879677,-0.00402010092511773,
955,-1.1552E-05,-0.0804019942879677,-0.00804020185023546,
956,-1.104E-05,-0.0804019942879677,-0.00804020185023546,
957,-1.0528E-05,-0.0804019942879677,-0.00804020185023546,
958,-1.0016E-05,-0.0804019942879677,-0.00804020185023546,
959,-9.50400000000002E-06,-0.0804019942879677,-0.00402010092511773,
960,-8.99199999999998E-06,-0.160803988575935,-0.00402010092511773,
961,-8.47999999999995E-06,-0.0804019942879677,-0.00402010092511773,
962,-7.96800000000002E-06,-0.0804019942879677,-0.00804020185023546,
963,-7.45599999999998E-06,0,-0.00804020185023546,
964,-6.94399999999994E-06,-0.0804019942879677,-0.00402010092511773,
965,-6.43200000000001E-06,-0.0804019942879677,-0.00804020185023546,
966,-5.91999999999997E-06,-0.0804019942879677,-0.00402010092511773,
967,-5.40799999999993E-06,-0.0804019942879677,-0.00804020185023546,
968,-4.896E-06,-0.0804019942879677,-0.00804020185023546,
969,-4.38399999999996E-06,0,-0.00804020185023546,
970,-3.87200000000003E-06,-0.0804019942879677,-0.00402010092511773,
971,-3.35999999999999E-06,-0.0804019942879677,-0.00804020185023546,
972,-2.84799999999996E-06,-0.0804019942879677,-0.00804020185023546,
973,-2.33600000000003E-06,-0.0804019942879677,-0.00804020185023546,
974,-1.82399999999999E-06,-0.0804019942879677,-0.00402010092511773,
975,-1.31199999999995E-06,-0.0804019942879677,-0.00804020185023546,
976,-8.00000000000019E-07,0,-0.00804020185023546,
977,-2.87999999999981E-07,-0.0804019942879677,-0.00804020185023546,
978,2.24000000000057E-07,-0.0804019942879677,-0.00402010092511773,
979,7.35999999999988E-07,-0.0804019942879677,-0.00402010092511773,
980,1.24800000000003E-06,-0.0804019942879677,-0.00804020185023546,
981,1.76000000000006E-06,-0.0804019942879677,-0.00402010092511773,
982,2.27199999999999E-06,-0.0804019942879677,-0.00804020185023546,
983,2.78400000000003E-06,0,-0.0120603027753532,
984,3.29600000000007E-06,-0.0804019942879677,-0.00402010092511773,
985,3.808E-06,-0.0804019942879677,-0.00402010092511773,
986,4.32000000000004E-06,-0.0804019942879677,-0.00402010092511773,
987,4.83199999999997E-06,-0.0804019942879677,-0.00402010092511773,
988,5.34400000000001E-06,-0.0804019942879677,-0.0120603027753532,
989,5.85600000000005E-06,-0.0804019942879677,-0.00804020185023546,
990,6.36799999999998E-06,0,-0.00402010092511773,
991,6.88000000000002E-06,-0.160803988575935,-0.00804020185023546,
992,7.39200000000005E-06,-0.0804019942879677,-0.0120603027753532,
993,7.90399999999998E-06,-0.0804019942879677,-0.00804020185023546,
994,8.41600000000002E-06,0,-0.00804020185023546,
995,8.92800000000006E-06,0,-0.00804020185023546,
996,9.43999999999999E-06,-0.0804019942879677,-0.00804020185023546,
997,9.95200000000003E-06,0,-0.00804020185023546,
998,1.04640000000001E-05,-0.0804019942879677,-0.00804020185023546,
999,1.0976E-05,-0.0804019942879677,-0.0120603027753532,
1000,1.1488E-05,-0.0804019942879677,-0.0120603027753532,
1001,1.20000000000001E-05,-0.160803988575935,-0.0120603027753532,
1002,1.2512E-05,-0.0804019942879677,-0.00804020185023546,
1003,1.3024E-05,-0.0804019942879677,-0.00804020185023546,
1004,1.3536E-05,-0.160803988575935,-0.00402010092511773,
1005,1.4048E-05,-0.0804019942879677,-0.00804020185023546,
1006,1.45600000000001E-05,-0.0804019942879677,-0.00804020185023546,
1007,1.5072E-05,-0.0804019942879677,-0.00804020185023546,
1008,1.5584E-05,0,-0.00804020185023546,
1009,1.60960000000001E-05,-0.0804019942879677,-0.00804020185023546,
1010,1.6608E-05,-0.0804019942879677,-0.00804020185023546,
1011,1.712E-05,-0.0804019942879677,-0.00804020185023546,
1012,1.76320000000001E-05,-0.160803988575935,-0.00804020185023546,
1013,1.8144E-05,0,-0.00804020185023546,
1014,1.8656E-05,-0.0804019942879677,-0.0120603027753532,
1015,1.91680000000001E-05,-0.0804019942879677,-0.00804020185023546,
1016,1.968E-05,0,-0.00804020185023546,
1017,2.0192E-05,-0.0804019942879677,-0.00804020185023546,
1018,2.0704E-05,0,-0.00402010092511773,
1019,2.1216E-05,-0.0804019942879677,-0.0120603027753532,
1020,2.1728E-05,-0.0804019942879677,-0.00804020185023546,
1021,2.224E-05,-0.160803988575935,-0.00804020185023546,
1022,2.2752E-05,-0.0804019942879677,-0.00804020185023546,
1023,2.32640000000001E-05,-0.160803988575935,-0.00402010092511773,
1024,2.3776E-05,-0.0804019942879677,-0.00804020185023546,
1025,2.4288E-05,-0.0804019942879677,-0.00804020185023546,
1026,2.48000000000001E-05,-0.0804019942879677,-0.00804020185023546,
1027,2.5312E-05,-0.160803988575935,-0.00804020185023546,
1028,2.5824E-05,-0.0804019942879677,-0.00804020185023546,
1029,2.63360000000001E-05,-0.0804019942879677,-0.00804020185023546,
1030,2.6848E-05,0,-0.00804020185023546,
1031,2.736E-05,-0.0804019942879677,-0.00804020185023546,
1032,2.78720000000001E-05,-0.0804019942879677,-0.00402010092511773,
1033,2.8384E-05,-0.0804019942879677,-0.00402010092511773,
1034,2.8896E-05,-0.0804019942879677,-0.00804020185023546,
1035,2.9408E-05,-0.0804019942879677,-0.00804020185023546,
1036,2.992E-05,-0.160803988575935,-0.0120603027753532,
1037,3.04320000000001E-05,-0.0804019942879677,-0.00804020185023546,
1038,3.0944E-05,-0.0804019942879677,-0.00804020185023546,
1039,3.1456E-05,0,-0.00804020185023546,
1040,3.19680000000001E-05,-0.0804019942879677,-0.0120603027753532,
1041,3.248E-05,-0.0804019942879677,-0.00804020185023546,
1042,3.2992E-05,-0.0804019942879677,-0.00402010092511773,
1043,3.35040000000001E-05,0,-0.0120603027753532,
1044,3.4016E-05,0,-0.00804020185023546,
1045,3.4528E-05,-0.0804019942879677,-0.0120603027753532,
1046,3.50400000000001E-05,-0.0804019942879677,-0.00402010092511773,
1047,3.5552E-05,-0.0804019942879677,-0.00402010092511773,
1048,3.6064E-05,0,-0.00402010092511773,
1049,3.6576E-05,-0.0804019942879677,-0.00804020185023546,
1050,3.7088E-05,-0.0804019942879677,-0.00804020185023546,
1051,3.76E-05,-0.0804019942879677,-0.00804020185023546,
1052,3.8112E-05,-0.0804019942879677,-0.00804020185023546,
1053,3.8624E-05,0,-0.00402010092511773,
1054,3.91360000000001E-05,-0.0804019942879677,-0.00804020185023546,
1055,3.9648E-05,-0.0804019942879677,-0.00804020185023546,
1056,4.016E-05,0,-0.00804020185023546,
1057,4.06720000000001E-05,-0.160803988575935,-0.00402010092511773,
1058,4.1184E-05,-0.0804019942879677,-0.00804020185023546,
1059,4.1696E-05,-0.0804019942879677,-0.00804020185023546,
1060,4.22080000000001E-05,-0.0804019942879677,-0.00402010092511773,
1061,4.272E-05,0,-0.00804020185023546,
1062,4.3232E-05,-0.0804019942879677,-0.00402010092511773,
1063,4.37440000000001E-05,-0.0804019942879677,-0.0120603027753532,
1064,4.4256E-05,-0.0804019942879677,-0.00804020185023546,
1065,4.4768E-05,-0.0804019942879677,-0.00804020185023546,
1066,4.528E-05,-0.0804019942879677,-0.00804020185023546,
1067,4.5792E-05,0,-0.0120603027753532,
1068,4.63040000000001E-05,-0.0804019942879677,-0.00804020185023546,
1069,4.6816E-05,-0.0804019942879677,-0.00804020185023546,
1070,4.7328E-05,-0.0804019942879677,-0.00402010092511773,
1071,4.78400000000001E-05,-0.0804019942879677,-0.00804020185023546,
1072,4.8352E-05,-0.0804019942879677,-0.0120603027753532,
1073,4.8864E-05,0,-0.00804020185023546,
1074,4.93760000000001E-05,0,-0.00804020185023546,
1075,4.9888E-05,-0.0804019942879677,-0.00804020185023546,
1076,5.04E-05,0,-0.00804020185023546,
1077,5.09120000000001E-05,-0.0804019942879677,-0.0120603027753532,
1078,5.1424E-05,-0.0804019942879677,-0.00804020185023546,
1079,5.1936E-05,-0.0804019942879677,-0.00804020185023546,
1080,5.24480000000001E-05,-0.0804019942879677,-0.00804020185023546,
1081,5.296E-05,-0.0804019942879677,-0.0120603027753532,
1082,5.3472E-05,-0.0804019942879677,-0.00804020185023546,
1083,5.3984E-05,-0.0804019942879677,-0.00804020185023546,
1084,5.4496E-05,-0.0804019942879677,-0.00804020185023546,
1085,5.50080000000001E-05,0,-0.00804020185023546,
1086,5.552E-05,0,-0.0120603027753532,
1087,5.6032E-05,-0.0804019942879677,-0.00804020185023546,
1088,5.65440000000001E-05,-0.0804019942879677,-0.00804020185023546,
1089,5.7056E-05,-0.0804019942879677,-0.00804020185023546,
1090,5.7568E-05,0,-0.00402010092511773,
1091,5.80800000000001E-05,-0.0804019942879677,-0.00804020185023546,
1092,5.8592E-05,-0.0804019942879677,-0.00804020185023546,
1093,5.9104E-05,-0.160803988575935,-0.00402010092511773,
1094,5.96160000000001E-05,-0.0804019942879677,-0.00804020185023546,
1095,6.0128E-05,-0.0804019942879677,-0.00804020185023546,
1096,6.064E-05,-0.160803988575935,-0.00804020185023546,
1097,6.1152E-05,0,-0.00804020185023546,
1098,6.1664E-05,-0.0804019942879677,-0.00804020185023546,
1099,6.21760000000001E-05,-0.0804019942879677,-0.00804020185023546,
1100,6.2688E-05,-0.0804019942879677,-0.00804020185023546,
1101,6.32E-05,-0.0804019942879677,-0.00804020185023546,
1102,6.37120000000001E-05,-0.0804019942879677,-0.00804020185023546,
1103,6.4224E-05,-0.0804019942879677,-0.00402010092511773,
1104,6.4736E-05,0,-0.00804020185023546,
1105,6.52480000000001E-05,-0.0804019942879677,-0.0120603027753532,
1106,6.576E-05,-0.0804019942879677,-0.0120603027753532,
1107,6.6272E-05,-0.0804019942879677,-0.00804020185023546,
1108,6.67840000000001E-05,-0.0804019942879677,-0.00402010092511773,
1109,6.7296E-05,-0.0804019942879677,-0.00402010092511773,
1110,6.7808E-05,-0.0804019942879677,-0.00804020185023546,
1111,6.83200000000001E-05,-0.160803988575935,-0.00804020185023546,
1112,6.8832E-05,0,-0.00804020185023546,
1113,6.9344E-05,-0.0804019942879677,-0.00804020185023546,
1114,6.9856E-05,-0.0804019942879677,-0.00804020185023546,
1115,7.0368E-05,-0.0804019942879677,-0.00804020185023546,
1116,7.08800000000001E-05,-0.0804019942879677,-0.00402010092511773,
1117,7.1392E-05,-0.0804019942879677,-0.00804020185023546,
1118,7.1904E-05,-0.0804019942879677,-0.00804020185023546,
1119,7.24160000000001E-05,-0.0804019942879677,-0.00804020185023546,
1120,7.2928E-05,-0.0804019942879677,-0.00402010092511773,
1121,7.344E-05,-0.0804019942879677,-0.00804020185023546,
1122,7.39520000000001E-05,0,-0.0120603027753532,
1123,7.4464E-05,0,-0.00402010092511773,
1124,7.4976E-05,-0.0804019942879677,-0.00402010092511773,
1125,7.54880000000001E-05,-0.0804019942879677,-0.00804020185023546,
1126,7.6E-05,0,-0.0120603027753532,
1127,7.6512E-05,-0.0804019942879677,-0.00402010092511773,
1128,7.7024E-05,-0.0804019942879677,-0.00804020185023546,
1129,7.7536E-05,-0.0804019942879677,-0.00402010092511773,
1130,7.80480000000001E-05,-0.0804019942879677,-0.00804020185023546,
1131,7.856E-05,-0.0804019942879677,-0.00804020185023546,
1132,7.9072E-05,-0.0804019942879677,-0.0120603027753532,
1133,7.95840000000001E-05,-0.0804019942879677,-0.00402010092511773,
1134,8.0096E-05,0,-0.00402010092511773,
1135,8.0608E-05,-0.0804019942879677,-0.00804020185023546,
1136,8.11200000000001E-05,-0.0804019942879677,-0.00804020185023546,
1137,8.1632E-05,-0.0804019942879677,-0.00402010092511773,
1138,8.2144E-05,-0.0804019942879677,-0.00804020185023546,
1139,8.26560000000001E-05,-0.0804019942879677,-0.00402010092511773,
1140,8.3168E-05,-0.0804019942879677,-0.00804020185023546,
1141,8.368E-05,-0.0804019942879677,-0.00804020185023546,
1142,8.41920000000001E-05,-0.0804019942879677,-0.0120603027753532,
1143,8.4704E-05,-0.0804019942879677,-0.00804020185023546,
1144,8.5216E-05,-0.0804019942879677,-0.0120603027753532,
1145,8.5728E-05,0,-0.00804020185023546,
1146,8.624E-05,-0.0804019942879677,-0.00804020185023546,
1147,8.67520000000001E-05,-0.0804019942879677,-0.00804020185023546,
1148,8.7264E-05,-0.0804019942879677,-0.00804020185023546,
1149,8.7776E-05,-0.160803988575935,-0.00804020185023546,
1150,8.82880000000001E-05,0,-0.00804020185023546,
1151,8.88E-05,-0.0804019942879677,-0.00804020185023546,
1152,8.9312E-05,-0.0804019942879677,-0.00804020185023546,
1153,8.98240000000001E-05,-0.0804019942879677,-0.00804020185023546,
1154,9.0336E-05,-0.0804019942879677,-0.00804020185023546,
1155,9.0848E-05,-0.0804019942879677,-0.00804020185023546,
1156,9.13600000000001E-05,0,-0.00804020185023546,
1157,9.1872E-05,-0.0804019942879677,-0.00402010092511773,
1158,9.2384E-05,-0.0804019942879677,-0.00804020185023546,
1159,9.2896E-05,-0.0804019942879677,-0.00804020185023546,
1160,9.3408E-05,-0.0804019942879677,-0.00804020185023546,
1161,9.392E-05,-0.0804019942879677,-0.00402010092511773,
1162,9.4432E-05,-0.0804019942879677,-0.00804020185023546,
1163,9.4944E-05,-0.0804019942879677,0,
1164,9.54560000000001E-05,-0.0804019942879677,-0.00804020185023546,
1165,9.5968E-05,-0.0804019942879677,-0.00402010092511773,
1166,9.648E-05,0,-0.0120603027753532,
1167,9.69920000000001E-05,-0.0804019942879677,-0.00804020185023546,
1168,9.7504E-05,-0.0804019942879677,-0.00804020185023546,
1169,9.8016E-05,-0.0804019942879677,-0.00804020185023546,
1170,9.85280000000001E-05,-0.0804019942879677,-0.00804020185023546,
1171,9.904E-05,-0.0804019942879677,-0.00402010092511773,
1172,9.9552E-05,0,-0.00804020185023546,
1173,0.000100064,0,-0.0120603027753532,
1174,0.000100576,-0.160803988575935,-0.00804020185023546,
1175,0.000101088,-0.0804019942879677,-0.00804020185023546,
1176,0.0001016,-0.0804019942879677,-0.00804020185023546,
1177,0.000102112,0,-0.00402010092511773,
1178,0.000102624,-0.0804019942879677,-0.00402010092511773,
1179,0.000103136,0,-0.00402010092511773,
1180,0.000103648,-0.0804019942879677,-0.00804020185023546,
1181,0.00010416,-0.0804019942879677,-0.00804020185023546,
1182,0.000104672,0,-0.0120603027753532,
1183,0.000105184,0,-0.00402010092511773,
1184,0.000105696,-0.0804019942879677,-0.00804020185023546,
1185,0.000106208,-0.0804019942879677,-0.00804020185023546,
1186,0.00010672,-0.0804019942879677,-0.00804020185023546,
1187,0.000107232,-0.0804019942879677,-0.00804020185023546,
1188,0.000107744,-0.0804019942879677,-0.00804020185023546,
1189,0.000108256,0,-0.00804020185023546,
1190,0.000108768,-0.0804019942879677,-0.00402010092511773,
1191,0.00010928,0,-0.00804020185023546,
1192,0.000109792,-0.0804019942879677,-0.00804020185023546,
1193,0.000110304,-0.0804019942879677,-0.00804020185023546,
1194,0.000110816,-0.0804019942879677,-0.00804020185023546,
1195,0.000111328,0,-0.00804020185023546,
1196,0.00011184,-0.0804019942879677,-0.0120603027753532,
1197,0.000112352,-0.0804019942879677,-0.00402010092511773,
1198,0.000112864,-0.0804019942879677,-0.00402010092511773,
1199,0.000113376,-0.0804019942879677,-0.00804020185023546,
1200,0.000113888,-0.0804019942879677,-0.00804020185023546,
1201,0.0001144,-0.0804019942879677,-0.00804020185023546,
1202,0.000114912,-0.0804019942879677,0,
1203,0.000115424,-0.0804019942879677,-0.00804020185023546,
1204,0.000115936,-0.0804019942879677,0,
1205,0.000116448,0,-0.00804020185023546,
1206,0.00011696,-0.0804019942879677,-0.00402010092511773,
1207,0.000117472,-0.0804019942879677,-0.00804020185023546,
1208,0.000117984,0,-0.00804020185023546,
1209,0.000118496,-0.0804019942879677,-0.00804020185023546,
1210,0.000119008,-0.0804019942879677,-0.00804020185023546,
1211,0.00011952,0,-0.00804020185023546,
1212,0.000120032,-0.0804019942879677,-0.00804020185023546,
1213,0.000120544,0,-0.00804020185023546,
1214,0.000121056,-0.160803988575935,-0.0120603027753532,
1215,0.000121568,-0.0804019942879677,-0.00804020185023546,
1216,0.00012208,-0.0804019942879677,-0.00804020185023546,
1217,0.000122592,-0.0804019942879677,-0.00402010092511773,
1218,0.000123104,0,-0.00804020185023546,
1219,0.000123616,-0.0804019942879677,-0.00804020185023546,
1220,0.000124128,-0.0804019942879677,-0.00804020185023546,
1221,0.00012464,0,-0.00804020185023546,
1222,0.000125152,-0.0804019942879677,-0.00804020185023546,
1223,0.000125664,-0.0804019942879677,-0.00402010092511773,
1224,0.000126176,-0.0804019942879677,-0.00804020185023546,
1225,0.000126688,-0.0804019942879677,-0.00804020185023546,
1226,0.0001272,-0.0804019942879677,-0.00804020185023546,
1227,0.000127712,-0.160803988575935,-0.00804020185023546,
1228,0.000128224,-0.0804019942879677,-0.00804020185023546,
1229,0.000128736,-0.0804019942879677,-0.00402010092511773,
1230,0.000129248,-0.0804019942879677,-0.00804020185023546,
1231,0.00012976,0,-0.00804020185023546,
1232,0.000130272,-0.0804019942879677,-0.00804020185023546,
1233,0.000130784,-0.0804019942879677,-0.00804020185023546,
1234,0.000131296,-0.0804019942879677,-0.00804020185023546,
1235,0.000131808,-0.0804019942879677,-0.00402010092511773,
1236,0.00013232,-0.0804019942879677,-0.00804020185023546,
1237,0.000132832,0,-0.0120603027753532,
1238,0.000133344,-0.160803988575935,-0.00402010092511773,
1239,0.000133856,-0.0804019942879677,-0.00402010092511773,
1240,0.000134368,-0.160803988575935,-0.00804020185023546,
1241,0.00013488,0,-0.00402010092511773,
1242,0.000135392,-0.0804019942879677,-0.00804020185023546,
1243,0.000135904,0,-0.00804020185023546,
1244,0.000136416,-0.0804019942879677,-0.0120603027753532,
1245,0.000136928,-0.0804019942879677,-0.00804020185023546,
1246,0.00013744,-0.0804019942879677,-0.00804020185023546,
1247,0.000137952,-0.160803988575935,-0.00402010092511773,
1248,0.000138464,-0.0804019942879677,-0.00804020185023546,
1249,0.000138976,-0.0804019942879677,-0.00804020185023546,
1250,0.000139488,-0.0804019942879677,-0.00804020185023546,
1251,0.00014,-0.0804019942879677,-0.00402010092511773,
1252,0.000140512,-0.0804019942879677,-0.00804020185023546,
1253,0.000141024,0,-0.00804020185023546,
1254,0.000141536,-0.0804019942879677,-0.00804020185023546,
1255,0.000142048,-0.0804019942879677,-0.00402010092511773,
1256,0.00014256,-0.0804019942879677,-0.00402010092511773,
1257,0.000143072,-0.0804019942879677,-0.00804020185023546,
1258,0.000143584,-0.0804019942879677,-0.0120603027753532,
1259,0.000144096,-0.0804019942879677,-0.00804020185023546,
1260,0.000144608,-0.0804019942879677,-0.00804020185023546,
1261,0.00014512,-0.0804019942879677,-0.0120603027753532,
1262,0.000145632,-0.0804019942879677,-0.00804020185023546,
1263,0.000146144,0,-0.00804020185023546,
1264,0.000146656,-0.0804019942879677,-0.00402010092511773,
1265,0.000147168,-0.0804019942879677,-0.00804020185023546,
1266,0.00014768,-0.0804019942879677,-0.00402010092511773,
1267,0.000148192,-0.0804019942879677,-0.00804020185023546,
1268,0.000148704,-0.0804019942879677,-0.00804020185023546,
1269,0.000149216,0,-0.00804020185023546,
1270,0.000149728,-0.0804019942879677,-0.00804020185023546,
1271,0.00015024,-0.0804019942879677,-0.00402010092511773,
1272,0.000150752,-0.0804019942879677,-0.00804020185023546,
1273,0.000151264,-0.0804019942879677,-0.00402010092511773,
1274,0.000151776,-0.0804019942879677,-0.0120603027753532,
1275,0.000152288,-0.160803988575935,-0.00804020185023546,
1276,0.0001528,-0.0804019942879677,-0.00402010092511773,
1277,0.000153312,-0.0804019942879677,-0.0120603027753532,
1278,0.000153824,-0.0804019942879677,-0.00402010092511773,
1279,0.000154336,-0.0804019942879677,-0.0120603027753532,
1280,0.000154848,0,-0.00804020185023546,
1281,0.00015536,-0.0804019942879677,-0.0120603027753532,
1282,0.000155872,-0.0804019942879677,-0.00804020185023546,
1283,0.000156384,-0.0804019942879677,-0.00402010092511773,
1284,0.000156896,-0.0804019942879677,-0.0120603027753532,
1285,0.000157408,-0.0804019942879677,-0.00804020185023546,
1286,0.00015792,-0.160803988575935,-0.00804020185023546,
1287,0.000158432,-0.0804019942879677,-0.00804020185023546,
1288,0.000158944,-0.160803988575935,-0.00402010092511773,
1289,0.000159456,-0.0804019942879677,-0.00402010092511773,
1290,0.000159968,-0.0804019942879677,-0.00402010092511773,
1291,0.00016048,-0.0804019942879677,-0.00402010092511773,
1292,0.000160992,-0.0804019942879677,-0.00804020185023546,
1293,0.000161504,-0.0804019942879677,-0.00402010092511773,
1294,0.000162016,-0.0804019942879677,-0.00402010092511773,
1295,0.000162528,-0.0804019942879677,-0.00804020185023546,
1296,0.00016304,-0.0804019942879677,-0.00804020185023546,
1297,0.000163552,-0.0804019942879677,-0.00402010092511773,
1298,0.000164064,0,-0.00804020185023546,
1299,0.000164576,-0.0804019942879677,-0.0120603027753532,
1300,0.000165088,-0.0804019942879677,-0.00804020185023546,
1301,0.0001656,0,-0.00804020185023546,
1302,0.000166112,-0.0804019942879677,-0.00804020185023546,
1303,0.000166624,-0.0804019942879677,-0.0120603027753532,
1304,0.000167136,-0.0804019942879677,-0.00804020185023546,
1305,0.000167648,-0.0804019942879677,-0.00402010092511773,
1306,0.00016816,0,-0.00804020185023546,
1307,0.000168672,-0.160803988575935,-0.00804020185023546,
1308,0.000169184,-0.0804019942879677,-0.0120603027753532,
1309,0.000169696,-0.0804019942879677,-0.00402010092511773,
1310,0.000170208,0,-0.00804020185023546,
1311,0.00017072,0,-0.0120603027753532,
1312,0.000171232,-0.0804019942879677,-0.00402010092511773,
1313,0.000171744,-0.0804019942879677,-0.00804020185023546,
1314,0.000172256,-0.0804019942879677,-0.00804020185023546,
1315,0.000172768,-0.0804019942879677,-0.00804020185023546,
1316,0.00017328,-0.0804019942879677,-0.00402010092511773,
1317,0.000173792,-0.0804019942879677,-0.00804020185023546,
1318,0.000174304,-0.0804019942879677,-0.00402010092511773,
1319,0.000174816,-0.0804019942879677,-0.00402010092511773,
1320,0.000175328,-0.0804019942879677,-0.00804020185023546,
1321,0.00017584,-0.0804019942879677,-0.00804020185023546,
1322,0.000176352,-0.160803988575935,-0.00402010092511773,
1323,0.000176864,-0.0804019942879677,-0.00804020185023546,
1324,0.000177376,0,-0.00402010092511773,
1325,0.000177888,-0.0804019942879677,-0.0120603027753532,
1326,0.0001784,-0.0804019942879677,-0.00804020185023546,
1327,0.000178912,-0.0804019942879677,-0.00804020185023546,
1328,0.000179424,-0.0804019942879677,-0.00804020185023546,
1329,0.000179936,-0.0804019942879677,-0.00402010092511773,
1330,0.000180448,-0.0804019942879677,-0.00804020185023546,
1331,0.00018096,-0.0804019942879677,-0.00402010092511773,
1332,0.000181472,-0.0804019942879677,-0.00402010092511773,
1333,0.000181984,0,-0.00804020185023546,
1334,0.000182496,-0.0804019942879677,-0.00804020185023546,
1335,0.000183008,-0.0804019942879677,-0.00804020185023546,
1336,0.00018352,-0.0804019942879677,-0.00804020185023546,
1337,0.000184032,-0.0804019942879677,-0.00804020185023546,
1338,0.000184544,-0.0804019942879677,-0.00804020185023546,
1339,0.000185056,-0.0804019942879677,-0.00804020185023546,
1340,0.000185568,-0.0804019942879677,-0.00804020185023546,
1341,0.00018608,-0.0804019942879677,-0.00804020185023546,
1342,0.000186592,-0.0804019942879677,-0.00804020185023546,
1343,0.000187104,0,-0.00804020185023546,
1344,0.000187616,0,-0.00804020185023546,
1345,0.000188128,0,-0.00804020185023546,
1346,0.00018864,-0.0804019942879677,-0.0120603027753532,
1347,0.000189152,-0.0804019942879677,-0.00804020185023546,
1348,0.000189664,-0.0804019942879677,-0.00804020185023546,
1349,0.000190176,0,-0.00804020185023546,
1350,0.000190688,-0.0804019942879677,-0.0120603027753532,
1351,0.0001912,-0.0804019942879677,-0.0120603027753532,
1352,0.000191712,0,-0.0120603027753532,
1353,0.000192224,-0.0804019942879677,-0.00804020185023546,
1354,0.000192736,0,-0.0120603027753532,
1355,0.000193248,-0.0804019942879677,-0.00804020185023546,
1356,0.00019376,-0.0804019942879677,-0.00804020185023546,
1357,0.000194272,-0.0804019942879677,-0.00804020185023546,
1358,0.000194784,-0.160803988575935,-0.00804020185023546,
1359,0.000195296,-0.0804019942879677,-0.00804020185023546,
1360,0.000195808,-0.0804019942879677,-0.00402010092511773,
1361,0.00019632,-0.0804019942879677,-0.00804020185023546,
1362,0.000196832,-0.0804019942879677,-0.00402010092511773,
1363,0.000197344,-0.0804019942879677,-0.0120603027753532,
1364,0.000197856,0,-0.00804020185023546,
1365,0.000198368,-0.0804019942879677,-0.00402010092511773,
1366,0.00019888,-0.0804019942879677,-0.00804020185023546,
1367,0.000199392,0,-0.00804020185023546,
1368,0.000199904,-0.0804019942879677,-0.00402010092511773,
1369,0.000200416,-0.0804019942879677,-0.00804020185023546,
1370,0.000200928,-0.0804019942879677,-0.00804020185023546,
1371,0.00020144,0,-0.00804020185023546,
1372,0.000201952,-0.0804019942879677,-0.00804020185023546,
1373,0.000202464,-0.0804019942879677,-0.00402010092511773,
1374,0.000202976,0,-0.0120603027753532,
1375,0.000203488,-0.0804019942879677,-0.00804020185023546,
1376,0.000204,-0.0804019942879677,-0.00804020185023546,
1377,0.000204512,-0.0804019942879677,-0.00804020185023546,
1378,0.000205024,-0.0804019942879677,-0.00804020185023546,
1379,0.000205536,-0.0804019942879677,-0.00402010092511773,
1380,0.000206048,0,-0.00804020185023546,
1381,0.00020656,-0.0804019942879677,-0.00402010092511773,
1382,0.000207072,0,-0.00804020185023546,
1383,0.000207584,-0.0804019942879677,-0.00804020185023546,
1384,0.000208096,0,-0.00804020185023546,
1385,0.000208608,-0.0804019942879677,-0.0120603027753532,
1386,0.00020912,-0.160803988575935,-0.00804020185023546,
1387,0.000209632,-0.0804019942879677,-0.00402010092511773,
1388,0.000210144,-0.0804019942879677,-0.00804020185023546,
1389,0.000210656,-0.0804019942879677,-0.00804020185023546,
1390,0.000211168,-0.0804019942879677,-0.00804020185023546,
1391,0.00021168,-0.0804019942879677,-0.00804020185023546,
1392,0.000212192,-0.0804019942879677,-0.00804020185023546,
1393,0.000212704,-0.0804019942879677,-0.00804020185023546,
1394,0.000213216,-0.0804019942879677,0,
1395,0.000213728,-0.0804019942879677,-0.00402010092511773,
1396,0.00021424,-0.0804019942879677,-0.0120603027753532,
1397,0.000214752,-0.0804019942879677,-0.00804020185023546,
1398,0.000215264,-0.0804019942879677,-0.00804020185023546,
1399,0.000215776,-0.0804019942879677,-0.00804020185023546,
1400,0.000216288,0,-0.00804020185023546,
1401,0.0002168,-0.0804019942879677,-0.00804020185023546,
1402,0.000217312,-0.160803988575935,-0.00804020185023546,
1403,0.000217824,-0.0804019942879677,-0.00402010092511773,
1404,0.000218336,-0.0804019942879677,-0.00402010092511773,
1405,0.000218848,-0.0804019942879677,-0.00402010092511773,
1406,0.00021936,-0.0804019942879677,-0.00804020185023546,
1407,0.000219872,0,-0.00804020185023546,
1408,0.000220384,-0.0804019942879677,-0.00402010092511773,
1409,0.000220896,-0.0804019942879677,-0.00804020185023546,
1410,0.000221408,-0.0804019942879677,-0.00804020185023546,
1411,0.00022192,-0.0804019942879677,-0.00402010092511773,
1412,0.000222432,-0.0804019942879677,-0.00804020185023546,
1413,0.000222944,0,-0.00804020185023546,
1414,0.000223456,-0.160803988575935,-0.00804020185023546,
1415,0.000223968,0,-0.00402010092511773,
1416,0.00022448,0,-0.00804020185023546,
1417,0.000224992,-0.0804019942879677,-0.00804020185023546,
1418,0.000225504,0,-0.00804020185023546,
1419,0.000226016,-0.0804019942879677,-0.00804020185023546,
1420,0.000226528,0,-0.00804020185023546,
1421,0.00022704,-0.0804019942879677,-0.00804020185023546,
1422,0.000227552,-0.0804019942879677,-0.00804020185023546,
1423,0.000228064,-0.0804019942879677,-0.00804020185023546,
1424,0.000228576,0,-0.00804020185023546,
1425,0.000229088,-0.0804019942879677,-0.0120603027753532,
1426,0.0002296,-0.0804019942879677,-0.00804020185023546,
1427,0.000230112,-0.0804019942879677,-0.00804020185023546,
1428,0.000230624,-0.0804019942879677,-0.00402010092511773,
1429,0.000231136,0,-0.00804020185023546,
1430,0.000231648,0,-0.0120603027753532,
1431,0.00023216,-0.0804019942879677,-0.0120603027753532,
1432,0.000232672,-0.0804019942879677,-0.00804020185023546,
1433,0.000233184,-0.0804019942879677,-0.0120603027753532,
1434,0.000233696,-0.160803988575935,-0.00804020185023546,
1435,0.000234208,-0.0804019942879677,-0.00804020185023546,
1436,0.00023472,-0.0804019942879677,-0.0120603027753532,
1437,0.000235232,-0.0804019942879677,-0.00804020185023546,
1438,0.000235744,-0.0804019942879677,-0.00804020185023546,
1439,0.000236256,-0.0804019942879677,-0.00804020185023546,
1440,0.000236768,0,-0.0120603027753532,
1441,0.00023728,-0.0804019942879677,-0.00804020185023546,
1442,0.000237792,0,-0.00804020185023546,
1443,0.000238304,-0.0804019942879677,-0.00804020185023546,
1444,0.000238816,-0.0804019942879677,-0.00402010092511773,
1445,0.000239328,-0.0804019942879677,-0.00402010092511773,
1446,0.00023984,0,-0.00804020185023546,
1447,0.000240352,-0.0804019942879677,-0.00804020185023546,
1448,0.000240864,-0.0804019942879677,-0.00804020185023546,
1449,0.000241376,-0.0804019942879677,-0.00402010092511773,
1450,0.000241888,-0.0804019942879677,-0.0120603027753532,
1451,0.0002424,-0.0804019942879677,-0.0120603027753532,
1452,0.000242912,-0.0804019942879677,-0.00804020185023546,
1453,0.000243424,-0.0804019942879677,-0.00804020185023546,
1454,0.000243936,-0.0804019942879677,0,
1455,0.000244448,-0.0804019942879677,-0.00402010092511773,
1456,0.00024496,-0.160803988575935,-0.00804020185023546,
1457,0.000245472,-0.0804019942879677,-0.00804020185023546,
1458,0.000245984,0,-0.00804020185023546,
1459,0.000246496,-0.0804019942879677,-0.00402010092511773,
1460,0.000247008,-0.160803988575935,-0.00402010092511773,
1461,0.00024752,-0.0804019942879677,-0.00804020185023546,
1462,0.000248032,0,-0.0120603027753532,
1463,0.000248544,-0.0804019942879677,-0.00402010092511773,
1464,0.000249056,-0.0804019942879677,-0.00402010092511773,
1465,0.000249568,-0.160803988575935,-0.00402010092511773,
1466,0.00025008,-0.0804019942879677,-0.00804020185023546,
1467,0.000250592,-0.0804019942879677,-0.00804020185023546,
1468,0.000251104,-0.0804019942879677,-0.00402010092511773,
1469,0.000251616,-0.160803988575935,-0.0120603027753532,
1470,0.000252128,-0.0804019942879677,-0.00804020185023546,
1471,0.00025264,-0.0804019942879677,-0.00402010092511773,
1472,0.000253152,-0.0804019942879677,-0.0120603027753532,
1473,0.000253664,-0.160803988575935,-0.00402010092511773,
1474,0.000254176,-0.160803988575935,-0.00402010092511773,
1475,0.000254688,-0.0804019942879677,-0.0120603027753532,
1476,0.0002552,-0.0804019942879677,-0.00804020185023546,
1477,0.000255712,-0.0804019942879677,-0.00804020185023546,
1478,0.000256224,0,-0.00402010092511773,
1479,0.000256736,-0.0804019942879677,-0.00804020185023546,
1480,0.000257248,-0.0804019942879677,-0.0120603027753532,
1481,0.00025776,0,-0.00804020185023546,
1482,0.000258272,0,-0.00804020185023546,
1483,0.000258784,-0.0804019942879677,-0.00804020185023546,
1484,0.000259296,-0.0804019942879677,-0.00402010092511773,
1485,0.000259808,-0.0804019942879677,-0.00402010092511773,
1486,0.00026032,-0.0804019942879677,-0.00804020185023546,
1487,0.000260832,-0.0804019942879677,-0.0120603027753532,
1488,0.000261344,-0.0804019942879677,-0.0120603027753532,
1489,0.000261856,-0.0804019942879677,-0.00402010092511773,
1490,0.000262368,-0.0804019942879677,-0.00804020185023546,
1491,0.00026288,-0.160803988575935,-0.00804020185023546,
1492,0.000263392,-0.160803988575935,-0.00804020185023546,
1493,0.000263904,-0.0804019942879677,-0.00402010092511773,
1494,0.000264416,-0.0804019942879677,-0.00804020185023546,
1495,0.000264928,-0.0804019942879677,-0.00804020185023546,
1496,0.00026544,0,-0.00804020185023546,
1497,0.000265952,-0.0804019942879677,-0.00402010092511773,
1498,0.000266464,-0.0804019942879677,-0.00804020185023546,
1499,0.000266976,-0.0804019942879677,-0.00804020185023546,
1500,0.000267488,-0.0804019942879677,-0.00402010092511773,
1501,0.000268,-0.0804019942879677,-0.00804020185023546,
1502,0.000268512,-0.0804019942879677,-0.00804020185023546,
1503,0.000269024,-0.0804019942879677,-0.00402010092511773,
1504,0.000269536,-0.0804019942879677,-0.00804020185023546,
1505,0.000270048,-0.0804019942879677,-0.0120603027753532,
1506,0.00027056,-0.0804019942879677,-0.00804020185023546,
1507,0.000271072,-0.0804019942879677,-0.00804020185023546,
1508,0.000271584,-0.0804019942879677,-0.00402010092511773,
1509,0.000272096,-0.0804019942879677,-0.0120603027753532,
1510,0.000272608,-0.0804019942879677,-0.00804020185023546,
1511,0.00027312,-0.0804019942879677,-0.00804020185023546,
1512,0.000273632,-0.0804019942879677,-0.00402010092511773,
1513,0.000274144,-0.0804019942879677,-0.00804020185023546,
1514,0.000274656,-0.0804019942879677,-0.00804020185023546,
1515,0.000275168,-0.0804019942879677,-0.00804020185023546,
1516,0.00027568,-0.0804019942879677,-0.00804020185023546,
1517,0.000276192,-0.0804019942879677,-0.0120603027753532,
1518,0.000276704,-0.160803988575935,-0.00804020185023546,
1519,0.000277216,-0.0804019942879677,-0.00804020185023546,
1520,0.000277728,-0.0804019942879677,-0.00804020185023546,
1521,0.00027824,-0.0804019942879677,-0.00804020185023546,
1522,0.000278752,-0.0804019942879677,-0.00402010092511773,
1523,0.000279264,-0.0804019942879677,-0.00402010092511773,
1524,0.000279776,-0.0804019942879677,-0.0120603027753532,
1525,0.000280288,-0.160803988575935,-0.00804020185023546,
1526,0.0002808,-0.0804019942879677,-0.00804020185023546,
1527,0.000281312,-0.0804019942879677,-0.00804020185023546,
1528,0.000281824,-0.0804019942879677,-0.00402010092511773,
1529,0.000282336,-0.0804019942879677,-0.00804020185023546,
1530,0.000282848,-0.0804019942879677,-0.00804020185023546,
1531,0.00028336,-0.0804019942879677,-0.00804020185023546,
1532,0.000283872,0,-0.00804020185023546,
1533,0.000284384,0,-0.00804020185023546,
1534,0.000284896,-0.0804019942879677,-0.00804020185023546,
1535,0.000285408,-0.0804019942879677,-0.00804020185023546,
1536,0.00028592,-0.0804019942879677,-0.00402010092511773,
1537,0.000286432,-0.0804019942879677,-0.00804020185023546,
1538,0.000286944,-0.0804019942879677,-0.0120603027753532,
1539,0.000287456,-0.0804019942879677,-0.00804020185023546,
1540,0.000287968,-0.0804019942879677,-0.00804020185023546,
1541,0.00028848,-0.0804019942879677,-0.00402010092511773,
1542,0.000288992,-0.0804019942879677,-0.00804020185023546,
1543,0.000289504,0,-0.00402010092511773,
1544,0.000290016,-0.0804019942879677,-0.00804020185023546,
1545,0.000290528,-0.0804019942879677,-0.00804020185023546,
1546,0.00029104,-0.0804019942879677,-0.00402010092511773,
1547,0.000291552,-0.0804019942879677,-0.00804020185023546,
1548,0.000292064,-0.0804019942879677,-0.00402010092511773,
1549,0.000292576,-0.0804019942879677,-0.00804020185023546,
1550,0.000293088,-0.0804019942879677,-0.00402010092511773,
1551,0.0002936,-0.0804019942879677,-0.00804020185023546,
1552,0.000294112,-0.160803988575935,-0.00804020185023546,
1553,0.000294624,0,-0.00402010092511773,
1554,0.000295136,-0.0804019942879677,-0.00804020185023546,
1555,0.000295648,0,-0.00804020185023546,
1556,0.00029616,-0.0804019942879677,-0.00804020185023546,
1557,0.000296672,-0.0804019942879677,-0.00804020185023546,
1558,0.000297184,-0.0804019942879677,-0.00804020185023546,
1559,0.000297696,-0.0804019942879677,-0.00402010092511773,
1560,0.000298208,-0.0804019942879677,-0.00804020185023546,
1561,0.00029872,-0.0804019942879677,-0.00804020185023546,
1562,0.000299232,-0.0804019942879677,-0.00804020185023546,
1563,0.000299744,-0.0804019942879677,-0.00804020185023546,
1564,0.000300256,-0.0804019942879677,-0.00804020185023546,
1565,0.000300768,-0.0804019942879677,-0.00804020185023546,
1566,0.00030128,-0.0804019942879677,-0.00804020185023546,
1567,0.000301792,-0.0804019942879677,-0.0120603027753532,
1568,0.000302304,0,-0.00804020185023546,
1569,0.000302816,-0.0804019942879677,-0.00804020185023546,
1570,0.000303328,-0.0804019942879677,-0.00402010092511773,
1571,0.00030384,0,-0.00402010092511773,
1572,0.000304352,-0.160803988575935,-0.00804020185023546,
1573,0.000304864,0,-0.00402010092511773,
1574,0.000305376,-0.0804019942879677,-0.00402010092511773,
1575,0.000305888,-0.0804019942879677,-0.00804020185023546,
1576,0.0003064,-0.0804019942879677,-0.00804020185023546,
1577,0.000306912,0,-0.00804020185023546,
1578,0.000307424,-0.0804019942879677,-0.00804020185023546,
1579,0.000307936,-0.0804019942879677,-0.0120603027753532,
1580,0.000308448,-0.0804019942879677,-0.00804020185023546,
1581,0.00030896,0,-0.00804020185023546,
1582,0.000309472,-0.0804019942879677,-0.0120603027753532,
1583,0.000309984,-0.160803988575935,-0.00402010092511773,
1584,0.000310496,-0.0804019942879677,-0.00804020185023546,
1585,0.000311008,-0.0804019942879677,-0.00804020185023546,
1586,0.00031152,-0.0804019942879677,-0.00804020185023546,
1587,0.000312032,-0.0804019942879677,-0.00804020185023546,
1588,0.000312544,-0.0804019942879677,-0.00804020185023546,
1589,0.000313056,-0.0804019942879677,-0.00804020185023546,
1590,0.000313568,-0.0804019942879677,-0.00804020185023546,
1591,0.00031408,-0.0804019942879677,-0.00804020185023546,
1592,0.000314592,-0.0804019942879677,-0.00804020185023546,
1593,0.000315104,-0.0804019942879677,-0.00804020185023546,
1594,0.000315616,-0.0804019942879677,-0.0120603027753532,
1595,0.000316128,-0.0804019942879677,-0.00804020185023546,
1596,0.00031664,0,-0.00804020185023546,
1597,0.000317152,-0.0804019942879677,-0.00804020185023546,
1598,0.000317664,0,-0.00804020185023546,
1599,0.000318176,-0.0804019942879677,-0.00804020185023546,
1600,0.000318688,0,-0.00402010092511773,
1601,0.0003192,-0.0804019942879677,-0.00804020185023546,
1602,0.000319712,0,-0.00804020185023546,
1603,0.000320224,-0.0804019942879677,-0.00804020185023546,
1604,0.000320736,-0.0804019942879677,-0.00804020185023546,
1605,0.000321248,-0.0804019942879677,-0.00804020185023546,
1606,0.00032176,-0.0804019942879677,-0.00804020185023546,
1607,0.000322272,-0.0804019942879677,-0.00804020185023546,
1608,0.000322784,0,-0.00804020185023546,
1609,0.000323296,-0.0804019942879677,-0.00804020185023546,
1610,0.000323808,-0.0804019942879677,-0.00804020185023546,
1611,0.00032432,-0.160803988575935,-0.00402010092511773,
1612,0.000324832,0,-0.00804020185023546,
1613,0.000325344,0,-0.00804020185023546,
1614,0.000325856,-0.0804019942879677,-0.00804020185023546,
1615,0.000326368,-0.0804019942879677,-0.00402010092511773,
1616,0.00032688,-0.0804019942879677,-0.0120603027753532,
1617,0.000327392,-0.0804019942879677,-0.00804020185023546,
1618,0.000327904,-0.0804019942879677,-0.00804020185023546,
1619,0.000328416,-0.0804019942879677,-0.00804020185023546,
1620,0.000328928,0,-0.00804020185023546,
1621,0.00032944,0,-0.00804020185023546,
1622,0.000329952,0,-0.00804020185023546,
1623,0.000330464,-0.0804019942879677,-0.00804020185023546,
1624,0.000330976,-0.0804019942879677,-0.00402010092511773,
1625,0.000331488,-0.0804019942879677,-0.0120603027753532,
1626,0.000332,-0.0804019942879677,-0.00804020185023546,
1627,0.000332512,0,-0.0120603027753532,
1628,0.000333024,-0.0804019942879677,-0.00804020185023546,
1629,0.000333536,-0.0804019942879677,-0.0120603027753532,
1630,0.000334048,0,-0.00804020185023546,
1631,0.00033456,-0.0804019942879677,-0.00402010092511773,
1632,0.000335072,0,-0.00804020185023546,
1633,0.000335584,-0.0804019942879677,-0.00804020185023546,
1634,0.000336096,-0.160803988575935,-0.00402010092511773,
1635,0.000336608,-0.0804019942879677,-0.00804020185023546,
1636,0.00033712,-0.0804019942879677,-0.0120603027753532,
1637,0.000337632,-0.0804019942879677,-0.00804020185023546,
1638,0.000338144,0,-0.00804020185023546,
1639,0.000338656,-0.0804019942879677,-0.00804020185023546,
1640,0.000339168,-0.0804019942879677,-0.00804020185023546,
1641,0.00033968,-0.0804019942879677,-0.00804020185023546,
1642,0.000340192,-0.160803988575935,-0.00804020185023546,
1643,0.000340704,-0.0804019942879677,-0.00804020185023546,
1644,0.000341216,-0.0804019942879677,-0.00402010092511773,
1645,0.000341728,-0.0804019942879677,-0.0120603027753532,
1646,0.00034224,-0.0804019942879677,-0.00804020185023546,
1647,0.000342752,-0.0804019942879677,-0.00804020185023546,
1648,0.000343264,-0.0804019942879677,-0.00402010092511773,
1649,0.000343776,0,-0.00804020185023546,
1650,0.000344288,-0.0804019942879677,-0.00804020185023546,
1651,0.0003448,-0.0804019942879677,-0.00804020185023546,
1652,0.000345312,-0.0804019942879677,-0.00804020185023546,
1653,0.000345824,-0.0804019942879677,-0.00402010092511773,
1654,0.000346336,-0.0804019942879677,-0.00402010092511773,
1655,0.000346848,0,-0.00804020185023546,
1656,0.00034736,0,-0.0120603027753532,
1657,0.000347872,-0.0804019942879677,-0.00804020185023546,
1658,0.000348384,-0.0804019942879677,-0.00804020185023546,
1659,0.000348896,-0.0804019942879677,-0.00804020185023546,
1660,0.000349408,-0.0804019942879677,-0.00402010092511773,
1661,0.00034992,-0.0804019942879677,-0.00402010092511773,
1662,0.000350432,-0.0804019942879677,-0.00804020185023546,
1663,0.000350944,-0.0804019942879677,-0.00402010092511773,
1664,0.000351456,-0.0804019942879677,-0.00402010092511773,
1665,0.000351968,0,-0.00402010092511773,
1666,0.00035248,0,-0.00402010092511773,
1667,0.000352992,-0.0804019942879677,-0.0120603027753532,
1668,0.000353504,0,-0.00804020185023546,
1669,0.000354016,0,-0.00804020185023546,
1670,0.000354528,0,-0.0120603027753532,
1671,0.00035504,0,-0.00804020185023546,
1672,0.000355552,-0.0804019942879677,-0.00804020185023546,
1673,0.000356064,-0.0804019942879677,-0.0120603027753532,
1674,0.000356576,-0.0804019942879677,0,
1675,0.000357088,-0.160803988575935,-0.00804020185023546,
1676,0.0003576,-0.0804019942879677,-0.00804020185023546,
1677,0.000358112,-0.0804019942879677,-0.00804020185023546,
1678,0.000358624,0,-0.00804020185023546,
1679,0.000359136,-0.0804019942879677,-0.00402010092511773,
1680,0.000359648,-0.0804019942879677,-0.00804020185023546,
1681,0.00036016,-0.160803988575935,-0.00804020185023546,
1682,0.000360672,-0.160803988575935,-0.00402010092511773,
1683,0.000361184,-0.0804019942879677,-0.00804020185023546,
1684,0.000361696,-0.0804019942879677,-0.00804020185023546,
1685,0.000362208,-0.0804019942879677,-0.00402010092511773,
1686,0.00036272,-0.0804019942879677,-0.00804020185023546,
1687,0.000363232,-0.0804019942879677,-0.00804020185023546,
1688,0.000363744,-0.0804019942879677,-0.0120603027753532,
1689,0.000364256,-0.0804019942879677,-0.00804020185023546,
1690,0.000364768,-0.0804019942879677,-0.00804020185023546,
1691,0.00036528,-0.0804019942879677,-0.00402010092511773,
1692,0.000365792,0,-0.00804020185023546,
1693,0.000366304,-0.0804019942879677,-0.00804020185023546,
1694,0.000366816,-0.0804019942879677,-0.00804020185023546,
1695,0.000367328,0,-0.00804020185023546,
1696,0.00036784,-0.0804019942879677,-0.00402010092511773,
1697,0.000368352,-0.0804019942879677,-0.00804020185023546,
1698,0.000368864,-0.0804019942879677,-0.00804020185023546,
1699,0.000369376,-0.0804019942879677,-0.00804020185023546,
1700,0.000369888,-0.0804019942879677,-0.00804020185023546,
1701,0.0003704,0,-0.0120603027753532,
1702,0.000370912,-0.0804019942879677,-0.0120603027753532,
1703,0.000371424,-0.0804019942879677,-0.00402010092511773,
1704,0.000371936,-0.160803988575935,-0.00804020185023546,
1705,0.000372448,-0.0804019942879677,-0.00402010092511773,
1706,0.00037296,-0.160803988575935,-0.00804020185023546,
1707,0.000373472,-0.0804019942879677,-0.00402010092511773,
1708,0.000373984,-0.0804019942879677,-0.00804020185023546,
1709,0.000374496,-0.0804019942879677,-0.00402010092511773,
1710,0.000375008,-0.0804019942879677,-0.00804020185023546,
1711,0.00037552,-0.0804019942879677,-0.00402010092511773,
1712,0.000376032,-0.0804019942879677,-0.00804020185023546,
1713,0.000376544,0,-0.00804020185023546,
1714,0.000377056,-0.0804019942879677,-0.00804020185023546,
1715,0.000377568,-0.0804019942879677,-0.0120603027753532,
1716,0.00037808,0,-0.00402010092511773,
1717,0.000378592,-0.0804019942879677,-0.00804020185023546,
1718,0.000379104,-0.0804019942879677,-0.00402010092511773,
1719,0.000379616,0,-0.00804020185023546,
1720,0.000380128,0,-0.00804020185023546,
1721,0.00038064,-0.0804019942879677,-0.00804020185023546,
1722,0.000381152,-0.0804019942879677,-0.00804020185023546,
1723,0.000381664,-0.0804019942879677,-0.0120603027753532,
1724,0.000382176,-0.0804019942879677,-0.00402010092511773,
1725,0.000382688,-0.0804019942879677,-0.0120603027753532,
1726,0.0003832,0,-0.00804020185023546,
1727,0.000383712,0,-0.0120603027753532,
1728,0.000384224,-0.0804019942879677,-0.00402010092511773,
1729,0.000384736,-0.0804019942879677,-0.00804020185023546,
1730,0.000385248,-0.0804019942879677,-0.00804020185023546,
1731,0.00038576,-0.0804019942879677,-0.00804020185023546,
1732,0.000386272,-0.0804019942879677,-0.00402010092511773,
1733,0.000386784,-0.160803988575935,-0.00804020185023546,
1734,0.000387296,-0.0804019942879677,-0.00804020185023546,
1735,0.000387808,0,-0.0120603027753532,
1736,0.00038832,-0.0804019942879677,-0.00804020185023546,
1737,0.000388832,0,-0.00804020185023546,
1738,0.000389344,-0.0804019942879677,-0.00804020185023546,
1739,0.000389856,-0.0804019942879677,-0.00804020185023546,
1740,0.000390368,-0.0804019942879677,-0.00804020185023546,
1741,0.00039088,-0.0804019942879677,-0.0120603027753532,
1742,0.000391392,0,-0.00402010092511773,
1743,0.000391904,-0.0804019942879677,-0.00804020185023546,
1744,0.000392416,-0.0804019942879677,-0.00804020185023546,
1745,0.000392928,-0.0804019942879677,-0.00804020185023546,
1746,0.00039344,-0.0804019942879677,-0.00804020185023546,
1747,0.000393952,-0.0804019942879677,-0.00804020185023546,
1748,0.000394464,0,-0.00402010092511773,
1749,0.000394976,-0.0804019942879677,-0.00804020185023546,
1750,0.000395488,-0.0804019942879677,-0.00402010092511773,
1751,0.000396,0,-0.00804020185023546,
1752,0.000396512,-0.0804019942879677,-0.00804020185023546,
1753,0.000397024,0,-0.00804020185023546,
1754,0.000397536,-0.0804019942879677,-0.0120603027753532,
1755,0.000398048,0,-0.00804020185023546,
1756,0.00039856,-0.0804019942879677,-0.00804020185023546,
1757,0.000399072,-0.0804019942879677,-0.00804020185023546,
1758,0.000399584,0,-0.00804020185023546,
1759,0.000400096,-0.0804019942879677,-0.00804020185023546,
1760,0.000400608,-0.0804019942879677,-0.00804020185023546,
1761,0.00040112,-0.0804019942879677,-0.00804020185023546,
1762,0.000401632,0,-0.00804020185023546,
1763,0.000402144,-0.0804019942879677,-0.00402010092511773,
1764,0.000402656,-0.0804019942879677,-0.00402010092511773,
1765,0.000403168,-0.0804019942879677,-0.00402010092511773,
1766,0.00040368,0,-0.00402010092511773,
1767,0.000404192,-0.0804019942879677,-0.00804020185023546,
1768,0.000404704,-0.0804019942879677,-0.00804020185023546,
1769,0.000405216,-0.0804019942879677,-0.0120603027753532,
1770,0.000405728,-0.0804019942879677,-0.00402010092511773,
1771,0.00040624,-0.0804019942879677,-0.00804020185023546,
1772,0.000406752,0,-0.00402010092511773,
1773,0.000407264,-0.0804019942879677,-0.00804020185023546,
1774,0.000407776,-0.0804019942879677,-0.00402010092511773,
1775,0.000408288,-0.0804019942879677,-0.00402010092511773,
1776,0.0004088,-0.0804019942879677,-0.00804020185023546,
1777,0.000409312,-0.0804019942879677,-0.00804020185023546,
1778,0.000409824,0,-0.0120603027753532,
1779,0.000410336,-0.0804019942879677,-0.00402010092511773,
1780,0.000410848,0,-0.00804020185023546,
1781,0.00041136,0,-0.00804020185023546,
1782,0.000411872,0,-0.00804020185023546,
1783,0.000412384,-0.0804019942879677,-0.00804020185023546,
1784,0.000412896,-0.0804019942879677,-0.00804020185023546,
1785,0.000413408,0,-0.0120603027753532,
1786,0.00041392,-0.0804019942879677,-0.00804020185023546,
1787,0.000414432,-0.0804019942879677,-0.00804020185023546,
1788,0.000414944,-0.0804019942879677,-0.00804020185023546,
1789,0.000415456,-0.0804019942879677,-0.00804020185023546,
1790,0.000415968,0,-0.00402010092511773,
1791,0.00041648,-0.0804019942879677,-0.00804020185023546,
1792,0.000416992,-0.0804019942879677,-0.00402010092511773,
1793,0.000417504,-0.0804019942879677,-0.00804020185023546,
1794,0.000418016,-0.0804019942879677,-0.00804020185023546,
1795,0.000418528,0,-0.00804020185023546,
1796,0.00041904,-0.0804019942879677,-0.00804020185023546,
1797,0.000419552,0,-0.00402010092511773,
1798,0.000420064,-0.0804019942879677,-0.00402010092511773,
1799,0.000420576,0,-0.00402010092511773,
1800,0.000421088,-0.0804019942879677,-0.00804020185023546,
1801,0.0004216,-0.0804019942879677,-0.00402010092511773,
1802,0.000422112,-0.0804019942879677,-0.00804020185023546,
1803,0.000422624,-0.0804019942879677,-0.00402010092511773,
1804,0.000423136,-0.0804019942879677,-0.0120603027753532,
1805,0.000423648,-0.0804019942879677,-0.00804020185023546,
1806,0.00042416,-0.0804019942879677,-0.00402010092511773,
1807,0.000424672,-0.0804019942879677,-0.00804020185023546,
1808,0.000425184,-0.160803988575935,-0.00804020185023546,
1809,0.000425696,0,-0.00402010092511773,
1810,0.000426208,-0.0804019942879677,-0.00804020185023546,
1811,0.00042672,-0.0804019942879677,-0.00804020185023546,
1812,0.000427232,-0.160803988575935,-0.00804020185023546,
1813,0.000427744,0,-0.0120603027753532,
1814,0.000428256,-0.0804019942879677,-0.00804020185023546,
1815,0.000428768,-0.0804019942879677,-0.0120603027753532,
1816,0.00042928,0,-0.00804020185023546,
1817,0.000429792,-0.0804019942879677,-0.00804020185023546,
1818,0.000430304,-0.0804019942879677,-0.00804020185023546,
1819,0.000430816,-0.160803988575935,-0.00402010092511773,
1820,0.000431328,-0.0804019942879677,-0.00402010092511773,
1821,0.00043184,0,-0.00402010092511773,
1822,0.000432352,-0.0804019942879677,-0.00402010092511773,
1823,0.000432864,-0.0804019942879677,-0.0120603027753532,
1824,0.000433376,-0.0804019942879677,-0.00804020185023546,
1825,0.000433888,-0.0804019942879677,-0.00804020185023546,
1826,0.0004344,-0.0804019942879677,-0.00402010092511773,
1827,0.000434912,-0.0804019942879677,-0.00804020185023546,
1828,0.000435424,-0.0804019942879677,-0.00402010092511773,
1829,0.000435936,-0.0804019942879677,-0.00402010092511773,
1830,0.000436448,-0.0804019942879677,-0.00804020185023546,
1831,0.00043696,-0.160803988575935,-0.00804020185023546,
1832,0.000437472,-0.0804019942879677,-0.0120603027753532,
1833,0.000437984,-0.0804019942879677,-0.00804020185023546,
1834,0.000438496,-0.0804019942879677,-0.0120603027753532,
1835,0.000439008,-0.0804019942879677,-0.0120603027753532,
1836,0.00043952,-0.160803988575935,-0.00804020185023546,
1837,0.000440032,-0.0804019942879677,-0.00402010092511773,
1838,0.000440544,-0.0804019942879677,-0.00804020185023546,
1839,0.000441056,-0.0804019942879677,-0.00804020185023546,
1840,0.000441568,-0.0804019942879677,-0.00804020185023546,
1841,0.00044208,-0.160803988575935,-0.00804020185023546,
1842,0.000442592,-0.0804019942879677,-0.00402010092511773,
1843,0.000443104,0,-0.00804020185023546,
1844,0.000443616,0,-0.00804020185023546,
1845,0.000444128,0,-0.00402010092511773,
1846,0.00044464,-0.0804019942879677,-0.00804020185023546,
1847,0.000445152,0,-0.00804020185023546,
1848,0.000445664,-0.0804019942879677,-0.00804020185023546,
1849,0.000446176,-0.0804019942879677,-0.00804020185023546,
1850,0.000446688,-0.0804019942879677,-0.00804020185023546,
1851,0.0004472,-0.160803988575935,-0.00804020185023546,
1852,0.000447712,-0.0804019942879677,-0.00804020185023546,
1853,0.000448224,-0.0804019942879677,-0.00804020185023546,
1854,0.000448736,-0.0804019942879677,-0.00804020185023546,
1855,0.000449248,-0.0804019942879677,-0.00402010092511773,
1856,0.00044976,0,-0.00804020185023546,
1857,0.000450272,0,-0.00804020185023546,
1858,0.000450784,-0.160803988575935,-0.0120603027753532,
1859,0.000451296,-0.160803988575935,-0.00402010092511773,
1860,0.000451808,-0.0804019942879677,-0.00402010092511773,
1861,0.00045232,-0.0804019942879677,-0.0160804037004709,
1862,0.000452832,-0.0804019942879677,-0.00804020185023546,
1863,0.000453344,0,-0.00804020185023546,
1864,0.000453856,-0.160803988575935,-0.00804020185023546,
1865,0.000454368,-0.0804019942879677,-0.0120603027753532,
1866,0.00045488,0,-0.00804020185023546,
1867,0.000455392,0,-0.00402010092511773,
1868,0.000455904,-0.0804019942879677,-0.00804020185023546,
1869,0.000456416,-0.0804019942879677,-0.0120603027753532,
1870,0.000456928,-0.0804019942879677,-0.0120603027753532,
1871,0.00045744,-0.0804019942879677,-0.00804020185023546,
1872,0.000457952,-0.0804019942879677,-0.00402010092511773,
1873,0.000458464,-0.160803988575935,-0.00804020185023546,
1874,0.000458976,-0.0804019942879677,-0.00402010092511773,
1875,0.000459488,-0.0804019942879677,-0.00804020185023546,
1876,0.00046,0,-0.00402010092511773,
1877,0.000460512,-0.0804019942879677,-0.00804020185023546,
1878,0.000461024,0,-0.00402010092511773,
1879,0.000461536,-0.0804019942879677,-0.00402010092511773,
1880,0.000462048,-0.0804019942879677,-0.0120603027753532,
1881,0.00046256,-0.0804019942879677,-0.00402010092511773,
1882,0.000463072,-0.0804019942879677,-0.00804020185023546,
1883,0.000463584,-0.0804019942879677,-0.00402010092511773,
1884,0.000464096,-0.0804019942879677,-0.00804020185023546,
1885,0.000464608,-0.0804019942879677,-0.00804020185023546,
1886,0.00046512,0,-0.00804020185023546,
1887,0.000465632,-0.0804019942879677,-0.00804020185023546,
1888,0.000466144,-0.0804019942879677,-0.0120603027753532,
1889,0.000466656,-0.0804019942879677,-0.00804020185023546,
1890,0.000467168,0,-0.00804020185023546,
1891,0.00046768,-0.0804019942879677,-0.00402010092511773,
1892,0.000468192,-0.0804019942879677,-0.00804020185023546,
1893,0.000468704,-0.0804019942879677,-0.00804020185023546,
1894,0.000469216,-0.0804019942879677,-0.00804020185023546,
1895,0.000469728,-0.0804019942879677,-0.00402010092511773,
1896,0.00047024,-0.0804019942879677,-0.00804020185023546,
1897,0.000470752,-0.160803988575935,-0.00804020185023546,
1898,0.000471264,-0.0804019942879677,-0.00804020185023546,
1899,0.000471776,-0.0804019942879677,-0.00804020185023546,
1900,0.000472288,-0.160803988575935,-0.00804020185023546,
1901,0.0004728,-0.0804019942879677,-0.00804020185023546,
1902,0.000473312,0,-0.00804020185023546,
1903,0.000473824,-0.0804019942879677,-0.00804020185023546,
1904,0.000474336,0,-0.00804020185023546,
1905,0.000474848,-0.0804019942879677,-0.00804020185023546,
1906,0.00047536,-0.0804019942879677,-0.00804020185023546,
1907,0.000475872,-0.0804019942879677,-0.00804020185023546,
1908,0.000476384,-0.0804019942879677,-0.00402010092511773,
1909,0.000476896,-0.0804019942879677,-0.00804020185023546,
1910,0.000477408,0,-0.00804020185023546,
1911,0.00047792,-0.0804019942879677,-0.00402010092511773,
1912,0.000478432,-0.0804019942879677,-0.00804020185023546,
1913,0.000478944,-0.0804019942879677,-0.00804020185023546,
1914,0.000479456,-0.0804019942879677,-0.00804020185023546,
1915,0.000479968,-0.160803988575935,-0.00804020185023546,
1916,0.00048048,-0.0804019942879677,-0.00402010092511773,
1917,0.000480992,-0.0804019942879677,-0.00804020185023546,
1918,0.000481504,-0.0804019942879677,-0.00804020185023546,
1919,0.000482016,0,-0.00402010092511773,
1920,0.000482528,-0.0804019942879677,-0.00804020185023546,
1921,0.00048304,-0.0804019942879677,-0.00804020185023546,
1922,0.000483552,-0.0804019942879677,-0.00402010092511773,
1923,0.000484064,0,-0.0120603027753532,
1924,0.000484576,-0.0804019942879677,-0.00402010092511773,
1925,0.000485088,-0.0804019942879677,-0.00804020185023546,
1926,0.0004856,-0.0804019942879677,-0.00402010092511773,
1927,0.000486112,-0.0804019942879677,-0.00402010092511773,
1928,0.000486624,0,-0.00804020185023546,
1929,0.000487136,-0.0804019942879677,-0.00402010092511773,
1930,0.000487648,-0.0804019942879677,-0.0120603027753532,
1931,0.00048816,-0.0804019942879677,-0.00804020185023546,
1932,0.000488672,-0.0804019942879677,-0.00804020185023546,
1933,0.000489184,-0.0804019942879677,-0.00804020185023546,
1934,0.000489696,-0.0804019942879677,-0.00804020185023546,
1935,0.000490208,-0.0804019942879677,-0.00804020185023546,
1936,0.00049072,-0.0804019942879677,-0.00402010092511773,
1937,0.000491232,-0.0804019942879677,-0.00402010092511773,
1938,0.000491744,-0.160803988575935,-0.00402010092511773,
1939,0.000492256,-0.0804019942879677,-0.0120603027753532,
1940,0.000492768,-0.0804019942879677,-0.0120603027753532,
1941,0.00049328,0,-0.00804020185023546,
1942,0.000493792,0,-0.0120603027753532,
1943,0.000494304,-0.0804019942879677,-0.00804020185023546,
1944,0.000494816,-0.0804019942879677,-0.00804020185023546,
1945,0.000495328,-0.0804019942879677,-0.00402010092511773,
1946,0.00049584,-0.0804019942879677,-0.00804020185023546,
1947,0.000496352,0,-0.00804020185023546,
1948,0.000496864,-0.0804019942879677,-0.00402010092511773,
1949,0.000497376,-0.0804019942879677,-0.00804020185023546,
1950,0.000497888,-0.0804019942879677,-0.00402010092511773,
1951,0.0004984,-0.0804019942879677,-0.00402010092511773,
1952,0.000498912,-0.0804019942879677,-0.00402010092511773,
1953,0.000499424,-0.0804019942879677,-0.0120603027753532,
