Model: ,Oscilloscope DSO-X 1102G
Serial Number:,CN57246464
Address: ,USBInstrument3
Date: ,2026-09-28 15:31:27

Sample Number,Time (s),1 (VOLT),2 (VOLT),
1,-0.0005,0,0.345728679560125,
2,-0.000499488,0,0.349748780485243,
3,-0.000498976,-0.0804019942879677,0.349748780485243,
4,-0.000498464,-0.0804019942879677,0.349748780485243,
5,-0.000497952,-0.0804019942879677,0.35376888141036,
6,-0.00049744,-0.0804019942879677,0.349748780485243,
7,-0.000496928,-0.0804019942879677,0.35376888141036,
8,-0.000496416,-0.0804019942879677,0.349748780485243,
9,-0.000495904,-0.0804019942879677,0.349748780485243,
10,-0.000495392,-0.0804019942879677,0.35376888141036,
11,-0.00049488,-0.0804019942879677,0.349748780485243,
12,-0.000494368,-0.0804019942879677,0.349748780485243,
13,-0.000493856,-0.0804019942879677,0.345728679560125,
14,-0.000493344,-0.0804019942879677,0.35376888141036,
15,-0.000492832,-0.0804019942879677,0.345728679560125,
16,-0.00049232,0,0.349748780485243,
17,-0.000491808,-0.0804019942879677,0.349748780485243,
18,-0.000491296,-0.0804019942879677,0.345728679560125,
19,-0.000490784,-0.0804019942879677,0.349748780485243,
20,-0.000490272,-0.160803988575935,0.349748780485243,
21,-0.00048976,-0.0804019942879677,0.349748780485243,
22,-0.000489248,-0.0804019942879677,0.349748780485243,
23,-0.000488736,-0.0804019942879677,0.349748780485243,
24,-0.000488224,0,0.349748780485243,
25,-0.000487712,0,0.349748780485243,
26,-0.0004872,-0.0804019942879677,0.349748780485243,
27,-0.000486688,-0.160803988575935,0.345728679560125,
28,-0.000486176,0,0.345728679560125,
29,-0.000485664,0,0.349748780485243,
30,-0.000485152,-0.0804019942879677,0.349748780485243,
31,-0.00048464,0,0.349748780485243,
32,-0.000484128,-0.160803988575935,0.349748780485243,
33,-0.000483616,-0.160803988575935,0.345728679560125,
34,-0.000483104,-0.0804019942879677,0.345728679560125,
35,-0.000482592,0,0.349748780485243,
36,-0.00048208,-0.0804019942879677,0.349748780485243,
37,-0.000481568,0,0.345728679560125,
38,-0.000481056,-0.0804019942879677,0.345728679560125,
39,-0.000480544,-0.0804019942879677,0.349748780485243,
40,-0.000480032,-0.0804019942879677,0.35376888141036,
41,-0.00047952,-0.0804019942879677,0.349748780485243,
42,-0.000479008,-0.160803988575935,0.349748780485243,
43,-0.000478496,0,0.345728679560125,
44,-0.000477984,-0.0804019942879677,0.345728679560125,
45,-0.000477472,-0.0804019942879677,0.345728679560125,
46,-0.00047696,-0.0804019942879677,0.349748780485243,
47,-0.000476448,0,0.349748780485243,
48,-0.000475936,-0.0804019942879677,0.349748780485243,
49,-0.000475424,-0.0804019942879677,0.349748780485243,
50,-0.000474912,-0.0804019942879677,0.349748780485243,
51,-0.0004744,-0.0804019942879677,0.35376888141036,
52,-0.000473888,-0.0804019942879677,0.349748780485243,
53,-0.000473376,0,0.345728679560125,
54,-0.000472864,-0.0804019942879677,0.345728679560125,
55,-0.000472352,-0.0804019942879677,0.341708578635007,
56,-0.00047184,-0.0804019942879677,0.341708578635007,
57,-0.000471328,-0.0804019942879677,0.349748780485243,
58,-0.000470816,0,0.349748780485243,
59,-0.000470304,-0.0804019942879677,0.349748780485243,
60,-0.000469792,-0.160803988575935,0.345728679560125,
61,-0.00046928,0,0.349748780485243,
62,-0.000468768,-0.0804019942879677,0.349748780485243,
63,-0.000468256,-0.0804019942879677,0.345728679560125,
64,-0.000467744,-0.160803988575935,0.345728679560125,
65,-0.000467232,0,0.349748780485243,
66,-0.00046672,-0.0804019942879677,0.341708578635007,
67,-0.000466208,-0.0804019942879677,0.345728679560125,
68,-0.000465696,0,0.349748780485243,
69,-0.000465184,-0.0804019942879677,0.349748780485243,
70,-0.000464672,-0.0804019942879677,0.341708578635007,
71,-0.00046416,-0.160803988575935,0.345728679560125,
72,-0.000463648,-0.0804019942879677,0.341708578635007,
73,-0.000463136,-0.0804019942879677,0.345728679560125,
74,-0.000462624,-0.0804019942879677,0.349748780485243,
75,-0.000462112,0,0.345728679560125,
76,-0.0004616,-0.0804019942879677,0.345728679560125,
77,-0.000461088,-0.0804019942879677,0.349748780485243,
78,-0.000460576,-0.0804019942879677,0.345728679560125,
79,-0.000460064,-0.0804019942879677,0.345728679560125,
80,-0.000459552,0,0.345728679560125,
81,-0.00045904,-0.0804019942879677,0.349748780485243,
82,-0.000458528,0,0.345728679560125,
83,-0.000458016,-0.0804019942879677,0.349748780485243,
84,-0.000457504,-0.0804019942879677,0.345728679560125,
85,-0.000456992,-0.0804019942879677,0.345728679560125,
86,-0.00045648,-0.160803988575935,0.349748780485243,
87,-0.000455968,-0.0804019942879677,0.349748780485243,
88,-0.000455456,-0.160803988575935,0.35376888141036,
89,-0.000454944,-0.0804019942879677,0.345728679560125,
90,-0.000454432,-0.0804019942879677,0.349748780485243,
91,-0.00045392,-0.0804019942879677,0.35376888141036,
92,-0.000453408,-0.0804019942879677,0.345728679560125,
93,-0.000452896,-0.0804019942879677,0.345728679560125,
94,-0.000452384,0,0.349748780485243,
95,-0.000451872,-0.0804019942879677,0.345728679560125,
96,-0.00045136,-0.0804019942879677,0.345728679560125,
97,-0.000450848,0,0.345728679560125,
98,-0.000450336,0,0.349748780485243,
99,-0.000449824,-0.0804019942879677,0.345728679560125,
100,-0.000449312,-0.0804019942879677,0.345728679560125,
101,-0.0004488,-0.0804019942879677,0.349748780485243,
102,-0.000448288,0,0.345728679560125,
103,-0.000447776,-0.0804019942879677,0.341708578635007,
104,-0.000447264,-0.0804019942879677,0.345728679560125,
105,-0.000446752,-0.0804019942879677,0.341708578635007,
106,-0.00044624,-0.0804019942879677,0.349748780485243,
107,-0.000445728,0,0.341708578635007,
108,-0.000445216,-0.0804019942879677,0.345728679560125,
109,-0.000444704,0,0.345728679560125,
110,-0.000444192,0,0.345728679560125,
111,-0.00044368,-0.160803988575935,0.345728679560125,
112,-0.000443168,-0.0804019942879677,0.345728679560125,
113,-0.000442656,-0.0804019942879677,0.349748780485243,
114,-0.000442144,0,0.345728679560125,
115,-0.000441632,-0.0804019942879677,0.341708578635007,
116,-0.00044112,-0.160803988575935,0.345728679560125,
117,-0.000440608,-0.0804019942879677,0.345728679560125,
118,-0.000440096,-0.0804019942879677,0.345728679560125,
119,-0.000439584,-0.0804019942879677,0.349748780485243,
120,-0.000439072,-0.0804019942879677,0.341708578635007,
121,-0.00043856,0,0.345728679560125,
122,-0.000438048,-0.0804019942879677,0.341708578635007,
123,-0.000437536,-0.0804019942879677,0.345728679560125,
124,-0.000437024,-0.160803988575935,0.345728679560125,
125,-0.000436512,-0.0804019942879677,0.341708578635007,
126,-0.000436,0,0.345728679560125,
127,-0.000435488,-0.160803988575935,0.345728679560125,
128,-0.000434976,-0.0804019942879677,0.345728679560125,
129,-0.000434464,-0.0804019942879677,0.345728679560125,
130,-0.000433952,0,0.345728679560125,
131,-0.00043344,-0.0804019942879677,0.345728679560125,
132,-0.000432928,0,0.345728679560125,
133,-0.000432416,-0.0804019942879677,0.345728679560125,
134,-0.000431904,-0.0804019942879677,0.345728679560125,
135,-0.000431392,-0.0804019942879677,0.345728679560125,
136,-0.00043088,-0.0804019942879677,0.345728679560125,
137,-0.000430368,-0.0804019942879677,0.341708578635007,
138,-0.000429856,0,0.345728679560125,
139,-0.000429344,-0.0804019942879677,0.345728679560125,
140,-0.000428832,-0.0804019942879677,0.345728679560125,
141,-0.00042832,-0.0804019942879677,0.345728679560125,
142,-0.000427808,-0.0804019942879677,0.349748780485243,
143,-0.000427296,-0.0804019942879677,0.345728679560125,
144,-0.000426784,-0.0804019942879677,0.341708578635007,
145,-0.000426272,0,0.349748780485243,
146,-0.00042576,-0.0804019942879677,0.341708578635007,
147,-0.000425248,-0.0804019942879677,0.345728679560125,
148,-0.000424736,-0.0804019942879677,0.345728679560125,
149,-0.000424224,-0.0804019942879677,0.345728679560125,
150,-0.000423712,0,0.345728679560125,
151,-0.0004232,-0.0804019942879677,0.341708578635007,
152,-0.000422688,-0.0804019942879677,0.337688477709889,
153,-0.000422176,-0.0804019942879677,0.341708578635007,
154,-0.000421664,0,0.341708578635007,
155,-0.000421152,0,0.345728679560125,
156,-0.00042064,-0.0804019942879677,0.341708578635007,
157,-0.000420128,0,0.341708578635007,
158,-0.000419616,-0.0804019942879677,0.345728679560125,
159,-0.000419104,-0.0804019942879677,0.341708578635007,
160,-0.000418592,-0.0804019942879677,0.337688477709889,
161,-0.00041808,-0.0804019942879677,0.341708578635007,
162,-0.000417568,-0.160803988575935,0.341708578635007,
163,-0.000417056,-0.0804019942879677,0.341708578635007,
164,-0.000416544,-0.0804019942879677,0.341708578635007,
165,-0.000416032,-0.0804019942879677,0.341708578635007,
166,-0.00041552,-0.0804019942879677,0.341708578635007,
167,-0.000415008,-0.0804019942879677,0.345728679560125,
168,-0.000414496,-0.0804019942879677,0.349748780485243,
169,-0.000413984,0,0.345728679560125,
170,-0.000413472,0,0.345728679560125,
171,-0.00041296,-0.0804019942879677,0.349748780485243,
172,-0.000412448,-0.0804019942879677,0.341708578635007,
173,-0.000411936,-0.0804019942879677,0.341708578635007,
174,-0.000411424,-0.0804019942879677,0.341708578635007,
175,-0.000410912,-0.0804019942879677,0.341708578635007,
176,-0.0004104,-0.0804019942879677,0.341708578635007,
177,-0.000409888,-0.0804019942879677,0.345728679560125,
178,-0.000409376,-0.0804019942879677,0.341708578635007,
179,-0.000408864,-0.0804019942879677,0.341708578635007,
180,-0.000408352,-0.0804019942879677,0.345728679560125,
181,-0.00040784,-0.0804019942879677,0.341708578635007,
182,-0.000407328,-0.0804019942879677,0.341708578635007,
183,-0.000406816,-0.160803988575935,0.345728679560125,
184,-0.000406304,-0.0804019942879677,0.341708578635007,
185,-0.000405792,-0.0804019942879677,0.341708578635007,
186,-0.00040528,-0.0804019942879677,0.337688477709889,
187,-0.000404768,-0.0804019942879677,0.345728679560125,
188,-0.000404256,-0.0804019942879677,0.341708578635007,
189,-0.000403744,-0.0804019942879677,0.341708578635007,
190,-0.000403232,-0.0804019942879677,0.349748780485243,
191,-0.00040272,-0.0804019942879677,0.341708578635007,
192,-0.000402208,-0.0804019942879677,0.337688477709889,
193,-0.000401696,-0.0804019942879677,0.341708578635007,
194,-0.000401184,-0.0804019942879677,0.341708578635007,
195,-0.000400672,-0.0804019942879677,0.341708578635007,
196,-0.00040016,-0.0804019942879677,0.341708578635007,
197,-0.000399648,0,0.341708578635007,
198,-0.000399136,-0.0804019942879677,0.341708578635007,
199,-0.000398624,-0.0804019942879677,0.345728679560125,
200,-0.000398112,-0.0804019942879677,0.341708578635007,
201,-0.0003976,0,0.341708578635007,
202,-0.000397088,-0.0804019942879677,0.341708578635007,
203,-0.000396576,-0.0804019942879677,0.345728679560125,
204,-0.000396064,-0.160803988575935,0.337688477709889,
205,-0.000395552,-0.0804019942879677,0.341708578635007,
206,-0.00039504,-0.0804019942879677,0.341708578635007,
207,-0.000394528,-0.0804019942879677,0.337688477709889,
208,-0.000394016,-0.0804019942879677,0.337688477709889,
209,-0.000393504,-0.0804019942879677,0.341708578635007,
210,-0.000392992,0,0.341708578635007,
211,-0.00039248,-0.0804019942879677,0.341708578635007,
212,-0.000391968,-0.0804019942879677,0.341708578635007,
213,-0.000391456,-0.0804019942879677,0.337688477709889,
214,-0.000390944,0,0.345728679560125,
215,-0.000390432,-0.0804019942879677,0.341708578635007,
216,-0.00038992,-0.0804019942879677,0.341708578635007,
217,-0.000389408,-0.0804019942879677,0.337688477709889,
218,-0.000388896,-0.0804019942879677,0.337688477709889,
219,-0.000388384,0,0.341708578635007,
220,-0.000387872,-0.0804019942879677,0.345728679560125,
221,-0.00038736,0,0.341708578635007,
222,-0.000386848,-0.0804019942879677,0.341708578635007,
223,-0.000386336,-0.0804019942879677,0.345728679560125,
224,-0.000385824,-0.0804019942879677,0.341708578635007,
225,-0.000385312,-0.0804019942879677,0.341708578635007,
226,-0.0003848,-0.0804019942879677,0.341708578635007,
227,-0.000384288,-0.0804019942879677,0.345728679560125,
228,-0.000383776,-0.160803988575935,0.341708578635007,
229,-0.000383264,-0.0804019942879677,0.337688477709889,
230,-0.000382752,-0.0804019942879677,0.341708578635007,
231,-0.00038224,-0.0804019942879677,0.337688477709889,
232,-0.000381728,-0.0804019942879677,0.341708578635007,
233,-0.000381216,-0.0804019942879677,0.341708578635007,
234,-0.000380704,0,0.337688477709889,
235,-0.000380192,-0.0804019942879677,0.345728679560125,
236,-0.00037968,-0.160803988575935,0.337688477709889,
237,-0.000379168,-0.0804019942879677,0.337688477709889,
238,-0.000378656,-0.0804019942879677,0.341708578635007,
239,-0.000378144,-0.0804019942879677,0.337688477709889,
240,-0.000377632,-0.0804019942879677,0.337688477709889,
241,-0.00037712,0,0.341708578635007,
242,-0.000376608,-0.0804019942879677,0.337688477709889,
243,-0.000376096,0,0.337688477709889,
244,-0.000375584,0,0.341708578635007,
245,-0.000375072,-0.0804019942879677,0.341708578635007,
246,-0.00037456,-0.0804019942879677,0.341708578635007,
247,-0.000374048,0,0.337688477709889,
248,-0.000373536,-0.0804019942879677,0.337688477709889,
249,-0.000373024,-0.0804019942879677,0.341708578635007,
250,-0.000372512,-0.0804019942879677,0.341708578635007,
251,-0.000372,-0.0804019942879677,0.341708578635007,
252,-0.000371488,0,0.337688477709889,
253,-0.000370976,-0.0804019942879677,0.341708578635007,
254,-0.000370464,0,0.345728679560125,
255,-0.000369952,-0.160803988575935,0.341708578635007,
256,-0.00036944,-0.0804019942879677,0.337688477709889,
257,-0.000368928,-0.0804019942879677,0.341708578635007,
258,-0.000368416,0,0.337688477709889,
259,-0.000367904,0,0.337688477709889,
260,-0.000367392,-0.0804019942879677,0.341708578635007,
261,-0.00036688,-0.0804019942879677,0.341708578635007,
262,-0.000366368,0,0.337688477709889,
263,-0.000365856,-0.0804019942879677,0.345728679560125,
264,-0.000365344,-0.0804019942879677,0.341708578635007,
265,-0.000364832,0,0.337688477709889,
266,-0.00036432,0,0.337688477709889,
267,-0.000363808,0,0.341708578635007,
268,-0.000363296,-0.0804019942879677,0.341708578635007,
269,-0.000362784,-0.0804019942879677,0.341708578635007,
270,-0.000362272,-0.0804019942879677,0.337688477709889,
271,-0.00036176,0,0.341708578635007,
272,-0.000361248,0,0.337688477709889,
273,-0.000360736,0,0.341708578635007,
274,-0.000360224,-0.0804019942879677,0.337688477709889,
275,-0.000359712,-0.0804019942879677,0.337688477709889,
276,-0.0003592,-0.0804019942879677,0.341708578635007,
277,-0.000358688,-0.0804019942879677,0.337688477709889,
278,-0.000358176,-0.0804019942879677,0.337688477709889,
279,-0.000357664,-0.160803988575935,0.341708578635007,
280,-0.000357152,-0.0804019942879677,0.337688477709889,
281,-0.00035664,-0.0804019942879677,0.341708578635007,
282,-0.000356128,0,0.341708578635007,
283,-0.000355616,0,0.341708578635007,
284,-0.000355104,-0.0804019942879677,0.337688477709889,
285,-0.000354592,-0.0804019942879677,0.341708578635007,
286,-0.00035408,-0.0804019942879677,0.341708578635007,
287,-0.000353568,-0.160803988575935,0.337688477709889,
288,-0.000353056,0,0.341708578635007,
289,-0.000352544,0,0.337688477709889,
290,-0.000352032,-0.0804019942879677,0.341708578635007,
291,-0.00035152,0,0.333668376784772,
292,-0.000351008,-0.160803988575935,0.341708578635007,
293,-0.000350496,-0.0804019942879677,0.337688477709889,
294,-0.000349984,-0.0804019942879677,0.337688477709889,
295,-0.000349472,-0.0804019942879677,0.333668376784772,
296,-0.00034896,-0.0804019942879677,0.345728679560125,
297,-0.000348448,-0.0804019942879677,0.333668376784772,
298,-0.000347936,-0.0804019942879677,0.337688477709889,
299,-0.000347424,-0.0804019942879677,0.337688477709889,
300,-0.000346912,-0.0804019942879677,0.337688477709889,
301,-0.0003464,-0.0804019942879677,0.341708578635007,
302,-0.000345888,-0.0804019942879677,0.337688477709889,
303,-0.000345376,-0.0804019942879677,0.333668376784772,
304,-0.000344864,-0.0804019942879677,0.337688477709889,
305,-0.000344352,-0.0804019942879677,0.341708578635007,
306,-0.00034384,-0.0804019942879677,0.333668376784772,
307,-0.000343328,-0.0804019942879677,0.337688477709889,
308,-0.000342816,-0.0804019942879677,0.337688477709889,
309,-0.000342304,-0.0804019942879677,0.337688477709889,
310,-0.000341792,-0.0804019942879677,0.337688477709889,
311,-0.00034128,-0.0804019942879677,0.345728679560125,
312,-0.000340768,-0.0804019942879677,0.341708578635007,
313,-0.000340256,-0.0804019942879677,0.341708578635007,
314,-0.000339744,-0.0804019942879677,0.345728679560125,
315,-0.000339232,-0.0804019942879677,0.337688477709889,
316,-0.00033872,0,0.337688477709889,
317,-0.000338208,0,0.341708578635007,
318,-0.000337696,-0.0804019942879677,0.337688477709889,
319,-0.000337184,0,0.341708578635007,
320,-0.000336672,0,0.341708578635007,
321,-0.00033616,-0.0804019942879677,0.337688477709889,
322,-0.000335648,-0.0804019942879677,0.337688477709889,
323,-0.000335136,-0.0804019942879677,0.337688477709889,
324,-0.000334624,-0.0804019942879677,0.341708578635007,
325,-0.000334112,-0.0804019942879677,0.333668376784772,
326,-0.0003336,0,0.337688477709889,
327,-0.000333088,-0.0804019942879677,0.337688477709889,
328,-0.000332576,0,0.337688477709889,
329,-0.000332064,-0.0804019942879677,0.341708578635007,
330,-0.000331552,-0.0804019942879677,0.333668376784772,
331,-0.00033104,-0.0804019942879677,0.337688477709889,
332,-0.000330528,-0.160803988575935,0.341708578635007,
333,-0.000330016,-0.0804019942879677,0.333668376784772,
334,-0.000329504,0,0.337688477709889,
335,-0.000328992,-0.0804019942879677,0.337688477709889,
336,-0.00032848,-0.0804019942879677,0.337688477709889,
337,-0.000327968,-0.0804019942879677,0.337688477709889,
338,-0.000327456,-0.0804019942879677,0.337688477709889,
339,-0.000326944,0,0.333668376784772,
340,-0.000326432,-0.0804019942879677,0.333668376784772,
341,-0.00032592,-0.0804019942879677,0.337688477709889,
342,-0.000325408,-0.0804019942879677,0.333668376784772,
343,-0.000324896,-0.0804019942879677,0.333668376784772,
344,-0.000324384,-0.0804019942879677,0.337688477709889,
345,-0.000323872,0,0.337688477709889,
346,-0.00032336,-0.160803988575935,0.333668376784772,
347,-0.000322848,-0.0804019942879677,0.333668376784772,
348,-0.000322336,-0.0804019942879677,0.337688477709889,
349,-0.000321824,-0.0804019942879677,0.337688477709889,
350,-0.000321312,-0.0804019942879677,0.337688477709889,
351,-0.0003208,-0.0804019942879677,0.337688477709889,
352,-0.000320288,-0.160803988575935,0.333668376784772,
353,-0.000319776,-0.0804019942879677,0.337688477709889,
354,-0.000319264,-0.0804019942879677,0.337688477709889,
355,-0.000318752,-0.0804019942879677,0.337688477709889,
356,-0.00031824,-0.0804019942879677,0.337688477709889,
357,-0.000317728,-0.160803988575935,0.333668376784772,
358,-0.000317216,-0.0804019942879677,0.333668376784772,
359,-0.000316704,-0.0804019942879677,0.333668376784772,
360,-0.000316192,-0.0804019942879677,0.337688477709889,
361,-0.00031568,-0.0804019942879677,0.337688477709889,
362,-0.000315168,-0.0804019942879677,0.337688477709889,
363,-0.000314656,-0.0804019942879677,0.341708578635007,
364,-0.000314144,-0.0804019942879677,0.333668376784772,
365,-0.000313632,-0.0804019942879677,0.333668376784772,
366,-0.00031312,-0.0804019942879677,0.337688477709889,
367,-0.000312608,-0.0804019942879677,0.337688477709889,
368,-0.000312096,-0.0804019942879677,0.333668376784772,
369,-0.000311584,-0.0804019942879677,0.337688477709889,
370,-0.000311072,0,0.337688477709889,
371,-0.00031056,-0.160803988575935,0.333668376784772,
372,-0.000310048,-0.0804019942879677,0.337688477709889,
373,-0.000309536,-0.0804019942879677,0.337688477709889,
374,-0.000309024,-0.0804019942879677,0.337688477709889,
375,-0.000308512,-0.0804019942879677,0.337688477709889,
376,-0.000308,-0.0804019942879677,0.337688477709889,
377,-0.000307488,-0.0804019942879677,0.333668376784772,
378,-0.000306976,0,0.341708578635007,
379,-0.000306464,-0.0804019942879677,0.333668376784772,
380,-0.000305952,-0.0804019942879677,0.333668376784772,
381,-0.00030544,-0.0804019942879677,0.333668376784772,
382,-0.000304928,-0.0804019942879677,0.337688477709889,
383,-0.000304416,-0.160803988575935,0.333668376784772,
384,-0.000303904,-0.0804019942879677,0.333668376784772,
385,-0.000303392,-0.160803988575935,0.341708578635007,
386,-0.00030288,-0.0804019942879677,0.329648275859654,
387,-0.000302368,-0.0804019942879677,0.333668376784772,
388,-0.000301856,-0.0804019942879677,0.333668376784772,
389,-0.000301344,0,0.337688477709889,
390,-0.000300832,-0.0804019942879677,0.333668376784772,
391,-0.00030032,-0.0804019942879677,0.333668376784772,
392,-0.000299808,-0.0804019942879677,0.337688477709889,
393,-0.000299296,0,0.333668376784772,
394,-0.000298784,-0.0804019942879677,0.333668376784772,
395,-0.000298272,0,0.341708578635007,
396,-0.00029776,0,0.329648275859654,
397,-0.000297248,0,0.333668376784772,
398,-0.000296736,-0.0804019942879677,0.337688477709889,
399,-0.000296224,-0.0804019942879677,0.333668376784772,
400,-0.000295712,-0.0804019942879677,0.333668376784772,
401,-0.0002952,-0.0804019942879677,0.337688477709889,
402,-0.000294688,-0.0804019942879677,0.333668376784772,
403,-0.000294176,0,0.329648275859654,
404,-0.000293664,0,0.333668376784772,
405,-0.000293152,-0.0804019942879677,0.333668376784772,
406,-0.00029264,-0.0804019942879677,0.325628174934536,
407,-0.000292128,0,0.333668376784772,
408,-0.000291616,0,0.337688477709889,
409,-0.000291104,0,0.337688477709889,
410,-0.000290592,-0.0804019942879677,0.333668376784772,
411,-0.00029008,0,0.337688477709889,
412,-0.000289568,-0.160803988575935,0.333668376784772,
413,-0.000289056,-0.0804019942879677,0.333668376784772,
414,-0.000288544,-0.0804019942879677,0.333668376784772,
415,-0.000288032,-0.0804019942879677,0.333668376784772,
416,-0.00028752,-0.0804019942879677,0.333668376784772,
417,-0.000287008,-0.0804019942879677,0.333668376784772,
418,-0.000286496,-0.0804019942879677,0.337688477709889,
419,-0.000285984,-0.0804019942879677,0.333668376784772,
420,-0.000285472,-0.0804019942879677,0.337688477709889,
421,-0.00028496,-0.0804019942879677,0.333668376784772,
422,-0.000284448,0,0.329648275859654,
423,-0.000283936,0,0.333668376784772,
424,-0.000283424,-0.160803988575935,0.333668376784772,
425,-0.000282912,-0.160803988575935,0.333668376784772,
426,-0.0002824,-0.160803988575935,0.333668376784772,
427,-0.000281888,-0.0804019942879677,0.333668376784772,
428,-0.000281376,-0.0804019942879677,0.329648275859654,
429,-0.000280864,-0.0804019942879677,0.333668376784772,
430,-0.000280352,-0.0804019942879677,0.333668376784772,
431,-0.00027984,-0.0804019942879677,0.329648275859654,
432,-0.000279328,-0.0804019942879677,0.333668376784772,
433,-0.000278816,-0.0804019942879677,0.341708578635007,
434,-0.000278304,-0.160803988575935,0.333668376784772,
435,-0.000277792,-0.0804019942879677,0.333668376784772,
436,-0.00027728,-0.0804019942879677,0.333668376784772,
437,-0.000276768,-0.0804019942879677,0.337688477709889,
438,-0.000276256,-0.160803988575935,0.333668376784772,
439,-0.000275744,-0.0804019942879677,0.333668376784772,
440,-0.000275232,-0.0804019942879677,0.329648275859654,
441,-0.00027472,-0.0804019942879677,0.329648275859654,
442,-0.000274208,-0.160803988575935,0.329648275859654,
443,-0.000273696,-0.0804019942879677,0.333668376784772,
444,-0.000273184,-0.0804019942879677,0.337688477709889,
445,-0.000272672,-0.0804019942879677,0.333668376784772,
446,-0.00027216,-0.0804019942879677,0.337688477709889,
447,-0.000271648,-0.0804019942879677,0.333668376784772,
448,-0.000271136,0,0.329648275859654,
449,-0.000270624,-0.0804019942879677,0.333668376784772,
450,-0.000270112,0,0.333668376784772,
451,-0.0002696,-0.0804019942879677,0.325628174934536,
452,-0.000269088,-0.160803988575935,0.333668376784772,
453,-0.000268576,-0.0804019942879677,0.337688477709889,
454,-0.000268064,-0.0804019942879677,0.333668376784772,
455,-0.000267552,-0.0804019942879677,0.329648275859654,
456,-0.00026704,0,0.337688477709889,
457,-0.000266528,-0.0804019942879677,0.329648275859654,
458,-0.000266016,0,0.333668376784772,
459,-0.000265504,-0.0804019942879677,0.337688477709889,
460,-0.000264992,-0.0804019942879677,0.333668376784772,
461,-0.00026448,-0.0804019942879677,0.333668376784772,
462,-0.000263968,-0.0804019942879677,0.333668376784772,
463,-0.000263456,-0.0804019942879677,0.329648275859654,
464,-0.000262944,-0.0804019942879677,0.329648275859654,
465,-0.000262432,-0.0804019942879677,0.333668376784772,
466,-0.00026192,-0.0804019942879677,0.329648275859654,
467,-0.000261408,-0.0804019942879677,0.329648275859654,
468,-0.000260896,-0.0804019942879677,0.325628174934536,
469,-0.000260384,-0.0804019942879677,0.333668376784772,
470,-0.000259872,-0.0804019942879677,0.329648275859654,
471,-0.00025936,0,0.333668376784772,
472,-0.000258848,-0.0804019942879677,0.333668376784772,
473,-0.000258336,-0.0804019942879677,0.329648275859654,
474,-0.000257824,-0.160803988575935,0.333668376784772,
475,-0.000257312,-0.0804019942879677,0.329648275859654,
476,-0.0002568,-0.0804019942879677,0.329648275859654,
477,-0.000256288,-0.160803988575935,0.333668376784772,
478,-0.000255776,-0.0804019942879677,0.337688477709889,
479,-0.000255264,-0.0804019942879677,0.333668376784772,
480,-0.000254752,-0.0804019942879677,0.333668376784772,
481,-0.00025424,-0.0804019942879677,0.329648275859654,
482,-0.000253728,-0.0804019942879677,0.329648275859654,
483,-0.000253216,-0.0804019942879677,0.329648275859654,
484,-0.000252704,-0.0804019942879677,0.337688477709889,
485,-0.000252192,0,0.329648275859654,
486,-0.00025168,-0.0804019942879677,0.325628174934536,
487,-0.000251168,-0.0804019942879677,0.333668376784772,
488,-0.000250656,-0.0804019942879677,0.337688477709889,
489,-0.000250144,-0.0804019942879677,0.329648275859654,
490,-0.000249632,-0.0804019942879677,0.329648275859654,
491,-0.00024912,-0.0804019942879677,0.333668376784772,
492,-0.000248608,-0.0804019942879677,0.329648275859654,
493,-0.000248096,-0.0804019942879677,0.325628174934536,
494,-0.000247584,-0.0804019942879677,0.329648275859654,
495,-0.000247072,-0.0804019942879677,0.333668376784772,
496,-0.00024656,0,0.325628174934536,
497,-0.000246048,-0.0804019942879677,0.329648275859654,
498,-0.000245536,-0.0804019942879677,0.329648275859654,
499,-0.000245024,-0.0804019942879677,0.325628174934536,
500,-0.000244512,-0.0804019942879677,0.333668376784772,
501,-0.000244,-0.0804019942879677,0.329648275859654,
502,-0.000243488,-0.160803988575935,0.333668376784772,
503,-0.000242976,-0.0804019942879677,0.333668376784772,
504,-0.000242464,-0.0804019942879677,0.329648275859654,
505,-0.000241952,-0.0804019942879677,0.329648275859654,
506,-0.00024144,0,0.329648275859654,
507,-0.000240928,-0.0804019942879677,0.333668376784772,
508,-0.000240416,-0.0804019942879677,0.329648275859654,
509,-0.000239904,-0.0804019942879677,0.329648275859654,
510,-0.000239392,-0.0804019942879677,0.333668376784772,
511,-0.00023888,-0.160803988575935,0.333668376784772,
512,-0.000238368,-0.0804019942879677,0.325628174934536,
513,-0.000237856,-0.0804019942879677,0.329648275859654,
514,-0.000237344,-0.0804019942879677,0.325628174934536,
515,-0.000236832,-0.0804019942879677,0.333668376784772,
516,-0.00023632,-0.0804019942879677,0.325628174934536,
517,-0.000235808,0,0.329648275859654,
518,-0.000235296,-0.160803988575935,0.333668376784772,
519,-0.000234784,-0.0804019942879677,0.329648275859654,
520,-0.000234272,-0.0804019942879677,0.329648275859654,
521,-0.00023376,-0.0804019942879677,0.329648275859654,
522,-0.000233248,-0.160803988575935,0.329648275859654,
523,-0.000232736,-0.0804019942879677,0.329648275859654,
524,-0.000232224,-0.0804019942879677,0.333668376784772,
525,-0.000231712,0,0.329648275859654,
526,-0.0002312,-0.0804019942879677,0.329648275859654,
527,-0.000230688,-0.0804019942879677,0.333668376784772,
528,-0.000230176,-0.0804019942879677,0.333668376784772,
529,-0.000229664,0,0.329648275859654,
530,-0.000229152,-0.0804019942879677,0.329648275859654,
531,-0.00022864,-0.0804019942879677,0.329648275859654,
532,-0.000228128,0,0.325628174934536,
533,-0.000227616,-0.0804019942879677,0.325628174934536,
534,-0.000227104,0,0.329648275859654,
535,-0.000226592,-0.0804019942879677,0.333668376784772,
536,-0.00022608,-0.0804019942879677,0.333668376784772,
537,-0.000225568,-0.0804019942879677,0.329648275859654,
538,-0.000225056,-0.0804019942879677,0.329648275859654,
539,-0.000224544,0,0.329648275859654,
540,-0.000224032,0,0.325628174934536,
541,-0.00022352,-0.0804019942879677,0.329648275859654,
542,-0.000223008,-0.0804019942879677,0.333668376784772,
543,-0.000222496,-0.0804019942879677,0.329648275859654,
544,-0.000221984,-0.0804019942879677,0.325628174934536,
545,-0.000221472,-0.0804019942879677,0.329648275859654,
546,-0.00022096,-0.0804019942879677,0.333668376784772,
547,-0.000220448,-0.0804019942879677,0.329648275859654,
548,-0.000219936,-0.0804019942879677,0.329648275859654,
549,-0.000219424,0,0.333668376784772,
550,-0.000218912,-0.0804019942879677,0.325628174934536,
551,-0.0002184,-0.0804019942879677,0.329648275859654,
552,-0.000217888,-0.0804019942879677,0.329648275859654,
553,-0.000217376,-0.0804019942879677,0.329648275859654,
554,-0.000216864,-0.0804019942879677,0.325628174934536,
555,-0.000216352,-0.0804019942879677,0.325628174934536,
556,-0.00021584,-0.0804019942879677,0.325628174934536,
557,-0.000215328,-0.0804019942879677,0.329648275859654,
558,-0.000214816,-0.0804019942879677,0.325628174934536,
559,-0.000214304,-0.0804019942879677,0.329648275859654,
560,-0.000213792,-0.0804019942879677,0.333668376784772,
561,-0.00021328,-0.0804019942879677,0.329648275859654,
562,-0.000212768,-0.0804019942879677,0.329648275859654,
563,-0.000212256,-0.0804019942879677,0.329648275859654,
564,-0.000211744,-0.0804019942879677,0.325628174934536,
565,-0.000211232,-0.0804019942879677,0.329648275859654,
566,-0.00021072,0,0.329648275859654,
567,-0.000210208,-0.0804019942879677,0.329648275859654,
568,-0.000209696,-0.0804019942879677,0.325628174934536,
569,-0.000209184,-0.0804019942879677,0.329648275859654,
570,-0.000208672,-0.0804019942879677,0.329648275859654,
571,-0.00020816,-0.0804019942879677,0.329648275859654,
572,-0.000207648,0,0.329648275859654,
573,-0.000207136,-0.0804019942879677,0.325628174934536,
574,-0.000206624,-0.0804019942879677,0.329648275859654,
575,-0.000206112,-0.0804019942879677,0.329648275859654,
576,-0.0002056,0,0.333668376784772,
577,-0.000205088,-0.0804019942879677,0.329648275859654,
578,-0.000204576,-0.0804019942879677,0.329648275859654,
579,-0.000204064,-0.0804019942879677,0.333668376784772,
580,-0.000203552,0,0.329648275859654,
581,-0.00020304,-0.0804019942879677,0.329648275859654,
582,-0.000202528,-0.160803988575935,0.325628174934536,
583,-0.000202016,0,0.329648275859654,
584,-0.000201504,-0.0804019942879677,0.329648275859654,
585,-0.000200992,0,0.325628174934536,
586,-0.00020048,-0.0804019942879677,0.329648275859654,
587,-0.000199968,-0.0804019942879677,0.329648275859654,
588,-0.000199456,-0.0804019942879677,0.325628174934536,
589,-0.000198944,0,0.329648275859654,
590,-0.000198432,0,0.329648275859654,
591,-0.00019792,-0.160803988575935,0.325628174934536,
592,-0.000197408,-0.0804019942879677,0.329648275859654,
593,-0.000196896,-0.0804019942879677,0.325628174934536,
594,-0.000196384,-0.0804019942879677,0.325628174934536,
595,-0.000195872,-0.0804019942879677,0.325628174934536,
596,-0.00019536,0,0.321608074009418,
597,-0.000194848,0,0.329648275859654,
598,-0.000194336,-0.0804019942879677,0.325628174934536,
599,-0.000193824,-0.0804019942879677,0.329648275859654,
600,-0.000193312,-0.0804019942879677,0.329648275859654,
601,-0.0001928,-0.0804019942879677,0.325628174934536,
602,-0.000192288,0,0.325628174934536,
603,-0.000191776,-0.0804019942879677,0.329648275859654,
604,-0.000191264,-0.0804019942879677,0.329648275859654,
605,-0.000190752,-0.0804019942879677,0.329648275859654,
606,-0.00019024,-0.0804019942879677,0.325628174934536,
607,-0.000189728,0,0.329648275859654,
608,-0.000189216,0,0.325628174934536,
609,-0.000188704,-0.0804019942879677,0.325628174934536,
610,-0.000188192,-0.0804019942879677,0.325628174934536,
611,-0.00018768,-0.0804019942879677,0.329648275859654,
612,-0.000187168,0,0.325628174934536,
613,-0.000186656,-0.0804019942879677,0.325628174934536,
614,-0.000186144,-0.0804019942879677,0.329648275859654,
615,-0.000185632,-0.0804019942879677,0.325628174934536,
616,-0.00018512,-0.0804019942879677,0.325628174934536,
617,-0.000184608,-0.0804019942879677,0.329648275859654,
618,-0.000184096,-0.0804019942879677,0.325628174934536,
619,-0.000183584,-0.0804019942879677,0.329648275859654,
620,-0.000183072,-0.0804019942879677,0.329648275859654,
621,-0.00018256,-0.0804019942879677,0.329648275859654,
622,-0.000182048,-0.0804019942879677,0.321608074009418,
623,-0.000181536,-0.0804019942879677,0.325628174934536,
624,-0.000181024,-0.0804019942879677,0.329648275859654,
625,-0.000180512,-0.0804019942879677,0.321608074009418,
626,-0.00018,-0.0804019942879677,0.325628174934536,
627,-0.000179488,0,0.321608074009418,
628,-0.000178976,0,0.321608074009418,
629,-0.000178464,-0.0804019942879677,0.329648275859654,
630,-0.000177952,-0.0804019942879677,0.325628174934536,
631,-0.00017744,-0.0804019942879677,0.329648275859654,
632,-0.000176928,-0.0804019942879677,0.325628174934536,
633,-0.000176416,-0.0804019942879677,0.321608074009418,
634,-0.000175904,-0.160803988575935,0.325628174934536,
635,-0.000175392,-0.0804019942879677,0.325628174934536,
636,-0.00017488,-0.0804019942879677,0.321608074009418,
637,-0.000174368,-0.0804019942879677,0.329648275859654,
638,-0.000173856,-0.0804019942879677,0.325628174934536,
639,-0.000173344,0,0.325628174934536,
640,-0.000172832,-0.0804019942879677,0.321608074009418,
641,-0.00017232,-0.0804019942879677,0.329648275859654,
642,-0.000171808,-0.0804019942879677,0.325628174934536,
643,-0.000171296,-0.0804019942879677,0.325628174934536,
644,-0.000170784,0,0.321608074009418,
645,-0.000170272,-0.0804019942879677,0.325628174934536,
646,-0.00016976,-0.160803988575935,0.321608074009418,
647,-0.000169248,0,0.321608074009418,
648,-0.000168736,-0.0804019942879677,0.325628174934536,
649,-0.000168224,0,0.325628174934536,
650,-0.000167712,-0.0804019942879677,0.325628174934536,
651,-0.0001672,-0.0804019942879677,0.321608074009418,
652,-0.000166688,0,0.325628174934536,
653,-0.000166176,-0.0804019942879677,0.321608074009418,
654,-0.000165664,0,0.321608074009418,
655,-0.000165152,-0.0804019942879677,0.325628174934536,
656,-0.00016464,-0.0804019942879677,0.329648275859654,
657,-0.000164128,-0.241205982863903,0.329648275859654,
658,-0.000163616,-0.0804019942879677,0.321608074009418,
659,-0.000163104,-0.0804019942879677,0.321608074009418,
660,-0.000162592,-0.0804019942879677,0.321608074009418,
661,-0.00016208,-0.0804019942879677,0.321608074009418,
662,-0.000161568,0,0.321608074009418,
663,-0.000161056,-0.0804019942879677,0.321608074009418,
664,-0.000160544,0,0.325628174934536,
665,-0.000160032,-0.0804019942879677,0.325628174934536,
666,-0.00015952,-0.0804019942879677,0.321608074009418,
667,-0.000159008,-0.0804019942879677,0.325628174934536,
668,-0.000158496,-0.0804019942879677,0.325628174934536,
669,-0.000157984,-0.0804019942879677,0.325628174934536,
670,-0.000157472,-0.0804019942879677,0.321608074009418,
671,-0.00015696,-0.0804019942879677,0.329648275859654,
672,-0.000156448,-0.0804019942879677,0.325628174934536,
673,-0.000155936,0,0.329648275859654,
674,-0.000155424,-0.0804019942879677,0.325628174934536,
675,-0.000154912,-0.0804019942879677,0.329648275859654,
676,-0.0001544,-0.0804019942879677,0.325628174934536,
677,-0.000153888,-0.0804019942879677,0.321608074009418,
678,-0.000153376,0,0.325628174934536,
679,-0.000152864,-0.0804019942879677,0.325628174934536,
680,-0.000152352,-0.0804019942879677,0.321608074009418,
681,-0.00015184,0,0.325628174934536,
682,-0.000151328,-0.0804019942879677,0.325628174934536,
683,-0.000150816,0,0.321608074009418,
684,-0.000150304,-0.0804019942879677,0.325628174934536,
685,-0.000149792,-0.0804019942879677,0.321608074009418,
686,-0.00014928,-0.0804019942879677,0.321608074009418,
687,-0.000148768,-0.0804019942879677,0.321608074009418,
688,-0.000148256,-0.0804019942879677,0.321608074009418,
689,-0.000147744,-0.0804019942879677,0.321608074009418,
690,-0.000147232,-0.0804019942879677,0.325628174934536,
691,-0.00014672,0,0.325628174934536,
692,-0.000146208,-0.0804019942879677,0.321608074009418,
693,-0.000145696,0,0.321608074009418,
694,-0.000145184,-0.0804019942879677,0.321608074009418,
695,-0.000144672,-0.0804019942879677,0.329648275859654,
696,-0.00014416,-0.0804019942879677,0.325628174934536,
697,-0.000143648,-0.0804019942879677,0.325628174934536,
698,-0.000143136,-0.0804019942879677,0.321608074009418,
699,-0.000142624,-0.0804019942879677,0.321608074009418,
700,-0.000142112,0,0.321608074009418,
701,-0.0001416,-0.160803988575935,0.325628174934536,
702,-0.000141088,-0.0804019942879677,0.325628174934536,
703,-0.000140576,0,0.325628174934536,
704,-0.000140064,-0.0804019942879677,0.325628174934536,
705,-0.000139552,-0.0804019942879677,0.321608074009418,
706,-0.00013904,-0.0804019942879677,0.321608074009418,
707,-0.000138528,-0.0804019942879677,0.329648275859654,
708,-0.000138016,-0.160803988575935,0.325628174934536,
709,-0.000137504,-0.0804019942879677,0.321608074009418,
710,-0.000136992,-0.0804019942879677,0.325628174934536,
711,-0.00013648,0,0.325628174934536,
712,-0.000135968,-0.0804019942879677,0.325628174934536,
713,-0.000135456,-0.0804019942879677,0.325628174934536,
714,-0.000134944,-0.0804019942879677,0.321608074009418,
715,-0.000134432,-0.0804019942879677,0.325628174934536,
716,-0.00013392,-0.0804019942879677,0.325628174934536,
717,-0.000133408,-0.0804019942879677,0.325628174934536,
718,-0.000132896,-0.0804019942879677,0.321608074009418,
719,-0.000132384,-0.0804019942879677,0.321608074009418,
720,-0.000131872,-0.0804019942879677,0.321608074009418,
721,-0.00013136,-0.0804019942879677,0.325628174934536,
722,-0.000130848,-0.0804019942879677,0.321608074009418,
723,-0.000130336,-0.0804019942879677,0.321608074009418,
724,-0.000129824,-0.0804019942879677,0.321608074009418,
725,-0.000129312,-0.0804019942879677,0.329648275859654,
726,-0.0001288,-0.0804019942879677,0.317587973084301,
727,-0.000128288,0,0.325628174934536,
728,-0.000127776,-0.0804019942879677,0.325628174934536,
729,-0.000127264,-0.0804019942879677,0.321608074009418,
730,-0.000126752,-0.0804019942879677,0.321608074009418,
731,-0.00012624,-0.0804019942879677,0.325628174934536,
732,-0.000125728,-0.0804019942879677,0.321608074009418,
733,-0.000125216,-0.160803988575935,0.321608074009418,
734,-0.000124704,-0.0804019942879677,0.321608074009418,
735,-0.000124192,-0.0804019942879677,0.321608074009418,
736,-0.00012368,-0.160803988575935,0.329648275859654,
737,-0.000123168,-0.0804019942879677,0.325628174934536,
738,-0.000122656,-0.0804019942879677,0.325628174934536,
739,-0.000122144,0,0.321608074009418,
740,-0.000121632,-0.0804019942879677,0.317587973084301,
741,-0.00012112,-0.0804019942879677,0.321608074009418,
742,-0.000120608,-0.0804019942879677,0.321608074009418,
743,-0.000120096,-0.0804019942879677,0.325628174934536,
744,-0.000119584,-0.0804019942879677,0.321608074009418,
745,-0.000119072,-0.0804019942879677,0.325628174934536,
746,-0.00011856,-0.0804019942879677,0.321608074009418,
747,-0.000118048,-0.0804019942879677,0.325628174934536,
748,-0.000117536,-0.0804019942879677,0.321608074009418,
749,-0.000117024,-0.0804019942879677,0.325628174934536,
750,-0.000116512,-0.0804019942879677,0.321608074009418,
751,-0.000116,-0.0804019942879677,0.325628174934536,
752,-0.000115488,-0.0804019942879677,0.325628174934536,
753,-0.000114976,-0.160803988575935,0.321608074009418,
754,-0.000114464,-0.0804019942879677,0.321608074009418,
755,-0.000113952,-0.0804019942879677,0.325628174934536,
756,-0.00011344,-0.0804019942879677,0.321608074009418,
757,-0.000112928,-0.160803988575935,0.325628174934536,
758,-0.000112416,-0.0804019942879677,0.325628174934536,
759,-0.000111904,-0.0804019942879677,0.317587973084301,
760,-0.000111392,-0.0804019942879677,0.321608074009418,
761,-0.00011088,-0.0804019942879677,0.321608074009418,
762,-0.000110368,-0.0804019942879677,0.321608074009418,
763,-0.000109856,-0.0804019942879677,0.321608074009418,
764,-0.000109344,-0.0804019942879677,0.321608074009418,
765,-0.000108832,-0.0804019942879677,0.321608074009418,
766,-0.00010832,-0.160803988575935,0.321608074009418,
767,-0.000107808,-0.0804019942879677,0.321608074009418,
768,-0.000107296,-0.0804019942879677,0.317587973084301,
769,-0.000106784,-0.0804019942879677,0.321608074009418,
770,-0.000106272,-0.0804019942879677,0.325628174934536,
771,-0.00010576,-0.0804019942879677,0.321608074009418,
772,-0.000105248,0,0.321608074009418,
773,-0.000104736,-0.0804019942879677,0.321608074009418,
774,-0.000104224,-0.0804019942879677,0.321608074009418,
775,-0.000103712,-0.0804019942879677,0.325628174934536,
776,-0.0001032,-0.0804019942879677,0.321608074009418,
777,-0.000102688,-0.0804019942879677,0.321608074009418,
778,-0.000102176,0,0.321608074009418,
779,-0.000101664,0,0.317587973084301,
780,-0.000101152,-0.0804019942879677,0.321608074009418,
781,-0.00010064,0,0.317587973084301,
782,-0.000100128,-0.160803988575935,0.321608074009418,
783,-9.9616E-05,-0.0804019942879677,0.325628174934536,
784,-9.9104E-05,-0.0804019942879677,0.317587973084301,
785,-9.8592E-05,0,0.317587973084301,
786,-9.808E-05,-0.0804019942879677,0.317587973084301,
787,-9.7568E-05,-0.0804019942879677,0.321608074009418,
788,-9.7056E-05,-0.0804019942879677,0.317587973084301,
789,-9.6544E-05,-0.0804019942879677,0.325628174934536,
790,-9.6032E-05,-0.0804019942879677,0.321608074009418,
791,-9.552E-05,-0.160803988575935,0.321608074009418,
792,-9.5008E-05,-0.160803988575935,0.321608074009418,
793,-9.4496E-05,-0.160803988575935,0.321608074009418,
794,-9.3984E-05,-0.0804019942879677,0.321608074009418,
795,-9.3472E-05,-0.0804019942879677,0.321608074009418,
796,-9.296E-05,-0.0804019942879677,0.317587973084301,
797,-9.2448E-05,-0.0804019942879677,0.317587973084301,
798,-9.1936E-05,-0.0804019942879677,0.321608074009418,
799,-9.1424E-05,-0.0804019942879677,0.321608074009418,
800,-9.0912E-05,-0.0804019942879677,0.321608074009418,
801,-9.04E-05,0,0.317587973084301,
802,-8.9888E-05,-0.0804019942879677,0.325628174934536,
803,-8.9376E-05,-0.0804019942879677,0.317587973084301,
804,-8.8864E-05,-0.0804019942879677,0.317587973084301,
805,-8.8352E-05,0,0.317587973084301,
806,-8.784E-05,-0.0804019942879677,0.321608074009418,
807,-8.7328E-05,-0.160803988575935,0.321608074009418,
808,-8.6816E-05,-0.0804019942879677,0.321608074009418,
809,-8.6304E-05,-0.0804019942879677,0.321608074009418,
810,-8.5792E-05,0,0.321608074009418,
811,-8.528E-05,-0.0804019942879677,0.317587973084301,
812,-8.4768E-05,-0.160803988575935,0.321608074009418,
813,-8.4256E-05,-0.0804019942879677,0.321608074009418,
814,-8.3744E-05,0,0.321608074009418,
815,-8.3232E-05,-0.0804019942879677,0.321608074009418,
816,-8.272E-05,-0.0804019942879677,0.317587973084301,
817,-8.2208E-05,-0.0804019942879677,0.321608074009418,
818,-8.1696E-05,-0.0804019942879677,0.321608074009418,
819,-8.1184E-05,-0.0804019942879677,0.321608074009418,
820,-8.0672E-05,0,0.317587973084301,
821,-8.016E-05,-0.0804019942879677,0.317587973084301,
822,-7.9648E-05,-0.160803988575935,0.321608074009418,
823,-7.9136E-05,-0.0804019942879677,0.317587973084301,
824,-7.8624E-05,-0.0804019942879677,0.317587973084301,
825,-7.8112E-05,-0.0804019942879677,0.325628174934536,
826,-7.76E-05,-0.0804019942879677,0.317587973084301,
827,-7.7088E-05,-0.0804019942879677,0.313567872159183,
828,-7.6576E-05,-0.0804019942879677,0.321608074009418,
829,-7.6064E-05,0,0.317587973084301,
830,-7.5552E-05,-0.0804019942879677,0.317587973084301,
831,-7.504E-05,-0.0804019942879677,0.321608074009418,
832,-7.4528E-05,-0.0804019942879677,0.321608074009418,
833,-7.4016E-05,0,0.321608074009418,
834,-7.3504E-05,-0.0804019942879677,0.317587973084301,
835,-7.2992E-05,-0.0804019942879677,0.321608074009418,
836,-7.248E-05,0,0.321608074009418,
837,-7.1968E-05,-0.0804019942879677,0.313567872159183,
838,-7.1456E-05,-0.0804019942879677,0.317587973084301,
839,-7.0944E-05,0,0.317587973084301,
840,-7.0432E-05,-0.0804019942879677,0.321608074009418,
841,-6.992E-05,-0.0804019942879677,0.313567872159183,
842,-6.9408E-05,0,0.317587973084301,
843,-6.8896E-05,-0.160803988575935,0.321608074009418,
844,-6.8384E-05,0,0.321608074009418,
845,-6.7872E-05,-0.0804019942879677,0.321608074009418,
846,-6.736E-05,-0.0804019942879677,0.317587973084301,
847,-6.6848E-05,-0.0804019942879677,0.321608074009418,
848,-6.6336E-05,-0.0804019942879677,0.317587973084301,
849,-6.5824E-05,-0.0804019942879677,0.317587973084301,
850,-6.5312E-05,-0.0804019942879677,0.321608074009418,
851,-6.48E-05,-0.0804019942879677,0.317587973084301,
852,-6.4288E-05,-0.0804019942879677,0.317587973084301,
853,-6.3776E-05,-0.0804019942879677,0.317587973084301,
854,-6.3264E-05,-0.0804019942879677,0.317587973084301,
855,-6.2752E-05,-0.0804019942879677,0.313567872159183,
856,-6.224E-05,-0.0804019942879677,0.317587973084301,
857,-6.1728E-05,-0.0804019942879677,0.321608074009418,
858,-6.1216E-05,0,0.321608074009418,
859,-6.0704E-05,-0.0804019942879677,0.317587973084301,
860,-6.0192E-05,-0.0804019942879677,0.321608074009418,
861,-5.968E-05,-0.0804019942879677,0.317587973084301,
862,-5.9168E-05,-0.0804019942879677,0.313567872159183,
863,-5.8656E-05,-0.0804019942879677,0.317587973084301,
864,-5.8144E-05,-0.0804019942879677,0.317587973084301,
865,-5.7632E-05,-0.0804019942879677,0.313567872159183,
866,-5.712E-05,-0.0804019942879677,0.317587973084301,
867,-5.6608E-05,-0.0804019942879677,0.321608074009418,
868,-5.6096E-05,-0.0804019942879677,0.317587973084301,
869,-5.5584E-05,-0.0804019942879677,0.317587973084301,
870,-5.5072E-05,0,0.321608074009418,
871,-5.456E-05,0,0.317587973084301,
872,-5.4048E-05,-0.0804019942879677,0.317587973084301,
873,-5.3536E-05,-0.0804019942879677,0.317587973084301,
874,-5.3024E-05,-0.0804019942879677,0.321608074009418,
875,-5.2512E-05,-0.0804019942879677,0.317587973084301,
876,-5.2E-05,-0.0804019942879677,0.317587973084301,
877,-5.1488E-05,-0.0804019942879677,0.317587973084301,
878,-5.0976E-05,0,0.313567872159183,
879,-5.0464E-05,-0.0804019942879677,0.321608074009418,
880,-4.9952E-05,-0.0804019942879677,0.317587973084301,
881,-4.944E-05,-0.0804019942879677,0.313567872159183,
882,-4.8928E-05,-0.0804019942879677,0.321608074009418,
883,-4.8416E-05,-0.0804019942879677,0.317587973084301,
884,-4.7904E-05,-0.0804019942879677,0.313567872159183,
885,-4.7392E-05,-0.0804019942879677,0.317587973084301,
886,-4.688E-05,-0.0804019942879677,0.313567872159183,
887,-4.6368E-05,-0.0804019942879677,0.317587973084301,
888,-4.5856E-05,-0.0804019942879677,0.313567872159183,
889,-4.5344E-05,0,0.317587973084301,
890,-4.4832E-05,-0.0804019942879677,0.309547771234065,
891,-4.432E-05,-0.0804019942879677,0.317587973084301,
892,-4.3808E-05,-0.0804019942879677,0.313567872159183,
893,-4.3296E-05,0,0.317587973084301,
894,-4.2784E-05,-0.0804019942879677,0.313567872159183,
895,-4.2272E-05,-0.0804019942879677,0.317587973084301,
896,-4.176E-05,0,0.317587973084301,
897,-4.1248E-05,-0.0804019942879677,0.313567872159183,
898,-4.0736E-05,-0.0804019942879677,0.321608074009418,
899,-4.0224E-05,0,0.317587973084301,
900,-3.9712E-05,0,0.317587973084301,
901,-3.92E-05,-0.0804019942879677,0.321608074009418,
902,-3.8688E-05,-0.0804019942879677,0.317587973084301,
903,-3.8176E-05,-0.0804019942879677,0.309547771234065,
904,-3.7664E-05,-0.0804019942879677,0.313567872159183,
905,-3.7152E-05,0,0.321608074009418,
906,-3.664E-05,-0.0804019942879677,0.317587973084301,
907,-3.6128E-05,0,0.313567872159183,
908,-3.5616E-05,-0.0804019942879677,0.313567872159183,
909,-3.5104E-05,0,0.317587973084301,
910,-3.4592E-05,0,0.309547771234065,
911,-3.408E-05,-0.160803988575935,0.317587973084301,
912,-3.3568E-05,-0.0804019942879677,0.313567872159183,
913,-3.3056E-05,-0.0804019942879677,0.317587973084301,
914,-3.2544E-05,-0.0804019942879677,0.313567872159183,
915,-3.2032E-05,-0.0804019942879677,0.317587973084301,
916,-3.152E-05,-0.0804019942879677,0.313567872159183,
917,-3.1008E-05,0,0.313567872159183,
918,-3.0496E-05,-0.0804019942879677,0.317587973084301,
919,-2.9984E-05,-0.0804019942879677,0.317587973084301,
920,-2.9472E-05,-0.0804019942879677,0.313567872159183,
921,-2.896E-05,-0.0804019942879677,0.317587973084301,
922,-2.8448E-05,-0.0804019942879677,0.317587973084301,
923,-2.7936E-05,-0.0804019942879677,0.313567872159183,
924,-2.7424E-05,0,0.317587973084301,
925,-2.6912E-05,-0.0804019942879677,0.317587973084301,
926,-2.64E-05,-0.0804019942879677,0.313567872159183,
927,-2.5888E-05,-0.0804019942879677,0.313567872159183,
928,-2.5376E-05,-0.0804019942879677,0.317587973084301,
929,-2.4864E-05,-0.0804019942879677,0.317587973084301,
930,-2.4352E-05,-0.0804019942879677,0.321608074009418,
931,-2.384E-05,-0.0804019942879677,0.313567872159183,
932,-2.3328E-05,0,0.313567872159183,
933,-2.2816E-05,-0.0804019942879677,0.313567872159183,
934,-2.2304E-05,-0.0804019942879677,0.317587973084301,
935,-2.1792E-05,0,0.313567872159183,
936,-2.128E-05,-0.0804019942879677,0.313567872159183,
937,-2.0768E-05,-0.0804019942879677,0.321608074009418,
938,-2.0256E-05,-0.0804019942879677,0.313567872159183,
939,-1.9744E-05,0,0.317587973084301,
940,-1.9232E-05,0,0.313567872159183,
941,-1.872E-05,-0.0804019942879677,0.317587973084301,
942,-1.8208E-05,-0.0804019942879677,0.313567872159183,
943,-1.7696E-05,0,0.313567872159183,
944,-1.7184E-05,-0.0804019942879677,0.313567872159183,
945,-1.6672E-05,-0.0804019942879677,0.313567872159183,
946,-1.616E-05,-0.0804019942879677,0.321608074009418,
947,-1.5648E-05,0,0.317587973084301,
948,-1.5136E-05,-0.0804019942879677,0.313567872159183,
949,-1.4624E-05,0,0.317587973084301,
950,-1.4112E-05,-0.0804019942879677,0.317587973084301,
951,-1.36E-05,-0.0804019942879677,0.309547771234065,
952,-1.3088E-05,-0.0804019942879677,0.313567872159183,
953,-1.2576E-05,-0.0804019942879677,0.313567872159183,
954,-1.2064E-05,0,0.313567872159183,
955,-1.1552E-05,-0.0804019942879677,0.309547771234065,
956,-1.104E-05,-0.0804019942879677,0.317587973084301,
957,-1.0528E-05,-0.0804019942879677,0.317587973084301,
958,-1.0016E-05,-0.0804019942879677,0.309547771234065,
959,-9.50400000000002E-06,-0.0804019942879677,0.313567872159183,
960,-8.99199999999998E-06,-0.0804019942879677,0.309547771234065,
961,-8.47999999999995E-06,-0.0804019942879677,0.317587973084301,
962,-7.96800000000002E-06,-0.0804019942879677,0.313567872159183,
963,-7.45599999999998E-06,-0.0804019942879677,0.313567872159183,
964,-6.94399999999994E-06,-0.0804019942879677,0.313567872159183,
965,-6.43200000000001E-06,-0.160803988575935,0.313567872159183,
966,-5.91999999999997E-06,-0.0804019942879677,0.313567872159183,
967,-5.40799999999993E-06,-0.0804019942879677,0.313567872159183,
968,-4.896E-06,-0.0804019942879677,0.317587973084301,
969,-4.38399999999996E-06,0,0.317587973084301,
970,-3.87200000000003E-06,-0.0804019942879677,0.317587973084301,
971,-3.35999999999999E-06,-0.0804019942879677,0.313567872159183,
972,-2.84799999999996E-06,-0.0804019942879677,0.317587973084301,
973,-2.33600000000003E-06,-0.0804019942879677,0.317587973084301,
974,-1.82399999999999E-06,-0.0804019942879677,0.309547771234065,
975,-1.31199999999995E-06,-0.0804019942879677,0.313567872159183,
976,-8.00000000000019E-07,-0.0804019942879677,0.313567872159183,
977,-2.87999999999981E-07,-0.0804019942879677,0.317587973084301,
978,2.24000000000057E-07,-0.160803988575935,0.313567872159183,
979,7.35999999999988E-07,-0.0804019942879677,0.313567872159183,
980,1.24800000000003E-06,-0.0804019942879677,0.309547771234065,
981,1.76000000000006E-06,-0.0804019942879677,0.313567872159183,
982,2.27199999999999E-06,-0.0804019942879677,0.313567872159183,
983,2.78400000000003E-06,-0.0804019942879677,0.309547771234065,
984,3.29600000000007E-06,-0.0804019942879677,0.313567872159183,
985,3.808E-06,-0.0804019942879677,0.313567872159183,
986,4.32000000000004E-06,-0.0804019942879677,0.317587973084301,
987,4.83199999999997E-06,-0.0804019942879677,0.313567872159183,
988,5.34400000000001E-06,-0.0804019942879677,0.313567872159183,
989,5.85600000000005E-06,-0.0804019942879677,0.313567872159183,
990,6.36799999999998E-06,-0.0804019942879677,0.313567872159183,
991,6.88000000000002E-06,-0.0804019942879677,0.309547771234065,
992,7.39200000000005E-06,-0.0804019942879677,0.313567872159183,
993,7.90399999999998E-06,-0.0804019942879677,0.309547771234065,
994,8.41600000000002E-06,-0.0804019942879677,0.313567872159183,
995,8.92800000000006E-06,-0.0804019942879677,0.313567872159183,
996,9.43999999999999E-06,-0.0804019942879677,0.313567872159183,
997,9.95200000000003E-06,-0.0804019942879677,0.313567872159183,
998,1.04640000000001E-05,0,0.317587973084301,
999,1.0976E-05,-0.0804019942879677,0.309547771234065,
1000,1.1488E-05,-0.0804019942879677,0.309547771234065,
1001,1.20000000000001E-05,0,0.313567872159183,
1002,1.2512E-05,-0.0804019942879677,0.309547771234065,
1003,1.3024E-05,-0.0804019942879677,0.309547771234065,
1004,1.3536E-05,-0.0804019942879677,0.309547771234065,
1005,1.4048E-05,-0.0804019942879677,0.313567872159183,
1006,1.45600000000001E-05,-0.0804019942879677,0.313567872159183,
1007,1.5072E-05,-0.0804019942879677,0.313567872159183,
1008,1.5584E-05,-0.0804019942879677,0.313567872159183,
1009,1.60960000000001E-05,0,0.313567872159183,
1010,1.6608E-05,-0.0804019942879677,0.313567872159183,
1011,1.712E-05,-0.0804019942879677,0.309547771234065,
1012,1.76320000000001E-05,-0.0804019942879677,0.313567872159183,
1013,1.8144E-05,-0.0804019942879677,0.309547771234065,
1014,1.8656E-05,-0.0804019942879677,0.309547771234065,
1015,1.91680000000001E-05,-0.0804019942879677,0.313567872159183,
1016,1.968E-05,-0.0804019942879677,0.313567872159183,
1017,2.0192E-05,0,0.313567872159183,
1018,2.0704E-05,-0.0804019942879677,0.313567872159183,
1019,2.1216E-05,-0.0804019942879677,0.313567872159183,
1020,2.1728E-05,-0.0804019942879677,0.313567872159183,
1021,2.224E-05,-0.0804019942879677,0.313567872159183,
1022,2.2752E-05,-0.0804019942879677,0.309547771234065,
1023,2.32640000000001E-05,-0.160803988575935,0.309547771234065,
1024,2.3776E-05,-0.0804019942879677,0.317587973084301,
1025,2.4288E-05,-0.0804019942879677,0.309547771234065,
1026,2.48000000000001E-05,-0.0804019942879677,0.317587973084301,
1027,2.5312E-05,-0.0804019942879677,0.313567872159183,
1028,2.5824E-05,-0.0804019942879677,0.309547771234065,
1029,2.63360000000001E-05,0,0.313567872159183,
1030,2.6848E-05,-0.0804019942879677,0.313567872159183,
1031,2.736E-05,-0.160803988575935,0.313567872159183,
1032,2.78720000000001E-05,-0.160803988575935,0.313567872159183,
1033,2.8384E-05,-0.0804019942879677,0.309547771234065,
1034,2.8896E-05,-0.0804019942879677,0.309547771234065,
1035,2.9408E-05,-0.0804019942879677,0.309547771234065,
1036,2.992E-05,-0.0804019942879677,0.309547771234065,
1037,3.04320000000001E-05,-0.0804019942879677,0.313567872159183,
1038,3.0944E-05,-0.0804019942879677,0.313567872159183,
1039,3.1456E-05,-0.0804019942879677,0.317587973084301,
1040,3.19680000000001E-05,-0.0804019942879677,0.309547771234065,
1041,3.248E-05,0,0.309547771234065,
1042,3.2992E-05,-0.0804019942879677,0.313567872159183,
1043,3.35040000000001E-05,-0.0804019942879677,0.313567872159183,
1044,3.4016E-05,-0.0804019942879677,0.313567872159183,
1045,3.4528E-05,-0.0804019942879677,0.309547771234065,
1046,3.50400000000001E-05,-0.0804019942879677,0.309547771234065,
1047,3.5552E-05,-0.0804019942879677,0.313567872159183,
1048,3.6064E-05,-0.0804019942879677,0.313567872159183,
1049,3.6576E-05,-0.160803988575935,0.309547771234065,
1050,3.7088E-05,-0.0804019942879677,0.309547771234065,
1051,3.76E-05,0,0.313567872159183,
1052,3.8112E-05,0,0.309547771234065,
1053,3.8624E-05,-0.0804019942879677,0.309547771234065,
1054,3.91360000000001E-05,-0.0804019942879677,0.313567872159183,
1055,3.9648E-05,0,0.313567872159183,
1056,4.016E-05,0,0.309547771234065,
1057,4.06720000000001E-05,-0.0804019942879677,0.309547771234065,
1058,4.1184E-05,-0.0804019942879677,0.313567872159183,
1059,4.1696E-05,-0.0804019942879677,0.309547771234065,
1060,4.22080000000001E-05,-0.0804019942879677,0.309547771234065,
1061,4.272E-05,-0.0804019942879677,0.309547771234065,
1062,4.3232E-05,0,0.309547771234065,
1063,4.37440000000001E-05,-0.0804019942879677,0.309547771234065,
1064,4.4256E-05,-0.0804019942879677,0.313567872159183,
1065,4.4768E-05,-0.0804019942879677,0.313567872159183,
1066,4.528E-05,-0.0804019942879677,0.313567872159183,
1067,4.5792E-05,-0.0804019942879677,0.309547771234065,
1068,4.63040000000001E-05,-0.0804019942879677,0.313567872159183,
1069,4.6816E-05,-0.0804019942879677,0.313567872159183,
1070,4.7328E-05,0,0.317587973084301,
1071,4.78400000000001E-05,-0.0804019942879677,0.313567872159183,
1072,4.8352E-05,-0.0804019942879677,0.313567872159183,
1073,4.8864E-05,0,0.305527670308948,
1074,4.93760000000001E-05,-0.0804019942879677,0.309547771234065,
1075,4.9888E-05,0,0.313567872159183,
1076,5.04E-05,-0.0804019942879677,0.309547771234065,
1077,5.09120000000001E-05,-0.0804019942879677,0.309547771234065,
1078,5.1424E-05,-0.0804019942879677,0.309547771234065,
1079,5.1936E-05,0,0.313567872159183,
1080,5.24480000000001E-05,-0.0804019942879677,0.309547771234065,
1081,5.296E-05,-0.0804019942879677,0.305527670308948,
1082,5.3472E-05,0,0.313567872159183,
1083,5.3984E-05,0,0.305527670308948,
1084,5.4496E-05,-0.0804019942879677,0.309547771234065,
1085,5.50080000000001E-05,-0.0804019942879677,0.309547771234065,
1086,5.552E-05,-0.0804019942879677,0.309547771234065,
1087,5.6032E-05,-0.0804019942879677,0.309547771234065,
1088,5.65440000000001E-05,-0.0804019942879677,0.309547771234065,
1089,5.7056E-05,-0.0804019942879677,0.309547771234065,
1090,5.7568E-05,-0.0804019942879677,0.313567872159183,
1091,5.80800000000001E-05,-0.0804019942879677,0.313567872159183,
1092,5.8592E-05,0,0.313567872159183,
1093,5.9104E-05,-0.160803988575935,0.305527670308948,
1094,5.96160000000001E-05,-0.0804019942879677,0.309547771234065,
1095,6.0128E-05,-0.0804019942879677,0.309547771234065,
1096,6.064E-05,0,0.313567872159183,
1097,6.1152E-05,-0.0804019942879677,0.309547771234065,
1098,6.1664E-05,-0.0804019942879677,0.309547771234065,
1099,6.21760000000001E-05,-0.0804019942879677,0.309547771234065,
1100,6.2688E-05,-0.0804019942879677,0.309547771234065,
1101,6.32E-05,-0.0804019942879677,0.313567872159183,
1102,6.37120000000001E-05,0,0.305527670308948,
1103,6.4224E-05,-0.0804019942879677,0.313567872159183,
1104,6.4736E-05,-0.0804019942879677,0.313567872159183,
1105,6.52480000000001E-05,-0.0804019942879677,0.313567872159183,
1106,6.576E-05,-0.0804019942879677,0.305527670308948,
1107,6.6272E-05,-0.0804019942879677,0.309547771234065,
1108,6.67840000000001E-05,-0.0804019942879677,0.309547771234065,
1109,6.7296E-05,-0.0804019942879677,0.309547771234065,
1110,6.7808E-05,-0.0804019942879677,0.313567872159183,
1111,6.83200000000001E-05,-0.0804019942879677,0.313567872159183,
1112,6.8832E-05,-0.0804019942879677,0.309547771234065,
1113,6.9344E-05,-0.0804019942879677,0.305527670308948,
1114,6.9856E-05,-0.0804019942879677,0.309547771234065,
1115,7.0368E-05,0,0.305527670308948,
1116,7.08800000000001E-05,0,0.309547771234065,
1117,7.1392E-05,-0.0804019942879677,0.313567872159183,
1118,7.1904E-05,-0.0804019942879677,0.309547771234065,
1119,7.24160000000001E-05,-0.0804019942879677,0.309547771234065,
1120,7.2928E-05,-0.0804019942879677,0.309547771234065,
1121,7.344E-05,-0.0804019942879677,0.309547771234065,
1122,7.39520000000001E-05,-0.0804019942879677,0.309547771234065,
1123,7.4464E-05,-0.0804019942879677,0.309547771234065,
1124,7.4976E-05,-0.160803988575935,0.309547771234065,
1125,7.54880000000001E-05,-0.160803988575935,0.309547771234065,
1126,7.6E-05,-0.0804019942879677,0.313567872159183,
1127,7.6512E-05,-0.0804019942879677,0.309547771234065,
1128,7.7024E-05,-0.0804019942879677,0.305527670308948,
1129,7.7536E-05,-0.0804019942879677,0.309547771234065,
1130,7.80480000000001E-05,-0.0804019942879677,0.309547771234065,
1131,7.856E-05,-0.0804019942879677,0.309547771234065,
1132,7.9072E-05,0,0.305527670308948,
1133,7.95840000000001E-05,-0.160803988575935,0.309547771234065,
1134,8.0096E-05,-0.0804019942879677,0.309547771234065,
1135,8.0608E-05,-0.0804019942879677,0.305527670308948,
1136,8.11200000000001E-05,-0.0804019942879677,0.309547771234065,
1137,8.1632E-05,-0.160803988575935,0.305527670308948,
1138,8.2144E-05,-0.0804019942879677,0.305527670308948,
1139,8.26560000000001E-05,-0.0804019942879677,0.313567872159183,
1140,8.3168E-05,0,0.305527670308948,
1141,8.368E-05,-0.0804019942879677,0.305527670308948,
1142,8.41920000000001E-05,-0.160803988575935,0.309547771234065,
1143,8.4704E-05,-0.0804019942879677,0.309547771234065,
1144,8.5216E-05,-0.0804019942879677,0.305527670308948,
1145,8.5728E-05,-0.0804019942879677,0.309547771234065,
1146,8.624E-05,-0.0804019942879677,0.305527670308948,
1147,8.67520000000001E-05,-0.0804019942879677,0.309547771234065,
1148,8.7264E-05,-0.0804019942879677,0.305527670308948,
1149,8.7776E-05,-0.0804019942879677,0.313567872159183,
1150,8.82880000000001E-05,0,0.305527670308948,
1151,8.88E-05,-0.0804019942879677,0.309547771234065,
1152,8.9312E-05,0,0.313567872159183,
1153,8.98240000000001E-05,-0.0804019942879677,0.305527670308948,
1154,9.0336E-05,-0.0804019942879677,0.305527670308948,
1155,9.0848E-05,-0.0804019942879677,0.305527670308948,
1156,9.13600000000001E-05,-0.0804019942879677,0.309547771234065,
1157,9.1872E-05,-0.0804019942879677,0.309547771234065,
1158,9.2384E-05,0,0.309547771234065,
1159,9.2896E-05,-0.0804019942879677,0.309547771234065,
1160,9.3408E-05,-0.0804019942879677,0.305527670308948,
1161,9.392E-05,0,0.305527670308948,
1162,9.4432E-05,0,0.309547771234065,
1163,9.4944E-05,-0.0804019942879677,0.305527670308948,
1164,9.54560000000001E-05,-0.0804019942879677,0.305527670308948,
1165,9.5968E-05,-0.0804019942879677,0.305527670308948,
1166,9.648E-05,-0.0804019942879677,0.305527670308948,
1167,9.69920000000001E-05,-0.0804019942879677,0.309547771234065,
1168,9.7504E-05,-0.0804019942879677,0.309547771234065,
1169,9.8016E-05,-0.160803988575935,0.305527670308948,
1170,9.85280000000001E-05,0,0.309547771234065,
1171,9.904E-05,-0.0804019942879677,0.30150756938383,
1172,9.9552E-05,0,0.309547771234065,
1173,0.000100064,-0.0804019942879677,0.305527670308948,
1174,0.000100576,-0.0804019942879677,0.305527670308948,
1175,0.000101088,-0.160803988575935,0.305527670308948,
1176,0.0001016,-0.0804019942879677,0.309547771234065,
1177,0.000102112,-0.0804019942879677,0.305527670308948,
1178,0.000102624,-0.0804019942879677,0.305527670308948,
1179,0.000103136,-0.0804019942879677,0.309547771234065,
1180,0.000103648,-0.160803988575935,0.309547771234065,
1181,0.00010416,0,0.305527670308948,
1182,0.000104672,-0.0804019942879677,0.309547771234065,
1183,0.000105184,-0.0804019942879677,0.305527670308948,
1184,0.000105696,-0.160803988575935,0.305527670308948,
1185,0.000106208,-0.0804019942879677,0.305527670308948,
1186,0.00010672,-0.0804019942879677,0.305527670308948,
1187,0.000107232,-0.0804019942879677,0.305527670308948,
1188,0.000107744,0,0.309547771234065,
1189,0.000108256,-0.0804019942879677,0.305527670308948,
1190,0.000108768,-0.0804019942879677,0.305527670308948,
1191,0.00010928,0,0.305527670308948,
1192,0.000109792,-0.0804019942879677,0.309547771234065,
1193,0.000110304,-0.0804019942879677,0.30150756938383,
1194,0.000110816,-0.160803988575935,0.305527670308948,
1195,0.000111328,-0.0804019942879677,0.305527670308948,
1196,0.00011184,-0.0804019942879677,0.305527670308948,
1197,0.000112352,-0.0804019942879677,0.305527670308948,
1198,0.000112864,0,0.313567872159183,
1199,0.000113376,-0.160803988575935,0.30150756938383,
1200,0.000113888,-0.0804019942879677,0.305527670308948,
1201,0.0001144,-0.0804019942879677,0.305527670308948,
1202,0.000114912,-0.0804019942879677,0.30150756938383,
1203,0.000115424,-0.0804019942879677,0.305527670308948,
1204,0.000115936,-0.0804019942879677,0.309547771234065,
1205,0.000116448,-0.0804019942879677,0.305527670308948,
1206,0.00011696,-0.0804019942879677,0.305527670308948,
1207,0.000117472,-0.0804019942879677,0.30150756938383,
1208,0.000117984,-0.0804019942879677,0.309547771234065,
1209,0.000118496,0,0.305527670308948,
1210,0.000119008,-0.0804019942879677,0.305527670308948,
1211,0.00011952,-0.0804019942879677,0.305527670308948,
1212,0.000120032,-0.0804019942879677,0.305527670308948,
1213,0.000120544,-0.0804019942879677,0.309547771234065,
1214,0.000121056,-0.0804019942879677,0.305527670308948,
1215,0.000121568,0,0.30150756938383,
1216,0.00012208,-0.0804019942879677,0.30150756938383,
1217,0.000122592,-0.160803988575935,0.305527670308948,
1218,0.000123104,-0.0804019942879677,0.305527670308948,
1219,0.000123616,-0.0804019942879677,0.305527670308948,
1220,0.000124128,-0.0804019942879677,0.305527670308948,
1221,0.00012464,-0.0804019942879677,0.305527670308948,
1222,0.000125152,-0.0804019942879677,0.309547771234065,
1223,0.000125664,-0.0804019942879677,0.309547771234065,
1224,0.000126176,-0.0804019942879677,0.305527670308948,
1225,0.000126688,-0.0804019942879677,0.309547771234065,
1226,0.0001272,-0.0804019942879677,0.309547771234065,
1227,0.000127712,-0.0804019942879677,0.305527670308948,
1228,0.000128224,-0.0804019942879677,0.30150756938383,
1229,0.000128736,-0.160803988575935,0.30150756938383,
1230,0.000129248,-0.0804019942879677,0.305527670308948,
1231,0.00012976,-0.0804019942879677,0.30150756938383,
1232,0.000130272,0,0.305527670308948,
1233,0.000130784,-0.0804019942879677,0.30150756938383,
1234,0.000131296,-0.160803988575935,0.305527670308948,
1235,0.000131808,-0.0804019942879677,0.305527670308948,
1236,0.00013232,0,0.309547771234065,
1237,0.000132832,-0.0804019942879677,0.30150756938383,
1238,0.000133344,-0.0804019942879677,0.305527670308948,
1239,0.000133856,-0.0804019942879677,0.305527670308948,
1240,0.000134368,-0.0804019942879677,0.305527670308948,
1241,0.00013488,0,0.305527670308948,
1242,0.000135392,-0.0804019942879677,0.30150756938383,
1243,0.000135904,-0.0804019942879677,0.309547771234065,
1244,0.000136416,-0.0804019942879677,0.30150756938383,
1245,0.000136928,-0.0804019942879677,0.309547771234065,
1246,0.00013744,0,0.305527670308948,
1247,0.000137952,-0.0804019942879677,0.30150756938383,
1248,0.000138464,-0.0804019942879677,0.305527670308948,
1249,0.000138976,0,0.309547771234065,
1250,0.000139488,-0.0804019942879677,0.305527670308948,
1251,0.00014,-0.160803988575935,0.305527670308948,
1252,0.000140512,0,0.309547771234065,
1253,0.000141024,-0.0804019942879677,0.305527670308948,
1254,0.000141536,-0.0804019942879677,0.305527670308948,
1255,0.000142048,0,0.309547771234065,
1256,0.00014256,-0.0804019942879677,0.305527670308948,
1257,0.000143072,-0.0804019942879677,0.30150756938383,
1258,0.000143584,0,0.305527670308948,
1259,0.000144096,-0.0804019942879677,0.30150756938383,
1260,0.000144608,-0.0804019942879677,0.30150756938383,
1261,0.00014512,-0.0804019942879677,0.30150756938383,
1262,0.000145632,-0.0804019942879677,0.305527670308948,
1263,0.000146144,-0.0804019942879677,0.30150756938383,
1264,0.000146656,-0.0804019942879677,0.30150756938383,
1265,0.000147168,-0.0804019942879677,0.30150756938383,
1266,0.00014768,-0.0804019942879677,0.305527670308948,
1267,0.000148192,-0.0804019942879677,0.30150756938383,
1268,0.000148704,-0.0804019942879677,0.305527670308948,
1269,0.000149216,-0.0804019942879677,0.30150756938383,
1270,0.000149728,-0.0804019942879677,0.305527670308948,
1271,0.00015024,-0.0804019942879677,0.305527670308948,
1272,0.000150752,-0.0804019942879677,0.30150756938383,
1273,0.000151264,-0.160803988575935,0.30150756938383,
1274,0.000151776,-0.0804019942879677,0.309547771234065,
1275,0.000152288,-0.0804019942879677,0.305527670308948,
1276,0.0001528,-0.160803988575935,0.305527670308948,
1277,0.000153312,0,0.305527670308948,
1278,0.000153824,-0.0804019942879677,0.305527670308948,
1279,0.000154336,0,0.30150756938383,
1280,0.000154848,0,0.30150756938383,
1281,0.00015536,-0.0804019942879677,0.305527670308948,
1282,0.000155872,-0.0804019942879677,0.30150756938383,
1283,0.000156384,-0.0804019942879677,0.305527670308948,
1284,0.000156896,-0.0804019942879677,0.305527670308948,
1285,0.000157408,-0.0804019942879677,0.30150756938383,
1286,0.00015792,-0.0804019942879677,0.30150756938383,
1287,0.000158432,-0.0804019942879677,0.305527670308948,
1288,0.000158944,-0.0804019942879677,0.305527670308948,
1289,0.000159456,-0.160803988575935,0.305527670308948,
1290,0.000159968,0,0.309547771234065,
1291,0.00016048,-0.0804019942879677,0.305527670308948,
1292,0.000160992,-0.0804019942879677,0.297487468458712,
1293,0.000161504,-0.0804019942879677,0.305527670308948,
1294,0.000162016,0,0.305527670308948,
1295,0.000162528,-0.0804019942879677,0.297487468458712,
1296,0.00016304,-0.0804019942879677,0.305527670308948,
1297,0.000163552,0,0.305527670308948,
1298,0.000164064,-0.0804019942879677,0.305527670308948,
1299,0.000164576,-0.0804019942879677,0.305527670308948,
1300,0.000165088,-0.160803988575935,0.305527670308948,
1301,0.0001656,-0.0804019942879677,0.305527670308948,
1302,0.000166112,-0.0804019942879677,0.30150756938383,
1303,0.000166624,-0.0804019942879677,0.305527670308948,
1304,0.000167136,-0.0804019942879677,0.30150756938383,
1305,0.000167648,-0.0804019942879677,0.30150756938383,
1306,0.00016816,-0.0804019942879677,0.30150756938383,
1307,0.000168672,-0.0804019942879677,0.305527670308948,
1308,0.000169184,-0.160803988575935,0.30150756938383,
1309,0.000169696,-0.0804019942879677,0.305527670308948,
1310,0.000170208,-0.0804019942879677,0.305527670308948,
1311,0.00017072,0,0.30150756938383,
1312,0.000171232,-0.0804019942879677,0.30150756938383,
1313,0.000171744,-0.0804019942879677,0.305527670308948,
1314,0.000172256,0,0.30150756938383,
1315,0.000172768,-0.0804019942879677,0.30150756938383,
1316,0.00017328,-0.0804019942879677,0.305527670308948,
1317,0.000173792,-0.0804019942879677,0.30150756938383,
1318,0.000174304,-0.0804019942879677,0.30150756938383,
1319,0.000174816,0,0.30150756938383,
1320,0.000175328,0,0.30150756938383,
1321,0.00017584,-0.0804019942879677,0.30150756938383,
1322,0.000176352,-0.0804019942879677,0.30150756938383,
1323,0.000176864,-0.0804019942879677,0.30150756938383,
1324,0.000177376,-0.0804019942879677,0.30150756938383,
1325,0.000177888,-0.0804019942879677,0.30150756938383,
1326,0.0001784,-0.0804019942879677,0.305527670308948,
1327,0.000178912,-0.0804019942879677,0.305527670308948,
1328,0.000179424,-0.160803988575935,0.297487468458712,
1329,0.000179936,-0.0804019942879677,0.30150756938383,
1330,0.000180448,-0.0804019942879677,0.30150756938383,
1331,0.00018096,-0.0804019942879677,0.297487468458712,
1332,0.000181472,-0.0804019942879677,0.30150756938383,
1333,0.000181984,-0.0804019942879677,0.297487468458712,
1334,0.000182496,0,0.30150756938383,
1335,0.000183008,-0.0804019942879677,0.30150756938383,
1336,0.00018352,-0.0804019942879677,0.30150756938383,
1337,0.000184032,0,0.30150756938383,
1338,0.000184544,-0.0804019942879677,0.305527670308948,
1339,0.000185056,-0.0804019942879677,0.305527670308948,
1340,0.000185568,-0.160803988575935,0.297487468458712,
1341,0.00018608,0,0.30150756938383,
1342,0.000186592,-0.160803988575935,0.30150756938383,
1343,0.000187104,-0.0804019942879677,0.30150756938383,
1344,0.000187616,-0.0804019942879677,0.30150756938383,
1345,0.000188128,-0.0804019942879677,0.30150756938383,
1346,0.00018864,-0.0804019942879677,0.30150756938383,
1347,0.000189152,-0.0804019942879677,0.30150756938383,
1348,0.000189664,-0.0804019942879677,0.30150756938383,
1349,0.000190176,-0.0804019942879677,0.30150756938383,
1350,0.000190688,-0.0804019942879677,0.297487468458712,
1351,0.0001912,-0.0804019942879677,0.30150756938383,
1352,0.000191712,-0.0804019942879677,0.297487468458712,
1353,0.000192224,-0.0804019942879677,0.30150756938383,
1354,0.000192736,0,0.305527670308948,
1355,0.000193248,-0.0804019942879677,0.30150756938383,
1356,0.00019376,-0.0804019942879677,0.30150756938383,
1357,0.000194272,-0.0804019942879677,0.297487468458712,
1358,0.000194784,-0.0804019942879677,0.30150756938383,
1359,0.000195296,-0.0804019942879677,0.30150756938383,
1360,0.000195808,-0.0804019942879677,0.297487468458712,
1361,0.00019632,-0.0804019942879677,0.30150756938383,
1362,0.000196832,-0.0804019942879677,0.297487468458712,
1363,0.000197344,0,0.297487468458712,
1364,0.000197856,0,0.30150756938383,
1365,0.000198368,-0.0804019942879677,0.297487468458712,
1366,0.00019888,0,0.30150756938383,
1367,0.000199392,-0.0804019942879677,0.30150756938383,
1368,0.000199904,-0.0804019942879677,0.297487468458712,
1369,0.000200416,0,0.297487468458712,
1370,0.000200928,-0.0804019942879677,0.297487468458712,
1371,0.00020144,-0.0804019942879677,0.305527670308948,
1372,0.000201952,-0.0804019942879677,0.30150756938383,
1373,0.000202464,-0.160803988575935,0.297487468458712,
1374,0.000202976,0,0.305527670308948,
1375,0.000203488,-0.0804019942879677,0.30150756938383,
1376,0.000204,-0.0804019942879677,0.30150756938383,
1377,0.000204512,-0.0804019942879677,0.297487468458712,
1378,0.000205024,-0.160803988575935,0.297487468458712,
1379,0.000205536,-0.0804019942879677,0.297487468458712,
1380,0.000206048,-0.0804019942879677,0.297487468458712,
1381,0.00020656,-0.0804019942879677,0.30150756938383,
1382,0.000207072,-0.0804019942879677,0.30150756938383,
1383,0.000207584,-0.0804019942879677,0.30150756938383,
1384,0.000208096,-0.0804019942879677,0.297487468458712,
1385,0.000208608,0,0.297487468458712,
1386,0.00020912,-0.0804019942879677,0.297487468458712,
1387,0.000209632,-0.0804019942879677,0.30150756938383,
1388,0.000210144,-0.0804019942879677,0.30150756938383,
1389,0.000210656,-0.0804019942879677,0.30150756938383,
1390,0.000211168,-0.0804019942879677,0.297487468458712,
1391,0.00021168,-0.0804019942879677,0.297487468458712,
1392,0.000212192,-0.0804019942879677,0.297487468458712,
1393,0.000212704,0,0.305527670308948,
1394,0.000213216,-0.160803988575935,0.30150756938383,
1395,0.000213728,-0.0804019942879677,0.297487468458712,
1396,0.00021424,-0.0804019942879677,0.305527670308948,
1397,0.000214752,-0.0804019942879677,0.297487468458712,
1398,0.000215264,-0.0804019942879677,0.297487468458712,
1399,0.000215776,-0.0804019942879677,0.30150756938383,
1400,0.000216288,-0.160803988575935,0.30150756938383,
1401,0.0002168,-0.0804019942879677,0.30150756938383,
1402,0.000217312,0,0.297487468458712,
1403,0.000217824,-0.0804019942879677,0.30150756938383,
1404,0.000218336,-0.0804019942879677,0.297487468458712,
1405,0.000218848,-0.0804019942879677,0.30150756938383,
1406,0.00021936,-0.0804019942879677,0.30150756938383,
1407,0.000219872,-0.0804019942879677,0.297487468458712,
1408,0.000220384,-0.0804019942879677,0.30150756938383,
1409,0.000220896,-0.0804019942879677,0.30150756938383,
1410,0.000221408,0,0.297487468458712,
1411,0.00022192,-0.0804019942879677,0.305527670308948,
1412,0.000222432,-0.0804019942879677,0.30150756938383,
1413,0.000222944,-0.160803988575935,0.30150756938383,
1414,0.000223456,-0.0804019942879677,0.297487468458712,
1415,0.000223968,-0.0804019942879677,0.30150756938383,
1416,0.00022448,-0.0804019942879677,0.30150756938383,
1417,0.000224992,-0.0804019942879677,0.297487468458712,
1418,0.000225504,0,0.297487468458712,
1419,0.000226016,-0.0804019942879677,0.30150756938383,
1420,0.000226528,0,0.293467367533594,
1421,0.00022704,-0.0804019942879677,0.297487468458712,
1422,0.000227552,0,0.30150756938383,
1423,0.000228064,-0.0804019942879677,0.297487468458712,
1424,0.000228576,-0.0804019942879677,0.297487468458712,
1425,0.000229088,-0.0804019942879677,0.297487468458712,
1426,0.0002296,-0.0804019942879677,0.30150756938383,
1427,0.000230112,-0.160803988575935,0.297487468458712,
1428,0.000230624,-0.0804019942879677,0.297487468458712,
1429,0.000231136,-0.0804019942879677,0.297487468458712,
1430,0.000231648,-0.160803988575935,0.293467367533594,
1431,0.00023216,-0.0804019942879677,0.297487468458712,
1432,0.000232672,-0.0804019942879677,0.297487468458712,
1433,0.000233184,-0.0804019942879677,0.293467367533594,
1434,0.000233696,-0.0804019942879677,0.297487468458712,
1435,0.000234208,-0.0804019942879677,0.30150756938383,
1436,0.00023472,0,0.293467367533594,
1437,0.000235232,-0.0804019942879677,0.30150756938383,
1438,0.000235744,-0.0804019942879677,0.30150756938383,
1439,0.000236256,-0.0804019942879677,0.297487468458712,
1440,0.000236768,-0.0804019942879677,0.30150756938383,
1441,0.00023728,-0.0804019942879677,0.30150756938383,
1442,0.000237792,-0.0804019942879677,0.293467367533594,
1443,0.000238304,-0.0804019942879677,0.297487468458712,
1444,0.000238816,-0.0804019942879677,0.30150756938383,
1445,0.000239328,-0.0804019942879677,0.297487468458712,
1446,0.00023984,-0.0804019942879677,0.297487468458712,
1447,0.000240352,-0.0804019942879677,0.305527670308948,
1448,0.000240864,-0.0804019942879677,0.30150756938383,
1449,0.000241376,-0.0804019942879677,0.297487468458712,
1450,0.000241888,-0.0804019942879677,0.297487468458712,
1451,0.0002424,-0.0804019942879677,0.30150756938383,
1452,0.000242912,-0.0804019942879677,0.297487468458712,
1453,0.000243424,-0.0804019942879677,0.297487468458712,
1454,0.000243936,-0.0804019942879677,0.297487468458712,
1455,0.000244448,-0.0804019942879677,0.297487468458712,
1456,0.00024496,-0.0804019942879677,0.297487468458712,
1457,0.000245472,-0.0804019942879677,0.297487468458712,
1458,0.000245984,-0.0804019942879677,0.293467367533594,
1459,0.000246496,-0.0804019942879677,0.297487468458712,
1460,0.000247008,-0.0804019942879677,0.30150756938383,
1461,0.00024752,-0.0804019942879677,0.297487468458712,
1462,0.000248032,-0.0804019942879677,0.297487468458712,
1463,0.000248544,-0.0804019942879677,0.30150756938383,
1464,0.000249056,-0.0804019942879677,0.297487468458712,
1465,0.000249568,-0.0804019942879677,0.293467367533594,
1466,0.00025008,-0.0804019942879677,0.297487468458712,
1467,0.000250592,-0.0804019942879677,0.30150756938383,
1468,0.000251104,-0.0804019942879677,0.297487468458712,
1469,0.000251616,-0.0804019942879677,0.297487468458712,
1470,0.000252128,-0.0804019942879677,0.305527670308948,
1471,0.00025264,-0.0804019942879677,0.297487468458712,
1472,0.000253152,-0.0804019942879677,0.297487468458712,
1473,0.000253664,-0.0804019942879677,0.297487468458712,
1474,0.000254176,-0.0804019942879677,0.30150756938383,
1475,0.000254688,-0.0804019942879677,0.293467367533594,
1476,0.0002552,-0.0804019942879677,0.297487468458712,
1477,0.000255712,-0.0804019942879677,0.297487468458712,
1478,0.000256224,-0.0804019942879677,0.293467367533594,
1479,0.000256736,-0.0804019942879677,0.297487468458712,
1480,0.000257248,0,0.293467367533594,
1481,0.00025776,-0.0804019942879677,0.297487468458712,
1482,0.000258272,-0.0804019942879677,0.297487468458712,
1483,0.000258784,0,0.297487468458712,
1484,0.000259296,-0.0804019942879677,0.293467367533594,
1485,0.000259808,-0.0804019942879677,0.30150756938383,
1486,0.00026032,-0.0804019942879677,0.297487468458712,
1487,0.000260832,-0.0804019942879677,0.293467367533594,
1488,0.000261344,-0.0804019942879677,0.289447266608477,
1489,0.000261856,-0.0804019942879677,0.30150756938383,
1490,0.000262368,0,0.293467367533594,
1491,0.00026288,-0.160803988575935,0.289447266608477,
1492,0.000263392,-0.0804019942879677,0.293467367533594,
1493,0.000263904,-0.0804019942879677,0.293467367533594,
1494,0.000264416,-0.0804019942879677,0.293467367533594,
1495,0.000264928,-0.0804019942879677,0.30150756938383,
1496,0.00026544,-0.0804019942879677,0.297487468458712,
1497,0.000265952,-0.0804019942879677,0.297487468458712,
1498,0.000266464,0,0.293467367533594,
1499,0.000266976,-0.0804019942879677,0.297487468458712,
1500,0.000267488,-0.0804019942879677,0.289447266608477,
1501,0.000268,-0.0804019942879677,0.30150756938383,
1502,0.000268512,-0.0804019942879677,0.297487468458712,
1503,0.000269024,-0.0804019942879677,0.297487468458712,
1504,0.000269536,-0.0804019942879677,0.297487468458712,
1505,0.000270048,-0.0804019942879677,0.297487468458712,
1506,0.00027056,-0.0804019942879677,0.297487468458712,
1507,0.000271072,-0.0804019942879677,0.293467367533594,
1508,0.000271584,-0.0804019942879677,0.30150756938383,
1509,0.000272096,-0.0804019942879677,0.293467367533594,
1510,0.000272608,0,0.293467367533594,
1511,0.00027312,-0.0804019942879677,0.30150756938383,
1512,0.000273632,-0.0804019942879677,0.297487468458712,
1513,0.000274144,-0.0804019942879677,0.293467367533594,
1514,0.000274656,-0.0804019942879677,0.297487468458712,
1515,0.000275168,-0.0804019942879677,0.297487468458712,
1516,0.00027568,0,0.293467367533594,
1517,0.000276192,0,0.289447266608477,
1518,0.000276704,-0.0804019942879677,0.297487468458712,
1519,0.000277216,-0.0804019942879677,0.297487468458712,
1520,0.000277728,-0.0804019942879677,0.30150756938383,
1521,0.00027824,-0.0804019942879677,0.30150756938383,
1522,0.000278752,-0.0804019942879677,0.293467367533594,
1523,0.000279264,-0.0804019942879677,0.297487468458712,
1524,0.000279776,-0.0804019942879677,0.293467367533594,
1525,0.000280288,0,0.293467367533594,
1526,0.0002808,-0.0804019942879677,0.293467367533594,
1527,0.000281312,-0.0804019942879677,0.293467367533594,
1528,0.000281824,-0.0804019942879677,0.297487468458712,
1529,0.000282336,-0.0804019942879677,0.293467367533594,
1530,0.000282848,0,0.297487468458712,
1531,0.00028336,-0.0804019942879677,0.297487468458712,
1532,0.000283872,-0.0804019942879677,0.293467367533594,
1533,0.000284384,-0.0804019942879677,0.297487468458712,
1534,0.000284896,-0.0804019942879677,0.293467367533594,
1535,0.000285408,-0.0804019942879677,0.293467367533594,
1536,0.00028592,0,0.30150756938383,
1537,0.000286432,-0.0804019942879677,0.297487468458712,
1538,0.000286944,-0.0804019942879677,0.293467367533594,
1539,0.000287456,-0.0804019942879677,0.293467367533594,
1540,0.000287968,-0.160803988575935,0.293467367533594,
1541,0.00028848,-0.0804019942879677,0.293467367533594,
1542,0.000288992,-0.0804019942879677,0.289447266608477,
1543,0.000289504,-0.0804019942879677,0.293467367533594,
1544,0.000290016,-0.0804019942879677,0.293467367533594,
1545,0.000290528,-0.0804019942879677,0.293467367533594,
1546,0.00029104,-0.0804019942879677,0.293467367533594,
1547,0.000291552,-0.0804019942879677,0.293467367533594,
1548,0.000292064,-0.0804019942879677,0.293467367533594,
1549,0.000292576,-0.0804019942879677,0.293467367533594,
1550,0.000293088,-0.0804019942879677,0.293467367533594,
1551,0.0002936,-0.0804019942879677,0.297487468458712,
1552,0.000294112,-0.0804019942879677,0.297487468458712,
1553,0.000294624,-0.0804019942879677,0.30150756938383,
1554,0.000295136,0,0.297487468458712,
1555,0.000295648,0,0.293467367533594,
1556,0.00029616,0,0.297487468458712,
1557,0.000296672,-0.0804019942879677,0.293467367533594,
1558,0.000297184,0,0.293467367533594,
1559,0.000297696,-0.0804019942879677,0.293467367533594,
1560,0.000298208,-0.0804019942879677,0.297487468458712,
1561,0.00029872,-0.0804019942879677,0.293467367533594,
1562,0.000299232,0,0.297487468458712,
1563,0.000299744,-0.0804019942879677,0.297487468458712,
1564,0.000300256,-0.0804019942879677,0.297487468458712,
1565,0.000300768,-0.0804019942879677,0.293467367533594,
1566,0.00030128,-0.0804019942879677,0.293467367533594,
1567,0.000301792,-0.0804019942879677,0.297487468458712,
1568,0.000302304,-0.0804019942879677,0.293467367533594,
1569,0.000302816,-0.160803988575935,0.293467367533594,
1570,0.000303328,-0.0804019942879677,0.297487468458712,
1571,0.00030384,-0.0804019942879677,0.293467367533594,
1572,0.000304352,-0.160803988575935,0.297487468458712,
1573,0.000304864,-0.0804019942879677,0.293467367533594,
1574,0.000305376,0,0.289447266608477,
1575,0.000305888,-0.0804019942879677,0.293467367533594,
1576,0.0003064,-0.0804019942879677,0.297487468458712,
1577,0.000306912,-0.0804019942879677,0.293467367533594,
1578,0.000307424,0,0.293467367533594,
1579,0.000307936,-0.0804019942879677,0.293467367533594,
1580,0.000308448,-0.0804019942879677,0.297487468458712,
1581,0.00030896,-0.0804019942879677,0.293467367533594,
1582,0.000309472,-0.0804019942879677,0.293467367533594,
1583,0.000309984,-0.0804019942879677,0.289447266608477,
1584,0.000310496,-0.0804019942879677,0.293467367533594,
1585,0.000311008,0,0.297487468458712,
1586,0.00031152,-0.160803988575935,0.293467367533594,
1587,0.000312032,-0.0804019942879677,0.293467367533594,
1588,0.000312544,-0.160803988575935,0.293467367533594,
1589,0.000313056,-0.0804019942879677,0.293467367533594,
1590,0.000313568,-0.0804019942879677,0.293467367533594,
1591,0.00031408,0,0.289447266608477,
1592,0.000314592,-0.0804019942879677,0.297487468458712,
1593,0.000315104,-0.0804019942879677,0.289447266608477,
1594,0.000315616,-0.0804019942879677,0.297487468458712,
1595,0.000316128,-0.0804019942879677,0.297487468458712,
1596,0.00031664,-0.160803988575935,0.285427165683359,
1597,0.000317152,-0.0804019942879677,0.293467367533594,
1598,0.000317664,0,0.297487468458712,
1599,0.000318176,-0.160803988575935,0.297487468458712,
1600,0.000318688,0,0.289447266608477,
1601,0.0003192,-0.0804019942879677,0.293467367533594,
1602,0.000319712,-0.0804019942879677,0.293467367533594,
1603,0.000320224,-0.0804019942879677,0.293467367533594,
1604,0.000320736,-0.0804019942879677,0.293467367533594,
1605,0.000321248,0,0.297487468458712,
1606,0.00032176,-0.0804019942879677,0.285427165683359,
1607,0.000322272,-0.0804019942879677,0.293467367533594,
1608,0.000322784,-0.0804019942879677,0.293467367533594,
1609,0.000323296,-0.0804019942879677,0.289447266608477,
1610,0.000323808,-0.0804019942879677,0.289447266608477,
1611,0.00032432,-0.0804019942879677,0.293467367533594,
1612,0.000324832,-0.0804019942879677,0.289447266608477,
1613,0.000325344,-0.0804019942879677,0.297487468458712,
1614,0.000325856,-0.0804019942879677,0.297487468458712,
1615,0.000326368,-0.0804019942879677,0.289447266608477,
1616,0.00032688,-0.0804019942879677,0.293467367533594,
1617,0.000327392,-0.160803988575935,0.297487468458712,
1618,0.000327904,-0.160803988575935,0.289447266608477,
1619,0.000328416,-0.0804019942879677,0.293467367533594,
1620,0.000328928,0,0.293467367533594,
1621,0.00032944,-0.0804019942879677,0.297487468458712,
1622,0.000329952,-0.0804019942879677,0.289447266608477,
1623,0.000330464,-0.0804019942879677,0.293467367533594,
1624,0.000330976,-0.0804019942879677,0.293467367533594,
1625,0.000331488,0,0.293467367533594,
1626,0.000332,-0.0804019942879677,0.289447266608477,
1627,0.000332512,-0.0804019942879677,0.289447266608477,
1628,0.000333024,-0.0804019942879677,0.293467367533594,
1629,0.000333536,-0.0804019942879677,0.293467367533594,
1630,0.000334048,-0.0804019942879677,0.293467367533594,
1631,0.00033456,0,0.289447266608477,
1632,0.000335072,-0.0804019942879677,0.293467367533594,
1633,0.000335584,-0.0804019942879677,0.293467367533594,
1634,0.000336096,-0.0804019942879677,0.289447266608477,
1635,0.000336608,-0.0804019942879677,0.289447266608477,
1636,0.00033712,-0.0804019942879677,0.293467367533594,
1637,0.000337632,-0.0804019942879677,0.289447266608477,
1638,0.000338144,-0.0804019942879677,0.289447266608477,
1639,0.000338656,-0.0804019942879677,0.293467367533594,
1640,0.000339168,-0.0804019942879677,0.293467367533594,
1641,0.00033968,-0.0804019942879677,0.293467367533594,
1642,0.000340192,-0.0804019942879677,0.289447266608477,
1643,0.000340704,0,0.293467367533594,
1644,0.000341216,-0.0804019942879677,0.289447266608477,
1645,0.000341728,-0.160803988575935,0.293467367533594,
1646,0.00034224,0,0.289447266608477,
1647,0.000342752,-0.0804019942879677,0.293467367533594,
1648,0.000343264,-0.0804019942879677,0.289447266608477,
1649,0.000343776,-0.0804019942879677,0.293467367533594,
1650,0.000344288,-0.0804019942879677,0.293467367533594,
1651,0.0003448,0,0.293467367533594,
1652,0.000345312,-0.0804019942879677,0.293467367533594,
1653,0.000345824,-0.0804019942879677,0.293467367533594,
1654,0.000346336,-0.160803988575935,0.293467367533594,
1655,0.000346848,-0.0804019942879677,0.289447266608477,
1656,0.00034736,-0.0804019942879677,0.293467367533594,
1657,0.000347872,-0.160803988575935,0.289447266608477,
1658,0.000348384,0,0.285427165683359,
1659,0.000348896,0,0.289447266608477,
1660,0.000349408,-0.0804019942879677,0.289447266608477,
1661,0.00034992,0,0.293467367533594,
1662,0.000350432,-0.0804019942879677,0.289447266608477,
1663,0.000350944,-0.0804019942879677,0.285427165683359,
1664,0.000351456,-0.0804019942879677,0.293467367533594,
1665,0.000351968,-0.0804019942879677,0.289447266608477,
1666,0.00035248,-0.0804019942879677,0.293467367533594,
1667,0.000352992,-0.0804019942879677,0.289447266608477,
1668,0.000353504,-0.0804019942879677,0.289447266608477,
1669,0.000354016,-0.0804019942879677,0.289447266608477,
1670,0.000354528,-0.0804019942879677,0.293467367533594,
1671,0.00035504,-0.0804019942879677,0.289447266608477,
1672,0.000355552,-0.0804019942879677,0.289447266608477,
1673,0.000356064,0,0.289447266608477,
1674,0.000356576,-0.0804019942879677,0.289447266608477,
1675,0.000357088,-0.160803988575935,0.289447266608477,
1676,0.0003576,-0.0804019942879677,0.289447266608477,
1677,0.000358112,-0.0804019942879677,0.289447266608477,
1678,0.000358624,0,0.293467367533594,
1679,0.000359136,-0.0804019942879677,0.293467367533594,
1680,0.000359648,-0.0804019942879677,0.293467367533594,
1681,0.00036016,-0.0804019942879677,0.293467367533594,
1682,0.000360672,-0.0804019942879677,0.289447266608477,
1683,0.000361184,-0.0804019942879677,0.293467367533594,
1684,0.000361696,-0.0804019942879677,0.293467367533594,
1685,0.000362208,-0.0804019942879677,0.293467367533594,
1686,0.00036272,0,0.289447266608477,
1687,0.000363232,-0.0804019942879677,0.293467367533594,
1688,0.000363744,-0.0804019942879677,0.285427165683359,
1689,0.000364256,0,0.293467367533594,
1690,0.000364768,-0.0804019942879677,0.289447266608477,
1691,0.00036528,-0.0804019942879677,0.289447266608477,
1692,0.000365792,-0.160803988575935,0.285427165683359,
1693,0.000366304,-0.0804019942879677,0.289447266608477,
1694,0.000366816,-0.0804019942879677,0.289447266608477,
1695,0.000367328,-0.0804019942879677,0.289447266608477,
1696,0.00036784,0,0.289447266608477,
1697,0.000368352,-0.0804019942879677,0.293467367533594,
1698,0.000368864,-0.0804019942879677,0.289447266608477,
1699,0.000369376,-0.0804019942879677,0.289447266608477,
1700,0.000369888,-0.0804019942879677,0.285427165683359,
1701,0.0003704,0,0.289447266608477,
1702,0.000370912,-0.0804019942879677,0.285427165683359,
1703,0.000371424,-0.0804019942879677,0.289447266608477,
1704,0.000371936,-0.0804019942879677,0.289447266608477,
1705,0.000372448,-0.0804019942879677,0.289447266608477,
1706,0.00037296,-0.0804019942879677,0.285427165683359,
1707,0.000373472,-0.0804019942879677,0.293467367533594,
1708,0.000373984,-0.0804019942879677,0.293467367533594,
1709,0.000374496,-0.0804019942879677,0.289447266608477,
1710,0.000375008,-0.0804019942879677,0.289447266608477,
1711,0.00037552,0,0.289447266608477,
1712,0.000376032,-0.0804019942879677,0.289447266608477,
1713,0.000376544,-0.0804019942879677,0.289447266608477,
1714,0.000377056,-0.0804019942879677,0.289447266608477,
1715,0.000377568,-0.0804019942879677,0.289447266608477,
1716,0.00037808,-0.0804019942879677,0.285427165683359,
1717,0.000378592,-0.0804019942879677,0.285427165683359,
1718,0.000379104,-0.0804019942879677,0.289447266608477,
1719,0.000379616,0,0.285427165683359,
1720,0.000380128,-0.0804019942879677,0.289447266608477,
1721,0.00038064,-0.0804019942879677,0.285427165683359,
1722,0.000381152,-0.0804019942879677,0.285427165683359,
1723,0.000381664,-0.0804019942879677,0.285427165683359,
1724,0.000382176,-0.0804019942879677,0.285427165683359,
1725,0.000382688,-0.0804019942879677,0.289447266608477,
1726,0.0003832,-0.0804019942879677,0.285427165683359,
1727,0.000383712,-0.0804019942879677,0.289447266608477,
1728,0.000384224,-0.0804019942879677,0.285427165683359,
1729,0.000384736,-0.0804019942879677,0.289447266608477,
1730,0.000385248,-0.0804019942879677,0.285427165683359,
1731,0.00038576,-0.0804019942879677,0.289447266608477,
1732,0.000386272,-0.0804019942879677,0.289447266608477,
1733,0.000386784,-0.0804019942879677,0.289447266608477,
1734,0.000387296,-0.0804019942879677,0.289447266608477,
1735,0.000387808,-0.0804019942879677,0.281407064758241,
1736,0.00038832,-0.0804019942879677,0.289447266608477,
1737,0.000388832,0,0.289447266608477,
1738,0.000389344,-0.0804019942879677,0.285427165683359,
1739,0.000389856,-0.0804019942879677,0.285427165683359,
1740,0.000390368,-0.0804019942879677,0.293467367533594,
1741,0.00039088,-0.0804019942879677,0.289447266608477,
1742,0.000391392,0,0.285427165683359,
1743,0.000391904,-0.0804019942879677,0.285427165683359,
1744,0.000392416,-0.0804019942879677,0.289447266608477,
1745,0.000392928,-0.0804019942879677,0.289447266608477,
1746,0.00039344,-0.0804019942879677,0.289447266608477,
1747,0.000393952,-0.0804019942879677,0.289447266608477,
1748,0.000394464,-0.0804019942879677,0.289447266608477,
1749,0.000394976,-0.0804019942879677,0.285427165683359,
1750,0.000395488,0,0.293467367533594,
1751,0.000396,-0.0804019942879677,0.285427165683359,
1752,0.000396512,-0.0804019942879677,0.289447266608477,
1753,0.000397024,-0.0804019942879677,0.289447266608477,
1754,0.000397536,-0.0804019942879677,0.289447266608477,
1755,0.000398048,-0.0804019942879677,0.285427165683359,
1756,0.00039856,-0.0804019942879677,0.285427165683359,
1757,0.000399072,-0.0804019942879677,0.285427165683359,
1758,0.000399584,-0.0804019942879677,0.289447266608477,
1759,0.000400096,-0.0804019942879677,0.289447266608477,
1760,0.000400608,0,0.289447266608477,
1761,0.00040112,-0.0804019942879677,0.289447266608477,
1762,0.000401632,-0.0804019942879677,0.289447266608477,
1763,0.000402144,-0.0804019942879677,0.289447266608477,
1764,0.000402656,-0.160803988575935,0.285427165683359,
1765,0.000403168,-0.0804019942879677,0.289447266608477,
1766,0.00040368,-0.0804019942879677,0.285427165683359,
1767,0.000404192,-0.0804019942879677,0.289447266608477,
1768,0.000404704,-0.0804019942879677,0.289447266608477,
1769,0.000405216,-0.0804019942879677,0.289447266608477,
1770,0.000405728,-0.0804019942879677,0.281407064758241,
1771,0.00040624,-0.0804019942879677,0.293467367533594,
1772,0.000406752,-0.0804019942879677,0.293467367533594,
1773,0.000407264,-0.160803988575935,0.285427165683359,
1774,0.000407776,-0.0804019942879677,0.285427165683359,
1775,0.000408288,0,0.289447266608477,
1776,0.0004088,-0.0804019942879677,0.289447266608477,
1777,0.000409312,-0.0804019942879677,0.281407064758241,
1778,0.000409824,-0.0804019942879677,0.285427165683359,
1779,0.000410336,-0.0804019942879677,0.285427165683359,
1780,0.000410848,-0.0804019942879677,0.293467367533594,
1781,0.00041136,-0.0804019942879677,0.289447266608477,
1782,0.000411872,-0.0804019942879677,0.285427165683359,
1783,0.000412384,-0.0804019942879677,0.289447266608477,
1784,0.000412896,-0.0804019942879677,0.289447266608477,
1785,0.000413408,0,0.285427165683359,
1786,0.00041392,0,0.285427165683359,
1787,0.000414432,-0.0804019942879677,0.285427165683359,
1788,0.000414944,-0.160803988575935,0.289447266608477,
1789,0.000415456,-0.0804019942879677,0.281407064758241,
1790,0.000415968,0,0.289447266608477,
1791,0.00041648,-0.0804019942879677,0.285427165683359,
1792,0.000416992,0,0.289447266608477,
1793,0.000417504,-0.0804019942879677,0.289447266608477,
1794,0.000418016,-0.0804019942879677,0.285427165683359,
1795,0.000418528,-0.0804019942879677,0.281407064758241,
1796,0.00041904,-0.0804019942879677,0.285427165683359,
1797,0.000419552,-0.0804019942879677,0.289447266608477,
1798,0.000420064,-0.0804019942879677,0.289447266608477,
1799,0.000420576,-0.160803988575935,0.285427165683359,
1800,0.000421088,-0.0804019942879677,0.285427165683359,
1801,0.0004216,0,0.281407064758241,
1802,0.000422112,0,0.285427165683359,
1803,0.000422624,-0.0804019942879677,0.289447266608477,
1804,0.000423136,-0.0804019942879677,0.289447266608477,
1805,0.000423648,0,0.285427165683359,
1806,0.00042416,-0.0804019942879677,0.285427165683359,
1807,0.000424672,-0.0804019942879677,0.289447266608477,
1808,0.000425184,0,0.285427165683359,
1809,0.000425696,-0.0804019942879677,0.285427165683359,
1810,0.000426208,-0.0804019942879677,0.285427165683359,
1811,0.00042672,-0.0804019942879677,0.285427165683359,
1812,0.000427232,-0.0804019942879677,0.285427165683359,
1813,0.000427744,-0.0804019942879677,0.285427165683359,
1814,0.000428256,-0.0804019942879677,0.285427165683359,
1815,0.000428768,-0.0804019942879677,0.285427165683359,
1816,0.00042928,-0.0804019942879677,0.285427165683359,
1817,0.000429792,-0.0804019942879677,0.289447266608477,
1818,0.000430304,0,0.285427165683359,
1819,0.000430816,0,0.285427165683359,
1820,0.000431328,-0.0804019942879677,0.285427165683359,
1821,0.00043184,-0.0804019942879677,0.285427165683359,
1822,0.000432352,-0.160803988575935,0.281407064758241,
1823,0.000432864,-0.0804019942879677,0.289447266608477,
1824,0.000433376,0,0.285427165683359,
1825,0.000433888,0,0.285427165683359,
1826,0.0004344,0,0.289447266608477,
1827,0.000434912,0,0.281407064758241,
1828,0.000435424,-0.0804019942879677,0.281407064758241,
1829,0.000435936,-0.0804019942879677,0.289447266608477,
1830,0.000436448,-0.0804019942879677,0.281407064758241,
1831,0.00043696,-0.0804019942879677,0.285427165683359,
1832,0.000437472,-0.0804019942879677,0.281407064758241,
1833,0.000437984,-0.0804019942879677,0.285427165683359,
1834,0.000438496,-0.0804019942879677,0.285427165683359,
1835,0.000439008,-0.0804019942879677,0.285427165683359,
1836,0.00043952,-0.0804019942879677,0.281407064758241,
1837,0.000440032,-0.0804019942879677,0.285427165683359,
1838,0.000440544,-0.0804019942879677,0.285427165683359,
1839,0.000441056,-0.0804019942879677,0.289447266608477,
1840,0.000441568,-0.0804019942879677,0.281407064758241,
1841,0.00044208,-0.0804019942879677,0.281407064758241,
1842,0.000442592,-0.0804019942879677,0.289447266608477,
1843,0.000443104,0,0.285427165683359,
1844,0.000443616,-0.0804019942879677,0.289447266608477,
1845,0.000444128,-0.0804019942879677,0.285427165683359,
1846,0.00044464,-0.160803988575935,0.285427165683359,
1847,0.000445152,-0.0804019942879677,0.285427165683359,
1848,0.000445664,0,0.281407064758241,
1849,0.000446176,-0.0804019942879677,0.281407064758241,
1850,0.000446688,-0.0804019942879677,0.285427165683359,
1851,0.0004472,-0.0804019942879677,0.285427165683359,
1852,0.000447712,-0.0804019942879677,0.281407064758241,
1853,0.000448224,0,0.281407064758241,
1854,0.000448736,-0.0804019942879677,0.285427165683359,
1855,0.000449248,-0.0804019942879677,0.285427165683359,
1856,0.00044976,-0.0804019942879677,0.281407064758241,
1857,0.000450272,-0.0804019942879677,0.285427165683359,
1858,0.000450784,-0.0804019942879677,0.285427165683359,
1859,0.000451296,-0.0804019942879677,0.289447266608477,
1860,0.000451808,-0.0804019942879677,0.281407064758241,
1861,0.00045232,-0.0804019942879677,0.285427165683359,
1862,0.000452832,0,0.285427165683359,
1863,0.000453344,-0.160803988575935,0.285427165683359,
1864,0.000453856,-0.0804019942879677,0.285427165683359,
1865,0.000454368,-0.160803988575935,0.289447266608477,
1866,0.00045488,-0.0804019942879677,0.285427165683359,
1867,0.000455392,-0.0804019942879677,0.285427165683359,
1868,0.000455904,-0.0804019942879677,0.285427165683359,
1869,0.000456416,-0.0804019942879677,0.285427165683359,
1870,0.000456928,0,0.281407064758241,
1871,0.00045744,0,0.285427165683359,
1872,0.000457952,-0.0804019942879677,0.281407064758241,
1873,0.000458464,-0.0804019942879677,0.285427165683359,
1874,0.000458976,0,0.285427165683359,
1875,0.000459488,-0.0804019942879677,0.281407064758241,
1876,0.00046,-0.0804019942879677,0.281407064758241,
1877,0.000460512,-0.0804019942879677,0.289447266608477,
1878,0.000461024,-0.0804019942879677,0.281407064758241,
1879,0.000461536,-0.0804019942879677,0.281407064758241,
1880,0.000462048,-0.0804019942879677,0.281407064758241,
1881,0.00046256,-0.0804019942879677,0.289447266608477,
1882,0.000463072,-0.0804019942879677,0.281407064758241,
1883,0.000463584,-0.0804019942879677,0.285427165683359,
1884,0.000464096,-0.0804019942879677,0.285427165683359,
1885,0.000464608,-0.160803988575935,0.277386963833123,
1886,0.00046512,0,0.285427165683359,
1887,0.000465632,-0.0804019942879677,0.285427165683359,
1888,0.000466144,-0.0804019942879677,0.285427165683359,
1889,0.000466656,-0.0804019942879677,0.285427165683359,
1890,0.000467168,-0.0804019942879677,0.281407064758241,
1891,0.00046768,0,0.281407064758241,
1892,0.000468192,0,0.281407064758241,
1893,0.000468704,-0.0804019942879677,0.285427165683359,
1894,0.000469216,-0.0804019942879677,0.285427165683359,
1895,0.000469728,-0.0804019942879677,0.285427165683359,
1896,0.00047024,-0.0804019942879677,0.285427165683359,
1897,0.000470752,-0.0804019942879677,0.281407064758241,
1898,0.000471264,-0.0804019942879677,0.281407064758241,
1899,0.000471776,0,0.281407064758241,
1900,0.000472288,0,0.285427165683359,
1901,0.0004728,-0.0804019942879677,0.285427165683359,
1902,0.000473312,0,0.281407064758241,
1903,0.000473824,0,0.281407064758241,
1904,0.000474336,0,0.277386963833123,
1905,0.000474848,-0.0804019942879677,0.281407064758241,
1906,0.00047536,-0.160803988575935,0.285427165683359,
1907,0.000475872,-0.0804019942879677,0.281407064758241,
1908,0.000476384,0,0.281407064758241,
1909,0.000476896,-0.0804019942879677,0.285427165683359,
1910,0.000477408,-0.0804019942879677,0.285427165683359,
1911,0.00047792,-0.0804019942879677,0.281407064758241,
1912,0.000478432,-0.0804019942879677,0.281407064758241,
1913,0.000478944,-0.0804019942879677,0.281407064758241,
1914,0.000479456,-0.0804019942879677,0.281407064758241,
1915,0.000479968,-0.0804019942879677,0.285427165683359,
1916,0.00048048,-0.0804019942879677,0.285427165683359,
1917,0.000480992,-0.0804019942879677,0.277386963833123,
1918,0.000481504,-0.0804019942879677,0.281407064758241,
1919,0.000482016,-0.0804019942879677,0.285427165683359,
1920,0.000482528,-0.0804019942879677,0.281407064758241,
1921,0.00048304,-0.0804019942879677,0.285427165683359,
1922,0.000483552,-0.0804019942879677,0.281407064758241,
1923,0.000484064,-0.0804019942879677,0.281407064758241,
1924,0.000484576,-0.0804019942879677,0.277386963833123,
1925,0.000485088,-0.0804019942879677,0.285427165683359,
1926,0.0004856,-0.0804019942879677,0.281407064758241,
1927,0.000486112,-0.0804019942879677,0.281407064758241,
1928,0.000486624,-0.0804019942879677,0.285427165683359,
1929,0.000487136,-0.0804019942879677,0.285427165683359,
1930,0.000487648,0,0.285427165683359,
1931,0.00048816,-0.0804019942879677,0.281407064758241,
1932,0.000488672,-0.0804019942879677,0.281407064758241,
1933,0.000489184,-0.0804019942879677,0.281407064758241,
1934,0.000489696,-0.160803988575935,0.285427165683359,
1935,0.000490208,-0.0804019942879677,0.285427165683359,
1936,0.00049072,0,0.281407064758241,
1937,0.000491232,-0.0804019942879677,0.289447266608477,
1938,0.000491744,-0.0804019942879677,0.281407064758241,
1939,0.000492256,-0.0804019942879677,0.281407064758241,
1940,0.000492768,-0.0804019942879677,0.285427165683359,
1941,0.00049328,-0.0804019942879677,0.281407064758241,
1942,0.000493792,-0.0804019942879677,0.281407064758241,
1943,0.000494304,-0.0804019942879677,0.281407064758241,
1944,0.000494816,-0.0804019942879677,0.285427165683359,
1945,0.000495328,-0.0804019942879677,0.285427165683359,
1946,0.00049584,-0.0804019942879677,0.281407064758241,
1947,0.000496352,-0.0804019942879677,0.277386963833123,
1948,0.000496864,-0.0804019942879677,0.285427165683359,
1949,0.000497376,-0.0804019942879677,0.277386963833123,
1950,0.000497888,-0.0804019942879677,0.285427165683359,
1951,0.0004984,-0.0804019942879677,0.285427165683359,
1952,0.000498912,0,0.281407064758241,
1953,0.000499424,-0.0804019942879677,0.277386963833123,
