Model: ,Oscilloscope DSO-X 1102G
Serial Number:,CN57246464
Address: ,USBInstrument3
Date: ,2026-09-28 16:24:52

Sample Number,Time (s),1 (VOLT),2 (VOLT),
1,-0.0005,-1.52763789147139,-1.52763845771551,
2,-0.000499488,-1.52763789147139,-1.56783946976066,
3,-0.000498976,-1.52763789147139,-1.52763845771551,
4,-0.000498464,-1.52763789147139,-1.48743744567037,
5,-0.000497952,-1.60803988575935,-1.52763845771551,
6,-0.00049744,-1.52763789147139,-1.6080404818058,
7,-0.000496928,-1.52763789147139,-1.52763845771551,
8,-0.000496416,-1.60803988575935,-1.52763845771551,
9,-0.000495904,-1.52763789147139,-1.56783946976066,
10,-0.000495392,-1.60803988575935,-1.56783946976066,
11,-0.00049488,-1.52763789147139,-1.52763845771551,
12,-0.000494368,-1.60803988575935,-1.52763845771551,
13,-0.000493856,-1.60803988575935,-1.48743744567037,
14,-0.000493344,-1.52763789147139,-1.56783946976066,
15,-0.000492832,-1.60803988575935,-1.52763845771551,
16,-0.00049232,-1.52763789147139,-1.52763845771551,
17,-0.000491808,-1.52763789147139,-1.52763845771551,
18,-0.000491296,-1.60803988575935,-1.52763845771551,
19,-0.000490784,-1.60803988575935,-1.52763845771551,
20,-0.000490272,-1.52763789147139,-1.48743744567037,
21,-0.00048976,-1.52763789147139,-1.52763845771551,
22,-0.000489248,-1.60803988575935,-1.52763845771551,
23,-0.000488736,-1.60803988575935,-1.56783946976066,
24,-0.000488224,-1.52763789147139,-1.56783946976066,
25,-0.000487712,-1.60803988575935,-1.52763845771551,
26,-0.0004872,-1.60803988575935,-1.52763845771551,
27,-0.000486688,-1.52763789147139,-1.52763845771551,
28,-0.000486176,-1.52763789147139,-1.52763845771551,
29,-0.000485664,-1.52763789147139,-1.52763845771551,
30,-0.000485152,-1.52763789147139,-1.52763845771551,
31,-0.00048464,-1.52763789147139,-1.52763845771551,
32,-0.000484128,-1.60803988575935,-1.52763845771551,
33,-0.000483616,-1.52763789147139,-1.52763845771551,
34,-0.000483104,-1.52763789147139,-1.56783946976066,
35,-0.000482592,-1.60803988575935,-1.52763845771551,
36,-0.00048208,-1.52763789147139,-1.52763845771551,
37,-0.000481568,-1.52763789147139,-1.52763845771551,
38,-0.000481056,-1.52763789147139,-1.52763845771551,
39,-0.000480544,-1.52763789147139,-1.52763845771551,
40,-0.000480032,-1.52763789147139,-1.52763845771551,
41,-0.00047952,-1.60803988575935,-1.52763845771551,
42,-0.000479008,-1.60803988575935,-1.52763845771551,
43,-0.000478496,-1.52763789147139,-1.52763845771551,
44,-0.000477984,-1.52763789147139,-1.52763845771551,
45,-0.000477472,-1.60803988575935,-1.56783946976066,
46,-0.00047696,-1.52763789147139,-1.52763845771551,
47,-0.000476448,-1.52763789147139,-1.56783946976066,
48,-0.000475936,-1.60803988575935,-1.56783946976066,
49,-0.000475424,-1.52763789147139,-1.52763845771551,
50,-0.000474912,-1.52763789147139,-1.52763845771551,
51,-0.0004744,-1.60803988575935,-1.56783946976066,
52,-0.000473888,-1.52763789147139,-1.52763845771551,
53,-0.000473376,-1.60803988575935,-1.52763845771551,
54,-0.000472864,-1.52763789147139,-1.56783946976066,
55,-0.000472352,-1.60803988575935,-1.52763845771551,
56,-0.00047184,-1.60803988575935,-1.52763845771551,
57,-0.000471328,-1.60803988575935,-1.52763845771551,
58,-0.000470816,-1.60803988575935,-1.52763845771551,
59,-0.000470304,-1.60803988575935,-1.52763845771551,
60,-0.000469792,-1.52763789147139,-1.52763845771551,
61,-0.00046928,-1.60803988575935,-1.48743744567037,
62,-0.000468768,-1.52763789147139,-1.52763845771551,
63,-0.000468256,-1.52763789147139,-1.56783946976066,
64,-0.000467744,-1.60803988575935,-1.52763845771551,
65,-0.000467232,-1.52763789147139,-1.52763845771551,
66,-0.00046672,-1.52763789147139,-1.52763845771551,
67,-0.000466208,-1.60803988575935,-1.56783946976066,
68,-0.000465696,-1.52763789147139,-1.52763845771551,
69,-0.000465184,-1.52763789147139,-1.48743744567037,
70,-0.000464672,-1.60803988575935,-1.52763845771551,
71,-0.00046416,-1.60803988575935,-1.52763845771551,
72,-0.000463648,-1.52763789147139,-1.52763845771551,
73,-0.000463136,-1.52763789147139,-1.56783946976066,
74,-0.000462624,-1.52763789147139,-1.52763845771551,
75,-0.000462112,-1.52763789147139,-1.52763845771551,
76,-0.0004616,-1.52763789147139,-1.56783946976066,
77,-0.000461088,-1.60803988575935,-1.52763845771551,
78,-0.000460576,-1.60803988575935,-1.52763845771551,
79,-0.000460064,-1.60803988575935,-1.52763845771551,
80,-0.000459552,-1.52763789147139,-1.52763845771551,
81,-0.00045904,-1.52763789147139,-1.52763845771551,
82,-0.000458528,-1.60803988575935,-1.52763845771551,
83,-0.000458016,-1.60803988575935,-1.56783946976066,
84,-0.000457504,-1.60803988575935,-1.52763845771551,
85,-0.000456992,-1.52763789147139,-1.56783946976066,
86,-0.00045648,-1.60803988575935,-1.52763845771551,
87,-0.000455968,-1.52763789147139,-1.52763845771551,
88,-0.000455456,-1.52763789147139,-1.52763845771551,
89,-0.000454944,-1.52763789147139,-1.52763845771551,
90,-0.000454432,-1.52763789147139,-1.52763845771551,
91,-0.00045392,-1.52763789147139,-1.52763845771551,
92,-0.000453408,-1.52763789147139,-1.52763845771551,
93,-0.000452896,-1.52763789147139,-1.52763845771551,
94,-0.000452384,-1.52763789147139,-1.52763845771551,
95,-0.000451872,-1.52763789147139,-1.52763845771551,
96,-0.00045136,-1.60803988575935,-1.52763845771551,
97,-0.000450848,-1.60803988575935,-1.56783946976066,
98,-0.000450336,-1.52763789147139,-1.52763845771551,
99,-0.000449824,-1.52763789147139,-1.56783946976066,
100,-0.000449312,-1.52763789147139,-1.52763845771551,
101,-0.0004488,-1.52763789147139,-1.56783946976066,
102,-0.000448288,-1.52763789147139,-1.52763845771551,
103,-0.000447776,-1.52763789147139,-1.52763845771551,
104,-0.000447264,-1.60803988575935,-1.52763845771551,
105,-0.000446752,-1.60803988575935,-1.52763845771551,
106,-0.00044624,-1.52763789147139,-1.52763845771551,
107,-0.000445728,-1.60803988575935,-1.52763845771551,
108,-0.000445216,-1.52763789147139,-1.52763845771551,
109,-0.000444704,-1.60803988575935,-1.52763845771551,
110,-0.000444192,-1.60803988575935,-1.52763845771551,
111,-0.00044368,-1.52763789147139,-1.52763845771551,
112,-0.000443168,-1.52763789147139,-1.56783946976066,
113,-0.000442656,-1.52763789147139,-1.52763845771551,
114,-0.000442144,-1.60803988575935,-1.52763845771551,
115,-0.000441632,-1.60803988575935,-1.52763845771551,
116,-0.00044112,-1.52763789147139,-1.52763845771551,
117,-0.000440608,-1.60803988575935,-1.52763845771551,
118,-0.000440096,-1.52763789147139,-1.52763845771551,
119,-0.000439584,-1.60803988575935,-1.52763845771551,
120,-0.000439072,-1.60803988575935,-1.52763845771551,
121,-0.00043856,-1.52763789147139,-1.48743744567037,
122,-0.000438048,-1.52763789147139,-1.52763845771551,
123,-0.000437536,-1.60803988575935,-1.52763845771551,
124,-0.000437024,-1.52763789147139,-1.48743744567037,
125,-0.000436512,-1.52763789147139,-1.52763845771551,
126,-0.000436,-1.52763789147139,-1.52763845771551,
127,-0.000435488,-1.60803988575935,-1.52763845771551,
128,-0.000434976,-1.52763789147139,-1.56783946976066,
129,-0.000434464,-1.52763789147139,-1.52763845771551,
130,-0.000433952,-1.52763789147139,-1.52763845771551,
131,-0.00043344,-1.52763789147139,-1.52763845771551,
132,-0.000432928,-1.60803988575935,-1.56783946976066,
133,-0.000432416,-1.60803988575935,-1.56783946976066,
134,-0.000431904,-1.60803988575935,-1.52763845771551,
135,-0.000431392,-1.52763789147139,-1.52763845771551,
136,-0.00043088,-1.52763789147139,-1.52763845771551,
137,-0.000430368,-1.60803988575935,-1.56783946976066,
138,-0.000429856,-1.52763789147139,-1.52763845771551,
139,-0.000429344,-1.52763789147139,-1.52763845771551,
140,-0.000428832,-1.60803988575935,-1.52763845771551,
141,-0.00042832,-1.60803988575935,-1.56783946976066,
142,-0.000427808,-1.52763789147139,-1.52763845771551,
143,-0.000427296,-1.52763789147139,-1.56783946976066,
144,-0.000426784,-1.52763789147139,-1.52763845771551,
145,-0.000426272,-1.52763789147139,-1.52763845771551,
146,-0.00042576,-1.52763789147139,-1.52763845771551,
147,-0.000425248,-1.60803988575935,-1.52763845771551,
148,-0.000424736,-1.52763789147139,-1.56783946976066,
149,-0.000424224,-1.60803988575935,-1.52763845771551,
150,-0.000423712,-1.52763789147139,-1.56783946976066,
151,-0.0004232,-1.60803988575935,-1.52763845771551,
152,-0.000422688,-1.44723589718342,-1.52763845771551,
153,-0.000422176,-1.60803988575935,-1.52763845771551,
154,-0.000421664,-1.60803988575935,-1.52763845771551,
155,-0.000421152,-1.60803988575935,-1.52763845771551,
156,-0.00042064,-1.60803988575935,-1.56783946976066,
157,-0.000420128,-1.52763789147139,-1.52763845771551,
158,-0.000419616,-1.52763789147139,-1.52763845771551,
159,-0.000419104,-1.60803988575935,-1.52763845771551,
160,-0.000418592,-1.60803988575935,-1.52763845771551,
161,-0.00041808,-1.52763789147139,-1.48743744567037,
162,-0.000417568,-1.52763789147139,-1.48743744567037,
163,-0.000417056,-1.52763789147139,-1.52763845771551,
164,-0.000416544,-1.52763789147139,-1.56783946976066,
165,-0.000416032,-1.52763789147139,-1.52763845771551,
166,-0.00041552,-1.52763789147139,-1.52763845771551,
167,-0.000415008,-1.68844188004732,-1.56783946976066,
168,-0.000414496,-1.52763789147139,-1.52763845771551,
169,-0.000413984,-1.52763789147139,-1.52763845771551,
170,-0.000413472,-1.52763789147139,-1.56783946976066,
171,-0.00041296,-1.60803988575935,-1.52763845771551,
172,-0.000412448,-1.60803988575935,-1.52763845771551,
173,-0.000411936,-1.60803988575935,-1.52763845771551,
174,-0.000411424,-1.52763789147139,-1.52763845771551,
175,-0.000410912,-1.60803988575935,-1.56783946976066,
176,-0.0004104,-1.60803988575935,-1.52763845771551,
177,-0.000409888,-1.60803988575935,-1.52763845771551,
178,-0.000409376,-1.60803988575935,-1.52763845771551,
179,-0.000408864,-1.52763789147139,-1.52763845771551,
180,-0.000408352,-1.44723589718342,-1.56783946976066,
181,-0.00040784,-1.52763789147139,-1.52763845771551,
182,-0.000407328,-1.60803988575935,-1.56783946976066,
183,-0.000406816,-1.52763789147139,-1.52763845771551,
184,-0.000406304,-1.52763789147139,-1.52763845771551,
185,-0.000405792,-1.52763789147139,-1.52763845771551,
186,-0.00040528,-1.60803988575935,-1.52763845771551,
187,-0.000404768,-1.60803988575935,-1.48743744567037,
188,-0.000404256,-1.60803988575935,-1.56783946976066,
189,-0.000403744,-1.60803988575935,-1.52763845771551,
190,-0.000403232,-1.52763789147139,-1.52763845771551,
191,-0.00040272,-1.60803988575935,-1.52763845771551,
192,-0.000402208,-1.52763789147139,-1.52763845771551,
193,-0.000401696,-1.52763789147139,-1.52763845771551,
194,-0.000401184,-1.52763789147139,-1.52763845771551,
195,-0.000400672,-1.60803988575935,-1.56783946976066,
196,-0.00040016,-1.60803988575935,-1.52763845771551,
197,-0.000399648,-1.52763789147139,-1.52763845771551,
198,-0.000399136,-1.52763789147139,-1.52763845771551,
199,-0.000398624,-1.52763789147139,-1.56783946976066,
200,-0.000398112,-1.52763789147139,-1.52763845771551,
201,-0.0003976,-1.52763789147139,-1.56783946976066,
202,-0.000397088,-1.60803988575935,-1.52763845771551,
203,-0.000396576,-1.60803988575935,-1.52763845771551,
204,-0.000396064,-1.52763789147139,-1.56783946976066,
205,-0.000395552,-1.60803988575935,-1.52763845771551,
206,-0.00039504,-1.60803988575935,-1.52763845771551,
207,-0.000394528,-1.60803988575935,-1.52763845771551,
208,-0.000394016,-1.60803988575935,-1.52763845771551,
209,-0.000393504,-1.52763789147139,-1.52763845771551,
210,-0.000392992,-1.52763789147139,-1.56783946976066,
211,-0.00039248,-1.52763789147139,-1.52763845771551,
212,-0.000391968,-1.60803988575935,-1.52763845771551,
213,-0.000391456,-1.52763789147139,-1.56783946976066,
214,-0.000390944,-1.60803988575935,-1.56783946976066,
215,-0.000390432,-1.52763789147139,-1.52763845771551,
216,-0.00038992,-1.60803988575935,-1.52763845771551,
217,-0.000389408,-1.60803988575935,-1.52763845771551,
218,-0.000388896,-1.60803988575935,-1.52763845771551,
219,-0.000388384,-1.52763789147139,-1.52763845771551,
220,-0.000387872,-1.52763789147139,-1.52763845771551,
221,-0.00038736,-1.52763789147139,-1.52763845771551,
222,-0.000386848,-1.60803988575935,-1.52763845771551,
223,-0.000386336,-1.52763789147139,-1.48743744567037,
224,-0.000385824,-1.60803988575935,-1.52763845771551,
225,-0.000385312,-1.52763789147139,-1.56783946976066,
226,-0.0003848,-1.60803988575935,-1.52763845771551,
227,-0.000384288,-1.52763789147139,-1.56783946976066,
228,-0.000383776,-1.60803988575935,-1.56783946976066,
229,-0.000383264,-1.60803988575935,-1.52763845771551,
230,-0.000382752,-1.52763789147139,-1.52763845771551,
231,-0.00038224,-1.52763789147139,-1.52763845771551,
232,-0.000381728,-1.60803988575935,-1.56783946976066,
233,-0.000381216,-1.52763789147139,-1.52763845771551,
234,-0.000380704,-1.60803988575935,-1.52763845771551,
235,-0.000380192,-1.52763789147139,-1.52763845771551,
236,-0.00037968,-1.52763789147139,-1.48743744567037,
237,-0.000379168,-1.60803988575935,-1.56783946976066,
238,-0.000378656,-1.60803988575935,-1.52763845771551,
239,-0.000378144,-1.60803988575935,-1.52763845771551,
240,-0.000377632,-1.52763789147139,-1.52763845771551,
241,-0.00037712,-1.52763789147139,-1.52763845771551,
242,-0.000376608,-1.60803988575935,-1.56783946976066,
243,-0.000376096,-1.52763789147139,-1.56783946976066,
244,-0.000375584,-1.52763789147139,-1.52763845771551,
245,-0.000375072,-1.52763789147139,-1.52763845771551,
246,-0.00037456,-1.60803988575935,-1.52763845771551,
247,-0.000374048,-1.60803988575935,-1.48743744567037,
248,-0.000373536,-1.52763789147139,-1.56783946976066,
249,-0.000373024,-1.52763789147139,-1.52763845771551,
250,-0.000372512,-1.52763789147139,-1.52763845771551,
251,-0.000372,-1.52763789147139,-1.56783946976066,
252,-0.000371488,-1.52763789147139,-1.52763845771551,
253,-0.000370976,-1.60803988575935,-1.52763845771551,
254,-0.000370464,-1.52763789147139,-1.56783946976066,
255,-0.000369952,-1.60803988575935,-1.52763845771551,
256,-0.00036944,-1.60803988575935,-1.52763845771551,
257,-0.000368928,-1.52763789147139,-1.56783946976066,
258,-0.000368416,-1.52763789147139,-1.52763845771551,
259,-0.000367904,-1.52763789147139,-1.56783946976066,
260,-0.000367392,-1.52763789147139,-1.52763845771551,
261,-0.00036688,-1.52763789147139,-1.52763845771551,
262,-0.000366368,-1.60803988575935,-1.52763845771551,
263,-0.000365856,-1.60803988575935,-1.52763845771551,
264,-0.000365344,-1.52763789147139,-1.52763845771551,
265,-0.000364832,-1.60803988575935,-1.52763845771551,
266,-0.00036432,-1.60803988575935,-1.56783946976066,
267,-0.000363808,-1.52763789147139,-1.48743744567037,
268,-0.000363296,-1.60803988575935,-1.52763845771551,
269,-0.000362784,-1.68844188004732,-1.52763845771551,
270,-0.000362272,-1.60803988575935,-1.52763845771551,
271,-0.00036176,-1.52763789147139,-1.52763845771551,
272,-0.000361248,-1.60803988575935,-1.52763845771551,
273,-0.000360736,-1.60803988575935,-1.52763845771551,
274,-0.000360224,-1.60803988575935,-1.52763845771551,
275,-0.000359712,-1.52763789147139,-1.56783946976066,
276,-0.0003592,-1.52763789147139,-1.48743744567037,
277,-0.000358688,-1.60803988575935,-1.52763845771551,
278,-0.000358176,-1.52763789147139,-1.56783946976066,
279,-0.000357664,-1.52763789147139,-1.52763845771551,
280,-0.000357152,-1.60803988575935,-1.52763845771551,
281,-0.00035664,-1.60803988575935,-1.52763845771551,
282,-0.000356128,-1.52763789147139,-1.52763845771551,
283,-0.000355616,-1.52763789147139,-1.48743744567037,
284,-0.000355104,-1.52763789147139,-1.48743744567037,
285,-0.000354592,-1.60803988575935,-1.52763845771551,
286,-0.00035408,-1.60803988575935,-1.52763845771551,
287,-0.000353568,-1.52763789147139,-1.52763845771551,
288,-0.000353056,-1.60803988575935,-1.52763845771551,
289,-0.000352544,-1.60803988575935,-1.52763845771551,
290,-0.000352032,-1.60803988575935,-1.52763845771551,
291,-0.00035152,-1.60803988575935,-1.52763845771551,
292,-0.000351008,-1.60803988575935,-1.52763845771551,
293,-0.000350496,-1.60803988575935,-1.56783946976066,
294,-0.000349984,-1.52763789147139,-1.52763845771551,
295,-0.000349472,-1.52763789147139,-1.52763845771551,
296,-0.00034896,-1.52763789147139,-1.56783946976066,
297,-0.000348448,-1.52763789147139,-1.52763845771551,
298,-0.000347936,-1.52763789147139,-1.52763845771551,
299,-0.000347424,-1.52763789147139,-1.56783946976066,
300,-0.000346912,-1.52763789147139,-1.48743744567037,
301,-0.0003464,-1.52763789147139,-1.52763845771551,
302,-0.000345888,-1.52763789147139,-1.56783946976066,
303,-0.000345376,-1.60803988575935,-1.52763845771551,
304,-0.000344864,-1.52763789147139,-1.56783946976066,
305,-0.000344352,-1.60803988575935,-1.52763845771551,
306,-0.00034384,-1.52763789147139,-1.52763845771551,
307,-0.000343328,-1.60803988575935,-1.52763845771551,
308,-0.000342816,-1.52763789147139,-1.56783946976066,
309,-0.000342304,-1.52763789147139,-1.56783946976066,
310,-0.000341792,-1.60803988575935,-1.52763845771551,
311,-0.00034128,-1.60803988575935,-1.52763845771551,
312,-0.000340768,-1.60803988575935,-1.56783946976066,
313,-0.000340256,-1.52763789147139,-1.52763845771551,
314,-0.000339744,-1.52763789147139,-1.52763845771551,
315,-0.000339232,-1.52763789147139,-1.56783946976066,
316,-0.00033872,-1.52763789147139,-1.48743744567037,
317,-0.000338208,-1.52763789147139,-1.52763845771551,
318,-0.000337696,-1.52763789147139,-1.52763845771551,
319,-0.000337184,-1.52763789147139,-1.48743744567037,
320,-0.000336672,-1.60803988575935,-1.52763845771551,
321,-0.00033616,-1.44723589718342,-1.52763845771551,
322,-0.000335648,-1.52763789147139,-1.48743744567037,
323,-0.000335136,-1.60803988575935,-1.52763845771551,
324,-0.000334624,-1.60803988575935,-1.52763845771551,
325,-0.000334112,-1.52763789147139,-1.52763845771551,
326,-0.0003336,-1.52763789147139,-1.56783946976066,
327,-0.000333088,-1.60803988575935,-1.52763845771551,
328,-0.000332576,-1.52763789147139,-1.6080404818058,
329,-0.000332064,-1.60803988575935,-1.48743744567037,
330,-0.000331552,-1.52763789147139,-1.52763845771551,
331,-0.00033104,-1.60803988575935,-1.56783946976066,
332,-0.000330528,-1.52763789147139,-1.52763845771551,
333,-0.000330016,-1.52763789147139,-1.52763845771551,
334,-0.000329504,-1.52763789147139,-1.52763845771551,
335,-0.000328992,-1.52763789147139,-1.56783946976066,
336,-0.00032848,-1.60803988575935,-1.56783946976066,
337,-0.000327968,-1.52763789147139,-1.52763845771551,
338,-0.000327456,-1.60803988575935,-1.52763845771551,
339,-0.000326944,-1.52763789147139,-1.52763845771551,
340,-0.000326432,-1.60803988575935,-1.52763845771551,
341,-0.00032592,-1.52763789147139,-1.52763845771551,
342,-0.000325408,-1.52763789147139,-1.52763845771551,
343,-0.000324896,-1.60803988575935,-1.52763845771551,
344,-0.000324384,-1.60803988575935,-1.52763845771551,
345,-0.000323872,-1.60803988575935,-1.52763845771551,
346,-0.00032336,-1.52763789147139,-1.56783946976066,
347,-0.000322848,-1.60803988575935,-1.52763845771551,
348,-0.000322336,-1.44723589718342,-1.52763845771551,
349,-0.000321824,-1.60803988575935,-1.56783946976066,
350,-0.000321312,-1.52763789147139,-1.52763845771551,
351,-0.0003208,-1.52763789147139,-1.52763845771551,
352,-0.000320288,-1.52763789147139,-1.56783946976066,
353,-0.000319776,-1.52763789147139,-1.56783946976066,
354,-0.000319264,-1.60803988575935,-1.52763845771551,
355,-0.000318752,-1.60803988575935,-1.56783946976066,
356,-0.00031824,-1.52763789147139,-1.56783946976066,
357,-0.000317728,-1.52763789147139,-1.52763845771551,
358,-0.000317216,-1.52763789147139,-1.52763845771551,
359,-0.000316704,-1.60803988575935,-1.52763845771551,
360,-0.000316192,-1.52763789147139,-1.52763845771551,
361,-0.00031568,-1.52763789147139,-1.52763845771551,
362,-0.000315168,-1.60803988575935,-1.56783946976066,
363,-0.000314656,-1.60803988575935,-1.52763845771551,
364,-0.000314144,-1.60803988575935,-1.48743744567037,
365,-0.000313632,-1.60803988575935,-1.56783946976066,
366,-0.00031312,-1.52763789147139,-1.52763845771551,
367,-0.000312608,-1.60803988575935,-1.52763845771551,
368,-0.000312096,-1.60803988575935,-1.56783946976066,
369,-0.000311584,-1.60803988575935,-1.52763845771551,
370,-0.000311072,-1.60803988575935,-1.52763845771551,
371,-0.00031056,-1.52763789147139,-1.56783946976066,
372,-0.000310048,-1.60803988575935,-1.52763845771551,
373,-0.000309536,-1.52763789147139,-1.52763845771551,
374,-0.000309024,-1.60803988575935,-1.56783946976066,
375,-0.000308512,-1.60803988575935,-1.52763845771551,
376,-0.000308,-1.60803988575935,-1.56783946976066,
377,-0.000307488,-1.60803988575935,-1.52763845771551,
378,-0.000306976,-1.60803988575935,-1.56783946976066,
379,-0.000306464,-1.52763789147139,-1.56783946976066,
380,-0.000305952,-1.60803988575935,-1.52763845771551,
381,-0.00030544,-1.52763789147139,-1.48743744567037,
382,-0.000304928,-1.60803988575935,-1.52763845771551,
383,-0.000304416,-1.52763789147139,-1.52763845771551,
384,-0.000303904,-1.52763789147139,-1.48743744567037,
385,-0.000303392,-1.60803988575935,-1.52763845771551,
386,-0.00030288,-1.52763789147139,-1.52763845771551,
387,-0.000302368,-1.60803988575935,-1.52763845771551,
388,-0.000301856,-1.60803988575935,-1.48743744567037,
389,-0.000301344,-1.60803988575935,-1.52763845771551,
390,-0.000300832,-1.52763789147139,-1.52763845771551,
391,-0.00030032,-1.52763789147139,-1.52763845771551,
392,-0.000299808,-1.60803988575935,-1.52763845771551,
393,-0.000299296,-1.52763789147139,-1.56783946976066,
394,-0.000298784,-1.60803988575935,-1.56783946976066,
395,-0.000298272,-1.60803988575935,-1.56783946976066,
396,-0.00029776,-1.52763789147139,-1.48743744567037,
397,-0.000297248,-1.60803988575935,-1.52763845771551,
398,-0.000296736,-1.60803988575935,-1.52763845771551,
399,-0.000296224,-1.52763789147139,-1.52763845771551,
400,-0.000295712,-1.60803988575935,-1.52763845771551,
401,-0.0002952,-1.60803988575935,-1.52763845771551,
402,-0.000294688,-1.52763789147139,-1.52763845771551,
403,-0.000294176,-1.52763789147139,-1.56783946976066,
404,-0.000293664,-1.52763789147139,-1.56783946976066,
405,-0.000293152,-1.52763789147139,-1.56783946976066,
406,-0.00029264,-1.52763789147139,-1.52763845771551,
407,-0.000292128,-1.52763789147139,-1.52763845771551,
408,-0.000291616,-1.60803988575935,-1.52763845771551,
409,-0.000291104,-1.52763789147139,-1.52763845771551,
410,-0.000290592,-1.52763789147139,-1.56783946976066,
411,-0.00029008,-1.60803988575935,-1.56783946976066,
412,-0.000289568,-1.52763789147139,-1.52763845771551,
413,-0.000289056,-1.60803988575935,-1.56783946976066,
414,-0.000288544,-1.60803988575935,-1.56783946976066,
415,-0.000288032,-1.52763789147139,-1.52763845771551,
416,-0.00028752,-1.52763789147139,-1.52763845771551,
417,-0.000287008,-1.60803988575935,-1.52763845771551,
418,-0.000286496,-1.52763789147139,-1.52763845771551,
419,-0.000285984,-1.52763789147139,-1.52763845771551,
420,-0.000285472,-1.60803988575935,-1.52763845771551,
421,-0.00028496,-1.52763789147139,-1.52763845771551,
422,-0.000284448,-1.60803988575935,-1.52763845771551,
423,-0.000283936,-1.52763789147139,-1.52763845771551,
424,-0.000283424,-1.52763789147139,-1.52763845771551,
425,-0.000282912,-1.60803988575935,-1.52763845771551,
426,-0.0002824,-1.60803988575935,-1.52763845771551,
427,-0.000281888,-1.60803988575935,-1.52763845771551,
428,-0.000281376,-1.68844188004732,-1.52763845771551,
429,-0.000280864,-1.52763789147139,-1.52763845771551,
430,-0.000280352,-1.60803988575935,-1.56783946976066,
431,-0.00027984,-1.60803988575935,-1.52763845771551,
432,-0.000279328,-1.44723589718342,-1.52763845771551,
433,-0.000278816,-1.52763789147139,-1.52763845771551,
434,-0.000278304,-1.60803988575935,-1.56783946976066,
435,-0.000277792,-1.60803988575935,-1.56783946976066,
436,-0.00027728,-1.52763789147139,-1.52763845771551,
437,-0.000276768,-1.60803988575935,-1.48743744567037,
438,-0.000276256,-1.60803988575935,-1.52763845771551,
439,-0.000275744,-1.52763789147139,-1.52763845771551,
440,-0.000275232,-1.60803988575935,-1.52763845771551,
441,-0.00027472,-1.60803988575935,-1.52763845771551,
442,-0.000274208,-1.60803988575935,-1.52763845771551,
443,-0.000273696,-1.52763789147139,-1.52763845771551,
444,-0.000273184,-1.60803988575935,-1.52763845771551,
445,-0.000272672,-1.60803988575935,-1.52763845771551,
446,-0.00027216,-1.52763789147139,-1.52763845771551,
447,-0.000271648,-1.60803988575935,-1.48743744567037,
448,-0.000271136,-1.60803988575935,-1.52763845771551,
449,-0.000270624,-1.60803988575935,-1.52763845771551,
450,-0.000270112,-1.52763789147139,-1.52763845771551,
451,-0.0002696,-1.52763789147139,-1.56783946976066,
452,-0.000269088,-1.52763789147139,-1.56783946976066,
453,-0.000268576,-1.60803988575935,-1.52763845771551,
454,-0.000268064,-1.60803988575935,-1.48743744567037,
455,-0.000267552,-1.52763789147139,-1.56783946976066,
456,-0.00026704,-1.60803988575935,-1.52763845771551,
457,-0.000266528,-1.60803988575935,-1.52763845771551,
458,-0.000266016,-1.60803988575935,-1.52763845771551,
459,-0.000265504,-1.60803988575935,-1.48743744567037,
460,-0.000264992,-1.60803988575935,-1.52763845771551,
461,-0.00026448,-1.60803988575935,-1.52763845771551,
462,-0.000263968,-1.52763789147139,-1.56783946976066,
463,-0.000263456,-1.60803988575935,-1.48743744567037,
464,-0.000262944,-1.60803988575935,-1.52763845771551,
465,-0.000262432,-1.52763789147139,-1.56783946976066,
466,-0.00026192,-1.52763789147139,-1.52763845771551,
467,-0.000261408,-1.60803988575935,-1.56783946976066,
468,-0.000260896,-1.60803988575935,-1.56783946976066,
469,-0.000260384,-1.52763789147139,-1.56783946976066,
470,-0.000259872,-1.52763789147139,-1.52763845771551,
471,-0.00025936,-1.60803988575935,-1.56783946976066,
472,-0.000258848,-1.52763789147139,-1.52763845771551,
473,-0.000258336,-1.60803988575935,-1.52763845771551,
474,-0.000257824,-1.44723589718342,-1.52763845771551,
475,-0.000257312,-1.60803988575935,-1.56783946976066,
476,-0.0002568,-1.52763789147139,-1.52763845771551,
477,-0.000256288,-1.60803988575935,-1.48743744567037,
478,-0.000255776,-1.60803988575935,-1.52763845771551,
479,-0.000255264,-1.52763789147139,-1.52763845771551,
480,-0.000254752,-1.52763789147139,-1.56783946976066,
481,-0.00025424,-1.52763789147139,-1.52763845771551,
482,-0.000253728,-1.52763789147139,-1.52763845771551,
483,-0.000253216,-1.60803988575935,-1.52763845771551,
484,-0.000252704,-1.52763789147139,-1.56783946976066,
485,-0.000252192,-1.60803988575935,-1.52763845771551,
486,-0.00025168,-1.52763789147139,-1.56783946976066,
487,-0.000251168,-1.60803988575935,-1.52763845771551,
488,-0.000250656,-1.52763789147139,-1.52763845771551,
489,-0.000250144,-1.52763789147139,-1.52763845771551,
490,-0.000249632,-1.68844188004732,-1.56783946976066,
491,-0.00024912,-1.52763789147139,-1.52763845771551,
492,-0.000248608,-1.60803988575935,-1.56783946976066,
493,-0.000248096,-1.60803988575935,-1.56783946976066,
494,-0.000247584,-1.60803988575935,-1.52763845771551,
495,-0.000247072,-1.52763789147139,-1.52763845771551,
496,-0.00024656,-1.52763789147139,-1.52763845771551,
497,-0.000246048,-1.52763789147139,-1.52763845771551,
498,-0.000245536,-1.60803988575935,-1.52763845771551,
499,-0.000245024,-1.60803988575935,-1.52763845771551,
500,-0.000244512,-1.52763789147139,-1.52763845771551,
501,-0.000244,-1.52763789147139,-1.48743744567037,
502,-0.000243488,-1.60803988575935,-1.52763845771551,
503,-0.000242976,-1.52763789147139,-1.56783946976066,
504,-0.000242464,-1.60803988575935,-1.52763845771551,
505,-0.000241952,-1.52763789147139,-1.48743744567037,
506,-0.00024144,-1.52763789147139,-1.52763845771551,
507,-0.000240928,-1.60803988575935,-1.52763845771551,
508,-0.000240416,-1.52763789147139,-1.52763845771551,
509,-0.000239904,-1.52763789147139,-1.52763845771551,
510,-0.000239392,-1.60803988575935,-1.52763845771551,
511,-0.00023888,-1.60803988575935,-1.52763845771551,
512,-0.000238368,-1.52763789147139,-1.56783946976066,
513,-0.000237856,-1.52763789147139,-1.56783946976066,
514,-0.000237344,-1.68844188004732,-1.52763845771551,
515,-0.000236832,-1.52763789147139,-1.52763845771551,
516,-0.00023632,-1.52763789147139,-1.56783946976066,
517,-0.000235808,-1.52763789147139,-1.52763845771551,
518,-0.000235296,-1.52763789147139,-1.52763845771551,
519,-0.000234784,-1.52763789147139,-1.56783946976066,
520,-0.000234272,-1.60803988575935,-1.56783946976066,
521,-0.00023376,-1.60803988575935,-1.56783946976066,
522,-0.000233248,-1.60803988575935,-1.56783946976066,
523,-0.000232736,-1.52763789147139,-1.52763845771551,
524,-0.000232224,-1.60803988575935,-1.56783946976066,
525,-0.000231712,-1.60803988575935,-1.52763845771551,
526,-0.0002312,-1.52763789147139,-1.52763845771551,
527,-0.000230688,-1.60803988575935,-1.52763845771551,
528,-0.000230176,-1.52763789147139,-1.52763845771551,
529,-0.000229664,-1.52763789147139,-1.56783946976066,
530,-0.000229152,-1.52763789147139,-1.52763845771551,
531,-0.00022864,-1.52763789147139,-1.52763845771551,
532,-0.000228128,-1.60803988575935,-1.56783946976066,
533,-0.000227616,-1.52763789147139,-1.52763845771551,
534,-0.000227104,-1.60803988575935,-1.56783946976066,
535,-0.000226592,-1.60803988575935,-1.56783946976066,
536,-0.00022608,-1.60803988575935,-1.52763845771551,
537,-0.000225568,-1.52763789147139,-1.52763845771551,
538,-0.000225056,-1.60803988575935,-1.52763845771551,
539,-0.000224544,-1.60803988575935,-1.56783946976066,
540,-0.000224032,-1.60803988575935,-1.52763845771551,
541,-0.00022352,-1.52763789147139,-1.56783946976066,
542,-0.000223008,-1.52763789147139,-1.52763845771551,
543,-0.000222496,-1.52763789147139,-1.52763845771551,
544,-0.000221984,-1.60803988575935,-1.52763845771551,
545,-0.000221472,-1.52763789147139,-1.52763845771551,
546,-0.00022096,-1.60803988575935,-1.52763845771551,
547,-0.000220448,-1.52763789147139,-1.52763845771551,
548,-0.000219936,-1.60803988575935,-1.56783946976066,
549,-0.000219424,-1.60803988575935,-1.52763845771551,
550,-0.000218912,-1.60803988575935,-1.52763845771551,
551,-0.0002184,-1.60803988575935,-1.52763845771551,
552,-0.000217888,-1.52763789147139,-1.52763845771551,
553,-0.000217376,-1.52763789147139,-1.52763845771551,
554,-0.000216864,-1.60803988575935,-1.56783946976066,
555,-0.000216352,-1.60803988575935,-1.52763845771551,
556,-0.00021584,-1.52763789147139,-1.52763845771551,
557,-0.000215328,-1.60803988575935,-1.52763845771551,
558,-0.000214816,-1.52763789147139,-1.56783946976066,
559,-0.000214304,-1.60803988575935,-1.52763845771551,
560,-0.000213792,-1.52763789147139,-1.56783946976066,
561,-0.00021328,-1.52763789147139,-1.52763845771551,
562,-0.000212768,-1.60803988575935,-1.48743744567037,
563,-0.000212256,-1.60803988575935,-1.52763845771551,
564,-0.000211744,-1.60803988575935,-1.52763845771551,
565,-0.000211232,-1.52763789147139,-1.52763845771551,
566,-0.00021072,-1.52763789147139,-1.56783946976066,
567,-0.000210208,-1.52763789147139,-1.52763845771551,
568,-0.000209696,-1.52763789147139,-1.52763845771551,
569,-0.000209184,-1.60803988575935,-1.52763845771551,
570,-0.000208672,-1.60803988575935,-1.52763845771551,
571,-0.00020816,-1.52763789147139,-1.56783946976066,
572,-0.000207648,-1.52763789147139,-1.52763845771551,
573,-0.000207136,-1.60803988575935,-1.56783946976066,
574,-0.000206624,-1.60803988575935,-1.52763845771551,
575,-0.000206112,-1.60803988575935,-1.48743744567037,
576,-0.0002056,-1.60803988575935,-1.56783946976066,
577,-0.000205088,-1.60803988575935,-1.52763845771551,
578,-0.000204576,-1.60803988575935,-1.52763845771551,
579,-0.000204064,-1.60803988575935,-1.52763845771551,
580,-0.000203552,-1.60803988575935,-1.6080404818058,
581,-0.00020304,-1.60803988575935,-1.52763845771551,
582,-0.000202528,-1.60803988575935,-1.56783946976066,
583,-0.000202016,-1.60803988575935,-1.52763845771551,
584,-0.000201504,-1.52763789147139,-1.48743744567037,
585,-0.000200992,-1.60803988575935,-1.52763845771551,
586,-0.00020048,-1.52763789147139,-1.56783946976066,
587,-0.000199968,-1.52763789147139,-1.56783946976066,
588,-0.000199456,-1.52763789147139,-1.52763845771551,
589,-0.000198944,-1.60803988575935,-1.56783946976066,
590,-0.000198432,-1.60803988575935,-1.48743744567037,
591,-0.00019792,-1.52763789147139,-1.52763845771551,
592,-0.000197408,-1.52763789147139,-1.56783946976066,
593,-0.000196896,-1.52763789147139,-1.56783946976066,
594,-0.000196384,-1.52763789147139,-1.52763845771551,
595,-0.000195872,-1.60803988575935,-1.48743744567037,
596,-0.00019536,-1.52763789147139,-1.52763845771551,
597,-0.000194848,-1.60803988575935,-1.52763845771551,
598,-0.000194336,-1.60803988575935,-1.52763845771551,
599,-0.000193824,-1.60803988575935,-1.52763845771551,
600,-0.000193312,-1.60803988575935,-1.48743744567037,
601,-0.0001928,-1.52763789147139,-1.52763845771551,
602,-0.000192288,-1.52763789147139,-1.52763845771551,
603,-0.000191776,-1.60803988575935,-1.52763845771551,
604,-0.000191264,-1.52763789147139,-1.52763845771551,
605,-0.000190752,-1.60803988575935,-1.56783946976066,
606,-0.00019024,-1.60803988575935,-1.52763845771551,
607,-0.000189728,-1.60803988575935,-1.52763845771551,
608,-0.000189216,-1.60803988575935,-1.52763845771551,
609,-0.000188704,-1.60803988575935,-1.52763845771551,
610,-0.000188192,-1.52763789147139,-1.56783946976066,
611,-0.00018768,-1.60803988575935,-1.52763845771551,
612,-0.000187168,-1.60803988575935,-1.52763845771551,
613,-0.000186656,-1.52763789147139,-1.52763845771551,
614,-0.000186144,-1.60803988575935,-1.52763845771551,
615,-0.000185632,-1.60803988575935,-1.52763845771551,
616,-0.00018512,-1.52763789147139,-1.56783946976066,
617,-0.000184608,-1.52763789147139,-1.56783946976066,
618,-0.000184096,-1.60803988575935,-1.52763845771551,
619,-0.000183584,-1.44723589718342,-1.52763845771551,
620,-0.000183072,-1.60803988575935,-1.52763845771551,
621,-0.00018256,-1.52763789147139,-1.52763845771551,
622,-0.000182048,-1.60803988575935,-1.52763845771551,
623,-0.000181536,-1.60803988575935,-1.52763845771551,
624,-0.000181024,-1.52763789147139,-1.48743744567037,
625,-0.000180512,-1.52763789147139,-1.56783946976066,
626,-0.00018,-1.52763789147139,-1.52763845771551,
627,-0.000179488,-1.52763789147139,-1.52763845771551,
628,-0.000178976,-1.60803988575935,-1.56783946976066,
629,-0.000178464,-1.60803988575935,-1.52763845771551,
630,-0.000177952,-1.52763789147139,-1.56783946976066,
631,-0.00017744,-1.60803988575935,-1.52763845771551,
632,-0.000176928,-1.52763789147139,-1.52763845771551,
633,-0.000176416,-1.52763789147139,-1.52763845771551,
634,-0.000175904,-1.52763789147139,-1.52763845771551,
635,-0.000175392,-1.60803988575935,-1.56783946976066,
636,-0.00017488,-1.60803988575935,-1.52763845771551,
637,-0.000174368,-1.60803988575935,-1.52763845771551,
638,-0.000173856,-1.52763789147139,-1.52763845771551,
639,-0.000173344,-1.52763789147139,-1.52763845771551,
640,-0.000172832,-1.60803988575935,-1.52763845771551,
641,-0.00017232,-1.52763789147139,-1.52763845771551,
642,-0.000171808,-1.52763789147139,-1.52763845771551,
643,-0.000171296,-1.52763789147139,-1.48743744567037,
644,-0.000170784,-1.60803988575935,-1.56783946976066,
645,-0.000170272,-1.52763789147139,-1.52763845771551,
646,-0.00016976,-1.52763789147139,-1.52763845771551,
647,-0.000169248,-1.60803988575935,-1.52763845771551,
648,-0.000168736,-1.60803988575935,-1.52763845771551,
649,-0.000168224,-1.60803988575935,-1.52763845771551,
650,-0.000167712,-1.60803988575935,-1.52763845771551,
651,-0.0001672,-1.52763789147139,-1.52763845771551,
652,-0.000166688,-1.52763789147139,-1.56783946976066,
653,-0.000166176,-1.60803988575935,-1.52763845771551,
654,-0.000165664,-1.52763789147139,-1.52763845771551,
655,-0.000165152,-1.52763789147139,-1.52763845771551,
656,-0.00016464,-1.52763789147139,-1.56783946976066,
657,-0.000164128,-1.60803988575935,-1.52763845771551,
658,-0.000163616,-1.52763789147139,-1.52763845771551,
659,-0.000163104,-1.60803988575935,-1.52763845771551,
660,-0.000162592,-1.52763789147139,-1.52763845771551,
661,-0.00016208,-1.52763789147139,-1.48743744567037,
662,-0.000161568,-1.60803988575935,-1.52763845771551,
663,-0.000161056,-1.60803988575935,-1.52763845771551,
664,-0.000160544,-1.60803988575935,-1.52763845771551,
665,-0.000160032,-1.60803988575935,-1.52763845771551,
666,-0.00015952,-1.52763789147139,-1.56783946976066,
667,-0.000159008,-1.60803988575935,-1.52763845771551,
668,-0.000158496,-1.60803988575935,-1.52763845771551,
669,-0.000157984,-1.52763789147139,-1.52763845771551,
670,-0.000157472,-1.52763789147139,-1.52763845771551,
671,-0.00015696,-1.60803988575935,-1.52763845771551,
672,-0.000156448,-1.60803988575935,-1.52763845771551,
673,-0.000155936,-1.52763789147139,-1.52763845771551,
674,-0.000155424,-1.52763789147139,-1.52763845771551,
675,-0.000154912,-1.52763789147139,-1.52763845771551,
676,-0.0001544,-1.52763789147139,-1.52763845771551,
677,-0.000153888,-1.60803988575935,-1.56783946976066,
678,-0.000153376,-1.60803988575935,-1.52763845771551,
679,-0.000152864,-1.60803988575935,-1.52763845771551,
680,-0.000152352,-1.60803988575935,-1.52763845771551,
681,-0.00015184,-1.60803988575935,-1.52763845771551,
682,-0.000151328,-1.60803988575935,-1.52763845771551,
683,-0.000150816,-1.60803988575935,-1.52763845771551,
684,-0.000150304,-1.52763789147139,-1.52763845771551,
685,-0.000149792,-1.52763789147139,-1.52763845771551,
686,-0.00014928,-1.52763789147139,-1.52763845771551,
687,-0.000148768,-1.52763789147139,-1.48743744567037,
688,-0.000148256,-1.52763789147139,-1.56783946976066,
689,-0.000147744,-1.60803988575935,-1.52763845771551,
690,-0.000147232,-1.60803988575935,-1.52763845771551,
691,-0.00014672,-1.60803988575935,-1.56783946976066,
692,-0.000146208,-1.60803988575935,-1.56783946976066,
693,-0.000145696,-1.52763789147139,-1.56783946976066,
694,-0.000145184,-1.60803988575935,-1.52763845771551,
695,-0.000144672,-1.60803988575935,-1.52763845771551,
696,-0.00014416,-1.52763789147139,-1.52763845771551,
697,-0.000143648,-1.52763789147139,-1.56783946976066,
698,-0.000143136,-1.60803988575935,-1.52763845771551,
699,-0.000142624,-1.44723589718342,-1.48743744567037,
700,-0.000142112,-1.52763789147139,-1.52763845771551,
701,-0.0001416,-1.60803988575935,-1.52763845771551,
702,-0.000141088,-1.60803988575935,-1.52763845771551,
703,-0.000140576,-1.52763789147139,-1.56783946976066,
704,-0.000140064,-1.60803988575935,-1.56783946976066,
705,-0.000139552,-1.60803988575935,-1.56783946976066,
706,-0.00013904,-1.60803988575935,-1.56783946976066,
707,-0.000138528,-1.52763789147139,-1.56783946976066,
708,-0.000138016,-1.60803988575935,-1.52763845771551,
709,-0.000137504,-1.60803988575935,-1.48743744567037,
710,-0.000136992,-1.52763789147139,-1.52763845771551,
711,-0.00013648,-1.52763789147139,-1.56783946976066,
712,-0.000135968,-1.68844188004732,-1.56783946976066,
713,-0.000135456,-1.52763789147139,-1.52763845771551,
714,-0.000134944,-1.60803988575935,-1.56783946976066,
715,-0.000134432,-1.60803988575935,-1.52763845771551,
716,-0.00013392,-1.60803988575935,-1.56783946976066,
717,-0.000133408,-1.60803988575935,-1.56783946976066,
718,-0.000132896,-1.60803988575935,-1.56783946976066,
719,-0.000132384,-1.52763789147139,-1.56783946976066,
720,-0.000131872,-1.60803988575935,-1.52763845771551,
721,-0.00013136,-1.52763789147139,-1.52763845771551,
722,-0.000130848,-1.52763789147139,-1.48743744567037,
723,-0.000130336,-1.52763789147139,-1.52763845771551,
724,-0.000129824,-1.60803988575935,-1.52763845771551,
725,-0.000129312,-1.52763789147139,-1.48743744567037,
726,-0.0001288,-1.60803988575935,-1.56783946976066,
727,-0.000128288,-1.60803988575935,-1.56783946976066,
728,-0.000127776,-1.60803988575935,-1.52763845771551,
729,-0.000127264,-1.60803988575935,-1.52763845771551,
730,-0.000126752,-1.60803988575935,-1.52763845771551,
731,-0.00012624,-1.52763789147139,-1.48743744567037,
732,-0.000125728,-1.60803988575935,-1.52763845771551,
733,-0.000125216,-1.52763789147139,-1.52763845771551,
734,-0.000124704,-1.52763789147139,-1.52763845771551,
735,-0.000124192,-1.52763789147139,-1.52763845771551,
736,-0.00012368,-1.52763789147139,-1.52763845771551,
737,-0.000123168,-1.52763789147139,-1.52763845771551,
738,-0.000122656,-1.52763789147139,-1.52763845771551,
739,-0.000122144,-1.60803988575935,-1.52763845771551,
740,-0.000121632,-1.60803988575935,-1.52763845771551,
741,-0.00012112,-1.52763789147139,-1.52763845771551,
742,-0.000120608,-1.52763789147139,-1.52763845771551,
743,-0.000120096,-1.60803988575935,-1.48743744567037,
744,-0.000119584,-1.52763789147139,-1.52763845771551,
745,-0.000119072,-1.52763789147139,-1.52763845771551,
746,-0.00011856,-1.52763789147139,-1.48743744567037,
747,-0.000118048,-1.60803988575935,-1.52763845771551,
748,-0.000117536,-1.60803988575935,-1.48743744567037,
749,-0.000117024,-1.60803988575935,-1.56783946976066,
750,-0.000116512,-1.60803988575935,-1.52763845771551,
751,-0.000116,-1.52763789147139,-1.52763845771551,
752,-0.000115488,-1.52763789147139,-1.56783946976066,
753,-0.000114976,-1.52763789147139,-1.52763845771551,
754,-0.000114464,-1.52763789147139,-1.52763845771551,
755,-0.000113952,-1.60803988575935,-1.52763845771551,
756,-0.00011344,-1.52763789147139,-1.52763845771551,
757,-0.000112928,-1.52763789147139,-1.52763845771551,
758,-0.000112416,-1.60803988575935,-1.52763845771551,
759,-0.000111904,-1.52763789147139,-1.52763845771551,
760,-0.000111392,-1.52763789147139,-1.52763845771551,
761,-0.00011088,-1.52763789147139,-1.52763845771551,
762,-0.000110368,-1.60803988575935,-1.52763845771551,
763,-0.000109856,-1.60803988575935,-1.56783946976066,
764,-0.000109344,-1.52763789147139,-1.52763845771551,
765,-0.000108832,-1.52763789147139,-1.52763845771551,
766,-0.00010832,-1.52763789147139,-1.52763845771551,
767,-0.000107808,-1.52763789147139,-1.52763845771551,
768,-0.000107296,-1.60803988575935,-1.52763845771551,
769,-0.000106784,-1.60803988575935,-1.56783946976066,
770,-0.000106272,-1.60803988575935,-1.52763845771551,
771,-0.00010576,-1.52763789147139,-1.52763845771551,
772,-0.000105248,-1.60803988575935,-1.52763845771551,
773,-0.000104736,-1.60803988575935,-1.52763845771551,
774,-0.000104224,-1.52763789147139,-1.52763845771551,
775,-0.000103712,-1.68844188004732,-1.56783946976066,
776,-0.0001032,-1.60803988575935,-1.52763845771551,
777,-0.000102688,-1.52763789147139,-1.52763845771551,
778,-0.000102176,-1.60803988575935,-1.52763845771551,
779,-0.000101664,-1.52763789147139,-1.52763845771551,
780,-0.000101152,-1.52763789147139,-1.52763845771551,
781,-0.00010064,-1.52763789147139,-1.48743744567037,
782,-0.000100128,-1.60803988575935,-1.56783946976066,
783,-9.9616E-05,-1.52763789147139,-1.52763845771551,
784,-9.9104E-05,-1.52763789147139,-1.56783946976066,
785,-9.8592E-05,-1.60803988575935,-1.56783946976066,
786,-9.808E-05,-1.60803988575935,-1.56783946976066,
787,-9.7568E-05,-1.52763789147139,-1.52763845771551,
788,-9.7056E-05,-1.60803988575935,-1.56783946976066,
789,-9.6544E-05,-1.52763789147139,-1.52763845771551,
790,-9.6032E-05,-1.52763789147139,-1.52763845771551,
791,-9.552E-05,-1.60803988575935,-1.52763845771551,
792,-9.5008E-05,-1.60803988575935,-1.52763845771551,
793,-9.4496E-05,-1.52763789147139,-1.48743744567037,
794,-9.3984E-05,-1.52763789147139,-1.52763845771551,
795,-9.3472E-05,-1.52763789147139,-1.52763845771551,
796,-9.296E-05,-1.52763789147139,-1.52763845771551,
797,-9.2448E-05,-1.52763789147139,-1.52763845771551,
798,-9.1936E-05,-1.60803988575935,-1.48743744567037,
799,-9.1424E-05,-1.60803988575935,-1.52763845771551,
800,-9.0912E-05,-1.52763789147139,-1.56783946976066,
801,-9.04E-05,-1.52763789147139,-1.56783946976066,
802,-8.9888E-05,-1.52763789147139,-1.52763845771551,
803,-8.9376E-05,-1.52763789147139,-1.52763845771551,
804,-8.8864E-05,-1.60803988575935,-1.52763845771551,
805,-8.8352E-05,-1.52763789147139,-1.52763845771551,
806,-8.784E-05,-1.52763789147139,-1.52763845771551,
807,-8.7328E-05,-1.60803988575935,-1.52763845771551,
808,-8.6816E-05,-1.60803988575935,-1.52763845771551,
809,-8.6304E-05,-1.60803988575935,-1.48743744567037,
810,-8.5792E-05,-1.52763789147139,-1.52763845771551,
811,-8.528E-05,-1.52763789147139,-1.52763845771551,
812,-8.4768E-05,-1.52763789147139,-1.52763845771551,
813,-8.4256E-05,-1.52763789147139,-1.52763845771551,
814,-8.3744E-05,-1.52763789147139,-1.52763845771551,
815,-8.3232E-05,-1.44723589718342,-1.52763845771551,
816,-8.272E-05,-1.52763789147139,-1.52763845771551,
817,-8.2208E-05,-1.60803988575935,-1.52763845771551,
818,-8.1696E-05,-1.52763789147139,-1.48743744567037,
819,-8.1184E-05,-1.52763789147139,-1.52763845771551,
820,-8.0672E-05,-1.60803988575935,-1.52763845771551,
821,-8.016E-05,-1.52763789147139,-1.52763845771551,
822,-7.9648E-05,-1.52763789147139,-1.52763845771551,
823,-7.9136E-05,-1.52763789147139,-1.52763845771551,
824,-7.8624E-05,-1.60803988575935,-1.52763845771551,
825,-7.8112E-05,-1.60803988575935,-1.52763845771551,
826,-7.76E-05,-1.52763789147139,-1.52763845771551,
827,-7.7088E-05,-1.60803988575935,-1.56783946976066,
828,-7.6576E-05,-1.52763789147139,-1.52763845771551,
829,-7.6064E-05,-1.60803988575935,-1.52763845771551,
830,-7.5552E-05,-1.60803988575935,-1.52763845771551,
831,-7.504E-05,-1.60803988575935,-1.56783946976066,
832,-7.4528E-05,-1.52763789147139,-1.52763845771551,
833,-7.4016E-05,-1.60803988575935,-1.56783946976066,
834,-7.3504E-05,-1.52763789147139,-1.52763845771551,
835,-7.2992E-05,-1.60803988575935,-1.48743744567037,
836,-7.248E-05,-1.60803988575935,-1.52763845771551,
837,-7.1968E-05,-1.52763789147139,-1.52763845771551,
838,-7.1456E-05,-1.52763789147139,-1.52763845771551,
839,-7.0944E-05,-1.60803988575935,-1.48743744567037,
840,-7.0432E-05,-1.44723589718342,-1.6080404818058,
841,-6.992E-05,-1.52763789147139,-1.48743744567037,
842,-6.9408E-05,-1.52763789147139,-1.52763845771551,
843,-6.8896E-05,-1.60803988575935,-1.52763845771551,
844,-6.8384E-05,-1.52763789147139,-1.52763845771551,
845,-6.7872E-05,-1.60803988575935,-1.52763845771551,
846,-6.736E-05,-1.52763789147139,-1.52763845771551,
847,-6.6848E-05,-1.60803988575935,-1.52763845771551,
848,-6.6336E-05,-1.44723589718342,-1.56783946976066,
849,-6.5824E-05,-1.52763789147139,-1.52763845771551,
850,-6.5312E-05,-1.60803988575935,-1.52763845771551,
851,-6.48E-05,-1.60803988575935,-1.52763845771551,
852,-6.4288E-05,-1.60803988575935,-1.52763845771551,
853,-6.3776E-05,-1.52763789147139,-1.56783946976066,
854,-6.3264E-05,-1.52763789147139,-1.52763845771551,
855,-6.2752E-05,-1.52763789147139,-1.52763845771551,
856,-6.224E-05,-1.52763789147139,-1.52763845771551,
857,-6.1728E-05,-1.52763789147139,-1.48743744567037,
858,-6.1216E-05,-1.60803988575935,-1.56783946976066,
859,-6.0704E-05,-1.60803988575935,-1.52763845771551,
860,-6.0192E-05,-1.52763789147139,-1.52763845771551,
861,-5.968E-05,-1.52763789147139,-1.52763845771551,
862,-5.9168E-05,-1.52763789147139,-1.52763845771551,
863,-5.8656E-05,-1.52763789147139,-1.52763845771551,
864,-5.8144E-05,-1.60803988575935,-1.52763845771551,
865,-5.7632E-05,-1.60803988575935,-1.52763845771551,
866,-5.712E-05,-1.52763789147139,-1.52763845771551,
867,-5.6608E-05,-1.52763789147139,-1.52763845771551,
868,-5.6096E-05,-1.52763789147139,-1.52763845771551,
869,-5.5584E-05,-1.52763789147139,-1.52763845771551,
870,-5.5072E-05,-1.52763789147139,-1.52763845771551,
871,-5.456E-05,-1.52763789147139,-1.52763845771551,
872,-5.4048E-05,-1.60803988575935,-1.56783946976066,
873,-5.3536E-05,-1.52763789147139,-1.52763845771551,
874,-5.3024E-05,-1.60803988575935,-1.52763845771551,
875,-5.2512E-05,-1.60803988575935,-1.56783946976066,
876,-5.2E-05,-1.52763789147139,-1.56783946976066,
877,-5.1488E-05,-1.52763789147139,-1.52763845771551,
878,-5.0976E-05,-1.60803988575935,-1.52763845771551,
879,-5.0464E-05,-1.52763789147139,-1.52763845771551,
880,-4.9952E-05,-1.52763789147139,-1.52763845771551,
881,-4.944E-05,-1.52763789147139,-1.52763845771551,
882,-4.8928E-05,-1.52763789147139,-1.56783946976066,
883,-4.8416E-05,-1.52763789147139,-1.48743744567037,
884,-4.7904E-05,-1.60803988575935,-1.52763845771551,
885,-4.7392E-05,-1.52763789147139,-1.52763845771551,
886,-4.688E-05,-1.52763789147139,-1.52763845771551,
887,-4.6368E-05,-1.60803988575935,-1.52763845771551,
888,-4.5856E-05,-1.60803988575935,-1.56783946976066,
889,-4.5344E-05,-1.52763789147139,-1.52763845771551,
890,-4.4832E-05,-1.52763789147139,-1.52763845771551,
891,-4.432E-05,-1.52763789147139,-1.52763845771551,
892,-4.3808E-05,-1.52763789147139,-1.52763845771551,
893,-4.3296E-05,-1.52763789147139,-1.56783946976066,
894,-4.2784E-05,-1.60803988575935,-1.52763845771551,
895,-4.2272E-05,-1.52763789147139,-1.52763845771551,
896,-4.176E-05,-1.60803988575935,-1.52763845771551,
897,-4.1248E-05,-1.60803988575935,-1.52763845771551,
898,-4.0736E-05,-1.60803988575935,-1.52763845771551,
899,-4.0224E-05,-1.52763789147139,-1.48743744567037,
900,-3.9712E-05,-1.60803988575935,-1.52763845771551,
901,-3.92E-05,-1.60803988575935,-1.52763845771551,
902,-3.8688E-05,-1.52763789147139,-1.52763845771551,
903,-3.8176E-05,-1.60803988575935,-1.52763845771551,
904,-3.7664E-05,-1.52763789147139,-1.52763845771551,
905,-3.7152E-05,-1.52763789147139,-1.56783946976066,
906,-3.664E-05,-1.60803988575935,-1.52763845771551,
907,-3.6128E-05,-1.60803988575935,-1.52763845771551,
908,-3.5616E-05,-1.52763789147139,-1.48743744567037,
909,-3.5104E-05,-1.52763789147139,-1.52763845771551,
910,-3.4592E-05,-1.52763789147139,-1.52763845771551,
911,-3.408E-05,-1.52763789147139,-1.56783946976066,
912,-3.3568E-05,-1.52763789147139,-1.48743744567037,
913,-3.3056E-05,-1.60803988575935,-1.52763845771551,
914,-3.2544E-05,-1.52763789147139,-1.52763845771551,
915,-3.2032E-05,-1.60803988575935,-1.56783946976066,
916,-3.152E-05,-1.60803988575935,-1.52763845771551,
917,-3.1008E-05,-1.60803988575935,-1.56783946976066,
918,-3.0496E-05,-1.52763789147139,-1.52763845771551,
919,-2.9984E-05,-1.52763789147139,-1.52763845771551,
920,-2.9472E-05,-1.52763789147139,-1.56783946976066,
921,-2.896E-05,-1.60803988575935,-1.52763845771551,
922,-2.8448E-05,-1.52763789147139,-1.52763845771551,
923,-2.7936E-05,-1.52763789147139,-1.52763845771551,
924,-2.7424E-05,-1.60803988575935,-1.52763845771551,
925,-2.6912E-05,-1.60803988575935,-1.52763845771551,
926,-2.64E-05,-1.52763789147139,-1.56783946976066,
927,-2.5888E-05,-1.52763789147139,-1.52763845771551,
928,-2.5376E-05,-1.60803988575935,-1.56783946976066,
929,-2.4864E-05,-1.60803988575935,-1.48743744567037,
930,-2.4352E-05,-1.52763789147139,-1.52763845771551,
931,-2.384E-05,-1.60803988575935,-1.52763845771551,
932,-2.3328E-05,-1.60803988575935,-1.52763845771551,
933,-2.2816E-05,-1.60803988575935,-1.52763845771551,
934,-2.2304E-05,-1.52763789147139,-1.52763845771551,
935,-2.1792E-05,-1.52763789147139,-1.52763845771551,
936,-2.128E-05,-1.60803988575935,-1.52763845771551,
937,-2.0768E-05,-1.52763789147139,-1.52763845771551,
938,-2.0256E-05,-1.52763789147139,-1.52763845771551,
939,-1.9744E-05,-1.60803988575935,-1.52763845771551,
940,-1.9232E-05,-1.52763789147139,-1.56783946976066,
941,-1.872E-05,-1.52763789147139,-1.52763845771551,
942,-1.8208E-05,-1.68844188004732,-1.56783946976066,
943,-1.7696E-05,-1.60803988575935,-1.52763845771551,
944,-1.7184E-05,-1.52763789147139,-1.56783946976066,
945,-1.6672E-05,-1.60803988575935,-1.56783946976066,
946,-1.616E-05,-1.52763789147139,-1.52763845771551,
947,-1.5648E-05,-1.60803988575935,-1.56783946976066,
948,-1.5136E-05,-1.52763789147139,-1.52763845771551,
949,-1.4624E-05,-1.60803988575935,-1.56783946976066,
950,-1.4112E-05,-1.60803988575935,-1.52763845771551,
951,-1.36E-05,-1.60803988575935,-1.52763845771551,
952,-1.3088E-05,-1.60803988575935,-1.52763845771551,
953,-1.2576E-05,-1.52763789147139,-1.52763845771551,
954,-1.2064E-05,-1.60803988575935,-1.48743744567037,
955,-1.1552E-05,-1.52763789147139,-1.52763845771551,
956,-1.104E-05,-1.52763789147139,-1.52763845771551,
957,-1.0528E-05,-1.60803988575935,-1.48743744567037,
958,-1.0016E-05,-1.60803988575935,-1.48743744567037,
959,-9.50400000000002E-06,-1.52763789147139,-1.52763845771551,
960,-8.99199999999998E-06,-1.60803988575935,-1.48743744567037,
961,-8.47999999999995E-06,-1.60803988575935,-1.52763845771551,
962,-7.96800000000002E-06,-1.52763789147139,-1.52763845771551,
963,-7.45599999999998E-06,-1.60803988575935,-1.52763845771551,
964,-6.94399999999994E-06,-1.52763789147139,-1.52763845771551,
965,-6.43200000000001E-06,-1.52763789147139,-1.56783946976066,
966,-5.91999999999997E-06,-1.52763789147139,-1.52763845771551,
967,-5.40799999999993E-06,-1.52763789147139,-1.48743744567037,
968,-4.896E-06,-1.52763789147139,-1.52763845771551,
969,-4.38399999999996E-06,-1.52763789147139,-1.48743744567037,
970,-3.87200000000003E-06,-1.60803988575935,-1.52763845771551,
971,-3.35999999999999E-06,-1.52763789147139,-1.52763845771551,
972,-2.84799999999996E-06,-1.60803988575935,-1.52763845771551,
973,-2.33600000000003E-06,-1.60803988575935,-1.52763845771551,
974,-1.82399999999999E-06,-1.52763789147139,-1.52763845771551,
975,-1.31199999999995E-06,-1.60803988575935,-1.52763845771551,
976,-8.00000000000019E-07,-1.52763789147139,-1.52763845771551,
977,-2.87999999999981E-07,-1.52763789147139,-1.52763845771551,
978,2.24000000000057E-07,-1.52763789147139,-1.56783946976066,
979,7.35999999999988E-07,-1.60803988575935,-1.52763845771551,
980,1.24800000000003E-06,-1.44723589718342,-1.52763845771551,
981,1.76000000000006E-06,-1.44723589718342,-1.52763845771551,
982,2.27199999999999E-06,-1.60803988575935,-1.52763845771551,
983,2.78400000000003E-06,-1.60803988575935,-1.52763845771551,
984,3.29600000000007E-06,-1.52763789147139,-1.56783946976066,
985,3.808E-06,-1.60803988575935,-1.52763845771551,
986,4.32000000000004E-06,-1.60803988575935,-1.56783946976066,
987,4.83199999999997E-06,-1.60803988575935,-1.52763845771551,
988,5.34400000000001E-06,-1.52763789147139,-1.52763845771551,
989,5.85600000000005E-06,-1.60803988575935,-1.52763845771551,
990,6.36799999999998E-06,-1.52763789147139,-1.52763845771551,
991,6.88000000000002E-06,-1.52763789147139,-1.52763845771551,
992,7.39200000000005E-06,-1.60803988575935,-1.52763845771551,
993,7.90399999999998E-06,-1.60803988575935,-1.56783946976066,
994,8.41600000000002E-06,-1.52763789147139,-1.52763845771551,
995,8.92800000000006E-06,-1.52763789147139,-1.52763845771551,
996,9.43999999999999E-06,-1.60803988575935,-1.52763845771551,
997,9.95200000000003E-06,-1.52763789147139,-1.52763845771551,
998,1.04640000000001E-05,-1.60803988575935,-1.48743744567037,
999,1.0976E-05,-1.60803988575935,-1.52763845771551,
1000,1.1488E-05,-1.60803988575935,-1.52763845771551,
1001,1.20000000000001E-05,-1.60803988575935,-1.52763845771551,
1002,1.2512E-05,-1.60803988575935,-1.52763845771551,
1003,1.3024E-05,-1.60803988575935,-1.56783946976066,
1004,1.3536E-05,-1.52763789147139,-1.52763845771551,
1005,1.4048E-05,-1.60803988575935,-1.48743744567037,
1006,1.45600000000001E-05,-1.52763789147139,-1.56783946976066,
1007,1.5072E-05,-1.60803988575935,-1.56783946976066,
1008,1.5584E-05,-1.60803988575935,-1.48743744567037,
1009,1.60960000000001E-05,-1.52763789147139,-1.56783946976066,
1010,1.6608E-05,-1.52763789147139,-1.52763845771551,
1011,1.712E-05,-1.52763789147139,-1.52763845771551,
1012,1.76320000000001E-05,-1.52763789147139,-1.52763845771551,
1013,1.8144E-05,-1.52763789147139,-1.52763845771551,
1014,1.8656E-05,-1.60803988575935,-1.52763845771551,
1015,1.91680000000001E-05,-1.52763789147139,-1.52763845771551,
1016,1.968E-05,-1.60803988575935,-1.56783946976066,
1017,2.0192E-05,-1.52763789147139,-1.48743744567037,
1018,2.0704E-05,-1.60803988575935,-1.52763845771551,
1019,2.1216E-05,-1.60803988575935,-1.48743744567037,
1020,2.1728E-05,-1.60803988575935,-1.52763845771551,
1021,2.224E-05,-1.52763789147139,-1.52763845771551,
1022,2.2752E-05,-1.60803988575935,-1.52763845771551,
1023,2.32640000000001E-05,-1.52763789147139,-1.52763845771551,
1024,2.3776E-05,-1.52763789147139,-1.52763845771551,
1025,2.4288E-05,-1.52763789147139,-1.56783946976066,
1026,2.48000000000001E-05,-1.60803988575935,-1.48743744567037,
1027,2.5312E-05,-1.60803988575935,-1.48743744567037,
1028,2.5824E-05,-1.52763789147139,-1.52763845771551,
1029,2.63360000000001E-05,-1.52763789147139,-1.52763845771551,
1030,2.6848E-05,-1.60803988575935,-1.52763845771551,
1031,2.736E-05,-1.60803988575935,-1.52763845771551,
1032,2.78720000000001E-05,-1.52763789147139,-1.56783946976066,
1033,2.8384E-05,-1.52763789147139,-1.48743744567037,
1034,2.8896E-05,-1.60803988575935,-1.48743744567037,
1035,2.9408E-05,-1.52763789147139,-1.52763845771551,
1036,2.992E-05,-1.52763789147139,-1.52763845771551,
1037,3.04320000000001E-05,-1.60803988575935,-1.52763845771551,
1038,3.0944E-05,-1.60803988575935,-1.56783946976066,
1039,3.1456E-05,-1.52763789147139,-1.52763845771551,
1040,3.19680000000001E-05,-1.52763789147139,-1.52763845771551,
1041,3.248E-05,-1.52763789147139,-1.52763845771551,
1042,3.2992E-05,-1.52763789147139,-1.56783946976066,
1043,3.35040000000001E-05,-1.60803988575935,-1.52763845771551,
1044,3.4016E-05,-1.60803988575935,-1.52763845771551,
1045,3.4528E-05,-1.52763789147139,-1.52763845771551,
1046,3.50400000000001E-05,-1.60803988575935,-1.52763845771551,
1047,3.5552E-05,-1.60803988575935,-1.56783946976066,
1048,3.6064E-05,-1.60803988575935,-1.52763845771551,
1049,3.6576E-05,-1.60803988575935,-1.52763845771551,
1050,3.7088E-05,-1.44723589718342,-1.52763845771551,
1051,3.76E-05,-1.60803988575935,-1.56783946976066,
1052,3.8112E-05,-1.60803988575935,-1.56783946976066,
1053,3.8624E-05,-1.60803988575935,-1.52763845771551,
1054,3.91360000000001E-05,-1.60803988575935,-1.52763845771551,
1055,3.9648E-05,-1.60803988575935,-1.56783946976066,
1056,4.016E-05,-1.52763789147139,-1.52763845771551,
1057,4.06720000000001E-05,-1.60803988575935,-1.56783946976066,
1058,4.1184E-05,-1.52763789147139,-1.52763845771551,
1059,4.1696E-05,-1.52763789147139,-1.48743744567037,
1060,4.22080000000001E-05,-1.60803988575935,-1.48743744567037,
1061,4.272E-05,-1.52763789147139,-1.52763845771551,
1062,4.3232E-05,-1.52763789147139,-1.56783946976066,
1063,4.37440000000001E-05,-1.60803988575935,-1.56783946976066,
1064,4.4256E-05,-1.60803988575935,-1.52763845771551,
1065,4.4768E-05,-1.52763789147139,-1.52763845771551,
1066,4.528E-05,-1.60803988575935,-1.52763845771551,
1067,4.5792E-05,-1.60803988575935,-1.56783946976066,
1068,4.63040000000001E-05,-1.60803988575935,-1.52763845771551,
1069,4.6816E-05,-1.60803988575935,-1.52763845771551,
1070,4.7328E-05,-1.60803988575935,-1.56783946976066,
1071,4.78400000000001E-05,-1.60803988575935,-1.52763845771551,
1072,4.8352E-05,-1.60803988575935,-1.52763845771551,
1073,4.8864E-05,-1.68844188004732,-1.52763845771551,
1074,4.93760000000001E-05,-1.52763789147139,-1.52763845771551,
1075,4.9888E-05,-1.60803988575935,-1.48743744567037,
1076,5.04E-05,-1.60803988575935,-1.56783946976066,
1077,5.09120000000001E-05,-1.60803988575935,-1.48743744567037,
1078,5.1424E-05,-1.60803988575935,-1.52763845771551,
1079,5.1936E-05,-1.52763789147139,-1.56783946976066,
1080,5.24480000000001E-05,-1.52763789147139,-1.52763845771551,
1081,5.296E-05,-1.60803988575935,-1.48743744567037,
1082,5.3472E-05,-1.52763789147139,-1.48743744567037,
1083,5.3984E-05,-1.60803988575935,-1.52763845771551,
1084,5.4496E-05,-1.60803988575935,-1.52763845771551,
1085,5.50080000000001E-05,-1.60803988575935,-1.48743744567037,
1086,5.552E-05,-1.60803988575935,-1.48743744567037,
1087,5.6032E-05,-1.52763789147139,-1.48743744567037,
1088,5.65440000000001E-05,-1.60803988575935,-1.52763845771551,
1089,5.7056E-05,-1.52763789147139,-1.52763845771551,
1090,5.7568E-05,-1.60803988575935,-1.48743744567037,
1091,5.80800000000001E-05,-1.60803988575935,-1.52763845771551,
1092,5.8592E-05,-1.52763789147139,-1.52763845771551,
1093,5.9104E-05,-1.60803988575935,-1.52763845771551,
1094,5.96160000000001E-05,-1.52763789147139,-1.56783946976066,
1095,6.0128E-05,-1.60803988575935,-1.52763845771551,
1096,6.064E-05,-1.52763789147139,-1.52763845771551,
1097,6.1152E-05,-1.52763789147139,-1.52763845771551,
1098,6.1664E-05,-1.60803988575935,-1.52763845771551,
1099,6.21760000000001E-05,-1.60803988575935,-1.56783946976066,
1100,6.2688E-05,-1.60803988575935,-1.52763845771551,
1101,6.32E-05,-1.60803988575935,-1.52763845771551,
1102,6.37120000000001E-05,-1.52763789147139,-1.52763845771551,
1103,6.4224E-05,-1.60803988575935,-1.56783946976066,
1104,6.4736E-05,-1.60803988575935,-1.52763845771551,
1105,6.52480000000001E-05,-1.52763789147139,-1.56783946976066,
1106,6.576E-05,-1.60803988575935,-1.52763845771551,
1107,6.6272E-05,-1.52763789147139,-1.48743744567037,
1108,6.67840000000001E-05,-1.52763789147139,-1.52763845771551,
1109,6.7296E-05,-1.60803988575935,-1.52763845771551,
1110,6.7808E-05,-1.60803988575935,-1.52763845771551,
1111,6.83200000000001E-05,-1.60803988575935,-1.52763845771551,
1112,6.8832E-05,-1.52763789147139,-1.52763845771551,
1113,6.9344E-05,-1.52763789147139,-1.52763845771551,
1114,6.9856E-05,-1.52763789147139,-1.52763845771551,
1115,7.0368E-05,-1.60803988575935,-1.52763845771551,
1116,7.08800000000001E-05,-1.52763789147139,-1.52763845771551,
1117,7.1392E-05,-1.52763789147139,-1.52763845771551,
1118,7.1904E-05,-1.52763789147139,-1.52763845771551,
1119,7.24160000000001E-05,-1.60803988575935,-1.56783946976066,
1120,7.2928E-05,-1.52763789147139,-1.48743744567037,
1121,7.344E-05,-1.52763789147139,-1.52763845771551,
1122,7.39520000000001E-05,-1.60803988575935,-1.52763845771551,
1123,7.4464E-05,-1.52763789147139,-1.52763845771551,
1124,7.4976E-05,-1.52763789147139,-1.52763845771551,
1125,7.54880000000001E-05,-1.52763789147139,-1.52763845771551,
1126,7.6E-05,-1.60803988575935,-1.52763845771551,
1127,7.6512E-05,-1.60803988575935,-1.52763845771551,
1128,7.7024E-05,-1.52763789147139,-1.52763845771551,
1129,7.7536E-05,-1.52763789147139,-1.48743744567037,
1130,7.80480000000001E-05,-1.52763789147139,-1.52763845771551,
1131,7.856E-05,-1.52763789147139,-1.52763845771551,
1132,7.9072E-05,-1.44723589718342,-1.56783946976066,
1133,7.95840000000001E-05,-1.60803988575935,-1.52763845771551,
1134,8.0096E-05,-1.52763789147139,-1.56783946976066,
1135,8.0608E-05,-1.60803988575935,-1.52763845771551,
1136,8.11200000000001E-05,-1.60803988575935,-1.56783946976066,
1137,8.1632E-05,-1.60803988575935,-1.56783946976066,
1138,8.2144E-05,-1.52763789147139,-1.52763845771551,
1139,8.26560000000001E-05,-1.52763789147139,-1.48743744567037,
1140,8.3168E-05,-1.52763789147139,-1.56783946976066,
1141,8.368E-05,-1.60803988575935,-1.56783946976066,
1142,8.41920000000001E-05,-1.60803988575935,-1.52763845771551,
1143,8.4704E-05,-1.60803988575935,-1.52763845771551,
1144,8.5216E-05,-1.60803988575935,-1.52763845771551,
1145,8.5728E-05,-1.60803988575935,-1.52763845771551,
1146,8.624E-05,-1.60803988575935,-1.52763845771551,
1147,8.67520000000001E-05,-1.60803988575935,-1.52763845771551,
1148,8.7264E-05,-1.52763789147139,-1.56783946976066,
1149,8.7776E-05,-1.52763789147139,-1.52763845771551,
1150,8.82880000000001E-05,-1.52763789147139,-1.48743744567037,
1151,8.88E-05,-1.60803988575935,-1.56783946976066,
1152,8.9312E-05,-1.60803988575935,-1.52763845771551,
1153,8.98240000000001E-05,-1.52763789147139,-1.56783946976066,
1154,9.0336E-05,-1.60803988575935,-1.56783946976066,
1155,9.0848E-05,-1.60803988575935,-1.52763845771551,
1156,9.13600000000001E-05,-1.52763789147139,-1.52763845771551,
1157,9.1872E-05,-1.60803988575935,-1.56783946976066,
1158,9.2384E-05,-1.60803988575935,-1.56783946976066,
1159,9.2896E-05,-1.60803988575935,-1.52763845771551,
1160,9.3408E-05,-1.60803988575935,-1.56783946976066,
1161,9.392E-05,-1.60803988575935,-1.52763845771551,
1162,9.4432E-05,-1.52763789147139,-1.56783946976066,
1163,9.4944E-05,-1.60803988575935,-1.52763845771551,
1164,9.54560000000001E-05,-1.60803988575935,-1.52763845771551,
1165,9.5968E-05,-1.52763789147139,-1.52763845771551,
1166,9.648E-05,-1.52763789147139,-1.52763845771551,
1167,9.69920000000001E-05,-1.60803988575935,-1.56783946976066,
1168,9.7504E-05,-1.60803988575935,-1.52763845771551,
1169,9.8016E-05,-1.52763789147139,-1.52763845771551,
1170,9.85280000000001E-05,-1.52763789147139,-1.52763845771551,
1171,9.904E-05,-1.60803988575935,-1.52763845771551,
1172,9.9552E-05,-1.60803988575935,-1.52763845771551,
1173,0.000100064,-1.52763789147139,-1.52763845771551,
1174,0.000100576,-1.52763789147139,-1.52763845771551,
1175,0.000101088,-1.60803988575935,-1.52763845771551,
1176,0.0001016,-1.52763789147139,-1.56783946976066,
1177,0.000102112,-1.60803988575935,-1.48743744567037,
1178,0.000102624,-1.60803988575935,-1.52763845771551,
1179,0.000103136,-1.44723589718342,-1.52763845771551,
1180,0.000103648,-1.52763789147139,-1.48743744567037,
1181,0.00010416,-1.60803988575935,-1.52763845771551,
1182,0.000104672,-1.60803988575935,-1.52763845771551,
1183,0.000105184,-1.52763789147139,-1.56783946976066,
1184,0.000105696,-1.52763789147139,-1.52763845771551,
1185,0.000106208,-1.52763789147139,-1.48743744567037,
1186,0.00010672,-1.60803988575935,-1.52763845771551,
1187,0.000107232,-1.60803988575935,-1.52763845771551,
1188,0.000107744,-1.52763789147139,-1.56783946976066,
1189,0.000108256,-1.60803988575935,-1.52763845771551,
1190,0.000108768,-1.52763789147139,-1.52763845771551,
1191,0.00010928,-1.60803988575935,-1.52763845771551,
1192,0.000109792,-1.52763789147139,-1.52763845771551,
1193,0.000110304,-1.52763789147139,-1.52763845771551,
1194,0.000110816,-1.60803988575935,-1.56783946976066,
1195,0.000111328,-1.60803988575935,-1.52763845771551,
1196,0.00011184,-1.60803988575935,-1.56783946976066,
1197,0.000112352,-1.60803988575935,-1.52763845771551,
1198,0.000112864,-1.52763789147139,-1.52763845771551,
1199,0.000113376,-1.52763789147139,-1.52763845771551,
1200,0.000113888,-1.60803988575935,-1.52763845771551,
1201,0.0001144,-1.52763789147139,-1.52763845771551,
1202,0.000114912,-1.60803988575935,-1.56783946976066,
1203,0.000115424,-1.60803988575935,-1.48743744567037,
1204,0.000115936,-1.52763789147139,-1.52763845771551,
1205,0.000116448,-1.60803988575935,-1.48743744567037,
1206,0.00011696,-1.60803988575935,-1.52763845771551,
1207,0.000117472,-1.52763789147139,-1.48743744567037,
1208,0.000117984,-1.60803988575935,-1.52763845771551,
1209,0.000118496,-1.60803988575935,-1.56783946976066,
1210,0.000119008,-1.52763789147139,-1.52763845771551,
1211,0.00011952,-1.60803988575935,-1.56783946976066,
1212,0.000120032,-1.60803988575935,-1.52763845771551,
1213,0.000120544,-1.52763789147139,-1.52763845771551,
1214,0.000121056,-1.52763789147139,-1.56783946976066,
1215,0.000121568,-1.60803988575935,-1.52763845771551,
1216,0.00012208,-1.52763789147139,-1.52763845771551,
1217,0.000122592,-1.60803988575935,-1.52763845771551,
1218,0.000123104,-1.52763789147139,-1.52763845771551,
1219,0.000123616,-1.60803988575935,-1.52763845771551,
1220,0.000124128,-1.60803988575935,-1.52763845771551,
1221,0.00012464,-1.52763789147139,-1.52763845771551,
1222,0.000125152,-1.60803988575935,-1.52763845771551,
1223,0.000125664,-1.52763789147139,-1.48743744567037,
1224,0.000126176,-1.52763789147139,-1.52763845771551,
1225,0.000126688,-1.52763789147139,-1.52763845771551,
1226,0.0001272,-1.60803988575935,-1.56783946976066,
1227,0.000127712,-1.52763789147139,-1.52763845771551,
1228,0.000128224,-1.52763789147139,-1.52763845771551,
1229,0.000128736,-1.68844188004732,-1.52763845771551,
1230,0.000129248,-1.52763789147139,-1.52763845771551,
1231,0.00012976,-1.52763789147139,-1.48743744567037,
1232,0.000130272,-1.52763789147139,-1.52763845771551,
1233,0.000130784,-1.52763789147139,-1.52763845771551,
1234,0.000131296,-1.60803988575935,-1.52763845771551,
1235,0.000131808,-1.52763789147139,-1.48743744567037,
1236,0.00013232,-1.52763789147139,-1.52763845771551,
1237,0.000132832,-1.52763789147139,-1.56783946976066,
1238,0.000133344,-1.52763789147139,-1.52763845771551,
1239,0.000133856,-1.60803988575935,-1.52763845771551,
1240,0.000134368,-1.52763789147139,-1.52763845771551,
1241,0.00013488,-1.60803988575935,-1.52763845771551,
1242,0.000135392,-1.52763789147139,-1.52763845771551,
1243,0.000135904,-1.60803988575935,-1.56783946976066,
1244,0.000136416,-1.60803988575935,-1.52763845771551,
1245,0.000136928,-1.60803988575935,-1.52763845771551,
1246,0.00013744,-1.52763789147139,-1.56783946976066,
1247,0.000137952,-1.52763789147139,-1.52763845771551,
1248,0.000138464,-1.52763789147139,-1.52763845771551,
1249,0.000138976,-1.60803988575935,-1.56783946976066,
1250,0.000139488,-1.60803988575935,-1.52763845771551,
1251,0.00014,-1.60803988575935,-1.52763845771551,
1252,0.000140512,-1.60803988575935,-1.52763845771551,
1253,0.000141024,-1.52763789147139,-1.52763845771551,
1254,0.000141536,-1.60803988575935,-1.52763845771551,
1255,0.000142048,-1.60803988575935,-1.52763845771551,
1256,0.00014256,-1.52763789147139,-1.52763845771551,
1257,0.000143072,-1.52763789147139,-1.56783946976066,
1258,0.000143584,-1.44723589718342,-1.48743744567037,
1259,0.000144096,-1.60803988575935,-1.56783946976066,
1260,0.000144608,-1.52763789147139,-1.48743744567037,
1261,0.00014512,-1.52763789147139,-1.52763845771551,
1262,0.000145632,-1.52763789147139,-1.52763845771551,
1263,0.000146144,-1.52763789147139,-1.52763845771551,
1264,0.000146656,-1.60803988575935,-1.48743744567037,
1265,0.000147168,-1.52763789147139,-1.52763845771551,
1266,0.00014768,-1.52763789147139,-1.52763845771551,
1267,0.000148192,-1.60803988575935,-1.52763845771551,
1268,0.000148704,-1.60803988575935,-1.52763845771551,
1269,0.000149216,-1.52763789147139,-1.52763845771551,
1270,0.000149728,-1.60803988575935,-1.52763845771551,
1271,0.00015024,-1.52763789147139,-1.52763845771551,
1272,0.000150752,-1.44723589718342,-1.48743744567037,
1273,0.000151264,-1.60803988575935,-1.52763845771551,
1274,0.000151776,-1.52763789147139,-1.52763845771551,
1275,0.000152288,-1.52763789147139,-1.52763845771551,
1276,0.0001528,-1.52763789147139,-1.52763845771551,
1277,0.000153312,-1.52763789147139,-1.52763845771551,
1278,0.000153824,-1.52763789147139,-1.52763845771551,
1279,0.000154336,-1.52763789147139,-1.56783946976066,
1280,0.000154848,-1.52763789147139,-1.52763845771551,
1281,0.00015536,-1.60803988575935,-1.52763845771551,
1282,0.000155872,-1.52763789147139,-1.52763845771551,
1283,0.000156384,-1.60803988575935,-1.52763845771551,
1284,0.000156896,-1.52763789147139,-1.52763845771551,
1285,0.000157408,-1.52763789147139,-1.52763845771551,
1286,0.00015792,-1.60803988575935,-1.48743744567037,
1287,0.000158432,-1.52763789147139,-1.52763845771551,
1288,0.000158944,-1.52763789147139,-1.56783946976066,
1289,0.000159456,-1.52763789147139,-1.52763845771551,
1290,0.000159968,-1.52763789147139,-1.52763845771551,
1291,0.00016048,-1.60803988575935,-1.52763845771551,
1292,0.000160992,-1.52763789147139,-1.52763845771551,
1293,0.000161504,-1.52763789147139,-1.48743744567037,
1294,0.000162016,-1.60803988575935,-1.52763845771551,
1295,0.000162528,-1.60803988575935,-1.52763845771551,
1296,0.00016304,-1.60803988575935,-1.52763845771551,
1297,0.000163552,-1.52763789147139,-1.52763845771551,
1298,0.000164064,-1.52763789147139,-1.52763845771551,
1299,0.000164576,-1.60803988575935,-1.52763845771551,
1300,0.000165088,-1.52763789147139,-1.56783946976066,
1301,0.0001656,-1.52763789147139,-1.52763845771551,
1302,0.000166112,-1.60803988575935,-1.52763845771551,
1303,0.000166624,-1.52763789147139,-1.52763845771551,
1304,0.000167136,-1.60803988575935,-1.56783946976066,
1305,0.000167648,-1.52763789147139,-1.52763845771551,
1306,0.00016816,-1.44723589718342,-1.56783946976066,
1307,0.000168672,-1.52763789147139,-1.52763845771551,
1308,0.000169184,-1.52763789147139,-1.56783946976066,
1309,0.000169696,-1.60803988575935,-1.52763845771551,
1310,0.000170208,-1.52763789147139,-1.48743744567037,
1311,0.00017072,-1.60803988575935,-1.56783946976066,
1312,0.000171232,-1.52763789147139,-1.56783946976066,
1313,0.000171744,-1.52763789147139,-1.52763845771551,
1314,0.000172256,-1.60803988575935,-1.56783946976066,
1315,0.000172768,-1.52763789147139,-1.52763845771551,
1316,0.00017328,-1.52763789147139,-1.52763845771551,
1317,0.000173792,-1.60803988575935,-1.52763845771551,
1318,0.000174304,-1.52763789147139,-1.56783946976066,
1319,0.000174816,-1.52763789147139,-1.52763845771551,
1320,0.000175328,-1.52763789147139,-1.56783946976066,
1321,0.00017584,-1.52763789147139,-1.48743744567037,
1322,0.000176352,-1.52763789147139,-1.56783946976066,
1323,0.000176864,-1.52763789147139,-1.56783946976066,
1324,0.000177376,-1.52763789147139,-1.52763845771551,
1325,0.000177888,-1.52763789147139,-1.52763845771551,
1326,0.0001784,-1.60803988575935,-1.52763845771551,
1327,0.000178912,-1.52763789147139,-1.52763845771551,
1328,0.000179424,-1.52763789147139,-1.48743744567037,
1329,0.000179936,-1.52763789147139,-1.52763845771551,
1330,0.000180448,-1.52763789147139,-1.48743744567037,
1331,0.00018096,-1.52763789147139,-1.48743744567037,
1332,0.000181472,-1.60803988575935,-1.52763845771551,
1333,0.000181984,-1.60803988575935,-1.52763845771551,
1334,0.000182496,-1.52763789147139,-1.52763845771551,
1335,0.000183008,-1.52763789147139,-1.52763845771551,
1336,0.00018352,-1.60803988575935,-1.48743744567037,
1337,0.000184032,-1.52763789147139,-1.52763845771551,
1338,0.000184544,-1.52763789147139,-1.56783946976066,
1339,0.000185056,-1.52763789147139,-1.52763845771551,
1340,0.000185568,-1.60803988575935,-1.52763845771551,
1341,0.00018608,-1.52763789147139,-1.52763845771551,
1342,0.000186592,-1.60803988575935,-1.52763845771551,
1343,0.000187104,-1.52763789147139,-1.52763845771551,
1344,0.000187616,-1.60803988575935,-1.52763845771551,
1345,0.000188128,-1.52763789147139,-1.52763845771551,
1346,0.00018864,-1.52763789147139,-1.52763845771551,
1347,0.000189152,-1.52763789147139,-1.52763845771551,
1348,0.000189664,-1.52763789147139,-1.52763845771551,
1349,0.000190176,-1.60803988575935,-1.48743744567037,
1350,0.000190688,-1.60803988575935,-1.52763845771551,
1351,0.0001912,-1.60803988575935,-1.52763845771551,
1352,0.000191712,-1.60803988575935,-1.52763845771551,
1353,0.000192224,-1.60803988575935,-1.52763845771551,
1354,0.000192736,-1.52763789147139,-1.52763845771551,
1355,0.000193248,-1.52763789147139,-1.48743744567037,
1356,0.00019376,-1.44723589718342,-1.56783946976066,
1357,0.000194272,-1.52763789147139,-1.52763845771551,
1358,0.000194784,-1.52763789147139,-1.52763845771551,
1359,0.000195296,-1.60803988575935,-1.52763845771551,
1360,0.000195808,-1.60803988575935,-1.52763845771551,
1361,0.00019632,-1.52763789147139,-1.52763845771551,
1362,0.000196832,-1.52763789147139,-1.56783946976066,
1363,0.000197344,-1.52763789147139,-1.52763845771551,
1364,0.000197856,-1.52763789147139,-1.52763845771551,
1365,0.000198368,-1.60803988575935,-1.56783946976066,
1366,0.00019888,-1.60803988575935,-1.52763845771551,
1367,0.000199392,-1.52763789147139,-1.56783946976066,
1368,0.000199904,-1.52763789147139,-1.52763845771551,
1369,0.000200416,-1.60803988575935,-1.52763845771551,
1370,0.000200928,-1.52763789147139,-1.56783946976066,
1371,0.00020144,-1.60803988575935,-1.52763845771551,
1372,0.000201952,-1.60803988575935,-1.48743744567037,
1373,0.000202464,-1.60803988575935,-1.52763845771551,
1374,0.000202976,-1.60803988575935,-1.52763845771551,
1375,0.000203488,-1.44723589718342,-1.48743744567037,
1376,0.000204,-1.60803988575935,-1.52763845771551,
1377,0.000204512,-1.52763789147139,-1.56783946976066,
1378,0.000205024,-1.60803988575935,-1.56783946976066,
1379,0.000205536,-1.52763789147139,-1.52763845771551,
1380,0.000206048,-1.52763789147139,-1.52763845771551,
1381,0.00020656,-1.60803988575935,-1.52763845771551,
1382,0.000207072,-1.60803988575935,-1.52763845771551,
1383,0.000207584,-1.52763789147139,-1.52763845771551,
1384,0.000208096,-1.52763789147139,-1.48743744567037,
1385,0.000208608,-1.68844188004732,-1.56783946976066,
1386,0.00020912,-1.52763789147139,-1.56783946976066,
1387,0.000209632,-1.60803988575935,-1.48743744567037,
1388,0.000210144,-1.60803988575935,-1.48743744567037,
1389,0.000210656,-1.60803988575935,-1.52763845771551,
1390,0.000211168,-1.60803988575935,-1.56783946976066,
1391,0.00021168,-1.52763789147139,-1.52763845771551,
1392,0.000212192,-1.52763789147139,-1.56783946976066,
1393,0.000212704,-1.52763789147139,-1.56783946976066,
1394,0.000213216,-1.60803988575935,-1.52763845771551,
1395,0.000213728,-1.52763789147139,-1.52763845771551,
1396,0.00021424,-1.60803988575935,-1.52763845771551,
1397,0.000214752,-1.52763789147139,-1.56783946976066,
1398,0.000215264,-1.60803988575935,-1.52763845771551,
1399,0.000215776,-1.60803988575935,-1.52763845771551,
1400,0.000216288,-1.52763789147139,-1.48743744567037,
1401,0.0002168,-1.52763789147139,-1.56783946976066,
1402,0.000217312,-1.60803988575935,-1.52763845771551,
1403,0.000217824,-1.60803988575935,-1.52763845771551,
1404,0.000218336,-1.52763789147139,-1.52763845771551,
1405,0.000218848,-1.60803988575935,-1.52763845771551,
1406,0.00021936,-1.52763789147139,-1.48743744567037,
1407,0.000219872,-1.52763789147139,-1.56783946976066,
1408,0.000220384,-1.52763789147139,-1.56783946976066,
1409,0.000220896,-1.52763789147139,-1.52763845771551,
1410,0.000221408,-1.60803988575935,-1.52763845771551,
1411,0.00022192,-1.60803988575935,-1.52763845771551,
1412,0.000222432,-1.60803988575935,-1.52763845771551,
1413,0.000222944,-1.60803988575935,-1.56783946976066,
1414,0.000223456,-1.52763789147139,-1.52763845771551,
1415,0.000223968,-1.60803988575935,-1.56783946976066,
1416,0.00022448,-1.52763789147139,-1.56783946976066,
1417,0.000224992,-1.52763789147139,-1.56783946976066,
1418,0.000225504,-1.52763789147139,-1.52763845771551,
1419,0.000226016,-1.52763789147139,-1.52763845771551,
1420,0.000226528,-1.60803988575935,-1.52763845771551,
1421,0.00022704,-1.68844188004732,-1.52763845771551,
1422,0.000227552,-1.52763789147139,-1.52763845771551,
1423,0.000228064,-1.60803988575935,-1.52763845771551,
1424,0.000228576,-1.60803988575935,-1.56783946976066,
1425,0.000229088,-1.60803988575935,-1.52763845771551,
1426,0.0002296,-1.60803988575935,-1.56783946976066,
1427,0.000230112,-1.52763789147139,-1.56783946976066,
1428,0.000230624,-1.60803988575935,-1.52763845771551,
1429,0.000231136,-1.52763789147139,-1.52763845771551,
1430,0.000231648,-1.52763789147139,-1.52763845771551,
1431,0.00023216,-1.52763789147139,-1.52763845771551,
1432,0.000232672,-1.52763789147139,-1.52763845771551,
1433,0.000233184,-1.52763789147139,-1.56783946976066,
1434,0.000233696,-1.52763789147139,-1.52763845771551,
1435,0.000234208,-1.52763789147139,-1.52763845771551,
1436,0.00023472,-1.52763789147139,-1.52763845771551,
1437,0.000235232,-1.52763789147139,-1.52763845771551,
1438,0.000235744,-1.52763789147139,-1.52763845771551,
1439,0.000236256,-1.60803988575935,-1.52763845771551,
1440,0.000236768,-1.52763789147139,-1.56783946976066,
1441,0.00023728,-1.60803988575935,-1.52763845771551,
1442,0.000237792,-1.52763789147139,-1.52763845771551,
1443,0.000238304,-1.52763789147139,-1.56783946976066,
1444,0.000238816,-1.52763789147139,-1.52763845771551,
1445,0.000239328,-1.60803988575935,-1.52763845771551,
1446,0.00023984,-1.60803988575935,-1.48743744567037,
1447,0.000240352,-1.60803988575935,-1.52763845771551,
1448,0.000240864,-1.60803988575935,-1.48743744567037,
1449,0.000241376,-1.60803988575935,-1.52763845771551,
1450,0.000241888,-1.52763789147139,-1.52763845771551,
1451,0.0002424,-1.52763789147139,-1.56783946976066,
1452,0.000242912,-1.52763789147139,-1.52763845771551,
1453,0.000243424,-1.52763789147139,-1.52763845771551,
1454,0.000243936,-1.52763789147139,-1.52763845771551,
1455,0.000244448,-1.52763789147139,-1.48743744567037,
1456,0.00024496,-1.60803988575935,-1.52763845771551,
1457,0.000245472,-1.52763789147139,-1.56783946976066,
1458,0.000245984,-1.52763789147139,-1.56783946976066,
1459,0.000246496,-1.52763789147139,-1.52763845771551,
1460,0.000247008,-1.52763789147139,-1.52763845771551,
1461,0.00024752,-1.60803988575935,-1.52763845771551,
1462,0.000248032,-1.60803988575935,-1.56783946976066,
1463,0.000248544,-1.52763789147139,-1.52763845771551,
1464,0.000249056,-1.60803988575935,-1.52763845771551,
1465,0.000249568,-1.60803988575935,-1.56783946976066,
1466,0.00025008,-1.52763789147139,-1.56783946976066,
1467,0.000250592,-1.60803988575935,-1.52763845771551,
1468,0.000251104,-1.52763789147139,-1.52763845771551,
1469,0.000251616,-1.52763789147139,-1.52763845771551,
1470,0.000252128,-1.52763789147139,-1.52763845771551,
1471,0.00025264,-1.60803988575935,-1.52763845771551,
1472,0.000253152,-1.52763789147139,-1.52763845771551,
1473,0.000253664,-1.60803988575935,-1.52763845771551,
1474,0.000254176,-1.60803988575935,-1.52763845771551,
1475,0.000254688,-1.60803988575935,-1.52763845771551,
1476,0.0002552,-1.60803988575935,-1.52763845771551,
1477,0.000255712,-1.52763789147139,-1.48743744567037,
1478,0.000256224,-1.60803988575935,-1.52763845771551,
1479,0.000256736,-1.52763789147139,-1.52763845771551,
1480,0.000257248,-1.52763789147139,-1.48743744567037,
1481,0.00025776,-1.60803988575935,-1.52763845771551,
1482,0.000258272,-1.52763789147139,-1.52763845771551,
1483,0.000258784,-1.52763789147139,-1.52763845771551,
1484,0.000259296,-1.52763789147139,-1.52763845771551,
1485,0.000259808,-1.60803988575935,-1.56783946976066,
1486,0.00026032,-1.60803988575935,-1.52763845771551,
1487,0.000260832,-1.60803988575935,-1.52763845771551,
1488,0.000261344,-1.60803988575935,-1.52763845771551,
1489,0.000261856,-1.60803988575935,-1.52763845771551,
1490,0.000262368,-1.60803988575935,-1.52763845771551,
1491,0.00026288,-1.60803988575935,-1.52763845771551,
1492,0.000263392,-1.52763789147139,-1.52763845771551,
1493,0.000263904,-1.60803988575935,-1.52763845771551,
1494,0.000264416,-1.60803988575935,-1.52763845771551,
1495,0.000264928,-1.60803988575935,-1.56783946976066,
1496,0.00026544,-1.52763789147139,-1.52763845771551,
1497,0.000265952,-1.52763789147139,-1.56783946976066,
1498,0.000266464,-1.60803988575935,-1.52763845771551,
1499,0.000266976,-1.52763789147139,-1.52763845771551,
1500,0.000267488,-1.60803988575935,-1.52763845771551,
1501,0.000268,-1.60803988575935,-1.56783946976066,
1502,0.000268512,-1.52763789147139,-1.48743744567037,
1503,0.000269024,-1.52763789147139,-1.52763845771551,
1504,0.000269536,-1.52763789147139,-1.56783946976066,
1505,0.000270048,-1.60803988575935,-1.56783946976066,
1506,0.00027056,-1.52763789147139,-1.52763845771551,
1507,0.000271072,-1.52763789147139,-1.52763845771551,
1508,0.000271584,-1.60803988575935,-1.52763845771551,
1509,0.000272096,-1.52763789147139,-1.52763845771551,
1510,0.000272608,-1.60803988575935,-1.52763845771551,
1511,0.00027312,-1.60803988575935,-1.52763845771551,
1512,0.000273632,-1.52763789147139,-1.56783946976066,
1513,0.000274144,-1.60803988575935,-1.52763845771551,
1514,0.000274656,-1.60803988575935,-1.52763845771551,
1515,0.000275168,-1.60803988575935,-1.48743744567037,
1516,0.00027568,-1.60803988575935,-1.52763845771551,
1517,0.000276192,-1.52763789147139,-1.56783946976066,
1518,0.000276704,-1.60803988575935,-1.52763845771551,
1519,0.000277216,-1.60803988575935,-1.52763845771551,
1520,0.000277728,-1.52763789147139,-1.56783946976066,
1521,0.00027824,-1.60803988575935,-1.52763845771551,
1522,0.000278752,-1.44723589718342,-1.52763845771551,
1523,0.000279264,-1.52763789147139,-1.48743744567037,
1524,0.000279776,-1.60803988575935,-1.52763845771551,
1525,0.000280288,-1.60803988575935,-1.52763845771551,
1526,0.0002808,-1.60803988575935,-1.56783946976066,
1527,0.000281312,-1.52763789147139,-1.52763845771551,
1528,0.000281824,-1.52763789147139,-1.52763845771551,
1529,0.000282336,-1.60803988575935,-1.52763845771551,
1530,0.000282848,-1.52763789147139,-1.52763845771551,
1531,0.00028336,-1.52763789147139,-1.52763845771551,
1532,0.000283872,-1.52763789147139,-1.52763845771551,
1533,0.000284384,-1.52763789147139,-1.52763845771551,
1534,0.000284896,-1.52763789147139,-1.52763845771551,
1535,0.000285408,-1.60803988575935,-1.52763845771551,
1536,0.00028592,-1.52763789147139,-1.56783946976066,
1537,0.000286432,-1.52763789147139,-1.52763845771551,
1538,0.000286944,-1.60803988575935,-1.52763845771551,
1539,0.000287456,-1.60803988575935,-1.56783946976066,
1540,0.000287968,-1.52763789147139,-1.52763845771551,
1541,0.00028848,-1.52763789147139,-1.52763845771551,
1542,0.000288992,-1.52763789147139,-1.56783946976066,
1543,0.000289504,-1.60803988575935,-1.52763845771551,
1544,0.000290016,-1.52763789147139,-1.52763845771551,
1545,0.000290528,-1.52763789147139,-1.52763845771551,
1546,0.00029104,-1.60803988575935,-1.52763845771551,
1547,0.000291552,-1.44723589718342,-1.56783946976066,
1548,0.000292064,-1.60803988575935,-1.56783946976066,
1549,0.000292576,-1.52763789147139,-1.56783946976066,
1550,0.000293088,-1.52763789147139,-1.52763845771551,
1551,0.0002936,-1.60803988575935,-1.52763845771551,
1552,0.000294112,-1.60803988575935,-1.56783946976066,
1553,0.000294624,-1.52763789147139,-1.48743744567037,
1554,0.000295136,-1.52763789147139,-1.52763845771551,
1555,0.000295648,-1.60803988575935,-1.56783946976066,
1556,0.00029616,-1.60803988575935,-1.48743744567037,
1557,0.000296672,-1.52763789147139,-1.48743744567037,
1558,0.000297184,-1.60803988575935,-1.52763845771551,
1559,0.000297696,-1.60803988575935,-1.52763845771551,
1560,0.000298208,-1.60803988575935,-1.52763845771551,
1561,0.00029872,-1.52763789147139,-1.52763845771551,
1562,0.000299232,-1.52763789147139,-1.52763845771551,
1563,0.000299744,-1.60803988575935,-1.48743744567037,
1564,0.000300256,-1.52763789147139,-1.52763845771551,
1565,0.000300768,-1.44723589718342,-1.52763845771551,
1566,0.00030128,-1.52763789147139,-1.52763845771551,
1567,0.000301792,-1.52763789147139,-1.52763845771551,
1568,0.000302304,-1.44723589718342,-1.52763845771551,
1569,0.000302816,-1.52763789147139,-1.52763845771551,
1570,0.000303328,-1.52763789147139,-1.48743744567037,
1571,0.00030384,-1.52763789147139,-1.52763845771551,
1572,0.000304352,-1.52763789147139,-1.48743744567037,
1573,0.000304864,-1.60803988575935,-1.56783946976066,
1574,0.000305376,-1.52763789147139,-1.52763845771551,
1575,0.000305888,-1.60803988575935,-1.48743744567037,
1576,0.0003064,-1.52763789147139,-1.52763845771551,
1577,0.000306912,-1.52763789147139,-1.52763845771551,
1578,0.000307424,-1.52763789147139,-1.52763845771551,
1579,0.000307936,-1.60803988575935,-1.52763845771551,
1580,0.000308448,-1.52763789147139,-1.52763845771551,
1581,0.00030896,-1.52763789147139,-1.52763845771551,
1582,0.000309472,-1.52763789147139,-1.52763845771551,
1583,0.000309984,-1.52763789147139,-1.52763845771551,
1584,0.000310496,-1.52763789147139,-1.52763845771551,
1585,0.000311008,-1.60803988575935,-1.56783946976066,
1586,0.00031152,-1.60803988575935,-1.52763845771551,
1587,0.000312032,-1.60803988575935,-1.56783946976066,
1588,0.000312544,-1.52763789147139,-1.52763845771551,
1589,0.000313056,-1.52763789147139,-1.52763845771551,
1590,0.000313568,-1.52763789147139,-1.52763845771551,
1591,0.00031408,-1.52763789147139,-1.52763845771551,
1592,0.000314592,-1.52763789147139,-1.52763845771551,
1593,0.000315104,-1.52763789147139,-1.52763845771551,
1594,0.000315616,-1.52763789147139,-1.52763845771551,
1595,0.000316128,-1.52763789147139,-1.52763845771551,
1596,0.00031664,-1.60803988575935,-1.52763845771551,
1597,0.000317152,-1.52763789147139,-1.52763845771551,
1598,0.000317664,-1.60803988575935,-1.48743744567037,
1599,0.000318176,-1.60803988575935,-1.52763845771551,
1600,0.000318688,-1.60803988575935,-1.52763845771551,
1601,0.0003192,-1.52763789147139,-1.48743744567037,
1602,0.000319712,-1.52763789147139,-1.52763845771551,
1603,0.000320224,-1.52763789147139,-1.52763845771551,
1604,0.000320736,-1.52763789147139,-1.52763845771551,
1605,0.000321248,-1.60803988575935,-1.52763845771551,
1606,0.00032176,-1.60803988575935,-1.52763845771551,
1607,0.000322272,-1.52763789147139,-1.56783946976066,
1608,0.000322784,-1.52763789147139,-1.52763845771551,
1609,0.000323296,-1.52763789147139,-1.56783946976066,
1610,0.000323808,-1.52763789147139,-1.52763845771551,
1611,0.00032432,-1.60803988575935,-1.56783946976066,
1612,0.000324832,-1.52763789147139,-1.52763845771551,
1613,0.000325344,-1.60803988575935,-1.52763845771551,
1614,0.000325856,-1.52763789147139,-1.52763845771551,
1615,0.000326368,-1.52763789147139,-1.52763845771551,
1616,0.00032688,-1.60803988575935,-1.48743744567037,
1617,0.000327392,-1.52763789147139,-1.52763845771551,
1618,0.000327904,-1.52763789147139,-1.56783946976066,
1619,0.000328416,-1.44723589718342,-1.52763845771551,
1620,0.000328928,-1.52763789147139,-1.52763845771551,
1621,0.00032944,-1.60803988575935,-1.56783946976066,
1622,0.000329952,-1.60803988575935,-1.52763845771551,
1623,0.000330464,-1.52763789147139,-1.52763845771551,
1624,0.000330976,-1.52763789147139,-1.52763845771551,
1625,0.000331488,-1.60803988575935,-1.52763845771551,
1626,0.000332,-1.60803988575935,-1.48743744567037,
1627,0.000332512,-1.60803988575935,-1.52763845771551,
1628,0.000333024,-1.52763789147139,-1.52763845771551,
1629,0.000333536,-1.52763789147139,-1.52763845771551,
1630,0.000334048,-1.60803988575935,-1.52763845771551,
1631,0.00033456,-1.52763789147139,-1.56783946976066,
1632,0.000335072,-1.52763789147139,-1.56783946976066,
1633,0.000335584,-1.60803988575935,-1.52763845771551,
1634,0.000336096,-1.52763789147139,-1.52763845771551,
1635,0.000336608,-1.52763789147139,-1.52763845771551,
1636,0.00033712,-1.60803988575935,-1.52763845771551,
1637,0.000337632,-1.52763789147139,-1.56783946976066,
1638,0.000338144,-1.60803988575935,-1.52763845771551,
1639,0.000338656,-1.60803988575935,-1.52763845771551,
1640,0.000339168,-1.60803988575935,-1.52763845771551,
1641,0.00033968,-1.60803988575935,-1.52763845771551,
1642,0.000340192,-1.60803988575935,-1.52763845771551,
1643,0.000340704,-1.52763789147139,-1.52763845771551,
1644,0.000341216,-1.52763789147139,-1.52763845771551,
1645,0.000341728,-1.60803988575935,-1.56783946976066,
1646,0.00034224,-1.52763789147139,-1.52763845771551,
1647,0.000342752,-1.52763789147139,-1.56783946976066,
1648,0.000343264,-1.52763789147139,-1.52763845771551,
1649,0.000343776,-1.52763789147139,-1.52763845771551,
1650,0.000344288,-1.52763789147139,-1.52763845771551,
1651,0.0003448,-1.60803988575935,-1.52763845771551,
1652,0.000345312,-1.60803988575935,-1.56783946976066,
1653,0.000345824,-1.60803988575935,-1.52763845771551,
1654,0.000346336,-1.52763789147139,-1.52763845771551,
1655,0.000346848,-1.60803988575935,-1.52763845771551,
1656,0.00034736,-1.60803988575935,-1.48743744567037,
1657,0.000347872,-1.60803988575935,-1.52763845771551,
1658,0.000348384,-1.52763789147139,-1.52763845771551,
1659,0.000348896,-1.60803988575935,-1.52763845771551,
1660,0.000349408,-1.52763789147139,-1.56783946976066,
1661,0.00034992,-1.52763789147139,-1.52763845771551,
1662,0.000350432,-1.52763789147139,-1.48743744567037,
1663,0.000350944,-1.52763789147139,-1.52763845771551,
1664,0.000351456,-1.60803988575935,-1.52763845771551,
1665,0.000351968,-1.52763789147139,-1.52763845771551,
1666,0.00035248,-1.60803988575935,-1.52763845771551,
1667,0.000352992,-1.52763789147139,-1.56783946976066,
1668,0.000353504,-1.60803988575935,-1.52763845771551,
1669,0.000354016,-1.60803988575935,-1.52763845771551,
1670,0.000354528,-1.52763789147139,-1.52763845771551,
1671,0.00035504,-1.52763789147139,-1.52763845771551,
1672,0.000355552,-1.52763789147139,-1.52763845771551,
1673,0.000356064,-1.52763789147139,-1.52763845771551,
1674,0.000356576,-1.60803988575935,-1.56783946976066,
1675,0.000357088,-1.52763789147139,-1.48743744567037,
1676,0.0003576,-1.60803988575935,-1.52763845771551,
1677,0.000358112,-1.52763789147139,-1.52763845771551,
1678,0.000358624,-1.52763789147139,-1.52763845771551,
1679,0.000359136,-1.60803988575935,-1.52763845771551,
1680,0.000359648,-1.52763789147139,-1.52763845771551,
1681,0.00036016,-1.60803988575935,-1.56783946976066,
1682,0.000360672,-1.52763789147139,-1.52763845771551,
1683,0.000361184,-1.52763789147139,-1.52763845771551,
1684,0.000361696,-1.60803988575935,-1.52763845771551,
1685,0.000362208,-1.52763789147139,-1.52763845771551,
1686,0.00036272,-1.52763789147139,-1.56783946976066,
1687,0.000363232,-1.52763789147139,-1.52763845771551,
1688,0.000363744,-1.52763789147139,-1.52763845771551,
1689,0.000364256,-1.52763789147139,-1.56783946976066,
1690,0.000364768,-1.60803988575935,-1.56783946976066,
1691,0.00036528,-1.52763789147139,-1.48743744567037,
1692,0.000365792,-1.52763789147139,-1.52763845771551,
1693,0.000366304,-1.60803988575935,-1.56783946976066,
1694,0.000366816,-1.60803988575935,-1.52763845771551,
1695,0.000367328,-1.52763789147139,-1.52763845771551,
1696,0.00036784,-1.60803988575935,-1.52763845771551,
1697,0.000368352,-1.60803988575935,-1.52763845771551,
1698,0.000368864,-1.52763789147139,-1.52763845771551,
1699,0.000369376,-1.52763789147139,-1.52763845771551,
1700,0.000369888,-1.52763789147139,-1.52763845771551,
1701,0.0003704,-1.52763789147139,-1.52763845771551,
1702,0.000370912,-1.60803988575935,-1.52763845771551,
1703,0.000371424,-1.60803988575935,-1.52763845771551,
1704,0.000371936,-1.52763789147139,-1.48743744567037,
1705,0.000372448,-1.52763789147139,-1.52763845771551,
1706,0.00037296,-1.52763789147139,-1.52763845771551,
1707,0.000373472,-1.52763789147139,-1.48743744567037,
1708,0.000373984,-1.52763789147139,-1.52763845771551,
1709,0.000374496,-1.52763789147139,-1.52763845771551,
1710,0.000375008,-1.60803988575935,-1.56783946976066,
1711,0.00037552,-1.52763789147139,-1.52763845771551,
1712,0.000376032,-1.52763789147139,-1.52763845771551,
1713,0.000376544,-1.52763789147139,-1.52763845771551,
1714,0.000377056,-1.52763789147139,-1.56783946976066,
1715,0.000377568,-1.60803988575935,-1.52763845771551,
1716,0.00037808,-1.60803988575935,-1.52763845771551,
1717,0.000378592,-1.60803988575935,-1.52763845771551,
1718,0.000379104,-1.60803988575935,-1.56783946976066,
1719,0.000379616,-1.60803988575935,-1.52763845771551,
1720,0.000380128,-1.52763789147139,-1.56783946976066,
1721,0.00038064,-1.52763789147139,-1.56783946976066,
1722,0.000381152,-1.60803988575935,-1.56783946976066,
1723,0.000381664,-1.60803988575935,-1.48743744567037,
1724,0.000382176,-1.52763789147139,-1.52763845771551,
1725,0.000382688,-1.68844188004732,-1.52763845771551,
1726,0.0003832,-1.52763789147139,-1.52763845771551,
1727,0.000383712,-1.60803988575935,-1.52763845771551,
1728,0.000384224,-1.60803988575935,-1.56783946976066,
1729,0.000384736,-1.52763789147139,-1.52763845771551,
1730,0.000385248,-1.60803988575935,-1.52763845771551,
1731,0.00038576,-1.60803988575935,-1.52763845771551,
1732,0.000386272,-1.52763789147139,-1.52763845771551,
1733,0.000386784,-1.52763789147139,-1.52763845771551,
1734,0.000387296,-1.60803988575935,-1.52763845771551,
1735,0.000387808,-1.44723589718342,-1.52763845771551,
1736,0.00038832,-1.52763789147139,-1.52763845771551,
1737,0.000388832,-1.52763789147139,-1.52763845771551,
1738,0.000389344,-1.60803988575935,-1.56783946976066,
1739,0.000389856,-1.60803988575935,-1.52763845771551,
1740,0.000390368,-1.60803988575935,-1.52763845771551,
1741,0.00039088,-1.52763789147139,-1.52763845771551,
1742,0.000391392,-1.52763789147139,-1.52763845771551,
1743,0.000391904,-1.44723589718342,-1.52763845771551,
1744,0.000392416,-1.60803988575935,-1.52763845771551,
1745,0.000392928,-1.52763789147139,-1.52763845771551,
1746,0.00039344,-1.60803988575935,-1.52763845771551,
1747,0.000393952,-1.52763789147139,-1.52763845771551,
1748,0.000394464,-1.60803988575935,-1.52763845771551,
1749,0.000394976,-1.60803988575935,-1.52763845771551,
1750,0.000395488,-1.52763789147139,-1.52763845771551,
1751,0.000396,-1.60803988575935,-1.52763845771551,
1752,0.000396512,-1.52763789147139,-1.52763845771551,
1753,0.000397024,-1.52763789147139,-1.48743744567037,
1754,0.000397536,-1.52763789147139,-1.52763845771551,
1755,0.000398048,-1.60803988575935,-1.48743744567037,
1756,0.00039856,-1.52763789147139,-1.52763845771551,
1757,0.000399072,-1.60803988575935,-1.52763845771551,
1758,0.000399584,-1.60803988575935,-1.52763845771551,
1759,0.000400096,-1.52763789147139,-1.56783946976066,
1760,0.000400608,-1.44723589718342,-1.52763845771551,
1761,0.00040112,-1.52763789147139,-1.52763845771551,
1762,0.000401632,-1.60803988575935,-1.56783946976066,
1763,0.000402144,-1.52763789147139,-1.56783946976066,
1764,0.000402656,-1.60803988575935,-1.56783946976066,
1765,0.000403168,-1.52763789147139,-1.56783946976066,
1766,0.00040368,-1.52763789147139,-1.56783946976066,
1767,0.000404192,-1.52763789147139,-1.52763845771551,
1768,0.000404704,-1.52763789147139,-1.48743744567037,
1769,0.000405216,-1.52763789147139,-1.48743744567037,
1770,0.000405728,-1.60803988575935,-1.52763845771551,
1771,0.00040624,-1.52763789147139,-1.52763845771551,
1772,0.000406752,-1.52763789147139,-1.52763845771551,
1773,0.000407264,-1.60803988575935,-1.52763845771551,
1774,0.000407776,-1.52763789147139,-1.52763845771551,
1775,0.000408288,-1.60803988575935,-1.52763845771551,
1776,0.0004088,-1.60803988575935,-1.52763845771551,
1777,0.000409312,-1.52763789147139,-1.52763845771551,
1778,0.000409824,-1.60803988575935,-1.48743744567037,
1779,0.000410336,-1.52763789147139,-1.56783946976066,
1780,0.000410848,-1.60803988575935,-1.52763845771551,
1781,0.00041136,-1.52763789147139,-1.52763845771551,
1782,0.000411872,-1.52763789147139,-1.48743744567037,
1783,0.000412384,-1.60803988575935,-1.52763845771551,
1784,0.000412896,-1.60803988575935,-1.52763845771551,
1785,0.000413408,-1.52763789147139,-1.56783946976066,
1786,0.00041392,-1.52763789147139,-1.56783946976066,
1787,0.000414432,-1.44723589718342,-1.52763845771551,
1788,0.000414944,-1.52763789147139,-1.52763845771551,
1789,0.000415456,-1.52763789147139,-1.52763845771551,
1790,0.000415968,-1.52763789147139,-1.52763845771551,
1791,0.00041648,-1.52763789147139,-1.52763845771551,
1792,0.000416992,-1.60803988575935,-1.56783946976066,
1793,0.000417504,-1.60803988575935,-1.52763845771551,
1794,0.000418016,-1.60803988575935,-1.52763845771551,
1795,0.000418528,-1.60803988575935,-1.52763845771551,
1796,0.00041904,-1.60803988575935,-1.52763845771551,
1797,0.000419552,-1.52763789147139,-1.52763845771551,
1798,0.000420064,-1.52763789147139,-1.52763845771551,
1799,0.000420576,-1.60803988575935,-1.56783946976066,
1800,0.000421088,-1.52763789147139,-1.52763845771551,
1801,0.0004216,-1.60803988575935,-1.52763845771551,
1802,0.000422112,-1.60803988575935,-1.52763845771551,
1803,0.000422624,-1.44723589718342,-1.48743744567037,
1804,0.000423136,-1.60803988575935,-1.56783946976066,
1805,0.000423648,-1.52763789147139,-1.52763845771551,
1806,0.00042416,-1.60803988575935,-1.52763845771551,
1807,0.000424672,-1.52763789147139,-1.52763845771551,
1808,0.000425184,-1.52763789147139,-1.52763845771551,
1809,0.000425696,-1.52763789147139,-1.52763845771551,
1810,0.000426208,-1.52763789147139,-1.52763845771551,
1811,0.00042672,-1.52763789147139,-1.52763845771551,
1812,0.000427232,-1.60803988575935,-1.52763845771551,
1813,0.000427744,-1.60803988575935,-1.52763845771551,
1814,0.000428256,-1.60803988575935,-1.56783946976066,
1815,0.000428768,-1.60803988575935,-1.56783946976066,
1816,0.00042928,-1.52763789147139,-1.52763845771551,
1817,0.000429792,-1.52763789147139,-1.56783946976066,
1818,0.000430304,-1.52763789147139,-1.52763845771551,
1819,0.000430816,-1.60803988575935,-1.52763845771551,
1820,0.000431328,-1.52763789147139,-1.48743744567037,
1821,0.00043184,-1.60803988575935,-1.52763845771551,
1822,0.000432352,-1.52763789147139,-1.48743744567037,
1823,0.000432864,-1.52763789147139,-1.48743744567037,
1824,0.000433376,-1.60803988575935,-1.52763845771551,
1825,0.000433888,-1.52763789147139,-1.52763845771551,
1826,0.0004344,-1.52763789147139,-1.48743744567037,
1827,0.000434912,-1.60803988575935,-1.52763845771551,
1828,0.000435424,-1.52763789147139,-1.52763845771551,
1829,0.000435936,-1.52763789147139,-1.52763845771551,
1830,0.000436448,-1.52763789147139,-1.52763845771551,
1831,0.00043696,-1.52763789147139,-1.52763845771551,
1832,0.000437472,-1.60803988575935,-1.52763845771551,
1833,0.000437984,-1.60803988575935,-1.52763845771551,
1834,0.000438496,-1.52763789147139,-1.52763845771551,
1835,0.000439008,-1.52763789147139,-1.52763845771551,
1836,0.00043952,-1.44723589718342,-1.56783946976066,
1837,0.000440032,-1.52763789147139,-1.52763845771551,
1838,0.000440544,-1.52763789147139,-1.56783946976066,
1839,0.000441056,-1.52763789147139,-1.52763845771551,
1840,0.000441568,-1.52763789147139,-1.52763845771551,
1841,0.00044208,-1.52763789147139,-1.52763845771551,
1842,0.000442592,-1.60803988575935,-1.56783946976066,
1843,0.000443104,-1.60803988575935,-1.52763845771551,
1844,0.000443616,-1.60803988575935,-1.56783946976066,
1845,0.000444128,-1.52763789147139,-1.48743744567037,
1846,0.00044464,-1.60803988575935,-1.56783946976066,
1847,0.000445152,-1.60803988575935,-1.52763845771551,
1848,0.000445664,-1.60803988575935,-1.52763845771551,
1849,0.000446176,-1.60803988575935,-1.52763845771551,
1850,0.000446688,-1.52763789147139,-1.56783946976066,
1851,0.0004472,-1.60803988575935,-1.52763845771551,
1852,0.000447712,-1.60803988575935,-1.52763845771551,
1853,0.000448224,-1.52763789147139,-1.52763845771551,
1854,0.000448736,-1.52763789147139,-1.56783946976066,
1855,0.000449248,-1.68844188004732,-1.52763845771551,
1856,0.00044976,-1.60803988575935,-1.52763845771551,
1857,0.000450272,-1.52763789147139,-1.52763845771551,
1858,0.000450784,-1.52763789147139,-1.52763845771551,
1859,0.000451296,-1.52763789147139,-1.52763845771551,
1860,0.000451808,-1.52763789147139,-1.52763845771551,
1861,0.00045232,-1.52763789147139,-1.48743744567037,
1862,0.000452832,-1.52763789147139,-1.48743744567037,
1863,0.000453344,-1.52763789147139,-1.48743744567037,
1864,0.000453856,-1.44723589718342,-1.52763845771551,
1865,0.000454368,-1.52763789147139,-1.52763845771551,
1866,0.00045488,-1.60803988575935,-1.48743744567037,
1867,0.000455392,-1.52763789147139,-1.52763845771551,
1868,0.000455904,-1.52763789147139,-1.56783946976066,
1869,0.000456416,-1.52763789147139,-1.52763845771551,
1870,0.000456928,-1.52763789147139,-1.52763845771551,
1871,0.00045744,-1.52763789147139,-1.52763845771551,
1872,0.000457952,-1.52763789147139,-1.52763845771551,
1873,0.000458464,-1.60803988575935,-1.52763845771551,
1874,0.000458976,-1.52763789147139,-1.48743744567037,
1875,0.000459488,-1.52763789147139,-1.56783946976066,
1876,0.00046,-1.60803988575935,-1.48743744567037,
1877,0.000460512,-1.60803988575935,-1.52763845771551,
1878,0.000461024,-1.52763789147139,-1.52763845771551,
1879,0.000461536,-1.52763789147139,-1.52763845771551,
1880,0.000462048,-1.60803988575935,-1.52763845771551,
1881,0.00046256,-1.52763789147139,-1.52763845771551,
1882,0.000463072,-1.60803988575935,-1.52763845771551,
1883,0.000463584,-1.52763789147139,-1.52763845771551,
1884,0.000464096,-1.52763789147139,-1.52763845771551,
1885,0.000464608,-1.60803988575935,-1.52763845771551,
1886,0.00046512,-1.52763789147139,-1.52763845771551,
1887,0.000465632,-1.52763789147139,-1.52763845771551,
1888,0.000466144,-1.44723589718342,-1.52763845771551,
1889,0.000466656,-1.52763789147139,-1.52763845771551,
1890,0.000467168,-1.52763789147139,-1.52763845771551,
1891,0.00046768,-1.52763789147139,-1.52763845771551,
1892,0.000468192,-1.52763789147139,-1.56783946976066,
1893,0.000468704,-1.52763789147139,-1.52763845771551,
1894,0.000469216,-1.52763789147139,-1.52763845771551,
1895,0.000469728,-1.52763789147139,-1.56783946976066,
1896,0.00047024,-1.52763789147139,-1.52763845771551,
1897,0.000470752,-1.52763789147139,-1.48743744567037,
1898,0.000471264,-1.52763789147139,-1.52763845771551,
1899,0.000471776,-1.52763789147139,-1.56783946976066,
1900,0.000472288,-1.60803988575935,-1.56783946976066,
1901,0.0004728,-1.60803988575935,-1.48743744567037,
1902,0.000473312,-1.60803988575935,-1.52763845771551,
1903,0.000473824,-1.52763789147139,-1.52763845771551,
1904,0.000474336,-1.52763789147139,-1.56783946976066,
1905,0.000474848,-1.60803988575935,-1.52763845771551,
1906,0.00047536,-1.52763789147139,-1.52763845771551,
1907,0.000475872,-1.52763789147139,-1.52763845771551,
1908,0.000476384,-1.60803988575935,-1.52763845771551,
1909,0.000476896,-1.52763789147139,-1.52763845771551,
1910,0.000477408,-1.52763789147139,-1.52763845771551,
1911,0.00047792,-1.60803988575935,-1.52763845771551,
1912,0.000478432,-1.52763789147139,-1.56783946976066,
1913,0.000478944,-1.52763789147139,-1.56783946976066,
1914,0.000479456,-1.60803988575935,-1.52763845771551,
1915,0.000479968,-1.52763789147139,-1.56783946976066,
1916,0.00048048,-1.52763789147139,-1.48743744567037,
1917,0.000480992,-1.52763789147139,-1.56783946976066,
1918,0.000481504,-1.52763789147139,-1.48743744567037,
1919,0.000482016,-1.60803988575935,-1.52763845771551,
1920,0.000482528,-1.60803988575935,-1.52763845771551,
1921,0.00048304,-1.44723589718342,-1.52763845771551,
1922,0.000483552,-1.52763789147139,-1.52763845771551,
1923,0.000484064,-1.52763789147139,-1.52763845771551,
1924,0.000484576,-1.60803988575935,-1.52763845771551,
1925,0.000485088,-1.52763789147139,-1.52763845771551,
1926,0.0004856,-1.60803988575935,-1.52763845771551,
1927,0.000486112,-1.52763789147139,-1.56783946976066,
1928,0.000486624,-1.60803988575935,-1.56783946976066,
1929,0.000487136,-1.60803988575935,-1.52763845771551,
1930,0.000487648,-1.52763789147139,-1.52763845771551,
1931,0.00048816,-1.52763789147139,-1.52763845771551,
1932,0.000488672,-1.60803988575935,-1.52763845771551,
1933,0.000489184,-1.60803988575935,-1.52763845771551,
1934,0.000489696,-1.52763789147139,-1.48743744567037,
1935,0.000490208,-1.52763789147139,-1.56783946976066,
1936,0.00049072,-1.60803988575935,-1.56783946976066,
1937,0.000491232,-1.52763789147139,-1.52763845771551,
1938,0.000491744,-1.52763789147139,-1.52763845771551,
1939,0.000492256,-1.60803988575935,-1.56783946976066,
1940,0.000492768,-1.52763789147139,-1.52763845771551,
1941,0.00049328,-1.52763789147139,-1.52763845771551,
1942,0.000493792,-1.52763789147139,-1.52763845771551,
1943,0.000494304,-1.60803988575935,-1.56783946976066,
1944,0.000494816,-1.52763789147139,-1.52763845771551,
1945,0.000495328,-1.52763789147139,-1.52763845771551,
1946,0.00049584,-1.60803988575935,-1.52763845771551,
1947,0.000496352,-1.52763789147139,-1.56783946976066,
1948,0.000496864,-1.52763789147139,-1.48743744567037,
1949,0.000497376,-1.60803988575935,-1.52763845771551,
1950,0.000497888,-1.52763789147139,-1.52763845771551,
1951,0.0004984,-1.52763789147139,-1.52763845771551,
1952,0.000498912,-1.60803988575935,-1.52763845771551,
1953,0.000499424,-1.52763789147139,-1.52763845771551,
