Model: ,Oscilloscope DSO-X 1102G
Serial Number:,CN57246464
Address: ,USBInstrument3
Date: ,2026-09-28 15:26:26

Sample Number,Time (s),1 (VOLT),2 (VOLT),
1,-0.1,-0.160803988575935,-0.00402010092511773,
2,-0.0998976,-0.160803988575935,-0.00804020185023546,
3,-0.0997952,-0.0804019942879677,-0.00804020185023546,
4,-0.0996928,-0.0804019942879677,-0.00402010092511773,
5,-0.0995904,-0.0804019942879677,-0.00402010092511773,
6,-0.099488,0,-0.00804020185023546,
7,-0.0993856,0,-0.00804020185023546,
8,-0.0992832,-0.160803988575935,-0.00804020185023546,
9,-0.0991808,-0.0804019942879677,-0.00402010092511773,
10,-0.0990784,-0.0804019942879677,-0.00402010092511773,
11,-0.098976,-0.0804019942879677,-0.00804020185023546,
12,-0.0988736,-0.0804019942879677,-0.00804020185023546,
13,-0.0987712,-0.0804019942879677,-0.00804020185023546,
14,-0.0986688,-0.0804019942879677,-0.00804020185023546,
15,-0.0985664,-0.0804019942879677,-0.00804020185023546,
16,-0.098464,0,-0.00402010092511773,
17,-0.0983616,-0.160803988575935,-0.00804020185023546,
18,-0.0982592,0,-0.00804020185023546,
19,-0.0981568,-0.0804019942879677,-0.00804020185023546,
20,-0.0980544,-0.0804019942879677,-0.00402010092511773,
21,-0.097952,0,-0.0120603027753532,
22,-0.0978496,-0.160803988575935,-0.00804020185023546,
23,-0.0977472,-0.0804019942879677,-0.00804020185023546,
24,-0.0976448,0,-0.0120603027753532,
25,-0.0975424,-0.0804019942879677,-0.0120603027753532,
26,-0.09744,-0.0804019942879677,-0.00804020185023546,
27,-0.0973376,-0.0804019942879677,-0.00804020185023546,
28,-0.0972352,-0.160803988575935,-0.00804020185023546,
29,-0.0971328,-0.0804019942879677,-0.00804020185023546,
30,-0.0970304,-0.160803988575935,-0.00804020185023546,
31,-0.096928,-0.0804019942879677,-0.0120603027753532,
32,-0.0968256,0,-0.00804020185023546,
33,-0.0967232,-0.0804019942879677,-0.00402010092511773,
34,-0.0966208,-0.0804019942879677,-0.00804020185023546,
35,-0.0965184,-0.0804019942879677,-0.00804020185023546,
36,-0.096416,0,-0.00804020185023546,
37,-0.0963136,-0.0804019942879677,-0.00804020185023546,
38,-0.0962112,-0.0804019942879677,-0.00804020185023546,
39,-0.0961088,0,-0.0120603027753532,
40,-0.0960064,-0.0804019942879677,-0.00804020185023546,
41,-0.095904,0,-0.00804020185023546,
42,-0.0958016,-0.0804019942879677,-0.00804020185023546,
43,-0.0956992,0,-0.00402010092511773,
44,-0.0955968,-0.0804019942879677,-0.00804020185023546,
45,-0.0954944,0,-0.00804020185023546,
46,-0.095392,-0.0804019942879677,-0.0120603027753532,
47,-0.0952896,-0.0804019942879677,-0.00804020185023546,
48,-0.0951872,-0.0804019942879677,-0.00804020185023546,
49,-0.0950848,-0.0804019942879677,-0.00804020185023546,
50,-0.0949824,-0.0804019942879677,-0.00402010092511773,
51,-0.09488,0,0,
52,-0.0947776,-0.0804019942879677,-0.00804020185023546,
53,-0.0946752,-0.0804019942879677,-0.00402010092511773,
54,-0.0945728,-0.0804019942879677,-0.0120603027753532,
55,-0.0944704,-0.0804019942879677,-0.00402010092511773,
56,-0.094368,-0.160803988575935,-0.00804020185023546,
57,-0.0942656,0,-0.00804020185023546,
58,-0.0941632,-0.160803988575935,-0.00804020185023546,
59,-0.0940608,-0.0804019942879677,-0.00804020185023546,
60,-0.0939584,-0.0804019942879677,-0.00804020185023546,
61,-0.093856,0,-0.00804020185023546,
62,-0.0937536,-0.0804019942879677,-0.00804020185023546,
63,-0.0936512,-0.0804019942879677,-0.00804020185023546,
64,-0.0935488,-0.160803988575935,0,
65,-0.0934464,-0.0804019942879677,-0.0120603027753532,
66,-0.093344,-0.0804019942879677,-0.00804020185023546,
67,-0.0932416,-0.0804019942879677,-0.00804020185023546,
68,-0.0931392,-0.0804019942879677,-0.0120603027753532,
69,-0.0930368,0,-0.00402010092511773,
70,-0.0929344,-0.160803988575935,-0.00804020185023546,
71,-0.092832,-0.0804019942879677,-0.00804020185023546,
72,-0.0927296,-0.0804019942879677,-0.00402010092511773,
73,-0.0926272,-0.0804019942879677,-0.00804020185023546,
74,-0.0925248,-0.0804019942879677,-0.00804020185023546,
75,-0.0924224,-0.0804019942879677,-0.00804020185023546,
76,-0.09232,-0.0804019942879677,-0.00804020185023546,
77,-0.0922176,-0.0804019942879677,-0.00804020185023546,
78,-0.0921152,-0.160803988575935,-0.00804020185023546,
79,-0.0920128,-0.0804019942879677,-0.00402010092511773,
80,-0.0919104,-0.0804019942879677,-0.00804020185023546,
81,-0.091808,-0.0804019942879677,-0.0120603027753532,
82,-0.0917056,-0.160803988575935,-0.00402010092511773,
83,-0.0916032,-0.0804019942879677,-0.00804020185023546,
84,-0.0915008,-0.0804019942879677,-0.00804020185023546,
85,-0.0913984,-0.160803988575935,-0.00804020185023546,
86,-0.091296,-0.0804019942879677,-0.00804020185023546,
87,-0.0911936,-0.0804019942879677,-0.00804020185023546,
88,-0.0910912,-0.0804019942879677,-0.00804020185023546,
89,-0.0909888,-0.0804019942879677,-0.00402010092511773,
90,-0.0908864,-0.0804019942879677,-0.00804020185023546,
91,-0.090784,-0.0804019942879677,-0.00402010092511773,
92,-0.0906816,-0.160803988575935,-0.00402010092511773,
93,-0.0905792,0,-0.00804020185023546,
94,-0.0904768,0,-0.00804020185023546,
95,-0.0903744,0,-0.00804020185023546,
96,-0.090272,-0.160803988575935,-0.00804020185023546,
97,-0.0901696,-0.0804019942879677,-0.00402010092511773,
98,-0.0900672,-0.0804019942879677,-0.00402010092511773,
99,-0.0899648,-0.0804019942879677,-0.00402010092511773,
100,-0.0898624,-0.0804019942879677,-0.00804020185023546,
101,-0.08976,-0.0804019942879677,-0.0120603027753532,
102,-0.0896576,-0.0804019942879677,-0.00804020185023546,
103,-0.0895552,-0.0804019942879677,-0.00402010092511773,
104,-0.0894528,0,-0.00804020185023546,
105,-0.0893504,-0.160803988575935,-0.0120603027753532,
106,-0.089248,-0.0804019942879677,-0.00804020185023546,
107,-0.0891456,-0.0804019942879677,-0.00804020185023546,
108,-0.0890432,-0.0804019942879677,-0.00804020185023546,
109,-0.0889408,-0.0804019942879677,-0.00804020185023546,
110,-0.0888384,-0.0804019942879677,-0.00804020185023546,
111,-0.088736,-0.0804019942879677,-0.00804020185023546,
112,-0.0886336,-0.0804019942879677,-0.00402010092511773,
113,-0.0885312,-0.0804019942879677,-0.00804020185023546,
114,-0.0884288,-0.0804019942879677,-0.00402010092511773,
115,-0.0883264,-0.0804019942879677,-0.00402010092511773,
116,-0.088224,-0.0804019942879677,-0.00804020185023546,
117,-0.0881216,-0.0804019942879677,-0.00804020185023546,
118,-0.0880192,-0.0804019942879677,-0.00402010092511773,
119,-0.0879168,-0.0804019942879677,-0.00804020185023546,
120,-0.0878144,-0.0804019942879677,-0.00804020185023546,
121,-0.087712,-0.0804019942879677,-0.00804020185023546,
122,-0.0876096,-0.0804019942879677,-0.00402010092511773,
123,-0.0875072,-0.0804019942879677,-0.00804020185023546,
124,-0.0874048,-0.0804019942879677,-0.00804020185023546,
125,-0.0873024,0,-0.00402010092511773,
126,-0.0872,-0.0804019942879677,-0.00804020185023546,
127,-0.0870976,0,-0.00804020185023546,
128,-0.0869952,0,-0.00402010092511773,
129,-0.0868928,-0.160803988575935,-0.00804020185023546,
130,-0.0867904,-0.0804019942879677,-0.0120603027753532,
131,-0.086688,-0.0804019942879677,-0.00804020185023546,
132,-0.0865856,0,-0.00402010092511773,
133,-0.0864832,-0.0804019942879677,-0.00804020185023546,
134,-0.0863808,-0.0804019942879677,-0.00804020185023546,
135,-0.0862784,-0.0804019942879677,-0.0120603027753532,
136,-0.086176,-0.160803988575935,-0.00804020185023546,
137,-0.0860736,-0.0804019942879677,-0.00804020185023546,
138,-0.0859712,0,-0.0120603027753532,
139,-0.0858688,-0.0804019942879677,-0.00804020185023546,
140,-0.0857664,0,-0.00402010092511773,
141,-0.085664,-0.0804019942879677,-0.00402010092511773,
142,-0.0855616,-0.0804019942879677,-0.00804020185023546,
143,-0.0854592,-0.0804019942879677,-0.00402010092511773,
144,-0.0853568,-0.0804019942879677,-0.00804020185023546,
145,-0.0852544,-0.0804019942879677,-0.00804020185023546,
146,-0.085152,-0.0804019942879677,-0.00804020185023546,
147,-0.0850496,-0.0804019942879677,-0.00804020185023546,
148,-0.0849472,0,-0.00402010092511773,
149,-0.0848448,-0.0804019942879677,-0.00804020185023546,
150,-0.0847424,0,-0.00804020185023546,
151,-0.08464,-0.0804019942879677,-0.00804020185023546,
152,-0.0845376,-0.0804019942879677,-0.00804020185023546,
153,-0.0844352,-0.0804019942879677,-0.0120603027753532,
154,-0.0843328,-0.160803988575935,-0.00402010092511773,
155,-0.0842304,-0.0804019942879677,-0.00402010092511773,
156,-0.084128,-0.0804019942879677,-0.00804020185023546,
157,-0.0840256,-0.0804019942879677,-0.00402010092511773,
158,-0.0839232,-0.0804019942879677,-0.00804020185023546,
159,-0.0838208,-0.160803988575935,-0.00804020185023546,
160,-0.0837184,-0.0804019942879677,-0.00804020185023546,
161,-0.083616,0,-0.00402010092511773,
162,-0.0835136,-0.0804019942879677,-0.00402010092511773,
163,-0.0834112,-0.0804019942879677,-0.00804020185023546,
164,-0.0833088,-0.0804019942879677,-0.00804020185023546,
165,-0.0832064,0,-0.00402010092511773,
166,-0.083104,-0.160803988575935,-0.00402010092511773,
167,-0.0830016,0,-0.00804020185023546,
168,-0.0828992,-0.0804019942879677,-0.00804020185023546,
169,-0.0827968,-0.0804019942879677,-0.00402010092511773,
170,-0.0826944,0,-0.00402010092511773,
171,-0.082592,-0.0804019942879677,-0.00804020185023546,
172,-0.0824896,-0.0804019942879677,-0.00804020185023546,
173,-0.0823872,-0.0804019942879677,-0.00804020185023546,
174,-0.0822848,-0.0804019942879677,-0.00804020185023546,
175,-0.0821824,-0.0804019942879677,-0.00804020185023546,
176,-0.08208,-0.0804019942879677,-0.00402010092511773,
177,-0.0819776,0,-0.00804020185023546,
178,-0.0818752,-0.0804019942879677,-0.00804020185023546,
179,-0.0817728,-0.0804019942879677,-0.00402010092511773,
180,-0.0816704,-0.0804019942879677,-0.00804020185023546,
181,-0.081568,0,-0.00804020185023546,
182,-0.0814656,0,-0.00804020185023546,
183,-0.0813632,-0.0804019942879677,-0.00804020185023546,
184,-0.0812608,-0.160803988575935,-0.00804020185023546,
185,-0.0811584,-0.0804019942879677,-0.00804020185023546,
186,-0.081056,-0.160803988575935,-0.00804020185023546,
187,-0.0809536,0,-0.0120603027753532,
188,-0.0808512,-0.0804019942879677,-0.00804020185023546,
189,-0.0807488,-0.0804019942879677,-0.0120603027753532,
190,-0.0806464,-0.0804019942879677,-0.0120603027753532,
191,-0.080544,-0.0804019942879677,-0.00804020185023546,
192,-0.0804416,-0.160803988575935,-0.00804020185023546,
193,-0.0803392,-0.0804019942879677,-0.00804020185023546,
194,-0.0802368,-0.0804019942879677,-0.00804020185023546,
195,-0.0801344,-0.160803988575935,-0.00804020185023546,
196,-0.080032,-0.0804019942879677,-0.00804020185023546,
197,-0.0799296,-0.0804019942879677,-0.00804020185023546,
198,-0.0798272,-0.0804019942879677,-0.00804020185023546,
199,-0.0797248,-0.0804019942879677,-0.00402010092511773,
200,-0.0796224,-0.0804019942879677,-0.00804020185023546,
201,-0.07952,0,-0.0120603027753532,
202,-0.0794176,0,-0.00402010092511773,
203,-0.0793152,-0.0804019942879677,-0.00804020185023546,
204,-0.0792128,-0.0804019942879677,-0.00804020185023546,
205,-0.0791104,0,-0.00402010092511773,
206,-0.079008,-0.0804019942879677,-0.00804020185023546,
207,-0.0789056,-0.0804019942879677,-0.00804020185023546,
208,-0.0788032,0,-0.00402010092511773,
209,-0.0787008,-0.0804019942879677,-0.00804020185023546,
210,-0.0785984,-0.0804019942879677,-0.0120603027753532,
211,-0.078496,0,-0.00804020185023546,
212,-0.0783936,-0.0804019942879677,-0.00402010092511773,
213,-0.0782912,-0.0804019942879677,-0.00804020185023546,
214,-0.0781888,-0.160803988575935,-0.00804020185023546,
215,-0.0780864,-0.0804019942879677,-0.00804020185023546,
216,-0.077984,-0.0804019942879677,-0.00804020185023546,
217,-0.0778816,0,-0.00402010092511773,
218,-0.0777792,-0.0804019942879677,-0.00804020185023546,
219,-0.0776768,-0.0804019942879677,-0.0120603027753532,
220,-0.0775744,-0.0804019942879677,-0.0120603027753532,
221,-0.077472,0,-0.0120603027753532,
222,-0.0773696,-0.160803988575935,-0.00804020185023546,
223,-0.0772672,-0.0804019942879677,-0.00402010092511773,
224,-0.0771648,-0.0804019942879677,-0.00402010092511773,
225,-0.0770624,0,-0.00804020185023546,
226,-0.07696,0,-0.00402010092511773,
227,-0.0768576,-0.0804019942879677,-0.00402010092511773,
228,-0.0767552,-0.0804019942879677,-0.00804020185023546,
229,-0.0766528,-0.0804019942879677,-0.00804020185023546,
230,-0.0765504,-0.160803988575935,-0.00402010092511773,
231,-0.076448,-0.0804019942879677,0,
232,-0.0763456,-0.0804019942879677,-0.00804020185023546,
233,-0.0762432,-0.0804019942879677,-0.00804020185023546,
234,-0.0761408,-0.0804019942879677,-0.00804020185023546,
235,-0.0760384,-0.0804019942879677,-0.00804020185023546,
236,-0.075936,-0.0804019942879677,-0.00402010092511773,
237,-0.0758336,-0.0804019942879677,-0.00402010092511773,
238,-0.0757312,-0.0804019942879677,-0.00804020185023546,
239,-0.0756288,-0.0804019942879677,-0.00804020185023546,
240,-0.0755264,-0.0804019942879677,-0.00804020185023546,
241,-0.075424,-0.0804019942879677,-0.00804020185023546,
242,-0.0753216,-0.0804019942879677,-0.00804020185023546,
243,-0.0752192,-0.0804019942879677,-0.0120603027753532,
244,-0.0751168,-0.0804019942879677,-0.00804020185023546,
245,-0.0750144,-0.0804019942879677,-0.0120603027753532,
246,-0.074912,-0.160803988575935,-0.00804020185023546,
247,-0.0748096,0,-0.00402010092511773,
248,-0.0747072,-0.0804019942879677,-0.00804020185023546,
249,-0.0746048,-0.0804019942879677,-0.00804020185023546,
250,-0.0745024,0,-0.00804020185023546,
251,-0.0744,-0.0804019942879677,-0.00402010092511773,
252,-0.0742976,-0.0804019942879677,-0.00804020185023546,
253,-0.0741952,-0.0804019942879677,-0.00804020185023546,
254,-0.0740928,-0.0804019942879677,-0.00804020185023546,
255,-0.0739904,-0.0804019942879677,-0.00804020185023546,
256,-0.073888,-0.0804019942879677,-0.00804020185023546,
257,-0.0737856,-0.0804019942879677,-0.00804020185023546,
258,-0.0736832,-0.0804019942879677,-0.0120603027753532,
259,-0.0735808,-0.0804019942879677,-0.00804020185023546,
260,-0.0734784,-0.0804019942879677,-0.00804020185023546,
261,-0.073376,-0.0804019942879677,-0.00804020185023546,
262,-0.0732736,-0.160803988575935,0,
263,-0.0731712,-0.0804019942879677,-0.00804020185023546,
264,-0.0730688,-0.0804019942879677,-0.0120603027753532,
265,-0.0729664,-0.0804019942879677,-0.00804020185023546,
266,-0.072864,-0.0804019942879677,-0.00804020185023546,
267,-0.0727616,-0.0804019942879677,-0.00402010092511773,
268,-0.0726592,-0.0804019942879677,-0.0120603027753532,
269,-0.0725568,0,-0.00804020185023546,
270,-0.0724544,-0.0804019942879677,-0.00804020185023546,
271,-0.072352,-0.0804019942879677,-0.00804020185023546,
272,-0.0722496,-0.0804019942879677,-0.00804020185023546,
273,-0.0721472,-0.0804019942879677,-0.00804020185023546,
274,-0.0720448,-0.0804019942879677,-0.0120603027753532,
275,-0.0719424,-0.0804019942879677,-0.00804020185023546,
276,-0.07184,-0.0804019942879677,-0.0120603027753532,
277,-0.0717376,-0.0804019942879677,-0.00402010092511773,
278,-0.0716352,-0.0804019942879677,-0.00804020185023546,
279,-0.0715328,0,-0.00804020185023546,
280,-0.0714304,-0.0804019942879677,-0.00804020185023546,
281,-0.071328,-0.160803988575935,-0.00402010092511773,
282,-0.0712256,-0.0804019942879677,-0.00402010092511773,
283,-0.0711232,-0.0804019942879677,-0.00804020185023546,
284,-0.0710208,-0.0804019942879677,-0.00402010092511773,
285,-0.0709184,-0.0804019942879677,-0.0120603027753532,
286,-0.070816,-0.0804019942879677,-0.00804020185023546,
287,-0.0707136,-0.0804019942879677,-0.00804020185023546,
288,-0.0706112,-0.0804019942879677,-0.00402010092511773,
289,-0.0705088,0,-0.00804020185023546,
290,-0.0704064,-0.0804019942879677,-0.00804020185023546,
291,-0.070304,-0.0804019942879677,-0.00402010092511773,
292,-0.0702016,-0.0804019942879677,-0.00402010092511773,
293,-0.0700992,-0.0804019942879677,-0.00804020185023546,
294,-0.0699968,-0.0804019942879677,-0.00402010092511773,
295,-0.0698944,0,-0.00804020185023546,
296,-0.069792,-0.0804019942879677,-0.00804020185023546,
297,-0.0696896,-0.0804019942879677,-0.00804020185023546,
298,-0.0695872,-0.0804019942879677,-0.00804020185023546,
299,-0.0694848,-0.0804019942879677,-0.0120603027753532,
300,-0.0693824,-0.0804019942879677,-0.00804020185023546,
301,-0.06928,-0.0804019942879677,-0.00804020185023546,
302,-0.0691776,-0.0804019942879677,-0.00804020185023546,
303,-0.0690752,-0.0804019942879677,-0.00804020185023546,
304,-0.0689728,-0.0804019942879677,-0.00804020185023546,
305,-0.0688704,-0.0804019942879677,-0.00402010092511773,
306,-0.068768,-0.0804019942879677,-0.00402010092511773,
307,-0.0686656,-0.0804019942879677,-0.00804020185023546,
308,-0.0685632,0,-0.00804020185023546,
309,-0.0684608,0,0,
310,-0.0683584,-0.0804019942879677,-0.0120603027753532,
311,-0.068256,-0.0804019942879677,-0.00402010092511773,
312,-0.0681536,0,-0.00804020185023546,
313,-0.0680512,-0.0804019942879677,-0.00804020185023546,
314,-0.0679488,-0.0804019942879677,-0.00804020185023546,
315,-0.0678464,0,-0.00804020185023546,
316,-0.067744,0,-0.00804020185023546,
317,-0.0676416,0,-0.00804020185023546,
318,-0.0675392,-0.0804019942879677,-0.00402010092511773,
319,-0.0674368,-0.0804019942879677,-0.00804020185023546,
320,-0.0673344,-0.0804019942879677,-0.0120603027753532,
321,-0.067232,-0.0804019942879677,-0.00804020185023546,
322,-0.0671296,-0.0804019942879677,-0.00804020185023546,
323,-0.0670272,-0.0804019942879677,-0.00804020185023546,
324,-0.0669248,-0.0804019942879677,-0.00402010092511773,
325,-0.0668224,-0.0804019942879677,-0.00804020185023546,
326,-0.06672,0,-0.00804020185023546,
327,-0.0666176,-0.0804019942879677,-0.00804020185023546,
328,-0.0665152,0,-0.00402010092511773,
329,-0.0664128,-0.0804019942879677,-0.0120603027753532,
330,-0.0663104,-0.0804019942879677,-0.00804020185023546,
331,-0.066208,-0.0804019942879677,-0.00402010092511773,
332,-0.0661056,-0.0804019942879677,-0.00402010092511773,
333,-0.0660032,0,-0.00402010092511773,
334,-0.0659008,-0.0804019942879677,-0.0120603027753532,
335,-0.0657984,0,-0.00804020185023546,
336,-0.065696,-0.160803988575935,-0.00804020185023546,
337,-0.0655936,-0.0804019942879677,-0.0120603027753532,
338,-0.0654912,-0.0804019942879677,-0.00402010092511773,
339,-0.0653888,-0.160803988575935,-0.00804020185023546,
340,-0.0652864,-0.0804019942879677,-0.00402010092511773,
341,-0.065184,-0.0804019942879677,-0.0120603027753532,
342,-0.0650816,0,-0.00804020185023546,
343,-0.0649792,-0.0804019942879677,-0.00402010092511773,
344,-0.0648768,-0.0804019942879677,-0.00804020185023546,
345,-0.0647744,-0.160803988575935,-0.00402010092511773,
346,-0.064672,-0.0804019942879677,-0.00804020185023546,
347,-0.0645696,-0.0804019942879677,-0.0120603027753532,
348,-0.0644672,-0.0804019942879677,-0.00804020185023546,
349,-0.0643648,-0.0804019942879677,-0.00804020185023546,
350,-0.0642624,-0.0804019942879677,-0.00804020185023546,
351,-0.06416,-0.0804019942879677,-0.0120603027753532,
352,-0.0640576,-0.0804019942879677,-0.0120603027753532,
353,-0.0639552,-0.0804019942879677,-0.00804020185023546,
354,-0.0638528,-0.0804019942879677,-0.0120603027753532,
355,-0.0637504,-0.0804019942879677,-0.0120603027753532,
356,-0.063648,-0.0804019942879677,-0.00804020185023546,
357,-0.0635456,0,-0.0120603027753532,
358,-0.0634432,-0.0804019942879677,-0.00804020185023546,
359,-0.0633408,-0.0804019942879677,-0.00402010092511773,
360,-0.0632384,0,0,
361,-0.063136,-0.0804019942879677,-0.00804020185023546,
362,-0.0630336,-0.0804019942879677,-0.00402010092511773,
363,-0.0629312,-0.0804019942879677,-0.00804020185023546,
364,-0.0628288,-0.0804019942879677,-0.00804020185023546,
365,-0.0627264,-0.0804019942879677,-0.0120603027753532,
366,-0.062624,-0.0804019942879677,-0.00402010092511773,
367,-0.0625216,-0.0804019942879677,-0.0120603027753532,
368,-0.0624192,-0.0804019942879677,-0.00804020185023546,
369,-0.0623168,-0.0804019942879677,-0.00804020185023546,
370,-0.0622144,-0.0804019942879677,-0.0160804037004709,
371,-0.062112,-0.0804019942879677,-0.00804020185023546,
372,-0.0620096,-0.0804019942879677,-0.00804020185023546,
373,-0.0619072,-0.0804019942879677,-0.00804020185023546,
374,-0.0618048,-0.0804019942879677,-0.00804020185023546,
375,-0.0617024,0,-0.00402010092511773,
376,-0.0616,-0.0804019942879677,-0.00804020185023546,
377,-0.0614976,-0.0804019942879677,-0.00804020185023546,
378,-0.0613952,-0.0804019942879677,-0.00804020185023546,
379,-0.0612928,-0.0804019942879677,-0.00402010092511773,
380,-0.0611904,-0.0804019942879677,-0.00402010092511773,
381,-0.061088,-0.0804019942879677,-0.00804020185023546,
382,-0.0609856,-0.160803988575935,-0.00804020185023546,
383,-0.0608832,0,-0.00804020185023546,
384,-0.0607808,-0.0804019942879677,-0.00804020185023546,
385,-0.0606784,0,-0.00804020185023546,
386,-0.060576,-0.160803988575935,-0.00804020185023546,
387,-0.0604736,0,-0.00402010092511773,
388,-0.0603712,-0.0804019942879677,-0.0120603027753532,
389,-0.0602688,-0.0804019942879677,-0.00402010092511773,
390,-0.0601664,-0.0804019942879677,-0.00804020185023546,
391,-0.060064,-0.0804019942879677,-0.0120603027753532,
392,-0.0599616,-0.0804019942879677,-0.0120603027753532,
393,-0.0598592,-0.0804019942879677,-0.00804020185023546,
394,-0.0597568,-0.0804019942879677,-0.0120603027753532,
395,-0.0596544,-0.0804019942879677,-0.00402010092511773,
396,-0.059552,0,-0.0120603027753532,
397,-0.0594496,-0.0804019942879677,-0.0120603027753532,
398,-0.0593472,0,-0.00804020185023546,
399,-0.0592448,-0.0804019942879677,-0.00804020185023546,
400,-0.0591424,-0.160803988575935,-0.00804020185023546,
401,-0.05904,-0.0804019942879677,-0.00402010092511773,
402,-0.0589376,-0.160803988575935,-0.00804020185023546,
403,-0.0588352,-0.160803988575935,-0.00804020185023546,
404,-0.0587328,-0.0804019942879677,-0.00804020185023546,
405,-0.0586304,-0.0804019942879677,-0.00804020185023546,
406,-0.058528,-0.160803988575935,-0.00804020185023546,
407,-0.0584256,-0.0804019942879677,-0.00804020185023546,
408,-0.0583232,0,-0.00804020185023546,
409,-0.0582208,-0.0804019942879677,-0.00804020185023546,
410,-0.0581184,-0.0804019942879677,-0.00804020185023546,
411,-0.058016,-0.0804019942879677,-0.00804020185023546,
412,-0.0579136,-0.0804019942879677,-0.00804020185023546,
413,-0.0578112,-0.0804019942879677,-0.00804020185023546,
414,-0.0577088,-0.0804019942879677,-0.00402010092511773,
415,-0.0576064,-0.160803988575935,-0.00804020185023546,
416,-0.057504,-0.0804019942879677,-0.00804020185023546,
417,-0.0574016,-0.0804019942879677,0,
418,-0.0572992,-0.160803988575935,0,
419,-0.0571968,-0.0804019942879677,-0.00804020185023546,
420,-0.0570944,-0.0804019942879677,-0.00804020185023546,
421,-0.056992,-0.0804019942879677,-0.00804020185023546,
422,-0.0568896,-0.0804019942879677,-0.00804020185023546,
423,-0.0567872,-0.0804019942879677,-0.00804020185023546,
424,-0.0566848,-0.0804019942879677,-0.00402010092511773,
425,-0.0565824,-0.0804019942879677,-0.00402010092511773,
426,-0.05648,-0.0804019942879677,-0.0120603027753532,
427,-0.0563776,-0.0804019942879677,-0.00402010092511773,
428,-0.0562752,0,-0.00804020185023546,
429,-0.0561728,-0.0804019942879677,-0.00804020185023546,
430,-0.0560704,-0.0804019942879677,-0.00804020185023546,
431,-0.055968,-0.0804019942879677,-0.00402010092511773,
432,-0.0558656,-0.0804019942879677,-0.00402010092511773,
433,-0.0557632,-0.0804019942879677,-0.00804020185023546,
434,-0.0556608,-0.160803988575935,-0.00402010092511773,
435,-0.0555584,-0.0804019942879677,-0.00804020185023546,
436,-0.055456,-0.0804019942879677,-0.00804020185023546,
437,-0.0553536,-0.0804019942879677,-0.00804020185023546,
438,-0.0552512,-0.0804019942879677,-0.00804020185023546,
439,-0.0551488,-0.0804019942879677,-0.00804020185023546,
440,-0.0550464,-0.0804019942879677,-0.00804020185023546,
441,-0.054944,-0.0804019942879677,-0.00804020185023546,
442,-0.0548416,-0.0804019942879677,-0.00402010092511773,
443,-0.0547392,0,-0.00804020185023546,
444,-0.0546368,-0.0804019942879677,-0.00804020185023546,
445,-0.0545344,-0.0804019942879677,-0.00804020185023546,
446,-0.054432,0,-0.00402010092511773,
447,-0.0543296,-0.0804019942879677,-0.00804020185023546,
448,-0.0542272,-0.0804019942879677,-0.00804020185023546,
449,-0.0541248,-0.0804019942879677,-0.00402010092511773,
450,-0.0540224,-0.0804019942879677,-0.00804020185023546,
451,-0.05392,-0.0804019942879677,-0.00402010092511773,
452,-0.0538176,-0.0804019942879677,-0.00402010092511773,
453,-0.0537152,-0.0804019942879677,-0.00402010092511773,
454,-0.0536128,-0.0804019942879677,-0.00402010092511773,
455,-0.0535104,-0.0804019942879677,-0.00804020185023546,
456,-0.053408,-0.0804019942879677,-0.00402010092511773,
457,-0.0533056,-0.0804019942879677,-0.00804020185023546,
458,-0.0532032,0,-0.00402010092511773,
459,-0.0531008,-0.0804019942879677,-0.0120603027753532,
460,-0.0529984,-0.0804019942879677,-0.00402010092511773,
461,-0.052896,-0.0804019942879677,-0.00402010092511773,
462,-0.0527936,-0.160803988575935,-0.00402010092511773,
463,-0.0526912,-0.0804019942879677,-0.0120603027753532,
464,-0.0525888,-0.0804019942879677,-0.00804020185023546,
465,-0.0524864,-0.0804019942879677,-0.00402010092511773,
466,-0.052384,-0.0804019942879677,-0.00402010092511773,
467,-0.0522816,-0.0804019942879677,-0.00804020185023546,
468,-0.0521792,-0.160803988575935,-0.00402010092511773,
469,-0.0520768,-0.0804019942879677,-0.00402010092511773,
470,-0.0519744,-0.160803988575935,-0.00804020185023546,
471,-0.051872,-0.0804019942879677,-0.00804020185023546,
472,-0.0517696,-0.0804019942879677,-0.00804020185023546,
473,-0.0516672,-0.0804019942879677,-0.00804020185023546,
474,-0.0515648,-0.0804019942879677,-0.00402010092511773,
475,-0.0514624,-0.0804019942879677,-0.00804020185023546,
476,-0.05136,-0.0804019942879677,-0.00804020185023546,
477,-0.0512576,0,-0.00804020185023546,
478,-0.0511552,-0.0804019942879677,-0.00804020185023546,
479,-0.0510528,-0.0804019942879677,-0.00402010092511773,
480,-0.0509504,-0.160803988575935,-0.00804020185023546,
481,-0.050848,-0.0804019942879677,-0.00804020185023546,
482,-0.0507456,-0.0804019942879677,-0.00804020185023546,
483,-0.0506432,-0.0804019942879677,-0.00402010092511773,
484,-0.0505408,-0.160803988575935,-0.00804020185023546,
485,-0.0504384,-0.0804019942879677,-0.00804020185023546,
486,-0.050336,-0.0804019942879677,-0.00804020185023546,
487,-0.0502336,-0.0804019942879677,-0.0120603027753532,
488,-0.0501312,-0.0804019942879677,-0.0120603027753532,
489,-0.0500288,-0.0804019942879677,-0.00804020185023546,
490,-0.0499264,-0.0804019942879677,-0.00804020185023546,
491,-0.049824,-0.0804019942879677,-0.0120603027753532,
492,-0.0497216,-0.0804019942879677,-0.00402010092511773,
493,-0.0496192,-0.0804019942879677,-0.00804020185023546,
494,-0.0495168,-0.0804019942879677,-0.00804020185023546,
495,-0.0494144,0,-0.00804020185023546,
496,-0.049312,-0.160803988575935,-0.00804020185023546,
497,-0.0492096,-0.0804019942879677,-0.00402010092511773,
498,-0.0491072,-0.0804019942879677,-0.00804020185023546,
499,-0.0490048,-0.0804019942879677,-0.00402010092511773,
500,-0.0489024,-0.0804019942879677,-0.00804020185023546,
501,-0.0488,-0.0804019942879677,-0.00804020185023546,
502,-0.0486976,-0.0804019942879677,-0.00804020185023546,
503,-0.0485952,-0.0804019942879677,0,
504,-0.0484928,0,-0.00402010092511773,
505,-0.0483904,-0.0804019942879677,-0.0120603027753532,
506,-0.048288,-0.0804019942879677,-0.0120603027753532,
507,-0.0481856,0,-0.0120603027753532,
508,-0.0480832,-0.0804019942879677,-0.00402010092511773,
509,-0.0479808,-0.160803988575935,-0.00402010092511773,
510,-0.0478784,-0.0804019942879677,-0.00804020185023546,
511,-0.047776,-0.0804019942879677,-0.00804020185023546,
512,-0.0476736,-0.0804019942879677,-0.00804020185023546,
513,-0.0475712,-0.0804019942879677,-0.00804020185023546,
514,-0.0474688,-0.0804019942879677,-0.00804020185023546,
515,-0.0473664,-0.0804019942879677,-0.00804020185023546,
516,-0.047264,-0.0804019942879677,-0.00804020185023546,
517,-0.0471616,-0.0804019942879677,-0.00804020185023546,
518,-0.0470592,-0.0804019942879677,-0.00804020185023546,
519,-0.0469568,-0.0804019942879677,-0.00804020185023546,
520,-0.0468544,-0.0804019942879677,-0.00804020185023546,
521,-0.046752,-0.0804019942879677,-0.00402010092511773,
522,-0.0466496,0,-0.00804020185023546,
523,-0.0465472,-0.0804019942879677,-0.00804020185023546,
524,-0.0464448,-0.0804019942879677,-0.00804020185023546,
525,-0.0463424,-0.0804019942879677,-0.00804020185023546,
526,-0.04624,-0.0804019942879677,-0.00804020185023546,
527,-0.0461376,-0.0804019942879677,-0.00402010092511773,
528,-0.0460352,-0.0804019942879677,-0.00804020185023546,
529,-0.0459328,-0.0804019942879677,-0.00804020185023546,
530,-0.0458304,-0.0804019942879677,-0.00804020185023546,
531,-0.045728,0,-0.00804020185023546,
532,-0.0456256,-0.0804019942879677,-0.00804020185023546,
533,-0.0455232,-0.0804019942879677,-0.00402010092511773,
534,-0.0454208,0,-0.0120603027753532,
535,-0.0453184,-0.0804019942879677,-0.00402010092511773,
536,-0.045216,-0.0804019942879677,-0.00402010092511773,
537,-0.0451136,-0.0804019942879677,-0.00804020185023546,
538,-0.0450112,-0.0804019942879677,-0.00402010092511773,
539,-0.0449088,-0.160803988575935,-0.00804020185023546,
540,-0.0448064,-0.0804019942879677,-0.00804020185023546,
541,-0.044704,0,-0.00402010092511773,
542,-0.0446016,-0.0804019942879677,-0.00804020185023546,
543,-0.0444992,0,-0.00402010092511773,
544,-0.0443968,-0.0804019942879677,-0.00804020185023546,
545,-0.0442944,-0.0804019942879677,-0.00804020185023546,
546,-0.044192,-0.0804019942879677,-0.00804020185023546,
547,-0.0440896,-0.0804019942879677,-0.00804020185023546,
548,-0.0439872,-0.0804019942879677,-0.00804020185023546,
549,-0.0438848,-0.0804019942879677,-0.00804020185023546,
550,-0.0437824,-0.0804019942879677,-0.00804020185023546,
551,-0.04368,-0.0804019942879677,-0.00804020185023546,
552,-0.0435776,-0.0804019942879677,-0.00804020185023546,
553,-0.0434752,-0.0804019942879677,-0.00402010092511773,
554,-0.0433728,-0.0804019942879677,-0.00804020185023546,
555,-0.0432704,-0.0804019942879677,-0.0120603027753532,
556,-0.043168,-0.0804019942879677,-0.00804020185023546,
557,-0.0430656,-0.0804019942879677,-0.00402010092511773,
558,-0.0429632,-0.0804019942879677,-0.00804020185023546,
559,-0.0428608,-0.0804019942879677,-0.0120603027753532,
560,-0.0427584,-0.0804019942879677,-0.00402010092511773,
561,-0.042656,-0.160803988575935,-0.00804020185023546,
562,-0.0425536,-0.0804019942879677,-0.00402010092511773,
563,-0.0424512,-0.0804019942879677,-0.00402010092511773,
564,-0.0423488,-0.0804019942879677,-0.00402010092511773,
565,-0.0422464,-0.0804019942879677,-0.00402010092511773,
566,-0.042144,0,-0.00804020185023546,
567,-0.0420416,-0.160803988575935,-0.00402010092511773,
568,-0.0419392,-0.0804019942879677,-0.00402010092511773,
569,-0.0418368,-0.0804019942879677,-0.00402010092511773,
570,-0.0417344,0,-0.00402010092511773,
571,-0.041632,-0.0804019942879677,-0.00804020185023546,
572,-0.0415296,-0.0804019942879677,-0.00402010092511773,
573,-0.0414272,-0.0804019942879677,-0.00804020185023546,
574,-0.0413248,-0.0804019942879677,-0.00402010092511773,
575,-0.0412224,-0.0804019942879677,-0.00402010092511773,
576,-0.04112,-0.0804019942879677,-0.00804020185023546,
577,-0.0410176,-0.0804019942879677,-0.00402010092511773,
578,-0.0409152,0,-0.00804020185023546,
579,-0.0408128,-0.0804019942879677,-0.00402010092511773,
580,-0.0407104,-0.0804019942879677,-0.00402010092511773,
581,-0.040608,0,-0.00804020185023546,
582,-0.0405056,-0.0804019942879677,-0.00804020185023546,
583,-0.0404032,-0.0804019942879677,-0.00402010092511773,
584,-0.0403008,-0.0804019942879677,-0.00804020185023546,
585,-0.0401984,0,-0.00804020185023546,
586,-0.040096,0,-0.00804020185023546,
587,-0.0399936,-0.0804019942879677,-0.00402010092511773,
588,-0.0398912,-0.0804019942879677,-0.0120603027753532,
589,-0.0397888,-0.0804019942879677,-0.00804020185023546,
590,-0.0396864,-0.0804019942879677,0,
591,-0.039584,-0.0804019942879677,-0.00804020185023546,
592,-0.0394816,-0.0804019942879677,-0.00804020185023546,
593,-0.0393792,-0.0804019942879677,-0.00804020185023546,
594,-0.0392768,-0.0804019942879677,-0.00804020185023546,
595,-0.0391744,-0.0804019942879677,-0.00804020185023546,
596,-0.039072,-0.0804019942879677,-0.00804020185023546,
597,-0.0389696,-0.0804019942879677,-0.00804020185023546,
598,-0.0388672,-0.0804019942879677,-0.00804020185023546,
599,-0.0387648,-0.0804019942879677,-0.00402010092511773,
600,-0.0386624,-0.0804019942879677,-0.00804020185023546,
601,-0.03856,-0.0804019942879677,-0.00804020185023546,
602,-0.0384576,-0.0804019942879677,-0.00804020185023546,
603,-0.0383552,0,-0.00804020185023546,
604,-0.0382528,-0.0804019942879677,-0.0120603027753532,
605,-0.0381504,-0.0804019942879677,-0.00804020185023546,
606,-0.038048,-0.0804019942879677,-0.00804020185023546,
607,-0.0379456,0,-0.00402010092511773,
608,-0.0378432,0,-0.00402010092511773,
609,-0.0377408,0,-0.00804020185023546,
610,-0.0376384,0,-0.00402010092511773,
611,-0.037536,0,-0.00402010092511773,
612,-0.0374336,0,-0.00402010092511773,
613,-0.0373312,0,-0.00402010092511773,
614,-0.0372288,-0.0804019942879677,-0.0120603027753532,
615,-0.0371264,-0.0804019942879677,-0.00804020185023546,
616,-0.037024,-0.0804019942879677,-0.0120603027753532,
617,-0.0369216,-0.0804019942879677,-0.00804020185023546,
618,-0.0368192,-0.0804019942879677,-0.00804020185023546,
619,-0.0367168,-0.0804019942879677,-0.0120603027753532,
620,-0.0366144,0,-0.00402010092511773,
621,-0.036512,-0.0804019942879677,-0.0120603027753532,
622,-0.0364096,-0.0804019942879677,-0.00804020185023546,
623,-0.0363072,-0.0804019942879677,-0.00402010092511773,
624,-0.0362048,-0.0804019942879677,-0.00804020185023546,
625,-0.0361024,-0.0804019942879677,-0.00804020185023546,
626,-0.036,-0.0804019942879677,-0.00804020185023546,
627,-0.0358976,-0.0804019942879677,-0.00804020185023546,
628,-0.0357952,-0.160803988575935,-0.00804020185023546,
629,-0.0356928,-0.0804019942879677,-0.00804020185023546,
630,-0.0355904,0,-0.00804020185023546,
631,-0.035488,0,-0.00402010092511773,
632,-0.0353856,-0.0804019942879677,-0.00804020185023546,
633,-0.0352832,-0.0804019942879677,-0.00402010092511773,
634,-0.0351808,-0.0804019942879677,-0.00804020185023546,
635,-0.0350784,-0.0804019942879677,-0.00804020185023546,
636,-0.034976,0,-0.00804020185023546,
637,-0.0348736,-0.160803988575935,-0.00804020185023546,
638,-0.0347712,-0.0804019942879677,-0.00804020185023546,
639,-0.0346688,-0.0804019942879677,-0.00402010092511773,
640,-0.0345664,-0.0804019942879677,-0.00402010092511773,
641,-0.034464,-0.0804019942879677,-0.00804020185023546,
642,-0.0343616,-0.160803988575935,-0.00402010092511773,
643,-0.0342592,-0.0804019942879677,-0.00804020185023546,
644,-0.0341568,0,-0.00804020185023546,
645,-0.0340544,-0.0804019942879677,-0.0120603027753532,
646,-0.033952,-0.0804019942879677,-0.00804020185023546,
647,-0.0338496,-0.0804019942879677,-0.00804020185023546,
648,-0.0337472,0,-0.00804020185023546,
649,-0.0336448,0,-0.0120603027753532,
650,-0.0335424,-0.0804019942879677,-0.00402010092511773,
651,-0.03344,-0.0804019942879677,-0.00804020185023546,
652,-0.0333376,-0.0804019942879677,-0.00804020185023546,
653,-0.0332352,0,-0.00402010092511773,
654,-0.0331328,-0.0804019942879677,-0.0120603027753532,
655,-0.0330304,-0.0804019942879677,-0.00402010092511773,
656,-0.032928,-0.160803988575935,-0.00804020185023546,
657,-0.0328256,-0.0804019942879677,-0.00402010092511773,
658,-0.0327232,-0.0804019942879677,-0.00804020185023546,
659,-0.0326208,-0.0804019942879677,-0.00804020185023546,
660,-0.0325184,-0.0804019942879677,-0.00402010092511773,
661,-0.032416,0,-0.0120603027753532,
662,-0.0323136,-0.0804019942879677,-0.00804020185023546,
663,-0.0322112,0,-0.00804020185023546,
664,-0.0321088,-0.160803988575935,-0.00402010092511773,
665,-0.0320064,-0.0804019942879677,-0.00804020185023546,
666,-0.031904,-0.160803988575935,-0.00804020185023546,
667,-0.0318016,-0.160803988575935,-0.00804020185023546,
668,-0.0316992,-0.0804019942879677,-0.00402010092511773,
669,-0.0315968,0,-0.00402010092511773,
670,-0.0314944,0,-0.00402010092511773,
671,-0.031392,-0.0804019942879677,-0.00804020185023546,
672,-0.0312896,-0.0804019942879677,-0.00804020185023546,
673,-0.0311872,-0.0804019942879677,-0.00804020185023546,
674,-0.0310848,-0.0804019942879677,-0.00804020185023546,
675,-0.0309824,-0.0804019942879677,-0.00804020185023546,
676,-0.03088,-0.0804019942879677,-0.00402010092511773,
677,-0.0307776,-0.0804019942879677,-0.0120603027753532,
678,-0.0306752,-0.0804019942879677,-0.0120603027753532,
679,-0.0305728,-0.0804019942879677,-0.00804020185023546,
680,-0.0304704,-0.0804019942879677,-0.00804020185023546,
681,-0.030368,-0.160803988575935,-0.00402010092511773,
682,-0.0302656,-0.0804019942879677,-0.00804020185023546,
683,-0.0301632,-0.0804019942879677,-0.00804020185023546,
684,-0.0300608,-0.0804019942879677,-0.00804020185023546,
685,-0.0299584,-0.0804019942879677,-0.00804020185023546,
686,-0.029856,-0.0804019942879677,-0.0120603027753532,
687,-0.0297536,-0.0804019942879677,-0.00804020185023546,
688,-0.0296512,-0.0804019942879677,-0.00804020185023546,
689,-0.0295488,-0.0804019942879677,-0.00804020185023546,
690,-0.0294464,0,-0.00804020185023546,
691,-0.029344,-0.0804019942879677,-0.00402010092511773,
692,-0.0292416,0,-0.00402010092511773,
693,-0.0291392,0,-0.00804020185023546,
694,-0.0290368,-0.0804019942879677,-0.00804020185023546,
695,-0.0289344,-0.0804019942879677,-0.00402010092511773,
696,-0.028832,-0.0804019942879677,-0.00402010092511773,
697,-0.0287296,-0.0804019942879677,-0.00804020185023546,
698,-0.0286272,-0.0804019942879677,-0.00804020185023546,
699,-0.0285248,-0.160803988575935,-0.00804020185023546,
700,-0.0284224,-0.0804019942879677,-0.00402010092511773,
701,-0.02832,-0.0804019942879677,-0.0120603027753532,
702,-0.0282176,-0.0804019942879677,-0.00804020185023546,
703,-0.0281152,-0.0804019942879677,-0.00402010092511773,
704,-0.0280128,0,-0.00804020185023546,
705,-0.0279104,-0.0804019942879677,-0.00402010092511773,
706,-0.027808,0,-0.00804020185023546,
707,-0.0277056,-0.160803988575935,-0.00402010092511773,
708,-0.0276032,-0.160803988575935,0,
709,-0.0275008,0,-0.0120603027753532,
710,-0.0273984,-0.0804019942879677,-0.00804020185023546,
711,-0.027296,0,-0.00402010092511773,
712,-0.0271936,-0.0804019942879677,-0.00804020185023546,
713,-0.0270912,0,-0.00402010092511773,
714,-0.0269888,-0.160803988575935,-0.00804020185023546,
715,-0.0268864,-0.0804019942879677,-0.00804020185023546,
716,-0.026784,-0.0804019942879677,-0.00804020185023546,
717,-0.0266816,-0.0804019942879677,-0.00804020185023546,
718,-0.0265792,-0.0804019942879677,-0.00804020185023546,
719,-0.0264768,-0.0804019942879677,-0.00804020185023546,
720,-0.0263744,-0.0804019942879677,-0.00804020185023546,
721,-0.026272,-0.0804019942879677,-0.00402010092511773,
722,-0.0261696,-0.0804019942879677,-0.00402010092511773,
723,-0.0260672,-0.0804019942879677,-0.00804020185023546,
724,-0.0259648,-0.0804019942879677,-0.00402010092511773,
725,-0.0258624,-0.0804019942879677,-0.00402010092511773,
726,-0.02576,0,-0.00804020185023546,
727,-0.0256576,-0.0804019942879677,-0.00402010092511773,
728,-0.0255552,-0.0804019942879677,-0.00804020185023546,
729,-0.0254528,0,-0.00402010092511773,
730,-0.0253504,-0.0804019942879677,-0.00804020185023546,
731,-0.025248,-0.0804019942879677,-0.00804020185023546,
732,-0.0251456,-0.0804019942879677,-0.00804020185023546,
733,-0.0250432,-0.0804019942879677,-0.00402010092511773,
734,-0.0249408,-0.0804019942879677,-0.00804020185023546,
735,-0.0248384,0,-0.00804020185023546,
736,-0.024736,0,-0.00804020185023546,
737,-0.0246336,0,-0.00804020185023546,
738,-0.0245312,-0.0804019942879677,-0.00804020185023546,
739,-0.0244288,0,-0.00804020185023546,
740,-0.0243264,-0.160803988575935,-0.00804020185023546,
741,-0.024224,-0.0804019942879677,-0.00402010092511773,
742,-0.0241216,-0.0804019942879677,-0.00402010092511773,
743,-0.0240192,-0.0804019942879677,-0.00804020185023546,
744,-0.0239168,-0.0804019942879677,-0.00804020185023546,
745,-0.0238144,-0.0804019942879677,-0.00804020185023546,
746,-0.023712,-0.0804019942879677,-0.00804020185023546,
747,-0.0236096,-0.0804019942879677,-0.00804020185023546,
748,-0.0235072,-0.0804019942879677,-0.0120603027753532,
749,-0.0234048,-0.0804019942879677,-0.00402010092511773,
750,-0.0233024,-0.160803988575935,-0.00804020185023546,
751,-0.0232,-0.0804019942879677,-0.0120603027753532,
752,-0.0230976,-0.0804019942879677,-0.00804020185023546,
753,-0.0229952,0,-0.00804020185023546,
754,-0.0228928,-0.0804019942879677,-0.00804020185023546,
755,-0.0227904,-0.0804019942879677,-0.00804020185023546,
756,-0.022688,-0.0804019942879677,-0.00804020185023546,
757,-0.0225856,-0.0804019942879677,-0.00402010092511773,
758,-0.0224832,0,-0.0120603027753532,
759,-0.0223808,-0.0804019942879677,-0.0120603027753532,
760,-0.0222784,0,-0.00804020185023546,
761,-0.022176,-0.0804019942879677,-0.00804020185023546,
762,-0.0220736,-0.0804019942879677,-0.00804020185023546,
763,-0.0219712,-0.0804019942879677,-0.00804020185023546,
764,-0.0218688,-0.0804019942879677,-0.00804020185023546,
765,-0.0217664,-0.0804019942879677,-0.00402010092511773,
766,-0.021664,0,-0.00804020185023546,
767,-0.0215616,-0.0804019942879677,-0.00804020185023546,
768,-0.0214592,-0.160803988575935,-0.00402010092511773,
769,-0.0213568,-0.0804019942879677,-0.00402010092511773,
770,-0.0212544,0,-0.00804020185023546,
771,-0.021152,-0.0804019942879677,-0.00804020185023546,
772,-0.0210496,0,-0.0120603027753532,
773,-0.0209472,-0.160803988575935,-0.0120603027753532,
774,-0.0208448,-0.160803988575935,-0.00804020185023546,
775,-0.0207424,-0.0804019942879677,0,
776,-0.02064,-0.0804019942879677,-0.00402010092511773,
777,-0.0205376,-0.0804019942879677,-0.00804020185023546,
778,-0.0204352,-0.0804019942879677,-0.00804020185023546,
779,-0.0203328,-0.160803988575935,-0.00804020185023546,
780,-0.0202304,-0.0804019942879677,-0.00804020185023546,
781,-0.020128,-0.0804019942879677,-0.00804020185023546,
782,-0.0200256,-0.0804019942879677,-0.00804020185023546,
783,-0.0199232,-0.0804019942879677,-0.00402010092511773,
784,-0.0198208,-0.0804019942879677,-0.00804020185023546,
785,-0.0197184,0,-0.00804020185023546,
786,-0.019616,0,-0.0120603027753532,
787,-0.0195136,-0.0804019942879677,-0.00804020185023546,
788,-0.0194112,-0.0804019942879677,-0.00402010092511773,
789,-0.0193088,-0.0804019942879677,-0.0120603027753532,
790,-0.0192064,-0.0804019942879677,-0.00804020185023546,
791,-0.019104,-0.0804019942879677,-0.00804020185023546,
792,-0.0190016,-0.0804019942879677,-0.00402010092511773,
793,-0.0188992,0,-0.00402010092511773,
794,-0.0187968,-0.0804019942879677,-0.00804020185023546,
795,-0.0186944,-0.0804019942879677,-0.00402010092511773,
796,-0.018592,0,-0.0120603027753532,
797,-0.0184896,-0.0804019942879677,-0.00804020185023546,
798,-0.0183872,-0.0804019942879677,-0.00804020185023546,
799,-0.0182848,-0.0804019942879677,-0.00804020185023546,
800,-0.0181824,-0.0804019942879677,-0.00804020185023546,
801,-0.01808,-0.0804019942879677,-0.00804020185023546,
802,-0.0179776,-0.0804019942879677,-0.00804020185023546,
803,-0.0178752,0,-0.00804020185023546,
804,-0.0177728,-0.0804019942879677,-0.00402010092511773,
805,-0.0176704,-0.160803988575935,-0.00402010092511773,
806,-0.017568,-0.160803988575935,-0.00402010092511773,
807,-0.0174656,-0.0804019942879677,-0.00804020185023546,
808,-0.0173632,-0.0804019942879677,-0.00804020185023546,
809,-0.0172608,-0.0804019942879677,-0.00804020185023546,
810,-0.0171584,-0.0804019942879677,-0.00804020185023546,
811,-0.017056,-0.0804019942879677,-0.00402010092511773,
812,-0.0169536,-0.0804019942879677,-0.00804020185023546,
813,-0.0168512,0,-0.00804020185023546,
814,-0.0167488,-0.0804019942879677,-0.00804020185023546,
815,-0.0166464,-0.0804019942879677,-0.00804020185023546,
816,-0.016544,-0.0804019942879677,-0.00402010092511773,
817,-0.0164416,-0.160803988575935,-0.00804020185023546,
818,-0.0163392,-0.0804019942879677,-0.00402010092511773,
819,-0.0162368,-0.160803988575935,-0.00402010092511773,
820,-0.0161344,-0.0804019942879677,-0.00402010092511773,
821,-0.016032,-0.0804019942879677,-0.00804020185023546,
822,-0.0159296,-0.0804019942879677,-0.00804020185023546,
823,-0.0158272,-0.0804019942879677,-0.00804020185023546,
824,-0.0157248,0,-0.00804020185023546,
825,-0.0156224,0,-0.00402010092511773,
826,-0.01552,-0.0804019942879677,-0.00804020185023546,
827,-0.0154176,-0.0804019942879677,-0.00804020185023546,
828,-0.0153152,-0.0804019942879677,-0.00804020185023546,
829,-0.0152128,-0.0804019942879677,-0.00402010092511773,
830,-0.0151104,-0.0804019942879677,-0.00402010092511773,
831,-0.015008,-0.0804019942879677,-0.00402010092511773,
832,-0.0149056,0,-0.00402010092511773,
833,-0.0148032,-0.0804019942879677,-0.00804020185023546,
834,-0.0147008,0,-0.00804020185023546,
835,-0.0145984,-0.160803988575935,-0.0120603027753532,
836,-0.014496,-0.0804019942879677,-0.00804020185023546,
837,-0.0143936,0,-0.00804020185023546,
838,-0.0142912,-0.0804019942879677,-0.0120603027753532,
839,-0.0141888,-0.0804019942879677,-0.0120603027753532,
840,-0.0140864,-0.0804019942879677,-0.00804020185023546,
841,-0.013984,-0.0804019942879677,-0.00402010092511773,
842,-0.0138816,-0.0804019942879677,-0.00804020185023546,
843,-0.0137792,-0.160803988575935,-0.00402010092511773,
844,-0.0136768,0,-0.00804020185023546,
845,-0.0135744,-0.0804019942879677,-0.00804020185023546,
846,-0.013472,0,-0.00804020185023546,
847,-0.0133696,-0.0804019942879677,-0.00804020185023546,
848,-0.0132672,-0.0804019942879677,-0.00804020185023546,
849,-0.0131648,-0.0804019942879677,-0.00402010092511773,
850,-0.0130624,0,-0.00804020185023546,
851,-0.01296,-0.0804019942879677,-0.00804020185023546,
852,-0.0128576,-0.0804019942879677,-0.00804020185023546,
853,-0.0127552,-0.0804019942879677,-0.00402010092511773,
854,-0.0126528,0,-0.00804020185023546,
855,-0.0125504,0,-0.00804020185023546,
856,-0.012448,-0.0804019942879677,-0.00804020185023546,
857,-0.0123456,-0.0804019942879677,-0.00804020185023546,
858,-0.0122432,-0.0804019942879677,-0.00804020185023546,
859,-0.0121408,-0.0804019942879677,-0.00804020185023546,
860,-0.0120384,-0.0804019942879677,-0.00804020185023546,
861,-0.011936,-0.0804019942879677,-0.00402010092511773,
862,-0.0118336,0,-0.00402010092511773,
863,-0.0117312,4.74371766299009,0,
864,-0.0116288,-0.0804019942879677,0.0120603027753532,
865,-0.0115264,0,0.0281407064758241,
866,-0.011424,-0.0804019942879677,0.0361809083260596,
867,-0.0113216,-0.0804019942879677,0.044221110176295,
868,-0.0112192,-0.0804019942879677,0.0562814129516482,
869,-0.0111168,-0.0804019942879677,0.060301513876766,
870,-0.0110144,-0.0804019942879677,0.0683417157270014,
871,-0.010912,-0.0804019942879677,0.0683417157270014,
872,-0.0108096,0,0.0763819175772369,
873,-0.0107072,-0.0804019942879677,0.0844221194274724,
874,-0.0106048,-0.0804019942879677,0.0844221194274724,
875,-0.0105024,0,0.0884422203525901,
876,-0.0104,-0.0804019942879677,0.0884422203525901,
877,-0.0102976,-0.0804019942879677,0.0924623212777078,
878,-0.0101952,0,0.0924623212777078,
879,-0.0100928,-0.0804019942879677,0.0964824222028255,
880,-0.00999040000000001,-0.0804019942879677,0.0924623212777078,
881,-0.00988800000000001,-0.0804019942879677,0.0964824222028255,
882,-0.00978560000000001,-0.0804019942879677,0.0924623212777078,
883,-0.0096832,-0.0804019942879677,0.0924623212777078,
884,-0.00958080000000001,-0.160803988575935,0.0884422203525901,
885,-0.00947840000000001,-0.0804019942879677,0.0964824222028255,
886,-0.00937600000000001,-0.0804019942879677,0.0924623212777078,
887,-0.00927360000000001,-0.0804019942879677,0.0964824222028255,
888,-0.0091712,0,0.0924623212777078,
889,-0.00906880000000002,-0.0804019942879677,0.0884422203525901,
890,-0.00896640000000001,0,0.0884422203525901,
891,-0.00886400000000001,-0.0804019942879677,0.0884422203525901,
892,-0.00876160000000001,-0.160803988575935,0.0884422203525901,
893,-0.00865920000000001,-0.0804019942879677,0.0884422203525901,
894,-0.0085568,-0.0804019942879677,0.0844221194274724,
895,-0.00845440000000001,-0.160803988575935,0.0884422203525901,
896,-0.00835200000000001,-0.0804019942879677,0.0844221194274724,
897,-0.00824960000000001,-0.0804019942879677,0.0763819175772369,
898,-0.00814720000000001,-0.0804019942879677,0.0804020185023546,
899,-0.0080448,0,0.0804020185023546,
900,-0.00794240000000002,0,0.0763819175772369,
901,-0.00784000000000001,-0.0804019942879677,0.0723618166521192,
902,-0.00773760000000001,-0.0804019942879677,0.0723618166521192,
903,-0.00763520000000001,-0.0804019942879677,0.0723618166521192,
904,-0.00753280000000001,-0.0804019942879677,0.0723618166521192,
905,-0.0074304,-0.0804019942879677,0.0683417157270014,
906,-0.00732800000000002,-0.0804019942879677,0.0643216148018837,
907,-0.00722560000000001,-0.0804019942879677,0.0683417157270014,
908,-0.00712320000000001,0,0.060301513876766,
909,-0.00702080000000001,-0.0804019942879677,0.060301513876766,
910,-0.00691840000000001,-0.0804019942879677,0.060301513876766,
911,-0.00681600000000002,-0.0804019942879677,0.060301513876766,
912,-0.00671360000000001,-0.0804019942879677,0.0643216148018837,
913,-0.00661120000000001,-0.0804019942879677,0.0562814129516482,
914,-0.00650880000000001,-0.0804019942879677,0.060301513876766,
915,-0.00640640000000001,-0.0804019942879677,0.0562814129516482,
916,-0.006304,0,0.0562814129516482,
917,-0.00620160000000002,-0.0804019942879677,0.0522613120265305,
918,-0.00609920000000001,-0.0804019942879677,0.0562814129516482,
919,-0.00599680000000001,-0.0804019942879677,0.0522613120265305,
920,-0.00589440000000001,-0.160803988575935,0.0562814129516482,
921,-0.00579200000000001,-0.0804019942879677,0.0482412111014128,
922,-0.0056896,-0.0804019942879677,0.044221110176295,
923,-0.00558720000000001,-0.0804019942879677,0.044221110176295,
924,-0.00548480000000001,-0.0804019942879677,0.044221110176295,
925,-0.00538240000000001,-0.0804019942879677,0.044221110176295,
926,-0.00528000000000001,-0.0804019942879677,0.0402010092511773,
927,-0.0051776,-0.0804019942879677,0.0402010092511773,
928,-0.00507520000000002,0,0.0402010092511773,
929,-0.00497280000000001,-0.0804019942879677,0.0402010092511773,
930,-0.00487040000000001,-0.0804019942879677,0.0361809083260596,
931,-0.00476800000000001,-0.0804019942879677,0.0361809083260596,
932,-0.00466560000000001,-0.0804019942879677,0.0361809083260596,
933,-0.0045632,-0.0804019942879677,0.0361809083260596,
934,-0.00446080000000001,-0.0804019942879677,0.0321608074009418,
935,-0.00435840000000001,-0.0804019942879677,0.0321608074009418,
936,-0.00425600000000001,-0.0804019942879677,0.0321608074009418,
937,-0.00415360000000001,-0.0804019942879677,0.0321608074009418,
938,-0.0040512,-0.0804019942879677,0.0321608074009418,
939,-0.00394880000000002,-0.0804019942879677,0.0241206055507064,
940,-0.00384640000000001,-0.0804019942879677,0.0281407064758241,
941,-0.00374400000000001,-0.0804019942879677,0.0281407064758241,
942,-0.00364160000000001,-0.160803988575935,0.0281407064758241,
943,-0.00353920000000001,-0.0804019942879677,0.0281407064758241,
944,-0.0034368,0,0.0201005046255887,
945,-0.00333440000000002,-0.0804019942879677,0.0241206055507064,
946,-0.00323200000000001,0,0.0281407064758241,
947,-0.00312960000000001,-0.0804019942879677,0.0241206055507064,
948,-0.00302720000000001,-0.0804019942879677,0.0201005046255887,
949,-0.00292480000000001,0,0.0201005046255887,
950,-0.00282240000000002,0,0.0241206055507064,
951,-0.00272000000000001,-0.0804019942879677,0.0241206055507064,
952,-0.00261760000000001,-0.0804019942879677,0.0201005046255887,
953,-0.00251520000000001,0,0.0201005046255887,
954,-0.00241280000000001,-0.0804019942879677,0.0160804037004709,
955,-0.0023104,0,0.0201005046255887,
956,-0.00220800000000002,-0.0804019942879677,0.0201005046255887,
957,-0.00210560000000001,-0.0804019942879677,0.0160804037004709,
958,-0.00200320000000001,-0.0804019942879677,0.0160804037004709,
959,-0.00190080000000001,0,0.0160804037004709,
960,-0.00179840000000001,-0.0804019942879677,0.0201005046255887,
961,-0.001696,-0.0804019942879677,0.0160804037004709,
962,-0.00159360000000001,-0.0804019942879677,0.0160804037004709,
963,-0.00149120000000001,-0.0804019942879677,0.0160804037004709,
964,-0.00138880000000001,-0.0804019942879677,0.0120603027753532,
965,-0.00128640000000001,-0.0804019942879677,0.0120603027753532,
966,-0.001184,-0.0804019942879677,0.0160804037004709,
967,-0.00108160000000002,-0.0804019942879677,0.0120603027753532,
968,-0.000979200000000013,-0.0804019942879677,0.0160804037004709,
969,-0.000876800000000011,-0.0804019942879677,0.0120603027753532,
970,-0.000774400000000008,-0.0804019942879677,0.0120603027753532,
971,-0.000672000000000006,-0.0804019942879677,0.0120603027753532,
972,-0.000569600000000003,0,0.0120603027753532,
973,-0.000467200000000015,-0.0804019942879677,0.00804020185023546,
974,-0.000364800000000012,-0.0804019942879677,0.00804020185023546,
975,-0.00026240000000001,-0.0804019942879677,0.0120603027753532,
976,-0.000160000000000007,-0.0804019942879677,0.00402010092511773,
977,-5.76000000000049E-05,-0.0804019942879677,0.00804020185023546,
978,4.47999999999837E-05,-0.0804019942879677,0.00804020185023546,
979,0.000147199999999986,-0.0804019942879677,0.00804020185023546,
980,0.000249599999999989,-0.160803988575935,0.00804020185023546,
981,0.000351999999999991,-0.0804019942879677,0.00402010092511773,
982,0.000454399999999994,-0.0804019942879677,0.00804020185023546,
983,0.000556799999999996,0,0.00402010092511773,
984,0.000659199999999985,0,0.00804020185023546,
985,0.000761599999999987,-0.0804019942879677,0.00402010092511773,
986,0.00086399999999999,-0.0804019942879677,0,
987,0.000966399999999992,-0.0804019942879677,0.00402010092511773,
988,0.00106879999999999,-0.0804019942879677,0.00402010092511773,
989,0.00117119999999998,0,0,
990,0.00127359999999999,-0.0804019942879677,0.00402010092511773,
991,0.00137599999999999,-0.0804019942879677,0,
992,0.00147839999999999,0,0.00402010092511773,
993,0.00158079999999999,-0.160803988575935,0.00402010092511773,
994,0.0016832,-0.160803988575935,0.00402010092511773,
995,0.00178559999999998,-0.0804019942879677,0.00402010092511773,
996,0.00188799999999999,0,0,
997,0.00199039999999999,-0.0804019942879677,0.00402010092511773,
998,0.00209279999999999,-0.0804019942879677,0,
999,0.00219519999999999,0,0.00402010092511773,
1000,0.00229759999999998,-0.0804019942879677,0,
1001,0.00239999999999999,-0.0804019942879677,0,
1002,0.00250239999999999,-0.0804019942879677,-0.00402010092511773,
1003,0.00260479999999999,-0.0804019942879677,0,
1004,0.00270719999999999,-0.0804019942879677,0,
1005,0.0028096,-0.0804019942879677,0,
1006,0.00291199999999998,0,0,
1007,0.00301439999999999,-0.160803988575935,0.00804020185023546,
1008,0.00311679999999999,0,0,
1009,0.00321919999999999,-0.0804019942879677,-0.00402010092511773,
1010,0.00332159999999999,-0.160803988575935,-0.00402010092511773,
1011,0.003424,-0.0804019942879677,0,
1012,0.00352639999999999,-0.0804019942879677,0,
1013,0.00362879999999999,-0.0804019942879677,-0.00402010092511773,
1014,0.00373119999999999,-0.160803988575935,0.00402010092511773,
1015,0.00383359999999999,0,0,
1016,0.003936,-0.0804019942879677,0,
1017,0.00403839999999998,0,0,
1018,0.00414079999999999,-0.0804019942879677,0,
1019,0.00424319999999999,-0.0804019942879677,0,
1020,0.00434559999999999,-0.0804019942879677,0,
1021,0.00444799999999999,-0.0804019942879677,-0.00402010092511773,
1022,0.0045504,-0.0804019942879677,0,
1023,0.00465279999999998,-0.0804019942879677,0.00402010092511773,
1024,0.00475519999999999,-0.0804019942879677,0,
1025,0.00485759999999999,-0.0804019942879677,0,
1026,0.00495999999999999,-0.0804019942879677,-0.00402010092511773,
1027,0.00506239999999999,-0.0804019942879677,-0.00402010092511773,
1028,0.00516479999999998,-0.160803988575935,-0.00402010092511773,
1029,0.00526719999999999,-0.0804019942879677,0,
1030,0.00536959999999999,-0.0804019942879677,0,
1031,0.00547199999999999,-0.0804019942879677,0,
1032,0.00557439999999999,0,0,
1033,0.0056768,-0.0804019942879677,-0.00402010092511773,
1034,0.00577919999999998,-0.0804019942879677,0,
1035,0.00588159999999999,-0.0804019942879677,-0.00402010092511773,
1036,0.00598399999999999,0,-0.00402010092511773,
1037,0.00608639999999999,-0.0804019942879677,-0.00402010092511773,
1038,0.00618879999999999,-0.0804019942879677,-0.00402010092511773,
1039,0.00629119999999998,-0.0804019942879677,-0.00402010092511773,
1040,0.00639359999999999,-0.0804019942879677,-0.00402010092511773,
1041,0.00649599999999999,-0.0804019942879677,-0.00402010092511773,
1042,0.00659839999999999,-0.0804019942879677,-0.00402010092511773,
1043,0.00670079999999999,-0.0804019942879677,-0.00402010092511773,
1044,0.0068032,-0.0804019942879677,-0.00402010092511773,
1045,0.00690559999999998,-0.0804019942879677,-0.00402010092511773,
1046,0.00700799999999999,-0.160803988575935,-0.00402010092511773,
1047,0.00711039999999999,-0.0804019942879677,-0.00402010092511773,
1048,0.00721279999999999,-0.0804019942879677,-0.00804020185023546,
1049,0.00731519999999999,-0.0804019942879677,0,
1050,0.0074176,-0.0804019942879677,-0.00402010092511773,
1051,0.00751999999999999,-0.160803988575935,-0.00402010092511773,
1052,0.00762239999999999,-0.0804019942879677,-0.00402010092511773,
1053,0.00772479999999999,-0.160803988575935,-0.00402010092511773,
1054,0.00782719999999999,-0.0804019942879677,-0.00402010092511773,
1055,0.0079296,-0.0804019942879677,-0.00402010092511773,
1056,0.00803199999999998,-0.0804019942879677,-0.00402010092511773,
1057,0.00813439999999999,-0.0804019942879677,-0.00402010092511773,
1058,0.00823679999999999,0,0,
1059,0.00833919999999999,-0.0804019942879677,-0.00804020185023546,
1060,0.00844159999999999,-0.0804019942879677,-0.00804020185023546,
1061,0.008544,-0.0804019942879677,-0.00402010092511773,
1062,0.00864639999999998,-0.0804019942879677,-0.00804020185023546,
1063,0.00874879999999999,-0.0804019942879677,-0.00402010092511773,
1064,0.00885119999999999,-0.0804019942879677,-0.00402010092511773,
1065,0.00895359999999999,-0.0804019942879677,-0.00402010092511773,
1066,0.00905599999999999,-0.0804019942879677,-0.00402010092511773,
1067,0.00915839999999998,-0.0804019942879677,-0.00402010092511773,
1068,0.00926079999999999,-0.0804019942879677,-0.00402010092511773,
1069,0.00936319999999999,-0.0804019942879677,-0.00402010092511773,
1070,0.00946559999999999,0,-0.00402010092511773,
1071,0.00956799999999999,-0.0804019942879677,-0.00402010092511773,
1072,0.0096704,-0.0804019942879677,-0.00402010092511773,
1073,0.00977279999999998,-0.160803988575935,-0.00402010092511773,
1074,0.00987519999999999,0,-0.00402010092511773,
1075,0.00997759999999999,-0.0804019942879677,0,
1076,0.01008,-0.160803988575935,-0.00402010092511773,
1077,0.0101824,-0.0804019942879677,-0.00402010092511773,
1078,0.0102848,-0.0804019942879677,-0.00804020185023546,
1079,0.0103872,-0.0804019942879677,-0.00402010092511773,
1080,0.0104896,-0.160803988575935,-0.00804020185023546,
1081,0.010592,-0.0804019942879677,-0.00804020185023546,
1082,0.0106944,0,-0.00804020185023546,
1083,0.0107968,-0.0804019942879677,-0.00402010092511773,
1084,0.0108992,-0.160803988575935,-0.00402010092511773,
1085,0.0110016,-0.0804019942879677,-0.00402010092511773,
1086,0.011104,-0.0804019942879677,-0.00402010092511773,
1087,0.0112064,-0.0804019942879677,-0.00402010092511773,
1088,0.0113088,-0.0804019942879677,-0.00402010092511773,
1089,0.0114112,-0.0804019942879677,-0.00804020185023546,
1090,0.0115136,-0.0804019942879677,-0.00804020185023546,
1091,0.011616,-0.0804019942879677,-0.00402010092511773,
1092,0.0117184,-0.160803988575935,-0.00402010092511773,
1093,0.0118208,-0.0804019942879677,-0.00402010092511773,
1094,0.0119232,-0.0804019942879677,-0.00804020185023546,
1095,0.0120256,-0.0804019942879677,-0.00402010092511773,
1096,0.012128,-0.0804019942879677,-0.00804020185023546,
1097,0.0122304,-0.0804019942879677,-0.00804020185023546,
1098,0.0123328,-0.0804019942879677,-0.00402010092511773,
1099,0.0124352,-0.0804019942879677,-0.00804020185023546,
1100,0.0125376,-0.0804019942879677,-0.00804020185023546,
1101,0.01264,0,-0.00402010092511773,
1102,0.0127424,0,-0.0120603027753532,
1103,0.0128448,-0.0804019942879677,-0.00804020185023546,
1104,0.0129472,0,-0.00804020185023546,
1105,0.0130496,-0.0804019942879677,-0.00402010092511773,
1106,0.013152,-0.0804019942879677,-0.00402010092511773,
1107,0.0132544,-0.0804019942879677,-0.00804020185023546,
1108,0.0133568,-0.0804019942879677,0,
1109,0.0134592,-0.0804019942879677,-0.00402010092511773,
1110,0.0135616,0,-0.00804020185023546,
1111,0.013664,-0.0804019942879677,-0.00402010092511773,
1112,0.0137664,-0.0804019942879677,-0.00804020185023546,
1113,0.0138688,0,-0.00804020185023546,
1114,0.0139712,-0.0804019942879677,-0.00804020185023546,
1115,0.0140736,0,-0.00804020185023546,
1116,0.014176,-0.0804019942879677,-0.0120603027753532,
1117,0.0142784,-0.0804019942879677,-0.00402010092511773,
1118,0.0143808,-0.0804019942879677,-0.00402010092511773,
1119,0.0144832,0,-0.00402010092511773,
1120,0.0145856,-0.0804019942879677,-0.00804020185023546,
1121,0.014688,-0.0804019942879677,-0.00402010092511773,
1122,0.0147904,-0.0804019942879677,-0.00804020185023546,
1123,0.0148928,0,-0.00804020185023546,
1124,0.0149952,-0.0804019942879677,-0.00402010092511773,
1125,0.0150976,-0.160803988575935,-0.00804020185023546,
1126,0.0152,-0.0804019942879677,-0.0120603027753532,
1127,0.0153024,-0.0804019942879677,-0.00804020185023546,
1128,0.0154048,0,-0.00804020185023546,
1129,0.0155072,-0.0804019942879677,-0.00402010092511773,
1130,0.0156096,-0.0804019942879677,-0.0120603027753532,
1131,0.015712,0,-0.0120603027753532,
1132,0.0158144,-0.0804019942879677,-0.00402010092511773,
1133,0.0159168,-0.160803988575935,-0.00804020185023546,
1134,0.0160192,0,-0.00804020185023546,
1135,0.0161216,0,-0.00804020185023546,
1136,0.016224,-0.0804019942879677,-0.00804020185023546,
1137,0.0163264,0,-0.0120603027753532,
1138,0.0164288,-0.0804019942879677,-0.00804020185023546,
1139,0.0165312,-0.0804019942879677,-0.00402010092511773,
1140,0.0166336,0,-0.00804020185023546,
1141,0.016736,-0.0804019942879677,-0.00804020185023546,
1142,0.0168384,-0.0804019942879677,-0.00804020185023546,
1143,0.0169408,-0.0804019942879677,-0.00804020185023546,
1144,0.0170432,-0.0804019942879677,-0.00804020185023546,
1145,0.0171456,0,-0.00402010092511773,
1146,0.017248,-0.0804019942879677,-0.00402010092511773,
1147,0.0173504,-0.0804019942879677,-0.00804020185023546,
1148,0.0174528,-0.160803988575935,-0.00804020185023546,
1149,0.0175552,-0.0804019942879677,-0.00402010092511773,
1150,0.0176576,-0.0804019942879677,-0.00402010092511773,
1151,0.01776,-0.0804019942879677,-0.00402010092511773,
1152,0.0178624,0,-0.00804020185023546,
1153,0.0179648,-0.0804019942879677,-0.00804020185023546,
1154,0.0180672,-0.0804019942879677,-0.00402010092511773,
1155,0.0181696,-0.0804019942879677,-0.00804020185023546,
1156,0.018272,-0.0804019942879677,-0.00804020185023546,
1157,0.0183744,-0.0804019942879677,-0.0120603027753532,
1158,0.0184768,-0.0804019942879677,-0.00402010092511773,
1159,0.0185792,-0.0804019942879677,-0.00402010092511773,
1160,0.0186816,-0.0804019942879677,-0.00804020185023546,
1161,0.018784,-0.160803988575935,-0.00804020185023546,
1162,0.0188864,-0.0804019942879677,-0.00804020185023546,
1163,0.0189888,-0.0804019942879677,-0.00402010092511773,
1164,0.0190912,-0.0804019942879677,-0.00804020185023546,
1165,0.0191936,-0.0804019942879677,-0.00804020185023546,
1166,0.019296,-0.0804019942879677,-0.00402010092511773,
1167,0.0193984,0,-0.00804020185023546,
1168,0.0195008,-0.0804019942879677,-0.00402010092511773,
1169,0.0196032,-0.0804019942879677,-0.00804020185023546,
1170,0.0197056,-0.160803988575935,-0.00402010092511773,
1171,0.019808,-0.160803988575935,-0.00804020185023546,
1172,0.0199104,0,-0.00804020185023546,
1173,0.0200128,0,-0.00804020185023546,
1174,0.0201152,-0.0804019942879677,-0.00402010092511773,
1175,0.0202176,-0.0804019942879677,-0.00804020185023546,
1176,0.02032,-0.0804019942879677,-0.0120603027753532,
1177,0.0204224,0,-0.00804020185023546,
1178,0.0205248,-0.0804019942879677,-0.00402010092511773,
1179,0.0206272,-0.0804019942879677,-0.00402010092511773,
1180,0.0207296,0,-0.0120603027753532,
1181,0.020832,-0.0804019942879677,-0.00804020185023546,
1182,0.0209344,-0.0804019942879677,-0.00402010092511773,
1183,0.0210368,-0.0804019942879677,-0.00804020185023546,
1184,0.0211392,-0.0804019942879677,-0.0120603027753532,
1185,0.0212416,-0.0804019942879677,-0.00402010092511773,
1186,0.021344,0,-0.00804020185023546,
1187,0.0214464,-0.0804019942879677,-0.00804020185023546,
1188,0.0215488,-0.0804019942879677,-0.00402010092511773,
1189,0.0216512,0,-0.00804020185023546,
1190,0.0217536,-0.0804019942879677,-0.0120603027753532,
1191,0.021856,-0.0804019942879677,-0.00804020185023546,
1192,0.0219584,-0.0804019942879677,-0.0120603027753532,
1193,0.0220608,-0.0804019942879677,-0.00402010092511773,
1194,0.0221632,-0.0804019942879677,-0.00804020185023546,
1195,0.0222656,-0.0804019942879677,-0.00402010092511773,
1196,0.022368,0,-0.00804020185023546,
1197,0.0224704,-0.0804019942879677,-0.00804020185023546,
1198,0.0225728,0,-0.00402010092511773,
1199,0.0226752,-0.0804019942879677,-0.00804020185023546,
1200,0.0227776,-0.0804019942879677,-0.00804020185023546,
1201,0.02288,-0.0804019942879677,-0.00804020185023546,
1202,0.0229824,-0.0804019942879677,-0.00804020185023546,
1203,0.0230848,-0.0804019942879677,-0.00804020185023546,
1204,0.0231872,-0.0804019942879677,-0.00402010092511773,
1205,0.0232896,-0.160803988575935,-0.00804020185023546,
1206,0.023392,-0.0804019942879677,-0.00804020185023546,
1207,0.0234944,-0.0804019942879677,-0.00804020185023546,
1208,0.0235968,-0.0804019942879677,-0.00402010092511773,
1209,0.0236992,0,-0.00804020185023546,
1210,0.0238016,-0.160803988575935,-0.00402010092511773,
1211,0.023904,-0.0804019942879677,-0.00804020185023546,
1212,0.0240064,-0.0804019942879677,-0.00804020185023546,
1213,0.0241088,-0.0804019942879677,-0.00402010092511773,
1214,0.0242112,-0.0804019942879677,-0.00804020185023546,
1215,0.0243136,-0.0804019942879677,-0.0120603027753532,
1216,0.024416,-0.0804019942879677,-0.00804020185023546,
1217,0.0245184,-0.0804019942879677,-0.0120603027753532,
1218,0.0246208,-0.0804019942879677,-0.00402010092511773,
1219,0.0247232,0,-0.00402010092511773,
1220,0.0248256,-0.0804019942879677,-0.00402010092511773,
1221,0.024928,-0.0804019942879677,-0.00804020185023546,
1222,0.0250304,-0.0804019942879677,-0.00804020185023546,
1223,0.0251328,-0.0804019942879677,-0.00804020185023546,
1224,0.0252352,-0.0804019942879677,-0.00804020185023546,
1225,0.0253376,-0.160803988575935,-0.00402010092511773,
1226,0.02544,-0.160803988575935,-0.0120603027753532,
1227,0.0255424,-0.0804019942879677,-0.00804020185023546,
1228,0.0256448,0,-0.00804020185023546,
1229,0.0257472,-0.0804019942879677,-0.00402010092511773,
1230,0.0258496,-0.0804019942879677,-0.00402010092511773,
1231,0.025952,-0.0804019942879677,-0.00402010092511773,
1232,0.0260544,-0.0804019942879677,-0.00804020185023546,
1233,0.0261568,-0.160803988575935,-0.00804020185023546,
1234,0.0262592,0,-0.00402010092511773,
1235,0.0263616,-0.0804019942879677,-0.00804020185023546,
1236,0.026464,-0.0804019942879677,-0.00402010092511773,
1237,0.0265664,-0.0804019942879677,-0.00402010092511773,
1238,0.0266688,0,-0.00804020185023546,
1239,0.0267712,-0.0804019942879677,-0.00804020185023546,
1240,0.0268736,-0.0804019942879677,-0.00804020185023546,
1241,0.026976,-0.0804019942879677,-0.00804020185023546,
1242,0.0270784,-0.0804019942879677,-0.00804020185023546,
1243,0.0271808,0,-0.00804020185023546,
1244,0.0272832,-0.0804019942879677,-0.00804020185023546,
1245,0.0273856,-0.0804019942879677,-0.00804020185023546,
1246,0.027488,-0.0804019942879677,-0.00402010092511773,
1247,0.0275904,0,-0.0120603027753532,
1248,0.0276928,-0.0804019942879677,-0.00804020185023546,
1249,0.0277952,-0.160803988575935,-0.00402010092511773,
1250,0.0278976,-0.0804019942879677,-0.0120603027753532,
1251,0.028,-0.0804019942879677,-0.00804020185023546,
1252,0.0281024,0,-0.0120603027753532,
1253,0.0282048,0,-0.00402010092511773,
1254,0.0283072,-0.0804019942879677,-0.00804020185023546,
1255,0.0284096,0,-0.00402010092511773,
1256,0.028512,-0.0804019942879677,-0.00402010092511773,
1257,0.0286144,-0.0804019942879677,-0.00804020185023546,
1258,0.0287168,-0.0804019942879677,-0.00804020185023546,
1259,0.0288192,-0.160803988575935,-0.00804020185023546,
1260,0.0289216,-0.0804019942879677,-0.00402010092511773,
1261,0.029024,-0.0804019942879677,-0.00804020185023546,
1262,0.0291264,-0.0804019942879677,-0.00804020185023546,
1263,0.0292288,0,-0.00804020185023546,
1264,0.0293312,0,-0.00804020185023546,
1265,0.0294336,-0.0804019942879677,-0.00804020185023546,
1266,0.029536,-0.0804019942879677,-0.00402010092511773,
1267,0.0296384,-0.0804019942879677,-0.00804020185023546,
1268,0.0297408,0,-0.00804020185023546,
1269,0.0298432,-0.0804019942879677,-0.00804020185023546,
1270,0.0299456,0,-0.00402010092511773,
1271,0.030048,0,-0.00804020185023546,
1272,0.0301504,-0.0804019942879677,-0.00804020185023546,
1273,0.0302528,-0.0804019942879677,-0.00804020185023546,
1274,0.0303552,-0.0804019942879677,-0.00804020185023546,
1275,0.0304576,0,-0.00804020185023546,
1276,0.03056,-0.0804019942879677,-0.00804020185023546,
1277,0.0306624,0,-0.00804020185023546,
1278,0.0307648,-0.0804019942879677,-0.00804020185023546,
1279,0.0308672,-0.0804019942879677,-0.00402010092511773,
1280,0.0309696,-0.0804019942879677,-0.00402010092511773,
1281,0.031072,-0.0804019942879677,-0.0120603027753532,
1282,0.0311744,-0.0804019942879677,-0.0120603027753532,
1283,0.0312768,-0.0804019942879677,-0.00804020185023546,
1284,0.0313792,0,-0.00804020185023546,
1285,0.0314816,-0.0804019942879677,-0.00804020185023546,
1286,0.031584,-0.0804019942879677,-0.00804020185023546,
1287,0.0316864,-0.0804019942879677,-0.00804020185023546,
1288,0.0317888,-0.0804019942879677,-0.00804020185023546,
1289,0.0318912,0.0804019942879677,-0.00402010092511773,
1290,0.0319936,-0.0804019942879677,-0.00804020185023546,
1291,0.032096,0,-0.00804020185023546,
1292,0.0321984,-0.0804019942879677,-0.00402010092511773,
1293,0.0323008,0,-0.00402010092511773,
1294,0.0324032,-0.0804019942879677,-0.00804020185023546,
1295,0.0325056,-0.0804019942879677,-0.00804020185023546,
1296,0.032608,-0.0804019942879677,-0.0120603027753532,
1297,0.0327104,-0.0804019942879677,-0.00402010092511773,
1298,0.0328128,-0.160803988575935,-0.00402010092511773,
1299,0.0329152,0,-0.00804020185023546,
1300,0.0330176,-0.0804019942879677,-0.00804020185023546,
1301,0.03312,-0.0804019942879677,-0.00804020185023546,
1302,0.0332224,-0.0804019942879677,-0.00402010092511773,
1303,0.0333248,-0.0804019942879677,-0.00804020185023546,
1304,0.0334272,-0.160803988575935,-0.00804020185023546,
1305,0.0335296,-0.0804019942879677,0,
1306,0.033632,0,-0.0120603027753532,
1307,0.0337344,-0.0804019942879677,-0.00402010092511773,
1308,0.0338368,0,-0.0120603027753532,
1309,0.0339392,-0.0804019942879677,-0.00402010092511773,
1310,0.0340416,-0.160803988575935,-0.00804020185023546,
1311,0.034144,-0.0804019942879677,-0.00804020185023546,
1312,0.0342464,-0.0804019942879677,-0.00804020185023546,
1313,0.0343488,-0.160803988575935,-0.00804020185023546,
1314,0.0344512,-0.0804019942879677,-0.00804020185023546,
1315,0.0345536,-0.160803988575935,-0.00804020185023546,
1316,0.034656,-0.0804019942879677,-0.00804020185023546,
1317,0.0347584,-0.0804019942879677,-0.00804020185023546,
1318,0.0348608,-0.0804019942879677,-0.00402010092511773,
1319,0.0349632,0,-0.0120603027753532,
1320,0.0350656,-0.0804019942879677,-0.00402010092511773,
1321,0.035168,-0.0804019942879677,-0.00402010092511773,
1322,0.0352704,-0.0804019942879677,-0.00804020185023546,
1323,0.0353728,-0.0804019942879677,-0.00402010092511773,
1324,0.0354752,0,-0.0120603027753532,
1325,0.0355776,-0.0804019942879677,-0.00402010092511773,
1326,0.03568,-0.0804019942879677,-0.00804020185023546,
1327,0.0357824,-0.0804019942879677,-0.00804020185023546,
1328,0.0358848,0,-0.00804020185023546,
1329,0.0359872,0,-0.0120603027753532,
1330,0.0360896,-0.0804019942879677,-0.00804020185023546,
1331,0.036192,-0.0804019942879677,-0.00804020185023546,
1332,0.0362944,-0.160803988575935,-0.00402010092511773,
1333,0.0363968,-0.0804019942879677,-0.00804020185023546,
1334,0.0364992,-0.0804019942879677,-0.0120603027753532,
1335,0.0366016,-0.0804019942879677,-0.00804020185023546,
1336,0.036704,-0.0804019942879677,-0.0120603027753532,
1337,0.0368064,-0.160803988575935,-0.00402010092511773,
1338,0.0369088,-0.0804019942879677,-0.00402010092511773,
1339,0.0370112,-0.0804019942879677,-0.00804020185023546,
1340,0.0371136,0,-0.00804020185023546,
1341,0.037216,-0.160803988575935,-0.00804020185023546,
1342,0.0373184,-0.0804019942879677,-0.00804020185023546,
1343,0.0374208,-0.0804019942879677,-0.00804020185023546,
1344,0.0375232,-0.0804019942879677,-0.00804020185023546,
1345,0.0376256,-0.0804019942879677,-0.00804020185023546,
1346,0.037728,-0.0804019942879677,-0.00402010092511773,
1347,0.0378304,-0.0804019942879677,-0.00804020185023546,
1348,0.0379328,-0.0804019942879677,-0.00804020185023546,
1349,0.0380352,-0.0804019942879677,-0.0120603027753532,
1350,0.0381376,-0.0804019942879677,-0.00402010092511773,
1351,0.03824,-0.0804019942879677,-0.00402010092511773,
1352,0.0383424,-0.0804019942879677,-0.00402010092511773,
1353,0.0384448,0,-0.00402010092511773,
1354,0.0385472,-0.0804019942879677,-0.00804020185023546,
1355,0.0386496,-0.0804019942879677,-0.0120603027753532,
1356,0.038752,-0.0804019942879677,-0.00804020185023546,
1357,0.0388544,-0.0804019942879677,-0.00804020185023546,
1358,0.0389568,-0.160803988575935,-0.00804020185023546,
1359,0.0390592,-0.0804019942879677,-0.00804020185023546,
1360,0.0391616,-0.0804019942879677,-0.00804020185023546,
1361,0.039264,-0.0804019942879677,-0.00804020185023546,
1362,0.0393664,-0.0804019942879677,-0.00804020185023546,
1363,0.0394688,0,-0.00804020185023546,
1364,0.0395712,-0.160803988575935,-0.00804020185023546,
1365,0.0396736,-0.0804019942879677,-0.00804020185023546,
1366,0.039776,-0.0804019942879677,-0.00804020185023546,
1367,0.0398784,-0.0804019942879677,-0.0120603027753532,
1368,0.0399808,-0.0804019942879677,-0.00804020185023546,
1369,0.0400832,-0.0804019942879677,-0.00804020185023546,
1370,0.0401856,-0.0804019942879677,-0.0120603027753532,
1371,0.040288,-0.0804019942879677,-0.00402010092511773,
1372,0.0403904,0,-0.00804020185023546,
1373,0.0404928,-0.0804019942879677,-0.00804020185023546,
1374,0.0405952,-0.0804019942879677,-0.00804020185023546,
1375,0.0406976,-0.160803988575935,-0.00804020185023546,
1376,0.0408,-0.0804019942879677,-0.00402010092511773,
1377,0.0409024,-0.0804019942879677,-0.00804020185023546,
1378,0.0410048,0,-0.00402010092511773,
1379,0.0411072,0,-0.00804020185023546,
1380,0.0412096,-0.0804019942879677,-0.00402010092511773,
1381,0.041312,-0.0804019942879677,-0.00804020185023546,
1382,0.0414144,-0.0804019942879677,-0.00804020185023546,
1383,0.0415168,0,-0.00804020185023546,
1384,0.0416192,-0.0804019942879677,-0.00402010092511773,
1385,0.0417216,-0.0804019942879677,-0.00804020185023546,
1386,0.041824,-0.0804019942879677,-0.00804020185023546,
1387,0.0419264,-0.0804019942879677,-0.00804020185023546,
1388,0.0420288,-0.160803988575935,-0.00804020185023546,
1389,0.0421312,-0.0804019942879677,-0.00402010092511773,
1390,0.0422336,-0.0804019942879677,-0.00804020185023546,
1391,0.042336,-0.0804019942879677,-0.00804020185023546,
1392,0.0424384,0,-0.00804020185023546,
1393,0.0425408,-0.0804019942879677,-0.0120603027753532,
1394,0.0426432,0,-0.0120603027753532,
1395,0.0427456,-0.160803988575935,-0.00804020185023546,
1396,0.042848,-0.0804019942879677,-0.00804020185023546,
1397,0.0429504,-0.0804019942879677,-0.00804020185023546,
1398,0.0430528,-0.0804019942879677,-0.00402010092511773,
1399,0.0431552,0,-0.00804020185023546,
1400,0.0432576,-0.0804019942879677,-0.00804020185023546,
1401,0.04336,-0.0804019942879677,-0.00804020185023546,
1402,0.0434624,-0.0804019942879677,-0.00804020185023546,
1403,0.0435648,-0.0804019942879677,-0.00402010092511773,
1404,0.0436672,0,-0.00804020185023546,
1405,0.0437696,-0.0804019942879677,-0.00402010092511773,
1406,0.043872,0,-0.00804020185023546,
1407,0.0439744,0,-0.00402010092511773,
1408,0.0440768,-0.0804019942879677,-0.00804020185023546,
1409,0.0441792,0,-0.0120603027753532,
1410,0.0442816,-0.0804019942879677,-0.00804020185023546,
1411,0.044384,-0.0804019942879677,-0.00402010092511773,
1412,0.0444864,-0.0804019942879677,-0.00804020185023546,
1413,0.0445888,-0.0804019942879677,-0.00402010092511773,
1414,0.0446912,-0.0804019942879677,-0.0120603027753532,
1415,0.0447936,-0.0804019942879677,-0.00804020185023546,
1416,0.044896,-0.0804019942879677,-0.00804020185023546,
1417,0.0449984,0,-0.00402010092511773,
1418,0.0451008,-0.0804019942879677,-0.00804020185023546,
1419,0.0452032,-0.0804019942879677,-0.00804020185023546,
1420,0.0453056,-0.0804019942879677,-0.00402010092511773,
1421,0.045408,0,-0.00804020185023546,
1422,0.0455104,-0.0804019942879677,-0.0120603027753532,
1423,0.0456128,-0.0804019942879677,-0.00804020185023546,
1424,0.0457152,-0.0804019942879677,-0.00402010092511773,
1425,0.0458176,-0.0804019942879677,-0.00804020185023546,
1426,0.04592,-0.0804019942879677,-0.00804020185023546,
1427,0.0460224,-0.0804019942879677,-0.00804020185023546,
1428,0.0461248,-0.0804019942879677,-0.00804020185023546,
1429,0.0462272,-0.0804019942879677,-0.0120603027753532,
1430,0.0463296,-0.0804019942879677,-0.00402010092511773,
1431,0.046432,-0.0804019942879677,-0.00804020185023546,
1432,0.0465344,-0.0804019942879677,-0.00804020185023546,
1433,0.0466368,-0.0804019942879677,-0.0120603027753532,
1434,0.0467392,-0.0804019942879677,-0.00804020185023546,
1435,0.0468416,-0.0804019942879677,-0.00804020185023546,
1436,0.046944,-0.0804019942879677,-0.00804020185023546,
1437,0.0470464,0,-0.00804020185023546,
1438,0.0471488,-0.0804019942879677,-0.0120603027753532,
1439,0.0472512,-0.0804019942879677,-0.00804020185023546,
1440,0.0473536,0,-0.0120603027753532,
1441,0.047456,-0.0804019942879677,0,
1442,0.0475584,-0.0804019942879677,-0.00804020185023546,
1443,0.0476608,0,-0.00804020185023546,
1444,0.0477632,-0.0804019942879677,-0.00804020185023546,
1445,0.0478656,-0.0804019942879677,-0.00804020185023546,
1446,0.047968,0,-0.00804020185023546,
1447,0.0480704,0,-0.00804020185023546,
1448,0.0481728,-0.0804019942879677,-0.00804020185023546,
1449,0.0482752,-0.0804019942879677,-0.00402010092511773,
1450,0.0483776,0,-0.00804020185023546,
1451,0.04848,-0.0804019942879677,-0.00804020185023546,
1452,0.0485824,-0.0804019942879677,-0.00804020185023546,
1453,0.0486848,-0.0804019942879677,-0.00402010092511773,
1454,0.0487872,-0.0804019942879677,-0.00402010092511773,
1455,0.0488896,-0.0804019942879677,-0.00402010092511773,
1456,0.048992,-0.0804019942879677,-0.00804020185023546,
1457,0.0490944,-0.0804019942879677,-0.00402010092511773,
1458,0.0491968,-0.0804019942879677,-0.00804020185023546,
1459,0.0492992,-0.0804019942879677,-0.00402010092511773,
1460,0.0494016,0,-0.00402010092511773,
1461,0.049504,-0.0804019942879677,-0.00804020185023546,
1462,0.0496064,-0.160803988575935,-0.00804020185023546,
1463,0.0497088,-0.0804019942879677,-0.00402010092511773,
1464,0.0498112,-0.0804019942879677,-0.00804020185023546,
1465,0.0499136,0,-0.00402010092511773,
1466,0.050016,-0.0804019942879677,-0.00804020185023546,
1467,0.0501184,-0.0804019942879677,-0.00804020185023546,
1468,0.0502208,-0.160803988575935,-0.00402010092511773,
1469,0.0503232,-0.160803988575935,-0.00804020185023546,
1470,0.0504256,0,-0.00804020185023546,
1471,0.050528,-0.0804019942879677,-0.00804020185023546,
1472,0.0506304,-0.0804019942879677,-0.00804020185023546,
1473,0.0507328,-0.0804019942879677,-0.00804020185023546,
1474,0.0508352,-0.0804019942879677,-0.00804020185023546,
1475,0.0509376,-0.0804019942879677,-0.00804020185023546,
1476,0.05104,0,-0.00804020185023546,
1477,0.0511424,-0.0804019942879677,-0.00804020185023546,
1478,0.0512448,-0.0804019942879677,-0.00804020185023546,
1479,0.0513472,-0.0804019942879677,-0.00804020185023546,
1480,0.0514496,-0.0804019942879677,-0.0120603027753532,
1481,0.051552,-0.160803988575935,-0.00402010092511773,
1482,0.0516544,-0.0804019942879677,-0.00804020185023546,
1483,0.0517568,-0.0804019942879677,-0.00804020185023546,
1484,0.0518592,-0.0804019942879677,-0.00804020185023546,
1485,0.0519616,-0.0804019942879677,-0.00804020185023546,
1486,0.052064,0,-0.00804020185023546,
1487,0.0521664,-0.0804019942879677,-0.00402010092511773,
1488,0.0522688,-0.0804019942879677,-0.00804020185023546,
1489,0.0523712,-0.0804019942879677,-0.00804020185023546,
1490,0.0524736,-0.0804019942879677,-0.00804020185023546,
1491,0.052576,-0.0804019942879677,-0.0120603027753532,
1492,0.0526784,-0.0804019942879677,-0.00804020185023546,
1493,0.0527808,-0.160803988575935,-0.00402010092511773,
1494,0.0528832,0,-0.00804020185023546,
1495,0.0529856,-0.0804019942879677,-0.00804020185023546,
1496,0.053088,-0.0804019942879677,-0.00402010092511773,
1497,0.0531904,-0.0804019942879677,-0.00804020185023546,
1498,0.0532928,-0.0804019942879677,-0.00804020185023546,
1499,0.0533952,-0.0804019942879677,-0.00804020185023546,
1500,0.0534976,0,-0.00402010092511773,
1501,0.0536,-0.160803988575935,-0.00804020185023546,
1502,0.0537024,-0.0804019942879677,-0.00402010092511773,
1503,0.0538048,-0.0804019942879677,-0.00402010092511773,
1504,0.0539072,0,-0.00804020185023546,
1505,0.0540096,-0.160803988575935,-0.0120603027753532,
1506,0.054112,-0.0804019942879677,-0.00804020185023546,
1507,0.0542144,-0.0804019942879677,-0.00804020185023546,
1508,0.0543168,-0.0804019942879677,-0.00804020185023546,
1509,0.0544192,-0.0804019942879677,-0.00804020185023546,
1510,0.0545216,-0.0804019942879677,-0.00402010092511773,
1511,0.054624,0,-0.00804020185023546,
1512,0.0547264,-0.0804019942879677,-0.00402010092511773,
1513,0.0548288,0,-0.00804020185023546,
1514,0.0549312,-0.160803988575935,-0.00804020185023546,
1515,0.0550336,-0.0804019942879677,-0.00402010092511773,
1516,0.055136,-0.160803988575935,-0.00402010092511773,
1517,0.0552384,0,-0.00804020185023546,
1518,0.0553408,-0.0804019942879677,-0.00402010092511773,
1519,0.0554432,-0.0804019942879677,-0.00804020185023546,
1520,0.0555456,-0.0804019942879677,-0.0120603027753532,
1521,0.055648,-0.0804019942879677,-0.00804020185023546,
1522,0.0557504,-0.0804019942879677,-0.00402010092511773,
1523,0.0558528,-0.0804019942879677,-0.00804020185023546,
1524,0.0559552,-0.0804019942879677,-0.0120603027753532,
1525,0.0560576,0,-0.00804020185023546,
1526,0.05616,-0.0804019942879677,-0.00804020185023546,
1527,0.0562624,-0.0804019942879677,-0.00804020185023546,
1528,0.0563648,-0.0804019942879677,-0.00804020185023546,
1529,0.0564672,-0.0804019942879677,-0.00402010092511773,
1530,0.0565696,-0.0804019942879677,-0.00402010092511773,
1531,0.056672,-0.0804019942879677,-0.0120603027753532,
1532,0.0567744,-0.0804019942879677,-0.00804020185023546,
1533,0.0568768,-0.0804019942879677,-0.00804020185023546,
1534,0.0569792,-0.0804019942879677,-0.0120603027753532,
1535,0.0570816,-0.0804019942879677,-0.00804020185023546,
1536,0.057184,0,-0.00402010092511773,
1537,0.0572864,-0.0804019942879677,-0.00804020185023546,
1538,0.0573888,-0.0804019942879677,-0.00402010092511773,
1539,0.0574912,-0.0804019942879677,-0.00402010092511773,
1540,0.0575936,-0.0804019942879677,-0.0120603027753532,
1541,0.057696,-0.0804019942879677,-0.00804020185023546,
1542,0.0577984,-0.0804019942879677,-0.00804020185023546,
1543,0.0579008,-0.160803988575935,-0.00804020185023546,
1544,0.0580032,-0.0804019942879677,-0.00804020185023546,
1545,0.0581056,-0.0804019942879677,-0.00804020185023546,
1546,0.058208,0,-0.00804020185023546,
1547,0.0583104,-0.0804019942879677,-0.00402010092511773,
1548,0.0584128,-0.0804019942879677,-0.00804020185023546,
1549,0.0585152,-0.0804019942879677,-0.00804020185023546,
1550,0.0586176,-0.0804019942879677,-0.00402010092511773,
1551,0.05872,0,-0.00402010092511773,
1552,0.0588224,0,-0.00402010092511773,
1553,0.0589248,-0.0804019942879677,-0.00804020185023546,
1554,0.0590272,-0.0804019942879677,-0.00402010092511773,
1555,0.0591296,-0.0804019942879677,-0.0120603027753532,
1556,0.059232,0,-0.00804020185023546,
1557,0.0593344,-0.0804019942879677,-0.00804020185023546,
1558,0.0594368,-0.0804019942879677,-0.00402010092511773,
1559,0.0595392,-0.0804019942879677,-0.00804020185023546,
1560,0.0596416,-0.0804019942879677,-0.00804020185023546,
1561,0.059744,-0.0804019942879677,-0.00804020185023546,
1562,0.0598464,-0.0804019942879677,-0.00804020185023546,
1563,0.0599488,-0.0804019942879677,-0.0120603027753532,
1564,0.0600512,-0.0804019942879677,-0.00804020185023546,
1565,0.0601536,-0.0804019942879677,-0.00402010092511773,
1566,0.060256,-0.0804019942879677,-0.00402010092511773,
1567,0.0603584,0,-0.0120603027753532,
1568,0.0604608,0,-0.00804020185023546,
1569,0.0605632,-0.160803988575935,-0.00402010092511773,
1570,0.0606656,-0.0804019942879677,-0.00402010092511773,
1571,0.060768,-0.160803988575935,-0.00402010092511773,
1572,0.0608704,-0.0804019942879677,-0.00804020185023546,
1573,0.0609728,-0.0804019942879677,-0.00402010092511773,
1574,0.0610752,-0.0804019942879677,-0.00804020185023546,
1575,0.0611776,-0.0804019942879677,-0.00804020185023546,
1576,0.06128,-0.0804019942879677,-0.00402010092511773,
1577,0.0613824,-0.0804019942879677,-0.00804020185023546,
1578,0.0614848,-0.0804019942879677,-0.0120603027753532,
1579,0.0615872,-0.0804019942879677,-0.00402010092511773,
1580,0.0616896,-0.0804019942879677,-0.00402010092511773,
1581,0.061792,-0.0804019942879677,-0.00804020185023546,
1582,0.0618944,-0.0804019942879677,-0.00804020185023546,
1583,0.0619968,0,-0.00804020185023546,
1584,0.0620992,-0.0804019942879677,-0.00804020185023546,
1585,0.0622016,-0.0804019942879677,-0.00804020185023546,
1586,0.062304,0,-0.00402010092511773,
1587,0.0624064,-0.0804019942879677,-0.00402010092511773,
1588,0.0625088,-0.0804019942879677,-0.00402010092511773,
1589,0.0626112,0,-0.00804020185023546,
1590,0.0627136,-0.0804019942879677,-0.00402010092511773,
1591,0.062816,-0.0804019942879677,-0.00402010092511773,
1592,0.0629184,-0.0804019942879677,-0.00804020185023546,
1593,0.0630208,0,-0.00804020185023546,
1594,0.0631232,-0.0804019942879677,-0.00804020185023546,
1595,0.0632256,-0.0804019942879677,-0.00402010092511773,
1596,0.063328,-0.0804019942879677,-0.00804020185023546,
1597,0.0634304,0,-0.00804020185023546,
1598,0.0635328,-0.0804019942879677,-0.00804020185023546,
1599,0.0636352,-0.0804019942879677,-0.00804020185023546,
1600,0.0637376,-0.0804019942879677,-0.00804020185023546,
1601,0.06384,-0.0804019942879677,-0.00804020185023546,
1602,0.0639424,-0.0804019942879677,-0.00804020185023546,
1603,0.0640448,-0.0804019942879677,-0.0120603027753532,
1604,0.0641472,-0.0804019942879677,-0.00402010092511773,
1605,0.0642496,-0.0804019942879677,-0.00804020185023546,
1606,0.064352,-0.160803988575935,-0.00804020185023546,
1607,0.0644544,-0.0804019942879677,-0.00402010092511773,
1608,0.0645568,0,-0.00804020185023546,
1609,0.0646592,0,-0.00804020185023546,
1610,0.0647616,-0.0804019942879677,-0.00804020185023546,
1611,0.064864,0,-0.00402010092511773,
1612,0.0649664,-0.0804019942879677,-0.00804020185023546,
1613,0.0650688,-0.0804019942879677,-0.00402010092511773,
1614,0.0651712,0,-0.00402010092511773,
1615,0.0652736,-0.0804019942879677,-0.00804020185023546,
1616,0.065376,-0.0804019942879677,-0.00402010092511773,
1617,0.0654784,-0.0804019942879677,-0.00804020185023546,
1618,0.0655808,-0.0804019942879677,-0.00804020185023546,
1619,0.0656832,-0.160803988575935,-0.0120603027753532,
1620,0.0657856,-0.160803988575935,-0.00804020185023546,
1621,0.065888,-0.0804019942879677,-0.00402010092511773,
1622,0.0659904,-0.0804019942879677,-0.00402010092511773,
1623,0.0660928,-0.0804019942879677,-0.00804020185023546,
1624,0.0661952,-0.0804019942879677,-0.00402010092511773,
1625,0.0662976,-0.0804019942879677,-0.00402010092511773,
1626,0.0664,-0.0804019942879677,-0.0120603027753532,
1627,0.0665024,0,-0.00804020185023546,
1628,0.0666048,-0.160803988575935,-0.00804020185023546,
1629,0.0667072,-0.0804019942879677,-0.0120603027753532,
1630,0.0668096,-0.0804019942879677,-0.00804020185023546,
1631,0.066912,-0.0804019942879677,-0.00804020185023546,
1632,0.0670144,-0.0804019942879677,-0.00804020185023546,
1633,0.0671168,-0.0804019942879677,-0.00804020185023546,
1634,0.0672192,-0.0804019942879677,-0.00804020185023546,
1635,0.0673216,-0.0804019942879677,-0.00804020185023546,
1636,0.067424,-0.0804019942879677,-0.00402010092511773,
1637,0.0675264,0,-0.0120603027753532,
1638,0.0676288,-0.0804019942879677,-0.00804020185023546,
1639,0.0677312,-0.0804019942879677,-0.00804020185023546,
1640,0.0678336,-0.0804019942879677,-0.00804020185023546,
1641,0.067936,-0.0804019942879677,-0.0120603027753532,
1642,0.0680384,-0.0804019942879677,-0.00804020185023546,
1643,0.0681408,-0.0804019942879677,-0.00804020185023546,
1644,0.0682432,-0.0804019942879677,-0.00804020185023546,
1645,0.0683456,-0.0804019942879677,-0.0120603027753532,
1646,0.068448,-0.0804019942879677,-0.00804020185023546,
1647,0.0685504,-0.0804019942879677,-0.00804020185023546,
1648,0.0686528,-0.0804019942879677,0,
1649,0.0687552,-0.0804019942879677,-0.00804020185023546,
1650,0.0688576,-0.0804019942879677,-0.00402010092511773,
1651,0.06896,0,-0.00804020185023546,
1652,0.0690624,-0.0804019942879677,-0.00804020185023546,
1653,0.0691648,-0.0804019942879677,-0.00804020185023546,
1654,0.0692672,-0.160803988575935,-0.00804020185023546,
1655,0.0693696,-0.0804019942879677,-0.00804020185023546,
1656,0.069472,-0.0804019942879677,-0.0120603027753532,
1657,0.0695744,-0.160803988575935,-0.00402010092511773,
1658,0.0696768,-0.0804019942879677,-0.00804020185023546,
1659,0.0697792,-0.160803988575935,-0.00804020185023546,
1660,0.0698816,-0.0804019942879677,-0.00804020185023546,
1661,0.069984,-0.0804019942879677,-0.0120603027753532,
1662,0.0700864,-0.0804019942879677,-0.00804020185023546,
1663,0.0701888,0,-0.00804020185023546,
1664,0.0702912,-0.0804019942879677,-0.00804020185023546,
1665,0.0703936,-0.0804019942879677,-0.00804020185023546,
1666,0.070496,-0.0804019942879677,-0.00804020185023546,
1667,0.0705984,-0.0804019942879677,-0.00804020185023546,
1668,0.0707008,-0.0804019942879677,-0.00402010092511773,
1669,0.0708032,-0.0804019942879677,-0.00402010092511773,
1670,0.0709056,-0.0804019942879677,-0.00804020185023546,
1671,0.071008,-0.0804019942879677,-0.00804020185023546,
1672,0.0711104,-0.0804019942879677,-0.0120603027753532,
1673,0.0712128,-0.0804019942879677,-0.00402010092511773,
1674,0.0713152,0,-0.00804020185023546,
1675,0.0714176,0,-0.00804020185023546,
1676,0.07152,-0.0804019942879677,-0.00804020185023546,
1677,0.0716224,-0.0804019942879677,-0.00804020185023546,
1678,0.0717248,-0.0804019942879677,-0.00402010092511773,
1679,0.0718272,-0.0804019942879677,0,
1680,0.0719296,-0.0804019942879677,-0.00804020185023546,
1681,0.072032,-0.0804019942879677,-0.00804020185023546,
1682,0.0721344,-0.0804019942879677,-0.0120603027753532,
1683,0.0722368,-0.0804019942879677,-0.00804020185023546,
1684,0.0723392,-0.0804019942879677,-0.00804020185023546,
1685,0.0724416,-0.0804019942879677,-0.00804020185023546,
1686,0.072544,-0.0804019942879677,-0.00804020185023546,
1687,0.0726464,-0.0804019942879677,-0.00804020185023546,
1688,0.0727488,-0.0804019942879677,-0.00804020185023546,
1689,0.0728512,0,-0.00804020185023546,
1690,0.0729536,-0.0804019942879677,-0.00804020185023546,
1691,0.073056,-0.0804019942879677,-0.00804020185023546,
1692,0.0731584,-0.0804019942879677,-0.00804020185023546,
1693,0.0732608,-0.0804019942879677,-0.00804020185023546,
1694,0.0733632,-0.0804019942879677,-0.00804020185023546,
1695,0.0734656,-0.0804019942879677,-0.00804020185023546,
1696,0.073568,-0.0804019942879677,-0.00402010092511773,
1697,0.0736704,-0.0804019942879677,-0.00402010092511773,
1698,0.0737728,-0.0804019942879677,-0.00402010092511773,
1699,0.0738752,-0.0804019942879677,-0.00402010092511773,
1700,0.0739776,0,-0.00402010092511773,
1701,0.07408,0,-0.00804020185023546,
1702,0.0741824,-0.0804019942879677,-0.00804020185023546,
1703,0.0742848,-0.0804019942879677,-0.00804020185023546,
1704,0.0743872,-0.0804019942879677,-0.00804020185023546,
1705,0.0744896,-0.0804019942879677,-0.00804020185023546,
1706,0.074592,0,-0.00804020185023546,
1707,0.0746944,-0.0804019942879677,-0.00804020185023546,
1708,0.0747968,-0.0804019942879677,-0.0120603027753532,
1709,0.0748992,-0.0804019942879677,-0.00402010092511773,
1710,0.0750016,-0.0804019942879677,-0.0160804037004709,
1711,0.075104,-0.0804019942879677,-0.00804020185023546,
1712,0.0752064,-0.0804019942879677,-0.00804020185023546,
1713,0.0753088,0,-0.00804020185023546,
1714,0.0754112,-0.0804019942879677,-0.0120603027753532,
1715,0.0755136,-0.0804019942879677,-0.00804020185023546,
1716,0.075616,-0.0804019942879677,-0.00402010092511773,
1717,0.0757184,-0.0804019942879677,-0.00804020185023546,
1718,0.0758208,-0.0804019942879677,-0.00804020185023546,
1719,0.0759232,-0.0804019942879677,-0.00402010092511773,
1720,0.0760256,-0.0804019942879677,-0.00804020185023546,
1721,0.076128,-0.0804019942879677,-0.00804020185023546,
1722,0.0762304,-0.0804019942879677,-0.00804020185023546,
1723,0.0763328,-0.0804019942879677,-0.00402010092511773,
1724,0.0764352,-0.0804019942879677,-0.00804020185023546,
1725,0.0765376,-0.0804019942879677,-0.0120603027753532,
1726,0.07664,-0.0804019942879677,-0.00402010092511773,
1727,0.0767424,-0.0804019942879677,-0.00804020185023546,
1728,0.0768448,-0.0804019942879677,-0.00804020185023546,
1729,0.0769472,-0.0804019942879677,-0.00804020185023546,
1730,0.0770496,-0.160803988575935,-0.00804020185023546,
1731,0.077152,-0.0804019942879677,-0.0120603027753532,
1732,0.0772544,-0.0804019942879677,-0.0120603027753532,
1733,0.0773568,-0.160803988575935,-0.0120603027753532,
1734,0.0774592,0,-0.00804020185023546,
1735,0.0775616,-0.0804019942879677,-0.00804020185023546,
1736,0.077664,-0.0804019942879677,-0.0120603027753532,
1737,0.0777664,-0.160803988575935,-0.00804020185023546,
1738,0.0778688,-0.0804019942879677,-0.0120603027753532,
1739,0.0779712,-0.160803988575935,-0.00804020185023546,
1740,0.0780736,-0.0804019942879677,-0.00804020185023546,
1741,0.078176,-0.0804019942879677,-0.00402010092511773,
1742,0.0782784,-0.0804019942879677,-0.00804020185023546,
1743,0.0783808,-0.160803988575935,-0.00402010092511773,
1744,0.0784832,-0.0804019942879677,-0.00804020185023546,
1745,0.0785856,0,-0.00402010092511773,
1746,0.078688,-0.0804019942879677,-0.00804020185023546,
1747,0.0787904,0,-0.00804020185023546,
1748,0.0788928,-0.0804019942879677,-0.00804020185023546,
1749,0.0789952,-0.0804019942879677,-0.00804020185023546,
1750,0.0790976,-0.0804019942879677,-0.00402010092511773,
1751,0.0792,-0.0804019942879677,-0.00804020185023546,
1752,0.0793024,-0.0804019942879677,-0.00402010092511773,
1753,0.0794048,-0.0804019942879677,-0.00804020185023546,
1754,0.0795072,0,-0.00402010092511773,
1755,0.0796096,-0.0804019942879677,-0.00804020185023546,
1756,0.079712,-0.0804019942879677,-0.00804020185023546,
1757,0.0798144,-0.0804019942879677,-0.00402010092511773,
1758,0.0799168,0,-0.00804020185023546,
1759,0.0800192,-0.0804019942879677,-0.00804020185023546,
1760,0.0801216,-0.0804019942879677,-0.0120603027753532,
1761,0.080224,-0.0804019942879677,-0.00804020185023546,
1762,0.0803264,-0.0804019942879677,-0.00402010092511773,
1763,0.0804288,-0.0804019942879677,-0.00804020185023546,
1764,0.0805312,-0.0804019942879677,-0.00804020185023546,
1765,0.0806336,-0.160803988575935,-0.00804020185023546,
1766,0.080736,-0.0804019942879677,-0.00804020185023546,
1767,0.0808384,-0.160803988575935,-0.00402010092511773,
1768,0.0809408,-0.0804019942879677,-0.0120603027753532,
1769,0.0810432,0,-0.00804020185023546,
1770,0.0811456,-0.0804019942879677,-0.00402010092511773,
1771,0.081248,-0.0804019942879677,-0.00804020185023546,
1772,0.0813504,0,-0.00402010092511773,
1773,0.0814528,-0.0804019942879677,-0.00804020185023546,
1774,0.0815552,-0.0804019942879677,-0.0120603027753532,
1775,0.0816576,-0.0804019942879677,-0.00804020185023546,
1776,0.08176,-0.0804019942879677,-0.00804020185023546,
1777,0.0818624,-0.0804019942879677,-0.00804020185023546,
1778,0.0819648,-0.0804019942879677,-0.00804020185023546,
1779,0.0820672,0,-0.00804020185023546,
1780,0.0821696,-0.0804019942879677,-0.00402010092511773,
1781,0.082272,-0.0804019942879677,-0.00804020185023546,
1782,0.0823744,-0.0804019942879677,-0.00804020185023546,
1783,0.0824768,-0.0804019942879677,-0.0120603027753532,
1784,0.0825792,0,-0.00804020185023546,
1785,0.0826816,-0.0804019942879677,-0.00804020185023546,
1786,0.082784,-0.0804019942879677,-0.00804020185023546,
1787,0.0828864,-0.0804019942879677,-0.0120603027753532,
1788,0.0829888,-0.0804019942879677,-0.00402010092511773,
1789,0.0830912,0,-0.00804020185023546,
1790,0.0831936,-0.0804019942879677,-0.0120603027753532,
1791,0.083296,-0.0804019942879677,-0.00402010092511773,
1792,0.0833984,-0.0804019942879677,-0.00804020185023546,
1793,0.0835008,-0.0804019942879677,-0.00402010092511773,
1794,0.0836032,0,-0.00804020185023546,
1795,0.0837056,0,-0.00804020185023546,
1796,0.083808,-0.0804019942879677,-0.00804020185023546,
1797,0.0839104,-0.0804019942879677,-0.00804020185023546,
1798,0.0840128,-0.160803988575935,-0.00804020185023546,
1799,0.0841152,0,-0.0120603027753532,
1800,0.0842176,-0.0804019942879677,-0.0120603027753532,
1801,0.08432,-0.0804019942879677,-0.00804020185023546,
1802,0.0844224,-0.0804019942879677,-0.0120603027753532,
1803,0.0845248,-0.0804019942879677,-0.0120603027753532,
1804,0.0846272,0,-0.00804020185023546,
1805,0.0847296,-0.0804019942879677,-0.00804020185023546,
1806,0.084832,-0.0804019942879677,-0.00804020185023546,
1807,0.0849344,0,-0.00402010092511773,
1808,0.0850368,-0.0804019942879677,-0.00402010092511773,
1809,0.0851392,-0.0804019942879677,-0.00804020185023546,
1810,0.0852416,-0.0804019942879677,-0.00804020185023546,
1811,0.085344,-0.0804019942879677,-0.00804020185023546,
1812,0.0854464,-0.0804019942879677,-0.00804020185023546,
1813,0.0855488,-0.0804019942879677,-0.00402010092511773,
1814,0.0856512,0,-0.00804020185023546,
1815,0.0857536,-0.0804019942879677,-0.00804020185023546,
1816,0.085856,0,-0.00804020185023546,
1817,0.0859584,-0.0804019942879677,-0.00804020185023546,
1818,0.0860608,-0.0804019942879677,-0.00804020185023546,
1819,0.0861632,-0.0804019942879677,-0.0120603027753532,
1820,0.0862656,-0.0804019942879677,-0.00804020185023546,
1821,0.086368,-0.160803988575935,-0.00804020185023546,
1822,0.0864704,-0.0804019942879677,-0.00402010092511773,
1823,0.0865728,-0.160803988575935,-0.00804020185023546,
1824,0.0866752,0,-0.00804020185023546,
1825,0.0867776,-0.160803988575935,-0.00804020185023546,
1826,0.08688,-0.0804019942879677,-0.0120603027753532,
1827,0.0869824,-0.0804019942879677,-0.00402010092511773,
1828,0.0870848,-0.0804019942879677,-0.00804020185023546,
1829,0.0871872,-0.0804019942879677,-0.00804020185023546,
1830,0.0872896,-0.0804019942879677,-0.00402010092511773,
1831,0.087392,0,-0.00402010092511773,
1832,0.0874944,-0.0804019942879677,-0.0120603027753532,
1833,0.0875968,-0.0804019942879677,-0.00804020185023546,
1834,0.0876992,-0.0804019942879677,-0.00402010092511773,
1835,0.0878016,-0.0804019942879677,-0.00804020185023546,
1836,0.087904,-0.0804019942879677,-0.00804020185023546,
1837,0.0880064,-0.0804019942879677,-0.00804020185023546,
1838,0.0881088,-0.0804019942879677,-0.00804020185023546,
1839,0.0882112,4.74371766299009,-0.00804020185023546,
1840,0.0883136,-0.0804019942879677,0.00402010092511773,
1841,0.088416,0,0.0120603027753532,
1842,0.0885184,-0.0804019942879677,0.0321608074009418,
1843,0.0886208,0,0.0402010092511773,
1844,0.0887232,-0.0804019942879677,0.044221110176295,
1845,0.0888256,-0.0804019942879677,0.0562814129516482,
1846,0.088928,-0.0804019942879677,0.0643216148018837,
1847,0.0890304,-0.0804019942879677,0.0683417157270014,
1848,0.0891328,-0.0804019942879677,0.0763819175772369,
1849,0.0892352,-0.0804019942879677,0.0804020185023546,
1850,0.0893376,0,0.0804020185023546,
1851,0.08944,-0.0804019942879677,0.0844221194274724,
1852,0.0895424,-0.0804019942879677,0.0844221194274724,
1853,0.0896448,-0.0804019942879677,0.0924623212777078,
1854,0.0897472,-0.0804019942879677,0.0884422203525901,
1855,0.0898496,-0.0804019942879677,0.0924623212777078,
1856,0.089952,0,0.0964824222028255,
1857,0.0900544,0,0.0924623212777078,
1858,0.0901568,-0.0804019942879677,0.100502523127943,
1859,0.0902592,-0.0804019942879677,0.0964824222028255,
1860,0.0903616,-0.0804019942879677,0.0924623212777078,
1861,0.090464,-0.0804019942879677,0.0964824222028255,
1862,0.0905664,-0.0804019942879677,0.0964824222028255,
1863,0.0906688,0,0.0924623212777078,
1864,0.0907712,-0.0804019942879677,0.0884422203525901,
1865,0.0908736,-0.0804019942879677,0.0924623212777078,
1866,0.090976,0,0.0884422203525901,
1867,0.0910784,-0.0804019942879677,0.0884422203525901,
1868,0.0911808,-0.0804019942879677,0.0884422203525901,
1869,0.0912832,-0.160803988575935,0.0884422203525901,
1870,0.0913856,0,0.0884422203525901,
1871,0.091488,-0.0804019942879677,0.0804020185023546,
1872,0.0915904,-0.0804019942879677,0.0844221194274724,
1873,0.0916928,-0.0804019942879677,0.0844221194274724,
1874,0.0917952,-0.0804019942879677,0.0804020185023546,
1875,0.0918976,-0.0804019942879677,0.0763819175772369,
1876,0.092,-0.0804019942879677,0.0763819175772369,
1877,0.0921024,-0.0804019942879677,0.0723618166521192,
1878,0.0922048,-0.0804019942879677,0.0723618166521192,
1879,0.0923072,-0.0804019942879677,0.0723618166521192,
1880,0.0924096,-0.0804019942879677,0.0723618166521192,
1881,0.092512,-0.0804019942879677,0.0683417157270014,
1882,0.0926144,-0.0804019942879677,0.0683417157270014,
1883,0.0927168,-0.0804019942879677,0.0643216148018837,
1884,0.0928192,-0.160803988575935,0.0643216148018837,
1885,0.0929216,-0.0804019942879677,0.0643216148018837,
1886,0.093024,-0.0804019942879677,0.060301513876766,
1887,0.0931264,-0.0804019942879677,0.060301513876766,
1888,0.0932288,0,0.060301513876766,
1889,0.0933312,-0.0804019942879677,0.060301513876766,
1890,0.0934336,-0.0804019942879677,0.0562814129516482,
1891,0.093536,-0.160803988575935,0.0562814129516482,
1892,0.0936384,-0.0804019942879677,0.0522613120265305,
1893,0.0937408,-0.0804019942879677,0.0562814129516482,
1894,0.0938432,-0.0804019942879677,0.0522613120265305,
1895,0.0939456,-0.0804019942879677,0.0522613120265305,
1896,0.094048,-0.0804019942879677,0.044221110176295,
1897,0.0941504,-0.0804019942879677,0.0482412111014128,
1898,0.0942528,-0.0804019942879677,0.0522613120265305,
1899,0.0943552,-0.0804019942879677,0.044221110176295,
1900,0.0944576,-0.0804019942879677,0.044221110176295,
1901,0.09456,-0.0804019942879677,0.044221110176295,
1902,0.0946624,-0.0804019942879677,0.044221110176295,
1903,0.0947648,-0.0804019942879677,0.044221110176295,
1904,0.0948672,-0.0804019942879677,0.0402010092511773,
1905,0.0949696,0,0.0361809083260596,
1906,0.095072,-0.160803988575935,0.0361809083260596,
1907,0.0951744,-0.0804019942879677,0.0402010092511773,
1908,0.0952768,-0.0804019942879677,0.0361809083260596,
1909,0.0953792,-0.0804019942879677,0.0402010092511773,
1910,0.0954816,-0.0804019942879677,0.0321608074009418,
1911,0.095584,0,0.0281407064758241,
1912,0.0956864,0,0.0321608074009418,
1913,0.0957888,-0.0804019942879677,0.0281407064758241,
1914,0.0958912,-0.0804019942879677,0.0321608074009418,
1915,0.0959936,-0.0804019942879677,0.0281407064758241,
1916,0.096096,-0.0804019942879677,0.0281407064758241,
1917,0.0961984,0,0.0241206055507064,
1918,0.0963008,-0.160803988575935,0.0281407064758241,
1919,0.0964032,-0.0804019942879677,0.0241206055507064,
1920,0.0965056,-0.0804019942879677,0.0241206055507064,
1921,0.096608,0,0.0241206055507064,
1922,0.0967104,-0.0804019942879677,0.0201005046255887,
1923,0.0968128,-0.0804019942879677,0.0241206055507064,
1924,0.0969152,-0.0804019942879677,0.0201005046255887,
1925,0.0970176,-0.0804019942879677,0.0281407064758241,
1926,0.09712,-0.0804019942879677,0.0201005046255887,
1927,0.0972224,-0.160803988575935,0.0241206055507064,
1928,0.0973248,-0.0804019942879677,0.0160804037004709,
1929,0.0974272,-0.0804019942879677,0.0201005046255887,
1930,0.0975296,-0.0804019942879677,0.0201005046255887,
1931,0.097632,-0.0804019942879677,0.0201005046255887,
1932,0.0977344,-0.0804019942879677,0.0160804037004709,
1933,0.0978368,-0.0804019942879677,0.0201005046255887,
1934,0.0979392,-0.0804019942879677,0.0201005046255887,
1935,0.0980416,-0.0804019942879677,0.0160804037004709,
1936,0.098144,-0.0804019942879677,0.0160804037004709,
1937,0.0982464,-0.0804019942879677,0.0160804037004709,
1938,0.0983488,-0.0804019942879677,0.0120603027753532,
1939,0.0984512,-0.0804019942879677,0.0160804037004709,
1940,0.0985536,0,0.0160804037004709,
1941,0.098656,-0.0804019942879677,0.0160804037004709,
1942,0.0987584,-0.0804019942879677,0.0120603027753532,
1943,0.0988608,-0.0804019942879677,0.0160804037004709,
1944,0.0989632,0,0.0120603027753532,
1945,0.0990656,-0.0804019942879677,0.0120603027753532,
1946,0.099168,0,0.0120603027753532,
1947,0.0992704,-0.0804019942879677,0.00804020185023546,
1948,0.0993728,-0.0804019942879677,0.0120603027753532,
1949,0.0994752,-0.0804019942879677,0.00804020185023546,
1950,0.0995776,-0.0804019942879677,0.0120603027753532,
1951,0.09968,-0.0804019942879677,0.00804020185023546,
1952,0.0997824,-0.0804019942879677,0.00804020185023546,
1953,0.0998848,-0.0804019942879677,0.00804020185023546,
