Model: ,Oscilloscope DSO-X 1102G
Serial Number:,CN57246464
Address: ,USBInstrument3
Date: ,2026-09-28 15:41:58

Sample Number,Time (s),1 (VOLT),2 (VOLT),
1,-0.5,0.144723599776626,-0.297487399540842,
2,-0.499488,0.192964799702168,-0.25728639960289,
3,-0.498976,0.241205999627709,-0.209045199677348,
4,-0.498464,0.289447199553251,-0.152763799764216,
5,-0.497952,0.313567799516022,-0.0964823998510838,
6,-0.49744,0.361808999441564,-0.0562813999131322,
7,-0.496928,0.393969799391925,0,
8,-0.496416,0.418090399354696,0.0482411999255419,
9,-0.495904,0.442210999317467,0.0964823998510838,
10,-0.495392,0.450251199305058,0.144723599776626,
11,-0.49488,0.482411999255419,0.201004999689758,
12,-0.494368,0.490452199243009,0.2492461996153,
13,-0.493856,0.482411999255419,0.289447199553251,
14,-0.493344,0.498492399230599,0.337688399478793,
15,-0.492832,0.490452199243009,0.377889399416745,
16,-0.49232,0.474371799267828,0.410050199367106,
17,-0.491808,0.466331599280238,0.442210999317467,
18,-0.491296,0.450251199305058,0.466331599280238,
19,-0.490784,0.434170799329877,0.490452199243009,
20,-0.490272,0.410050199367106,0.50653259921819,
21,-0.48976,0.385929599404335,0.530653199180961,
22,-0.489248,0.353768799453974,0.530653199180961,
23,-0.488736,0.305527599528432,0.530653199180961,
24,-0.488224,0.273366799578071,0.530653199180961,
25,-0.487712,0.241205999627709,0.51457279920578,
26,-0.4872,0.192964799702168,0.50653259921819,
27,-0.486688,0.144723599776626,0.490452199243009,
28,-0.486176,0.0964823998510838,0.482411999255419,
29,-0.485664,0.0402009999379516,0.458291399292648,
30,-0.485152,0,0.434170799329877,
31,-0.48464,-0.0482411999255419,0.385929599404335,
32,-0.484128,-0.0804019998759031,0.361808999441564,
33,-0.483616,-0.144723599776626,0.321607999503613,
34,-0.483104,-0.192964799702168,0.26532659959048,
35,-0.482592,-0.233165799640119,0.225125599652529,
36,-0.48208,-0.273366799578071,0.176884399726987,
37,-0.481568,-0.305527599528432,0.128643199801445,
38,-0.481056,-0.353768799453974,0.0723617998883128,
39,-0.480544,-0.385929599404335,0.0160803999751806,
40,-0.480032,-0.410050199367106,-0.0241205999627709,
41,-0.47952,-0.442210999317467,-0.0804019998759031,
42,-0.479008,-0.466331599280238,-0.128643199801445,
43,-0.478496,-0.482411999255419,-0.184924599714577,
44,-0.477984,-0.482411999255419,-0.225125599652529,
45,-0.477472,-0.498492399230599,-0.273366799578071,
46,-0.47696,-0.50653259921819,-0.313567799516022,
47,-0.476448,-0.50653259921819,-0.361808999441564,
48,-0.475936,-0.498492399230599,-0.410050199367106,
49,-0.475424,-0.490452199243009,-0.426130599342287,
50,-0.474912,-0.466331599280238,-0.466331599280238,
51,-0.4744,-0.458291399292648,-0.490452199243009,
52,-0.473888,-0.434170799329877,-0.498492399230599,
53,-0.473376,-0.402009999379516,-0.52261299919337,
54,-0.472864,-0.377889399416745,-0.538693399168551,
55,-0.472352,-0.345728599466383,-0.538693399168551,
56,-0.47184,-0.305527599528432,-0.538693399168551,
57,-0.471328,-0.273366799578071,-0.538693399168551,
58,-0.470816,-0.225125599652529,-0.530653199180961,
59,-0.470304,-0.176884399726987,-0.51457279920578,
60,-0.469792,-0.128643199801445,-0.498492399230599,
61,-0.46928,-0.0884421998634934,-0.474371799267828,
62,-0.468768,-0.0402009999379516,-0.450251199305058,
63,-0.468256,0.00804019998759031,-0.418090399354696,
64,-0.467744,0.0482411999255419,-0.385929599404335,
65,-0.467232,0.0964823998510838,-0.345728599466383,
66,-0.46672,0.144723599776626,-0.297487399540842,
67,-0.466208,0.192964799702168,-0.25728639960289,
68,-0.465696,0.233165799640119,-0.209045199677348,
69,-0.465184,0.281406999565661,-0.160803999751806,
70,-0.464672,0.313567799516022,-0.112562799826264,
71,-0.46416,0.345728599466383,-0.0562813999131322,
72,-0.463648,0.393969799391925,-0.00804019998759031,
73,-0.463136,0.410050199367106,0.0402009999379516,
74,-0.462624,0.442210999317467,0.0964823998510838,
75,-0.462112,0.458291399292648,0.144723599776626,
76,-0.4616,0.474371799267828,0.201004999689758,
77,-0.461088,0.482411999255419,0.2492461996153,
78,-0.460576,0.490452199243009,0.289447199553251,
79,-0.460064,0.490452199243009,0.321607999503613,
80,-0.459552,0.498492399230599,0.369849199429154,
81,-0.45904,0.490452199243009,0.402009999379516,
82,-0.458528,0.466331599280238,0.442210999317467,
83,-0.458016,0.458291399292648,0.458291399292648,
84,-0.457504,0.434170799329877,0.498492399230599,
85,-0.456992,0.426130599342287,0.50653259921819,
86,-0.45648,0.377889399416745,0.52261299919337,
87,-0.455968,0.353768799453974,0.530653199180961,
88,-0.455456,0.305527599528432,0.538693399168551,
89,-0.454944,0.273366799578071,0.538693399168551,
90,-0.454432,0.241205999627709,0.52261299919337,
91,-0.45392,0.192964799702168,0.51457279920578,
92,-0.453408,0.144723599776626,0.498492399230599,
93,-0.452896,0.104522599838674,0.482411999255419,
94,-0.452384,0.0643215999007225,0.458291399292648,
95,-0.451872,0.00804019998759031,0.426130599342287,
96,-0.45136,-0.0402009999379516,0.393969799391925,
97,-0.450848,-0.0884421998634934,0.361808999441564,
98,-0.450336,-0.136683399789035,0.321607999503613,
99,-0.449824,-0.184924599714577,0.273366799578071,
100,-0.449312,-0.225125599652529,0.225125599652529,
101,-0.4488,-0.26532659959048,0.176884399726987,
102,-0.448288,-0.305527599528432,0.128643199801445,
103,-0.447776,-0.337688399478793,0.0804019998759031,
104,-0.447264,-0.377889399416745,0.0241205999627709,
105,-0.446752,-0.402009999379516,-0.0160803999751806,
106,-0.44624,-0.442210999317467,-0.0804019998759031,
107,-0.445728,-0.458291399292648,-0.128643199801445,
108,-0.445216,-0.482411999255419,-0.176884399726987,
109,-0.444704,-0.490452199243009,-0.225125599652529,
110,-0.444192,-0.498492399230599,-0.26532659959048,
111,-0.44368,-0.51457279920578,-0.321607999503613,
112,-0.443168,-0.50653259921819,-0.353768799453974,
113,-0.442656,-0.498492399230599,-0.385929599404335,
114,-0.442144,-0.490452199243009,-0.426130599342287,
115,-0.441632,-0.482411999255419,-0.466331599280238,
116,-0.44112,-0.458291399292648,-0.482411999255419,
117,-0.440608,-0.442210999317467,-0.50653259921819,
118,-0.440096,-0.418090399354696,-0.52261299919337,
119,-0.439584,-0.377889399416745,-0.530653199180961,
120,-0.439072,-0.345728599466383,-0.538693399168551,
121,-0.43856,-0.313567799516022,-0.538693399168551,
122,-0.438048,-0.26532659959048,-0.538693399168551,
123,-0.437536,-0.233165799640119,-0.530653199180961,
124,-0.437024,-0.192964799702168,-0.51457279920578,
125,-0.436512,-0.136683399789035,-0.498492399230599,
126,-0.436,-0.0884421998634934,-0.474371799267828,
127,-0.435488,-0.0402009999379516,-0.450251199305058,
128,-0.434976,0.00804019998759031,-0.426130599342287,
129,-0.434464,0.0482411999255419,-0.393969799391925,
130,-0.433952,0.0964823998510838,-0.353768799453974,
131,-0.43344,0.152763799764216,-0.305527599528432,
132,-0.432928,0.192964799702168,-0.273366799578071,
133,-0.432416,0.233165799640119,-0.209045199677348,
134,-0.431904,0.273366799578071,-0.160803999751806,
135,-0.431392,0.313567799516022,-0.120602999813855,
136,-0.43088,0.345728599466383,-0.0643215999007225,
137,-0.430368,0.377889399416745,-0.00804019998759031,
138,-0.429856,0.410050199367106,0.0321607999503613,
139,-0.429344,0.434170799329877,0.0884421998634934,
140,-0.428832,0.458291399292648,0.144723599776626,
141,-0.42832,0.474371799267828,0.192964799702168,
142,-0.427808,0.490452199243009,0.241205999627709,
143,-0.427296,0.490452199243009,0.281406999565661,
144,-0.426784,0.498492399230599,0.321607999503613,
145,-0.426272,0.490452199243009,0.361808999441564,
146,-0.42576,0.490452199243009,0.402009999379516,
147,-0.425248,0.474371799267828,0.434170799329877,
148,-0.424736,0.458291399292648,0.450251199305058,
149,-0.424224,0.434170799329877,0.482411999255419,
150,-0.423712,0.410050199367106,0.50653259921819,
151,-0.4232,0.393969799391925,0.52261299919337,
152,-0.422688,0.345728599466383,0.530653199180961,
153,-0.422176,0.321607999503613,0.538693399168551,
154,-0.421664,0.281406999565661,0.538693399168551,
155,-0.421152,0.241205999627709,0.530653199180961,
156,-0.42064,0.192964799702168,0.52261299919337,
157,-0.420128,0.152763799764216,0.50653259921819,
158,-0.419616,0.104522599838674,0.482411999255419,
159,-0.419104,0.0643215999007225,0.466331599280238,
160,-0.418592,0,0.434170799329877,
161,-0.41808,-0.0321607999503613,0.402009999379516,
162,-0.417568,-0.0884421998634934,0.361808999441564,
163,-0.417056,-0.136683399789035,0.321607999503613,
164,-0.416544,-0.176884399726987,0.281406999565661,
165,-0.416032,-0.217085399664938,0.233165799640119,
166,-0.41552,-0.25728639960289,0.192964799702168,
167,-0.415008,-0.305527599528432,0.136683399789035,
168,-0.414496,-0.337688399478793,0.0804019998759031,
169,-0.413984,-0.369849199429154,0.0321607999503613,
170,-0.413472,-0.402009999379516,-0.0241205999627709,
171,-0.41296,-0.434170799329877,-0.0723617998883128,
172,-0.412448,-0.458291399292648,-0.112562799826264,
173,-0.411936,-0.482411999255419,-0.176884399726987,
174,-0.411424,-0.498492399230599,-0.225125599652529,
175,-0.410912,-0.498492399230599,-0.26532659959048,
176,-0.4104,-0.51457279920578,-0.305527599528432,
177,-0.409888,-0.50653259921819,-0.353768799453974,
178,-0.409376,-0.50653259921819,-0.385929599404335,
179,-0.408864,-0.498492399230599,-0.434170799329877,
180,-0.408352,-0.474371799267828,-0.450251199305058,
181,-0.40784,-0.466331599280238,-0.482411999255419,
182,-0.407328,-0.434170799329877,-0.50653259921819,
183,-0.406816,-0.418090399354696,-0.52261299919337,
184,-0.406304,-0.385929599404335,-0.530653199180961,
185,-0.405792,-0.353768799453974,-0.538693399168551,
186,-0.40528,-0.313567799516022,-0.546733599156141,
187,-0.404768,-0.273366799578071,-0.538693399168551,
188,-0.404256,-0.225125599652529,-0.530653199180961,
189,-0.403744,-0.192964799702168,-0.52261299919337,
190,-0.403232,-0.144723599776626,-0.50653259921819,
191,-0.40272,-0.104522599838674,-0.474371799267828,
192,-0.402208,-0.0482411999255419,-0.458291399292648,
193,-0.401696,0.00804019998759031,-0.426130599342287,
194,-0.401184,0.0402009999379516,-0.385929599404335,
195,-0.400672,0.0964823998510838,-0.361808999441564,
196,-0.40016,0.136683399789035,-0.305527599528432,
197,-0.399648,0.192964799702168,-0.273366799578071,
198,-0.399136,0.233165799640119,-0.225125599652529,
199,-0.398624,0.281406999565661,-0.176884399726987,
200,-0.398112,0.305527599528432,-0.112562799826264,
201,-0.3976,0.345728599466383,-0.0723617998883128,
202,-0.397088,0.377889399416745,-0.0241205999627709,
203,-0.396576,0.410050199367106,0.0402009999379516,
204,-0.396064,0.434170799329877,0.0804019998759031,
205,-0.395552,0.450251199305058,0.128643199801445,
206,-0.39504,0.474371799267828,0.176884399726987,
207,-0.394528,0.482411999255419,0.233165799640119,
208,-0.394016,0.490452199243009,0.281406999565661,
209,-0.393504,0.490452199243009,0.321607999503613,
210,-0.392992,0.498492399230599,0.361808999441564,
211,-0.39248,0.490452199243009,0.402009999379516,
212,-0.391968,0.482411999255419,0.434170799329877,
213,-0.391456,0.466331599280238,0.458291399292648,
214,-0.390944,0.442210999317467,0.482411999255419,
215,-0.390432,0.418090399354696,0.498492399230599,
216,-0.38992,0.385929599404335,0.51457279920578,
217,-0.389408,0.353768799453974,0.530653199180961,
218,-0.388896,0.329648199491203,0.530653199180961,
219,-0.388384,0.281406999565661,0.530653199180961,
220,-0.387872,0.241205999627709,0.530653199180961,
221,-0.38736,0.201004999689758,0.52261299919337,
222,-0.386848,0.160803999751806,0.50653259921819,
223,-0.386336,0.112562799826264,0.482411999255419,
224,-0.385824,0.0643215999007225,0.458291399292648,
225,-0.385312,0.0241205999627709,0.426130599342287,
226,-0.3848,-0.0241205999627709,0.402009999379516,
227,-0.384288,-0.0804019998759031,0.361808999441564,
228,-0.383776,-0.128643199801445,0.321607999503613,
229,-0.383264,-0.168844199739397,0.281406999565661,
230,-0.382752,-0.217085399664938,0.241205999627709,
231,-0.38224,-0.26532659959048,0.192964799702168,
232,-0.381728,-0.297487399540842,0.136683399789035,
233,-0.381216,-0.337688399478793,0.0884421998634934,
234,-0.380704,-0.377889399416745,0.0402009999379516,
235,-0.380192,-0.410050199367106,-0.0160803999751806,
236,-0.37968,-0.426130599342287,-0.0643215999007225,
237,-0.379168,-0.450251199305058,-0.112562799826264,
238,-0.378656,-0.474371799267828,-0.160803999751806,
239,-0.378144,-0.490452199243009,-0.217085399664938,
240,-0.377632,-0.498492399230599,-0.26532659959048,
241,-0.37712,-0.50653259921819,-0.305527599528432,
242,-0.376608,-0.50653259921819,-0.345728599466383,
243,-0.376096,-0.50653259921819,-0.393969799391925,
244,-0.375584,-0.490452199243009,-0.418090399354696,
245,-0.375072,-0.482411999255419,-0.450251199305058,
246,-0.37456,-0.466331599280238,-0.474371799267828,
247,-0.374048,-0.442210999317467,-0.498492399230599,
248,-0.373536,-0.410050199367106,-0.52261299919337,
249,-0.373024,-0.393969799391925,-0.530653199180961,
250,-0.372512,-0.353768799453974,-0.538693399168551,
251,-0.372,-0.321607999503613,-0.538693399168551,
252,-0.371488,-0.289447199553251,-0.538693399168551,
253,-0.370976,-0.233165799640119,-0.538693399168551,
254,-0.370464,-0.201004999689758,-0.52261299919337,
255,-0.369952,-0.160803999751806,-0.498492399230599,
256,-0.36944,-0.104522599838674,-0.482411999255419,
257,-0.368928,-0.0562813999131322,-0.458291399292648,
258,-0.368416,-0.00804019998759031,-0.434170799329877,
259,-0.367904,0.0402009999379516,-0.402009999379516,
260,-0.367392,0.0964823998510838,-0.353768799453974,
261,-0.36688,0.136683399789035,-0.313567799516022,
262,-0.366368,0.192964799702168,-0.273366799578071,
263,-0.365856,0.233165799640119,-0.225125599652529,
264,-0.365344,0.273366799578071,-0.168844199739397,
265,-0.364832,0.305527599528432,-0.128643199801445,
266,-0.36432,0.337688399478793,-0.0723617998883128,
267,-0.363808,0.377889399416745,-0.0241205999627709,
268,-0.363296,0.410050199367106,0.0241205999627709,
269,-0.362784,0.426130599342287,0.0804019998759031,
270,-0.362272,0.450251199305058,0.128643199801445,
271,-0.36176,0.466331599280238,0.176884399726987,
272,-0.361248,0.474371799267828,0.233165799640119,
273,-0.360736,0.498492399230599,0.26532659959048,
274,-0.360224,0.498492399230599,0.321607999503613,
275,-0.359712,0.498492399230599,0.353768799453974,
276,-0.3592,0.490452199243009,0.393969799391925,
277,-0.358688,0.482411999255419,0.426130599342287,
278,-0.358176,0.458291399292648,0.458291399292648,
279,-0.357664,0.450251199305058,0.474371799267828,
280,-0.357152,0.410050199367106,0.50653259921819,
281,-0.35664,0.393969799391925,0.51457279920578,
282,-0.356128,0.361808999441564,0.52261299919337,
283,-0.355616,0.337688399478793,0.538693399168551,
284,-0.355104,0.289447199553251,0.530653199180961,
285,-0.354592,0.2492461996153,0.530653199180961,
286,-0.35408,0.209045199677348,0.52261299919337,
287,-0.353568,0.168844199739397,0.50653259921819,
288,-0.353056,0.112562799826264,0.490452199243009,
289,-0.352544,0.0723617998883128,0.458291399292648,
290,-0.352032,0.0321607999503613,0.434170799329877,
291,-0.35152,-0.0321607999503613,0.402009999379516,
292,-0.351008,-0.0723617998883128,0.369849199429154,
293,-0.350496,-0.120602999813855,0.329648199491203,
294,-0.349984,-0.168844199739397,0.281406999565661,
295,-0.349472,-0.217085399664938,0.241205999627709,
296,-0.34896,-0.25728639960289,0.184924599714577,
297,-0.348448,-0.297487399540842,0.144723599776626,
298,-0.347936,-0.337688399478793,0.0884421998634934,
299,-0.347424,-0.369849199429154,0.0402009999379516,
300,-0.346912,-0.393969799391925,-0.0160803999751806,
301,-0.3464,-0.426130599342287,-0.0643215999007225,
302,-0.345888,-0.450251199305058,-0.112562799826264,
303,-0.345376,-0.474371799267828,-0.152763799764216,
304,-0.344864,-0.482411999255419,-0.209045199677348,
305,-0.344352,-0.50653259921819,-0.25728639960289,
306,-0.34384,-0.498492399230599,-0.305527599528432,
307,-0.343328,-0.498492399230599,-0.337688399478793,
308,-0.342816,-0.498492399230599,-0.385929599404335,
309,-0.342304,-0.490452199243009,-0.410050199367106,
310,-0.341792,-0.490452199243009,-0.450251199305058,
311,-0.34128,-0.474371799267828,-0.474371799267828,
312,-0.340768,-0.450251199305058,-0.498492399230599,
313,-0.340256,-0.418090399354696,-0.51457279920578,
314,-0.339744,-0.393969799391925,-0.52261299919337,
315,-0.339232,-0.361808999441564,-0.538693399168551,
316,-0.33872,-0.313567799516022,-0.538693399168551,
317,-0.338208,-0.281406999565661,-0.546733599156141,
318,-0.337696,-0.2492461996153,-0.538693399168551,
319,-0.337184,-0.201004999689758,-0.52261299919337,
320,-0.336672,-0.152763799764216,-0.50653259921819,
321,-0.33616,-0.112562799826264,-0.482411999255419,
322,-0.335648,-0.0643215999007225,-0.450251199305058,
323,-0.335136,-0.0160803999751806,-0.426130599342287,
324,-0.334624,0.0321607999503613,-0.393969799391925,
325,-0.334112,0.0884421998634934,-0.361808999441564,
326,-0.3336,0.136683399789035,-0.321607999503613,
327,-0.333088,0.176884399726987,-0.281406999565661,
328,-0.332576,0.225125599652529,-0.225125599652529,
329,-0.332064,0.25728639960289,-0.176884399726987,
330,-0.331552,0.305527599528432,-0.136683399789035,
331,-0.33104,0.337688399478793,-0.0804019998759031,
332,-0.330528,0.377889399416745,-0.0402009999379516,
333,-0.330016,0.402009999379516,0.0241205999627709,
334,-0.329504,0.434170799329877,0.0723617998883128,
335,-0.328992,0.450251199305058,0.128643199801445,
336,-0.32848,0.466331599280238,0.176884399726987,
337,-0.327968,0.490452199243009,0.217085399664938,
338,-0.327456,0.490452199243009,0.26532659959048,
339,-0.326944,0.490452199243009,0.313567799516022,
340,-0.326432,0.490452199243009,0.353768799453974,
341,-0.32592,0.490452199243009,0.393969799391925,
342,-0.325408,0.482411999255419,0.426130599342287,
343,-0.324896,0.458291399292648,0.466331599280238,
344,-0.324384,0.450251199305058,0.482411999255419,
345,-0.323872,0.418090399354696,0.490452199243009,
346,-0.32336,0.393969799391925,0.50653259921819,
347,-0.322848,0.369849199429154,0.530653199180961,
348,-0.322336,0.329648199491203,0.530653199180961,
349,-0.321824,0.289447199553251,0.530653199180961,
350,-0.321312,0.25728639960289,0.52261299919337,
351,-0.3208,0.217085399664938,0.52261299919337,
352,-0.320288,0.160803999751806,0.50653259921819,
353,-0.319776,0.112562799826264,0.498492399230599,
354,-0.319264,0.0723617998883128,0.466331599280238,
355,-0.318752,0.0321607999503613,0.434170799329877,
356,-0.31824,-0.0160803999751806,0.410050199367106,
357,-0.317728,-0.0643215999007225,0.369849199429154,
358,-0.317216,-0.120602999813855,0.337688399478793,
359,-0.316704,-0.176884399726987,0.297487399540842,
360,-0.316192,-0.209045199677348,0.241205999627709,
361,-0.31568,-0.2492461996153,0.201004999689758,
362,-0.315168,-0.297487399540842,0.144723599776626,
363,-0.314656,-0.337688399478793,0.0964823998510838,
364,-0.314144,-0.361808999441564,0.0482411999255419,
365,-0.313632,-0.393969799391925,-0.00804019998759031,
366,-0.31312,-0.426130599342287,-0.0562813999131322,
367,-0.312608,-0.450251199305058,-0.104522599838674,
368,-0.312096,-0.474371799267828,-0.160803999751806,
369,-0.311584,-0.474371799267828,-0.209045199677348,
370,-0.311072,-0.490452199243009,-0.2492461996153,
371,-0.31056,-0.50653259921819,-0.297487399540842,
372,-0.310048,-0.50653259921819,-0.345728599466383,
373,-0.309536,-0.51457279920578,-0.369849199429154,
374,-0.309024,-0.498492399230599,-0.418090399354696,
375,-0.308512,-0.490452199243009,-0.442210999317467,
376,-0.308,-0.482411999255419,-0.466331599280238,
377,-0.307488,-0.450251199305058,-0.490452199243009,
378,-0.306976,-0.426130599342287,-0.52261299919337,
379,-0.306464,-0.393969799391925,-0.530653199180961,
380,-0.305952,-0.361808999441564,-0.538693399168551,
381,-0.30544,-0.329648199491203,-0.538693399168551,
382,-0.304928,-0.281406999565661,-0.538693399168551,
383,-0.304416,-0.2492461996153,-0.538693399168551,
384,-0.303904,-0.201004999689758,-0.52261299919337,
385,-0.303392,-0.160803999751806,-0.51457279920578,
386,-0.30288,-0.104522599838674,-0.490452199243009,
387,-0.302368,-0.0643215999007225,-0.466331599280238,
388,-0.301856,-0.0160803999751806,-0.434170799329877,
389,-0.301344,0.0241205999627709,-0.410050199367106,
390,-0.300832,0.0723617998883128,-0.361808999441564,
391,-0.30032,0.128643199801445,-0.329648199491203,
392,-0.299808,0.176884399726987,-0.281406999565661,
393,-0.299296,0.217085399664938,-0.233165799640119,
394,-0.298784,0.25728639960289,-0.184924599714577,
395,-0.298272,0.297487399540842,-0.136683399789035,
396,-0.29776,0.337688399478793,-0.0804019998759031,
397,-0.297248,0.369849199429154,-0.0321607999503613,
398,-0.296736,0.393969799391925,0.0160803999751806,
399,-0.296224,0.426130599342287,0.0723617998883128,
400,-0.295712,0.442210999317467,0.112562799826264,
401,-0.2952,0.466331599280238,0.168844199739397,
402,-0.294688,0.482411999255419,0.217085399664938,
403,-0.294176,0.498492399230599,0.26532659959048,
404,-0.293664,0.490452199243009,0.305527599528432,
405,-0.293152,0.490452199243009,0.345728599466383,
406,-0.29264,0.482411999255419,0.385929599404335,
407,-0.292128,0.482411999255419,0.418090399354696,
408,-0.291616,0.466331599280238,0.450251199305058,
409,-0.291104,0.450251199305058,0.474371799267828,
410,-0.290592,0.426130599342287,0.490452199243009,
411,-0.29008,0.402009999379516,0.51457279920578,
412,-0.289568,0.361808999441564,0.52261299919337,
413,-0.289056,0.337688399478793,0.538693399168551,
414,-0.288544,0.297487399540842,0.530653199180961,
415,-0.288032,0.26532659959048,0.538693399168551,
416,-0.28752,0.217085399664938,0.51457279920578,
417,-0.287008,0.176884399726987,0.51457279920578,
418,-0.286496,0.128643199801445,0.498492399230599,
419,-0.285984,0.0804019998759031,0.474371799267828,
420,-0.285472,0.0321607999503613,0.450251199305058,
421,-0.28496,-0.0241205999627709,0.410050199367106,
422,-0.284448,-0.0723617998883128,0.377889399416745,
423,-0.283936,-0.112562799826264,0.345728599466383,
424,-0.283424,-0.160803999751806,0.297487399540842,
425,-0.282912,-0.201004999689758,0.2492461996153,
426,-0.2824,-0.2492461996153,0.209045199677348,
427,-0.281888,-0.281406999565661,0.152763799764216,
428,-0.281376,-0.329648199491203,0.112562799826264,
429,-0.280864,-0.369849199429154,0.0562813999131322,
430,-0.280352,-0.393969799391925,0,
431,-0.27984,-0.418090399354696,-0.0482411999255419,
432,-0.279328,-0.442210999317467,-0.0964823998510838,
433,-0.278816,-0.474371799267828,-0.152763799764216,
434,-0.278304,-0.482411999255419,-0.192964799702168,
435,-0.277792,-0.490452199243009,-0.2492461996153,
436,-0.27728,-0.498492399230599,-0.289447199553251,
437,-0.276768,-0.50653259921819,-0.337688399478793,
438,-0.276256,-0.50653259921819,-0.369849199429154,
439,-0.275744,-0.490452199243009,-0.410050199367106,
440,-0.275232,-0.490452199243009,-0.442210999317467,
441,-0.27472,-0.474371799267828,-0.466331599280238,
442,-0.274208,-0.450251199305058,-0.490452199243009,
443,-0.273696,-0.434170799329877,-0.51457279920578,
444,-0.273184,-0.393969799391925,-0.530653199180961,
445,-0.272672,-0.361808999441564,-0.530653199180961,
446,-0.27216,-0.329648199491203,-0.530653199180961,
447,-0.271648,-0.289447199553251,-0.538693399168551,
448,-0.271136,-0.25728639960289,-0.538693399168551,
449,-0.270624,-0.209045199677348,-0.530653199180961,
450,-0.270112,-0.168844199739397,-0.51457279920578,
451,-0.2696,-0.112562799826264,-0.490452199243009,
452,-0.269088,-0.0643215999007225,-0.466331599280238,
453,-0.268576,-0.0160803999751806,-0.434170799329877,
454,-0.268064,0.0241205999627709,-0.410050199367106,
455,-0.267552,0.0723617998883128,-0.361808999441564,
456,-0.26704,0.112562799826264,-0.329648199491203,
457,-0.266528,0.168844199739397,-0.289447199553251,
458,-0.266016,0.217085399664938,-0.241205999627709,
459,-0.265504,0.2492461996153,-0.201004999689758,
460,-0.264992,0.289447199553251,-0.144723599776626,
461,-0.26448,0.329648199491203,-0.0884421998634934,
462,-0.263968,0.361808999441564,-0.0402009999379516,
463,-0.263456,0.393969799391925,0.00804019998759031,
464,-0.262944,0.418090399354696,0.0562813999131322,
465,-0.262432,0.450251199305058,0.120602999813855,
466,-0.26192,0.466331599280238,0.160803999751806,
467,-0.261408,0.474371799267828,0.209045199677348,
468,-0.260896,0.498492399230599,0.25728639960289,
469,-0.260384,0.490452199243009,0.297487399540842,
470,-0.259872,0.490452199243009,0.353768799453974,
471,-0.25936,0.490452199243009,0.385929599404335,
472,-0.258848,0.482411999255419,0.418090399354696,
473,-0.258336,0.466331599280238,0.450251199305058,
474,-0.257824,0.450251199305058,0.466331599280238,
475,-0.257312,0.434170799329877,0.498492399230599,
476,-0.2568,0.402009999379516,0.51457279920578,
477,-0.256288,0.369849199429154,0.51457279920578,
478,-0.255776,0.337688399478793,0.530653199180961,
479,-0.255264,0.305527599528432,0.538693399168551,
480,-0.254752,0.26532659959048,0.530653199180961,
481,-0.25424,0.217085399664938,0.51457279920578,
482,-0.253728,0.184924599714577,0.50653259921819,
483,-0.253216,0.128643199801445,0.498492399230599,
484,-0.252704,0.0884421998634934,0.474371799267828,
485,-0.252192,0.0321607999503613,0.442210999317467,
486,-0.25168,-0.0160803999751806,0.410050199367106,
487,-0.251168,-0.0562813999131322,0.385929599404335,
488,-0.250656,-0.104522599838674,0.345728599466383,
489,-0.250144,-0.160803999751806,0.297487399540842,
490,-0.249632,-0.209045199677348,0.25728639960289,
491,-0.24912,-0.233165799640119,0.209045199677348,
492,-0.248608,-0.289447199553251,0.160803999751806,
493,-0.248096,-0.321607999503613,0.112562799826264,
494,-0.247584,-0.353768799453974,0.0562813999131322,
495,-0.247072,-0.393969799391925,0.00804019998759031,
496,-0.24656,-0.426130599342287,-0.0482411999255419,
497,-0.246048,-0.450251199305058,-0.0964823998510838,
498,-0.245536,-0.474371799267828,-0.144723599776626,
499,-0.245024,-0.482411999255419,-0.184924599714577,
500,-0.244512,-0.490452199243009,-0.241205999627709,
501,-0.244,-0.490452199243009,-0.289447199553251,
502,-0.243488,-0.498492399230599,-0.329648199491203,
503,-0.242976,-0.498492399230599,-0.369849199429154,
504,-0.242464,-0.498492399230599,-0.410050199367106,
505,-0.241952,-0.482411999255419,-0.434170799329877,
506,-0.24144,-0.474371799267828,-0.466331599280238,
507,-0.240928,-0.450251199305058,-0.490452199243009,
508,-0.240416,-0.434170799329877,-0.51457279920578,
509,-0.239904,-0.402009999379516,-0.530653199180961,
510,-0.239392,-0.361808999441564,-0.546733599156141,
511,-0.23888,-0.337688399478793,-0.546733599156141,
512,-0.238368,-0.297487399540842,-0.538693399168551,
513,-0.237856,-0.2492461996153,-0.538693399168551,
514,-0.237344,-0.209045199677348,-0.530653199180961,
515,-0.236832,-0.168844199739397,-0.51457279920578,
516,-0.23632,-0.120602999813855,-0.490452199243009,
517,-0.235808,-0.0804019998759031,-0.474371799267828,
518,-0.235296,-0.0241205999627709,-0.442210999317467,
519,-0.234784,0.0241205999627709,-0.410050199367106,
520,-0.234272,0.0643215999007225,-0.369849199429154,
521,-0.23376,0.112562799826264,-0.329648199491203,
522,-0.233248,0.160803999751806,-0.289447199553251,
523,-0.232736,0.201004999689758,-0.241205999627709,
524,-0.232224,0.25728639960289,-0.192964799702168,
525,-0.231712,0.289447199553251,-0.144723599776626,
526,-0.2312,0.329648199491203,-0.0884421998634934,
527,-0.230688,0.361808999441564,-0.0402009999379516,
528,-0.230176,0.410050199367106,0,
529,-0.229664,0.434170799329877,0.0562813999131322,
530,-0.229152,0.442210999317467,0.104522599838674,
531,-0.22864,0.458291399292648,0.168844199739397,
532,-0.228128,0.482411999255419,0.209045199677348,
533,-0.227616,0.490452199243009,0.2492461996153,
534,-0.227104,0.490452199243009,0.297487399540842,
535,-0.226592,0.490452199243009,0.345728599466383,
536,-0.22608,0.498492399230599,0.385929599404335,
537,-0.225568,0.490452199243009,0.410050199367106,
538,-0.225056,0.474371799267828,0.442210999317467,
539,-0.224544,0.450251199305058,0.474371799267828,
540,-0.224032,0.434170799329877,0.490452199243009,
541,-0.22352,0.402009999379516,0.51457279920578,
542,-0.223008,0.377889399416745,0.51457279920578,
543,-0.222496,0.337688399478793,0.52261299919337,
544,-0.221984,0.297487399540842,0.538693399168551,
545,-0.221472,0.26532659959048,0.530653199180961,
546,-0.22096,0.225125599652529,0.52261299919337,
547,-0.220448,0.192964799702168,0.51457279920578,
548,-0.219936,0.136683399789035,0.490452199243009,
549,-0.219424,0.0964823998510838,0.466331599280238,
550,-0.218912,0.0402009999379516,0.450251199305058,
551,-0.2184,-0.00804019998759031,0.418090399354696,
552,-0.217888,-0.0643215999007225,0.377889399416745,
553,-0.217376,-0.0964823998510838,0.345728599466383,
554,-0.216864,-0.160803999751806,0.305527599528432,
555,-0.216352,-0.201004999689758,0.25728639960289,
556,-0.21584,-0.233165799640119,0.217085399664938,
557,-0.215328,-0.281406999565661,0.160803999751806,
558,-0.214816,-0.321607999503613,0.112562799826264,
559,-0.214304,-0.353768799453974,0.0723617998883128,
560,-0.213792,-0.385929599404335,0.00804019998759031,
561,-0.21328,-0.410050199367106,-0.0402009999379516,
562,-0.212768,-0.450251199305058,-0.0884421998634934,
563,-0.212256,-0.466331599280238,-0.144723599776626,
564,-0.211744,-0.482411999255419,-0.192964799702168,
565,-0.211232,-0.482411999255419,-0.233165799640119,
566,-0.21072,-0.498492399230599,-0.281406999565661,
567,-0.210208,-0.50653259921819,-0.321607999503613,
568,-0.209696,-0.498492399230599,-0.361808999441564,
569,-0.209184,-0.498492399230599,-0.393969799391925,
570,-0.208672,-0.482411999255419,-0.434170799329877,
571,-0.20816,-0.474371799267828,-0.466331599280238,
572,-0.207648,-0.450251199305058,-0.490452199243009,
573,-0.207136,-0.434170799329877,-0.50653259921819,
574,-0.206624,-0.410050199367106,-0.530653199180961,
575,-0.206112,-0.377889399416745,-0.530653199180961,
576,-0.2056,-0.337688399478793,-0.546733599156141,
577,-0.205088,-0.297487399540842,-0.538693399168551,
578,-0.204576,-0.26532659959048,-0.538693399168551,
579,-0.204064,-0.217085399664938,-0.538693399168551,
580,-0.203552,-0.160803999751806,-0.51457279920578,
581,-0.20304,-0.120602999813855,-0.490452199243009,
582,-0.202528,-0.0804019998759031,-0.474371799267828,
583,-0.202016,-0.0321607999503613,-0.442210999317467,
584,-0.201504,0.00804019998759031,-0.418090399354696,
585,-0.200992,0.0643215999007225,-0.377889399416745,
586,-0.20048,0.112562799826264,-0.337688399478793,
587,-0.199968,0.160803999751806,-0.297487399540842,
588,-0.199456,0.209045199677348,-0.2492461996153,
589,-0.198944,0.2492461996153,-0.201004999689758,
590,-0.198432,0.289447199553251,-0.152763799764216,
591,-0.19792,0.321607999503613,-0.0964823998510838,
592,-0.197408,0.353768799453974,-0.0562813999131322,
593,-0.196896,0.385929599404335,0,
594,-0.196384,0.418090399354696,0.0562813999131322,
595,-0.195872,0.450251199305058,0.104522599838674,
596,-0.19536,0.458291399292648,0.144723599776626,
597,-0.194848,0.466331599280238,0.201004999689758,
598,-0.194336,0.490452199243009,0.2492461996153,
599,-0.193824,0.490452199243009,0.297487399540842,
600,-0.193312,0.498492399230599,0.337688399478793,
601,-0.1928,0.490452199243009,0.369849199429154,
602,-0.192288,0.482411999255419,0.410050199367106,
603,-0.191776,0.474371799267828,0.434170799329877,
604,-0.191264,0.458291399292648,0.466331599280238,
605,-0.190752,0.442210999317467,0.482411999255419,
606,-0.19024,0.402009999379516,0.50653259921819,
607,-0.189728,0.385929599404335,0.530653199180961,
608,-0.189216,0.345728599466383,0.530653199180961,
609,-0.188704,0.305527599528432,0.538693399168551,
610,-0.188192,0.273366799578071,0.538693399168551,
611,-0.18768,0.225125599652529,0.52261299919337,
612,-0.187168,0.184924599714577,0.51457279920578,
613,-0.186656,0.136683399789035,0.50653259921819,
614,-0.186144,0.0884421998634934,0.474371799267828,
615,-0.185632,0.0482411999255419,0.450251199305058,
616,-0.18512,-0.00804019998759031,0.426130599342287,
617,-0.184608,-0.0482411999255419,0.393969799391925,
618,-0.184096,-0.104522599838674,0.345728599466383,
619,-0.183584,-0.144723599776626,0.305527599528432,
620,-0.183072,-0.184924599714577,0.26532659959048,
621,-0.18256,-0.233165799640119,0.225125599652529,
622,-0.182048,-0.273366799578071,0.168844199739397,
623,-0.181536,-0.313567799516022,0.120602999813855,
624,-0.181024,-0.353768799453974,0.0723617998883128,
625,-0.180512,-0.385929599404335,0.0160803999751806,
626,-0.18,-0.418090399354696,-0.0321607999503613,
627,-0.179488,-0.434170799329877,-0.0884421998634934,
628,-0.178976,-0.466331599280238,-0.136683399789035,
629,-0.178464,-0.474371799267828,-0.184924599714577,
630,-0.177952,-0.490452199243009,-0.225125599652529,
631,-0.17744,-0.498492399230599,-0.281406999565661,
632,-0.176928,-0.50653259921819,-0.329648199491203,
633,-0.176416,-0.50653259921819,-0.361808999441564,
634,-0.175904,-0.490452199243009,-0.402009999379516,
635,-0.175392,-0.482411999255419,-0.442210999317467,
636,-0.17488,-0.474371799267828,-0.466331599280238,
637,-0.174368,-0.450251199305058,-0.490452199243009,
638,-0.173856,-0.442210999317467,-0.51457279920578,
639,-0.173344,-0.410050199367106,-0.530653199180961,
640,-0.172832,-0.377889399416745,-0.538693399168551,
641,-0.17232,-0.337688399478793,-0.538693399168551,
642,-0.171808,-0.305527599528432,-0.538693399168551,
643,-0.171296,-0.26532659959048,-0.538693399168551,
644,-0.170784,-0.217085399664938,-0.530653199180961,
645,-0.170272,-0.176884399726987,-0.51457279920578,
646,-0.16976,-0.136683399789035,-0.498492399230599,
647,-0.169248,-0.0804019998759031,-0.474371799267828,
648,-0.168736,-0.0321607999503613,-0.450251199305058,
649,-0.168224,0.00804019998759031,-0.426130599342287,
650,-0.167712,0.0562813999131322,-0.377889399416745,
651,-0.1672,0.104522599838674,-0.337688399478793,
652,-0.166688,0.152763799764216,-0.297487399540842,
653,-0.166176,0.201004999689758,-0.25728639960289,
654,-0.165664,0.233165799640119,-0.209045199677348,
655,-0.165152,0.281406999565661,-0.160803999751806,
656,-0.16464,0.321607999503613,-0.112562799826264,
657,-0.164128,0.353768799453974,-0.0562813999131322,
658,-0.163616,0.385929599404335,0,
659,-0.163104,0.418090399354696,0.0402009999379516,
660,-0.162592,0.434170799329877,0.0964823998510838,
661,-0.16208,0.466331599280238,0.152763799764216,
662,-0.161568,0.482411999255419,0.201004999689758,
663,-0.161056,0.482411999255419,0.2492461996153,
664,-0.160544,0.490452199243009,0.289447199553251,
665,-0.160032,0.498492399230599,0.329648199491203,
666,-0.15952,0.490452199243009,0.377889399416745,
667,-0.159008,0.482411999255419,0.402009999379516,
668,-0.158496,0.474371799267828,0.434170799329877,
669,-0.157984,0.450251199305058,0.458291399292648,
670,-0.157472,0.442210999317467,0.498492399230599,
671,-0.15696,0.410050199367106,0.50653259921819,
672,-0.156448,0.385929599404335,0.52261299919337,
673,-0.155936,0.353768799453974,0.530653199180961,
674,-0.155424,0.313567799516022,0.530653199180961,
675,-0.154912,0.273366799578071,0.530653199180961,
676,-0.1544,0.225125599652529,0.52261299919337,
677,-0.153888,0.184924599714577,0.51457279920578,
678,-0.153376,0.144723599776626,0.50653259921819,
679,-0.152864,0.104522599838674,0.474371799267828,
680,-0.152352,0.0482411999255419,0.458291399292648,
681,-0.15184,0.00804019998759031,0.426130599342287,
682,-0.151328,-0.0321607999503613,0.385929599404335,
683,-0.150816,-0.0964823998510838,0.361808999441564,
684,-0.150304,-0.144723599776626,0.313567799516022,
685,-0.149792,-0.184924599714577,0.273366799578071,
686,-0.14928,-0.233165799640119,0.233165799640119,
687,-0.148768,-0.26532659959048,0.176884399726987,
688,-0.148256,-0.305527599528432,0.128643199801445,
689,-0.147744,-0.353768799453974,0.0804019998759031,
690,-0.147232,-0.385929599404335,0.0321607999503613,
691,-0.14672,-0.418090399354696,-0.0321607999503613,
692,-0.146208,-0.418090399354696,-0.0723617998883128,
693,-0.145696,-0.466331599280238,-0.128643199801445,
694,-0.145184,-0.482411999255419,-0.168844199739397,
695,-0.144672,-0.490452199243009,-0.225125599652529,
696,-0.14416,-0.50653259921819,-0.273366799578071,
697,-0.143648,-0.498492399230599,-0.321607999503613,
698,-0.143136,-0.498492399230599,-0.353768799453974,
699,-0.142624,-0.490452199243009,-0.393969799391925,
700,-0.142112,-0.490452199243009,-0.426130599342287,
701,-0.1416,-0.466331599280238,-0.458291399292648,
702,-0.141088,-0.450251199305058,-0.490452199243009,
703,-0.140576,-0.434170799329877,-0.50653259921819,
704,-0.140064,-0.418090399354696,-0.52261299919337,
705,-0.139552,-0.377889399416745,-0.538693399168551,
706,-0.13904,-0.337688399478793,-0.546733599156141,
707,-0.138528,-0.321607999503613,-0.538693399168551,
708,-0.138016,-0.273366799578071,-0.538693399168551,
709,-0.137504,-0.225125599652529,-0.530653199180961,
710,-0.136992,-0.176884399726987,-0.530653199180961,
711,-0.13648,-0.144723599776626,-0.498492399230599,
712,-0.135968,-0.0804019998759031,-0.482411999255419,
713,-0.135456,-0.0402009999379516,-0.442210999317467,
714,-0.134944,0,-0.426130599342287,
715,-0.134432,0.0562813999131322,-0.385929599404335,
716,-0.13392,0.104522599838674,-0.353768799453974,
717,-0.133408,0.152763799764216,-0.305527599528432,
718,-0.132896,0.192964799702168,-0.26532659959048,
719,-0.132384,0.241205999627709,-0.217085399664938,
720,-0.131872,0.281406999565661,-0.168844199739397,
721,-0.13136,0.313567799516022,-0.120602999813855,
722,-0.130848,0.353768799453974,-0.0643215999007225,
723,-0.130336,0.393969799391925,-0.0160803999751806,
724,-0.129824,0.410050199367106,0.0402009999379516,
725,-0.129312,0.434170799329877,0.0964823998510838,
726,-0.1288,0.458291399292648,0.144723599776626,
727,-0.128288,0.474371799267828,0.192964799702168,
728,-0.127776,0.490452199243009,0.241205999627709,
729,-0.127264,0.490452199243009,0.289447199553251,
730,-0.126752,0.490452199243009,0.329648199491203,
731,-0.12624,0.490452199243009,0.369849199429154,
732,-0.125728,0.482411999255419,0.402009999379516,
733,-0.125216,0.474371799267828,0.442210999317467,
734,-0.124704,0.458291399292648,0.458291399292648,
735,-0.124192,0.442210999317467,0.482411999255419,
736,-0.12368,0.410050199367106,0.50653259921819,
737,-0.123168,0.385929599404335,0.51457279920578,
738,-0.122656,0.361808999441564,0.52261299919337,
739,-0.122144,0.321607999503613,0.530653199180961,
740,-0.121632,0.281406999565661,0.530653199180961,
741,-0.12112,0.233165799640119,0.530653199180961,
742,-0.120608,0.201004999689758,0.51457279920578,
743,-0.120096,0.144723599776626,0.498492399230599,
744,-0.119584,0.104522599838674,0.482411999255419,
745,-0.119072,0.0482411999255419,0.458291399292648,
746,-0.11856,0.0160803999751806,0.434170799329877,
747,-0.118048,-0.0402009999379516,0.402009999379516,
748,-0.117536,-0.0884421998634934,0.369849199429154,
749,-0.117024,-0.136683399789035,0.321607999503613,
750,-0.116512,-0.176884399726987,0.281406999565661,
751,-0.116,-0.233165799640119,0.233165799640119,
752,-0.115488,-0.26532659959048,0.184924599714577,
753,-0.114976,-0.305527599528432,0.136683399789035,
754,-0.114464,-0.345728599466383,0.0804019998759031,
755,-0.113952,-0.377889399416745,0.0241205999627709,
756,-0.11344,-0.410050199367106,-0.0160803999751806,
757,-0.112928,-0.434170799329877,-0.0723617998883128,
758,-0.112416,-0.458291399292648,-0.120602999813855,
759,-0.111904,-0.474371799267828,-0.176884399726987,
760,-0.111392,-0.482411999255419,-0.225125599652529,
761,-0.11088,-0.498492399230599,-0.26532659959048,
762,-0.110368,-0.498492399230599,-0.313567799516022,
763,-0.109856,-0.50653259921819,-0.345728599466383,
764,-0.109344,-0.498492399230599,-0.393969799391925,
765,-0.108832,-0.498492399230599,-0.426130599342287,
766,-0.10832,-0.474371799267828,-0.450251199305058,
767,-0.107808,-0.450251199305058,-0.482411999255419,
768,-0.107296,-0.442210999317467,-0.50653259921819,
769,-0.106784,-0.410050199367106,-0.51457279920578,
770,-0.106272,-0.385929599404335,-0.530653199180961,
771,-0.10576,-0.345728599466383,-0.538693399168551,
772,-0.105248,-0.313567799516022,-0.546733599156141,
773,-0.104736,-0.26532659959048,-0.538693399168551,
774,-0.104224,-0.241205999627709,-0.530653199180961,
775,-0.103712,-0.184924599714577,-0.52261299919337,
776,-0.1032,-0.144723599776626,-0.498492399230599,
777,-0.102688,-0.0964823998510838,-0.490452199243009,
778,-0.102176,-0.0482411999255419,-0.458291399292648,
779,-0.101664,0,-0.418090399354696,
780,-0.101152,0.0482411999255419,-0.385929599404335,
781,-0.10064,0.0884421998634934,-0.353768799453974,
782,-0.100128,0.144723599776626,-0.305527599528432,
783,-0.099616,0.184924599714577,-0.26532659959048,
784,-0.099104,0.233165799640119,-0.225125599652529,
785,-0.098592,0.281406999565661,-0.168844199739397,
786,-0.09808,0.313567799516022,-0.112562799826264,
787,-0.097568,0.345728599466383,-0.0723617998883128,
788,-0.097056,0.385929599404335,-0.0160803999751806,
789,-0.096544,0.410050199367106,0.0241205999627709,
790,-0.096032,0.434170799329877,0.0884421998634934,
791,-0.09552,0.450251199305058,0.136683399789035,
792,-0.095008,0.474371799267828,0.184924599714577,
793,-0.094496,0.482411999255419,0.233165799640119,
794,-0.093984,0.490452199243009,0.281406999565661,
795,-0.093472,0.490452199243009,0.329648199491203,
796,-0.09296,0.490452199243009,0.361808999441564,
797,-0.092448,0.482411999255419,0.393969799391925,
798,-0.091936,0.474371799267828,0.434170799329877,
799,-0.091424,0.466331599280238,0.458291399292648,
800,-0.090912,0.442210999317467,0.474371799267828,
801,-0.0904,0.418090399354696,0.50653259921819,
802,-0.089888,0.393969799391925,0.51457279920578,
803,-0.089376,0.345728599466383,0.52261299919337,
804,-0.088864,0.321607999503613,0.538693399168551,
805,-0.088352,0.281406999565661,0.530653199180961,
806,-0.08784,0.241205999627709,0.530653199180961,
807,-0.087328,0.209045199677348,0.52261299919337,
808,-0.086816,0.152763799764216,0.50653259921819,
809,-0.086304,0.112562799826264,0.482411999255419,
810,-0.085792,0.0562813999131322,0.466331599280238,
811,-0.08528,0.0160803999751806,0.434170799329877,
812,-0.084768,-0.0321607999503613,0.402009999379516,
813,-0.084256,-0.0804019998759031,0.361808999441564,
814,-0.083744,-0.128643199801445,0.329648199491203,
815,-0.083232,-0.176884399726987,0.289447199553251,
816,-0.08272,-0.217085399664938,0.233165799640119,
817,-0.082208,-0.26532659959048,0.184924599714577,
818,-0.081696,-0.297487399540842,0.136683399789035,
819,-0.081184,-0.337688399478793,0.0884421998634934,
820,-0.080672,-0.377889399416745,0.0321607999503613,
821,-0.08016,-0.410050199367106,-0.0160803999751806,
822,-0.079648,-0.434170799329877,-0.0643215999007225,
823,-0.079136,-0.450251199305058,-0.120602999813855,
824,-0.078624,-0.482411999255419,-0.168844199739397,
825,-0.078112,-0.490452199243009,-0.217085399664938,
826,-0.0776,-0.498492399230599,-0.2492461996153,
827,-0.077088,-0.50653259921819,-0.305527599528432,
828,-0.076576,-0.498492399230599,-0.353768799453974,
829,-0.076064,-0.51457279920578,-0.385929599404335,
830,-0.075552,-0.498492399230599,-0.426130599342287,
831,-0.07504,-0.482411999255419,-0.458291399292648,
832,-0.074528,-0.466331599280238,-0.466331599280238,
833,-0.074016,-0.434170799329877,-0.498492399230599,
834,-0.073504,-0.418090399354696,-0.52261299919337,
835,-0.072992,-0.393969799391925,-0.538693399168551,
836,-0.07248,-0.353768799453974,-0.538693399168551,
837,-0.071968,-0.305527599528432,-0.546733599156141,
838,-0.071456,-0.273366799578071,-0.538693399168551,
839,-0.070944,-0.225125599652529,-0.538693399168551,
840,-0.070432,-0.192964799702168,-0.52261299919337,
841,-0.06992,-0.136683399789035,-0.50653259921819,
842,-0.069408,-0.104522599838674,-0.482411999255419,
843,-0.068896,-0.0562813999131322,-0.458291399292648,
844,-0.068384,0,-0.426130599342287,
845,-0.067872,0.0482411999255419,-0.393969799391925,
846,-0.06736,0.0804019998759031,-0.353768799453974,
847,-0.066848,0.136683399789035,-0.313567799516022,
848,-0.066336,0.176884399726987,-0.273366799578071,
849,-0.065824,0.233165799640119,-0.225125599652529,
850,-0.065312,0.26532659959048,-0.176884399726987,
851,-0.0648,0.313567799516022,-0.120602999813855,
852,-0.064288,0.345728599466383,-0.0643215999007225,
853,-0.063776,0.377889399416745,-0.0241205999627709,
854,-0.063264,0.402009999379516,0.0321607999503613,
855,-0.062752,0.442210999317467,0.0804019998759031,
856,-0.06224,0.450251199305058,0.128643199801445,
857,-0.061728,0.474371799267828,0.176884399726987,
858,-0.061216,0.474371799267828,0.233165799640119,
859,-0.060704,0.490452199243009,0.281406999565661,
860,-0.060192,0.490452199243009,0.321607999503613,
861,-0.05968,0.490452199243009,0.361808999441564,
862,-0.059168,0.490452199243009,0.393969799391925,
863,-0.058656,0.474371799267828,0.426130599342287,
864,-0.058144,0.466331599280238,0.458291399292648,
865,-0.057632,0.442210999317467,0.482411999255419,
866,-0.05712,0.418090399354696,0.498492399230599,
867,-0.056608,0.393969799391925,0.51457279920578,
868,-0.056096,0.361808999441564,0.530653199180961,
869,-0.055584,0.329648199491203,0.530653199180961,
870,-0.055072,0.297487399540842,0.530653199180961,
871,-0.05456,0.2492461996153,0.530653199180961,
872,-0.054048,0.209045199677348,0.51457279920578,
873,-0.053536,0.160803999751806,0.50653259921819,
874,-0.053024,0.112562799826264,0.482411999255419,
875,-0.052512,0.0562813999131322,0.458291399292648,
876,-0.052,0.0160803999751806,0.442210999317467,
877,-0.051488,-0.0321607999503613,0.393969799391925,
878,-0.050976,-0.0723617998883128,0.361808999441564,
879,-0.050464,-0.128643199801445,0.329648199491203,
880,-0.049952,-0.184924599714577,0.289447199553251,
881,-0.04944,-0.201004999689758,0.241205999627709,
882,-0.048928,-0.25728639960289,0.192964799702168,
883,-0.048416,-0.297487399540842,0.144723599776626,
884,-0.047904,-0.337688399478793,0.0884421998634934,
885,-0.047392,-0.369849199429154,0.0321607999503613,
886,-0.04688,-0.410050199367106,-0.0160803999751806,
887,-0.046368,-0.426130599342287,-0.0643215999007225,
888,-0.045856,-0.458291399292648,-0.112562799826264,
889,-0.045344,-0.466331599280238,-0.168844199739397,
890,-0.044832,-0.482411999255419,-0.217085399664938,
891,-0.04432,-0.498492399230599,-0.26532659959048,
892,-0.043808,-0.50653259921819,-0.297487399540842,
893,-0.043296,-0.50653259921819,-0.345728599466383,
894,-0.042784,-0.498492399230599,-0.385929599404335,
895,-0.042272,-0.498492399230599,-0.418090399354696,
896,-0.04176,-0.482411999255419,-0.458291399292648,
897,-0.041248,-0.466331599280238,-0.474371799267828,
898,-0.040736,-0.450251199305058,-0.498492399230599,
899,-0.040224,-0.410050199367106,-0.51457279920578,
900,-0.039712,-0.393969799391925,-0.530653199180961,
901,-0.0392,-0.353768799453974,-0.530653199180961,
902,-0.038688,-0.313567799516022,-0.546733599156141,
903,-0.038176,-0.281406999565661,-0.546733599156141,
904,-0.037664,-0.241205999627709,-0.530653199180961,
905,-0.037152,-0.201004999689758,-0.52261299919337,
906,-0.03664,-0.144723599776626,-0.51457279920578,
907,-0.036128,-0.112562799826264,-0.490452199243009,
908,-0.035616,-0.0482411999255419,-0.466331599280238,
909,-0.035104,-0.00804019998759031,-0.426130599342287,
910,-0.034592,0.0321607999503613,-0.393969799391925,
911,-0.03408,0.0884421998634934,-0.353768799453974,
912,-0.033568,0.136683399789035,-0.321607999503613,
913,-0.033056,0.184924599714577,-0.26532659959048,
914,-0.032544,0.225125599652529,-0.225125599652529,
915,-0.032032,0.273366799578071,-0.184924599714577,
916,-0.03152,0.305527599528432,-0.128643199801445,
917,-0.031008,0.353768799453974,-0.0723617998883128,
918,-0.030496,0.385929599404335,-0.0241205999627709,
919,-0.029984,0.402009999379516,0.0241205999627709,
920,-0.029472,0.434170799329877,0.0723617998883128,
921,-0.02896,0.450251199305058,0.128643199801445,
922,-0.028448,0.466331599280238,0.176884399726987,
923,-0.027936,0.482411999255419,0.225125599652529,
924,-0.027424,0.498492399230599,0.273366799578071,
925,-0.026912,0.490452199243009,0.313567799516022,
926,-0.0264,0.490452199243009,0.353768799453974,
927,-0.025888,0.490452199243009,0.393969799391925,
928,-0.025376,0.474371799267828,0.426130599342287,
929,-0.024864,0.466331599280238,0.450251199305058,
930,-0.024352,0.442210999317467,0.482411999255419,
931,-0.02384,0.426130599342287,0.498492399230599,
932,-0.023328,0.393969799391925,0.51457279920578,
933,-0.022816,0.369849199429154,0.530653199180961,
934,-0.022304,0.329648199491203,0.530653199180961,
935,-0.021792,0.297487399540842,0.538693399168551,
936,-0.02128,0.2492461996153,0.52261299919337,
937,-0.020768,0.201004999689758,0.52261299919337,
938,-0.020256,0.160803999751806,0.51457279920578,
939,-0.019744,0.112562799826264,0.490452199243009,
940,-0.019232,0.0723617998883128,0.458291399292648,
941,-0.01872,0.0160803999751806,0.434170799329877,
942,-0.018208,-0.0241205999627709,0.402009999379516,
943,-0.017696,-0.0804019998759031,0.369849199429154,
944,-0.017184,-0.128643199801445,0.329648199491203,
945,-0.016672,-0.168844199739397,0.289447199553251,
946,-0.01616,-0.209045199677348,0.2492461996153,
947,-0.015648,-0.25728639960289,0.192964799702168,
948,-0.015136,-0.297487399540842,0.144723599776626,
949,-0.014624,-0.337688399478793,0.0964823998510838,
950,-0.014112,-0.369849199429154,0.0402009999379516,
951,-0.0136,-0.393969799391925,-0.00804019998759031,
952,-0.013088,-0.434170799329877,-0.0643215999007225,
953,-0.012576,-0.458291399292648,-0.104522599838674,
954,-0.012064,-0.474371799267828,-0.152763799764216,
955,-0.011552,-0.482411999255419,-0.209045199677348,
956,-0.01104,-0.498492399230599,-0.25728639960289,
957,-0.010528,-0.50653259921819,-0.289447199553251,
958,-0.010016,-0.50653259921819,-0.337688399478793,
959,-0.00950400000000001,-0.50653259921819,-0.385929599404335,
960,-0.008992,-0.498492399230599,-0.410050199367106,
961,-0.00848000000000004,-0.474371799267828,-0.442210999317467,
962,-0.00796800000000003,-0.466331599280238,-0.474371799267828,
963,-0.00745600000000002,-0.442210999317467,-0.498492399230599,
964,-0.00694400000000001,-0.426130599342287,-0.51457279920578,
965,-0.00643200000000005,-0.393969799391925,-0.530653199180961,
966,-0.00592000000000004,-0.361808999441564,-0.538693399168551,
967,-0.00540800000000002,-0.329648199491203,-0.538693399168551,
968,-0.00489600000000001,-0.281406999565661,-0.538693399168551,
969,-0.004384,-0.241205999627709,-0.538693399168551,
970,-0.00387200000000004,-0.192964799702168,-0.530653199180961,
971,-0.00336000000000003,-0.160803999751806,-0.51457279920578,
972,-0.00284800000000002,-0.0964823998510838,-0.490452199243009,
973,-0.002336,-0.0562813999131322,-0.458291399292648,
974,-0.00182400000000005,-0.0160803999751806,-0.434170799329877,
975,-0.00131200000000004,0.0321607999503613,-0.402009999379516,
976,-0.000800000000000023,0.0804019998759031,-0.361808999441564,
977,-0.00028800000000001,0.136683399789035,-0.321607999503613,
978,0.000224000000000002,0.176884399726987,-0.281406999565661,
979,0.000735999999999959,0.217085399664938,-0.233165799640119,
980,0.00124800000000003,0.273366799578071,-0.192964799702168,
981,0.00175999999999998,0.297487399540842,-0.128643199801445,
982,0.00227199999999994,0.337688399478793,-0.0884421998634934,
983,0.00278400000000001,0.377889399416745,-0.0321607999503613,
984,0.00329599999999997,0.410050199367106,0.0160803999751806,
985,0.00380799999999992,0.434170799329877,0.0723617998883128,
986,0.00431999999999999,0.442210999317467,0.120602999813855,
987,0.00483199999999995,0.458291399292648,0.168844199739397,
988,0.00534400000000002,0.482411999255419,0.217085399664938,
989,0.00585599999999997,0.498492399230599,0.26532659959048,
990,0.00636799999999993,0.498492399230599,0.313567799516022,
991,0.00688,0.50653259921819,0.345728599466383,
992,0.00739199999999995,0.490452199243009,0.385929599404335,
993,0.00790400000000002,0.482411999255419,0.426130599342287,
994,0.00841599999999998,0.458291399292648,0.450251199305058,
995,0.00892799999999994,0.450251199305058,0.474371799267828,
996,0.00944,0.426130599342287,0.498492399230599,
997,0.00995199999999996,0.402009999379516,0.51457279920578,
998,0.010464,0.361808999441564,0.530653199180961,
999,0.010976,0.329648199491203,0.530653199180961,
1000,0.0114879999999999,0.297487399540842,0.530653199180961,
1001,0.012,0.2492461996153,0.52261299919337,
1002,0.012512,0.209045199677348,0.51457279920578,
1003,0.0130239999999999,0.176884399726987,0.51457279920578,
1004,0.013536,0.112562799826264,0.490452199243009,
1005,0.0140479999999999,0.0804019998759031,0.466331599280238,
1006,0.01456,0.0241205999627709,0.442210999317467,
1007,0.015072,-0.0241205999627709,0.410050199367106,
1008,0.0155839999999999,-0.0643215999007225,0.377889399416745,
1009,0.016096,-0.120602999813855,0.345728599466383,
1010,0.016608,-0.168844199739397,0.289447199553251,
1011,0.01712,-0.201004999689758,0.2492461996153,
1012,0.017632,-0.2492461996153,0.201004999689758,
1013,0.0181439999999999,-0.289447199553251,0.152763799764216,
1014,0.018656,-0.329648199491203,0.104522599838674,
1015,0.019168,-0.369849199429154,0.0482411999255419,
1016,0.01968,-0.393969799391925,0,
1017,0.020192,-0.426130599342287,-0.0562813999131322,
1018,0.0207039999999999,-0.450251199305058,-0.0964823998510838,
1019,0.021216,-0.474371799267828,-0.152763799764216,
1020,0.021728,-0.482411999255419,-0.209045199677348,
1021,0.0222399999999999,-0.498492399230599,-0.2492461996153,
1022,0.022752,-0.50653259921819,-0.297487399540842,
1023,0.023264,-0.50653259921819,-0.337688399478793,
1024,0.023776,-0.498492399230599,-0.385929599404335,
1025,0.024288,-0.490452199243009,-0.410050199367106,
1026,0.0247999999999999,-0.482411999255419,-0.442210999317467,
1027,0.025312,-0.466331599280238,-0.474371799267828,
1028,0.025824,-0.450251199305058,-0.490452199243009,
1029,0.026336,-0.426130599342287,-0.51457279920578,
1030,0.026848,-0.393969799391925,-0.52261299919337,
1031,0.0273599999999999,-0.369849199429154,-0.538693399168551,
1032,0.027872,-0.329648199491203,-0.538693399168551,
1033,0.028384,-0.289447199553251,-0.538693399168551,
1034,0.0288959999999999,-0.2492461996153,-0.546733599156141,
1035,0.029408,-0.209045199677348,-0.52261299919337,
1036,0.0299199999999999,-0.152763799764216,-0.50653259921819,
1037,0.030432,-0.112562799826264,-0.490452199243009,
1038,0.030944,-0.0643215999007225,-0.466331599280238,
1039,0.0314559999999999,-0.0241205999627709,-0.442210999317467,
1040,0.031968,0.0402009999379516,-0.402009999379516,
1041,0.03248,0.0884421998634934,-0.361808999441564,
1042,0.032992,0.120602999813855,-0.329648199491203,
1043,0.033504,0.168844199739397,-0.281406999565661,
1044,0.0340159999999999,0.225125599652529,-0.241205999627709,
1045,0.034528,0.26532659959048,-0.184924599714577,
1046,0.03504,0.297487399540842,-0.136683399789035,
1047,0.035552,0.337688399478793,-0.0884421998634934,
1048,0.036064,0.369849199429154,-0.0321607999503613,
1049,0.0365759999999999,0.402009999379516,0.0241205999627709,
1050,0.037088,0.426130599342287,0.0643215999007225,
1051,0.0376,0.450251199305058,0.120602999813855,
1052,0.0381119999999999,0.450251199305058,0.168844199739397,
1053,0.038624,0.482411999255419,0.217085399664938,
1054,0.0391359999999999,0.490452199243009,0.26532659959048,
1055,0.039648,0.498492399230599,0.305527599528432,
1056,0.04016,0.498492399230599,0.353768799453974,
1057,0.0406719999999999,0.482411999255419,0.385929599404335,
1058,0.041184,0.482411999255419,0.418090399354696,
1059,0.041696,0.466331599280238,0.450251199305058,
1060,0.042208,0.442210999317467,0.474371799267828,
1061,0.04272,0.418090399354696,0.498492399230599,
1062,0.0432319999999999,0.393969799391925,0.51457279920578,
1063,0.043744,0.377889399416745,0.530653199180961,
1064,0.044256,0.345728599466383,0.530653199180961,
1065,0.044768,0.297487399540842,0.530653199180961,
1066,0.04528,0.25728639960289,0.530653199180961,
1067,0.0457919999999999,0.217085399664938,0.530653199180961,
1068,0.046304,0.176884399726987,0.51457279920578,
1069,0.046816,0.120602999813855,0.490452199243009,
1070,0.0473279999999999,0.0723617998883128,0.466331599280238,
1071,0.04784,0.0402009999379516,0.450251199305058,
1072,0.048352,-0.0241205999627709,0.418090399354696,
1073,0.048864,-0.0643215999007225,0.377889399416745,
1074,0.049376,-0.120602999813855,0.345728599466383,
1075,0.0498879999999999,-0.152763799764216,0.297487399540842,
1076,0.0504,-0.209045199677348,0.25728639960289,
1077,0.050912,-0.241205999627709,0.209045199677348,
1078,0.051424,-0.297487399540842,0.160803999751806,
1079,0.051936,-0.329648199491203,0.104522599838674,
1080,0.0524479999999999,-0.353768799453974,0.0562813999131322,
1081,0.05296,-0.393969799391925,0.00804019998759031,
1082,0.053472,-0.418090399354696,-0.0482411999255419,
1083,0.0539839999999999,-0.450251199305058,-0.0964823998510838,
1084,0.054496,-0.474371799267828,-0.152763799764216,
1085,0.0550079999999999,-0.490452199243009,-0.201004999689758,
1086,0.05552,-0.50653259921819,-0.2492461996153,
1087,0.056032,-0.498492399230599,-0.289447199553251,
1088,0.0565439999999999,-0.498492399230599,-0.329648199491203,
1089,0.057056,-0.498492399230599,-0.369849199429154,
1090,0.057568,-0.498492399230599,-0.410050199367106,
1091,0.05808,-0.490452199243009,-0.434170799329877,
1092,0.058592,-0.466331599280238,-0.466331599280238,
1093,0.0591039999999999,-0.458291399292648,-0.490452199243009,
1094,0.059616,-0.418090399354696,-0.51457279920578,
1095,0.060128,-0.393969799391925,-0.52261299919337,
1096,0.06064,-0.369849199429154,-0.538693399168551,
1097,0.061152,-0.329648199491203,-0.546733599156141,
1098,0.0616639999999999,-0.297487399540842,-0.538693399168551,
1099,0.062176,-0.2492461996153,-0.538693399168551,
1100,0.062688,-0.201004999689758,-0.51457279920578,
1101,0.0631999999999999,-0.168844199739397,-0.50653259921819,
1102,0.063712,-0.120602999813855,-0.498492399230599,
1103,0.0642239999999999,-0.0643215999007225,-0.474371799267828,
1104,0.064736,-0.0160803999751806,-0.434170799329877,
1105,0.065248,0.0241205999627709,-0.410050199367106,
1106,0.0657599999999999,0.0804019998759031,-0.369849199429154,
1107,0.066272,0.120602999813855,-0.337688399478793,
1108,0.066784,0.168844199739397,-0.289447199553251,
1109,0.067296,0.217085399664938,-0.241205999627709,
1110,0.067808,0.25728639960289,-0.192964799702168,
1111,0.0683199999999999,0.297487399540842,-0.144723599776626,
1112,0.068832,0.329648199491203,-0.0964823998510838,
1113,0.069344,0.369849199429154,-0.0321607999503613,
1114,0.069856,0.393969799391925,0,
1115,0.070368,0.426130599342287,0.0643215999007225,
1116,0.0708799999999999,0.450251199305058,0.112562799826264,
1117,0.071392,0.466331599280238,0.160803999751806,
1118,0.071904,0.474371799267828,0.209045199677348,
1119,0.0724159999999999,0.482411999255419,0.25728639960289,
1120,0.072928,0.490452199243009,0.305527599528432,
1121,0.07344,0.498492399230599,0.345728599466383,
1122,0.073952,0.490452199243009,0.377889399416745,
1123,0.074464,0.482411999255419,0.418090399354696,
1124,0.0749759999999999,0.466331599280238,0.442210999317467,
1125,0.075488,0.450251199305058,0.474371799267828,
1126,0.076,0.434170799329877,0.498492399230599,
1127,0.076512,0.410050199367106,0.50653259921819,
1128,0.077024,0.377889399416745,0.51457279920578,
1129,0.0775359999999999,0.345728599466383,0.530653199180961,
1130,0.078048,0.305527599528432,0.538693399168551,
1131,0.07856,0.26532659959048,0.538693399168551,
1132,0.0790719999999999,0.225125599652529,0.530653199180961,
1133,0.079584,0.184924599714577,0.51457279920578,
1134,0.0800959999999999,0.128643199801445,0.498492399230599,
1135,0.080608,0.0884421998634934,0.474371799267828,
1136,0.08112,0.0402009999379516,0.450251199305058,
1137,0.0816319999999999,-0.00804019998759031,0.418090399354696,
1138,0.082144,-0.0562813999131322,0.377889399416745,
1139,0.082656,-0.112562799826264,0.345728599466383,
1140,0.083168,-0.152763799764216,0.297487399540842,
1141,0.08368,-0.201004999689758,0.25728639960289,
1142,0.0841919999999999,-0.2492461996153,0.209045199677348,
1143,0.084704,-0.281406999565661,0.160803999751806,
1144,0.085216,-0.329648199491203,0.112562799826264,
1145,0.085728,-0.361808999441564,0.0562813999131322,
1146,0.08624,-0.393969799391925,0.00804019998759031,
1147,0.0867519999999999,-0.418090399354696,-0.0402009999379516,
1148,0.087264,-0.450251199305058,-0.0964823998510838,
1149,0.087776,-0.466331599280238,-0.144723599776626,
1150,0.0882879999999999,-0.482411999255419,-0.184924599714577,
1151,0.0888,-0.490452199243009,-0.241205999627709,
1152,0.0893119999999999,-0.498492399230599,-0.281406999565661,
1153,0.089824,-0.50653259921819,-0.329648199491203,
1154,0.090336,-0.498492399230599,-0.369849199429154,
1155,0.0908479999999999,-0.490452199243009,-0.402009999379516,
1156,0.09136,-0.490452199243009,-0.434170799329877,
1157,0.091872,-0.482411999255419,-0.458291399292648,
1158,0.092384,-0.458291399292648,-0.482411999255419,
1159,0.092896,-0.434170799329877,-0.50653259921819,
1160,0.0934079999999999,-0.402009999379516,-0.530653199180961,
1161,0.09392,-0.369849199429154,-0.538693399168551,
1162,0.094432,-0.329648199491203,-0.546733599156141,
1163,0.094944,-0.289447199553251,-0.538693399168551,
1164,0.095456,-0.25728639960289,-0.538693399168551,
1165,0.0959679999999999,-0.209045199677348,-0.530653199180961,
1166,0.09648,-0.160803999751806,-0.51457279920578,
1167,0.096992,-0.128643199801445,-0.490452199243009,
1168,0.0975039999999999,-0.0723617998883128,-0.466331599280238,
1169,0.098016,-0.0402009999379516,-0.442210999317467,
1170,0.0985279999999999,0.0241205999627709,-0.410050199367106,
1171,0.09904,0.0643215999007225,-0.369849199429154,
1172,0.099552,0.120602999813855,-0.337688399478793,
1173,0.100064,0.160803999751806,-0.289447199553251,
1174,0.100576,0.209045199677348,-0.2492461996153,
1175,0.101088,0.25728639960289,-0.201004999689758,
1176,0.1016,0.289447199553251,-0.152763799764216,
1177,0.102112,0.329648199491203,-0.0964823998510838,
1178,0.102624,0.361808999441564,-0.0482411999255419,
1179,0.103136,0.393969799391925,0.00804019998759031,
1180,0.103648,0.426130599342287,0.0562813999131322,
1181,0.10416,0.450251199305058,0.104522599838674,
1182,0.104672,0.466331599280238,0.152763799764216,
1183,0.105184,0.482411999255419,0.209045199677348,
1184,0.105696,0.498492399230599,0.25728639960289,
1185,0.106208,0.498492399230599,0.297487399540842,
1186,0.10672,0.490452199243009,0.337688399478793,
1187,0.107232,0.482411999255419,0.377889399416745,
1188,0.107744,0.482411999255419,0.410050199367106,
1189,0.108256,0.474371799267828,0.434170799329877,
1190,0.108768,0.450251199305058,0.466331599280238,
1191,0.10928,0.426130599342287,0.498492399230599,
1192,0.109792,0.402009999379516,0.51457279920578,
1193,0.110304,0.377889399416745,0.530653199180961,
1194,0.110816,0.337688399478793,0.538693399168551,
1195,0.111328,0.297487399540842,0.530653199180961,
1196,0.11184,0.273366799578071,0.530653199180961,
1197,0.112352,0.225125599652529,0.52261299919337,
1198,0.112864,0.184924599714577,0.52261299919337,
1199,0.113376,0.136683399789035,0.498492399230599,
1200,0.113888,0.0884421998634934,0.474371799267828,
1201,0.1144,0.0321607999503613,0.442210999317467,
1202,0.114912,-0.00804019998759031,0.418090399354696,
1203,0.115424,-0.0562813999131322,0.385929599404335,
1204,0.115936,-0.104522599838674,0.345728599466383,
1205,0.116448,-0.144723599776626,0.305527599528432,
1206,0.11696,-0.201004999689758,0.26532659959048,
1207,0.117472,-0.241205999627709,0.217085399664938,
1208,0.117984,-0.289447199553251,0.176884399726987,
1209,0.118496,-0.313567799516022,0.120602999813855,
1210,0.119008,-0.353768799453974,0.0643215999007225,
1211,0.11952,-0.393969799391925,0.0160803999751806,
1212,0.120032,-0.418090399354696,-0.0321607999503613,
1213,0.120544,-0.442210999317467,-0.0884421998634934,
1214,0.121056,-0.458291399292648,-0.136683399789035,
1215,0.121568,-0.474371799267828,-0.192964799702168,
1216,0.12208,-0.498492399230599,-0.233165799640119,
1217,0.122592,-0.498492399230599,-0.281406999565661,
1218,0.123104,-0.50653259921819,-0.321607999503613,
1219,0.123616,-0.50653259921819,-0.369849199429154,
1220,0.124128,-0.498492399230599,-0.402009999379516,
1221,0.12464,-0.490452199243009,-0.442210999317467,
1222,0.125152,-0.474371799267828,-0.458291399292648,
1223,0.125664,-0.466331599280238,-0.498492399230599,
1224,0.126176,-0.426130599342287,-0.51457279920578,
1225,0.126688,-0.402009999379516,-0.530653199180961,
1226,0.1272,-0.369849199429154,-0.538693399168551,
1227,0.127712,-0.337688399478793,-0.538693399168551,
1228,0.128224,-0.297487399540842,-0.538693399168551,
1229,0.128736,-0.26532659959048,-0.538693399168551,
1230,0.129248,-0.217085399664938,-0.530653199180961,
1231,0.12976,-0.176884399726987,-0.51457279920578,
1232,0.130272,-0.128643199801445,-0.498492399230599,
1233,0.130784,-0.0723617998883128,-0.482411999255419,
1234,0.131296,-0.0321607999503613,-0.450251199305058,
1235,0.131808,0.0241205999627709,-0.418090399354696,
1236,0.13232,0.0643215999007225,-0.377889399416745,
1237,0.132832,0.112562799826264,-0.345728599466383,
1238,0.133344,0.160803999751806,-0.297487399540842,
1239,0.133856,0.217085399664938,-0.25728639960289,
1240,0.134368,0.2492461996153,-0.209045199677348,
1241,0.13488,0.289447199553251,-0.160803999751806,
1242,0.135392,0.329648199491203,-0.104522599838674,
1243,0.135904,0.369849199429154,-0.0562813999131322,
1244,0.136416,0.385929599404335,-0.00804019998759031,
1245,0.136928,0.426130599342287,0.0482411999255419,
1246,0.13744,0.450251199305058,0.104522599838674,
1247,0.137952,0.458291399292648,0.152763799764216,
1248,0.138464,0.482411999255419,0.201004999689758,
1249,0.138976,0.490452199243009,0.241205999627709,
1250,0.139488,0.498492399230599,0.297487399540842,
1251,0.14,0.498492399230599,0.329648199491203,
1252,0.140512,0.498492399230599,0.377889399416745,
1253,0.141024,0.482411999255419,0.410050199367106,
1254,0.141536,0.474371799267828,0.442210999317467,
1255,0.142048,0.450251199305058,0.466331599280238,
1256,0.14256,0.418090399354696,0.490452199243009,
1257,0.143072,0.402009999379516,0.51457279920578,
1258,0.143584,0.377889399416745,0.52261299919337,
1259,0.144096,0.345728599466383,0.52261299919337,
1260,0.144608,0.313567799516022,0.546733599156141,
1261,0.14512,0.273366799578071,0.530653199180961,
1262,0.145632,0.233165799640119,0.530653199180961,
1263,0.146144,0.184924599714577,0.50653259921819,
1264,0.146656,0.136683399789035,0.498492399230599,
1265,0.147168,0.0884421998634934,0.482411999255419,
1266,0.14768,0.0482411999255419,0.450251199305058,
1267,0.148192,0,0.434170799329877,
1268,0.148704,-0.0482411999255419,0.385929599404335,
1269,0.149216,-0.104522599838674,0.353768799453974,
1270,0.149728,-0.152763799764216,0.313567799516022,
1271,0.15024,-0.192964799702168,0.273366799578071,
1272,0.150752,-0.233165799640119,0.233165799640119,
1273,0.151264,-0.26532659959048,0.168844199739397,
1274,0.151776,-0.313567799516022,0.120602999813855,
1275,0.152288,-0.345728599466383,0.0723617998883128,
1276,0.1528,-0.385929599404335,0.0160803999751806,
1277,0.153312,-0.410050199367106,-0.0321607999503613,
1278,0.153824,-0.434170799329877,-0.0804019998759031,
1279,0.154336,-0.450251199305058,-0.136683399789035,
1280,0.154848,-0.474371799267828,-0.184924599714577,
1281,0.15536,-0.490452199243009,-0.225125599652529,
1282,0.155872,-0.490452199243009,-0.281406999565661,
1283,0.156384,-0.50653259921819,-0.321607999503613,
1284,0.156896,-0.50653259921819,-0.361808999441564,
1285,0.157408,-0.50653259921819,-0.393969799391925,
1286,0.15792,-0.490452199243009,-0.434170799329877,
1287,0.158432,-0.474371799267828,-0.458291399292648,
1288,0.158944,-0.458291399292648,-0.490452199243009,
1289,0.159456,-0.426130599342287,-0.50653259921819,
1290,0.159968,-0.418090399354696,-0.530653199180961,
1291,0.16048,-0.369849199429154,-0.530653199180961,
1292,0.160992,-0.345728599466383,-0.538693399168551,
1293,0.161504,-0.297487399540842,-0.538693399168551,
1294,0.162016,-0.26532659959048,-0.538693399168551,
1295,0.162528,-0.225125599652529,-0.530653199180961,
1296,0.16304,-0.176884399726987,-0.50653259921819,
1297,0.163552,-0.120602999813855,-0.490452199243009,
1298,0.164064,-0.0884421998634934,-0.466331599280238,
1299,0.164576,-0.0241205999627709,-0.450251199305058,
1300,0.165088,0.00804019998759031,-0.418090399354696,
1301,0.1656,0.0562813999131322,-0.377889399416745,
1302,0.166112,0.112562799826264,-0.353768799453974,
1303,0.166624,0.160803999751806,-0.297487399540842,
1304,0.167136,0.201004999689758,-0.25728639960289,
1305,0.167648,0.2492461996153,-0.209045199677348,
1306,0.16816,0.281406999565661,-0.160803999751806,
1307,0.168672,0.313567799516022,-0.112562799826264,
1308,0.169184,0.353768799453974,-0.0562813999131322,
1309,0.169696,0.385929599404335,-0.00804019998759031,
1310,0.170208,0.410050199367106,0.0402009999379516,
1311,0.17072,0.442210999317467,0.0964823998510838,
1312,0.171232,0.474371799267828,0.144723599776626,
1313,0.171744,0.474371799267828,0.201004999689758,
1314,0.172256,0.490452199243009,0.241205999627709,
1315,0.172768,0.474371799267828,0.289447199553251,
1316,0.17328,0.490452199243009,0.329648199491203,
1317,0.173792,0.490452199243009,0.361808999441564,
1318,0.174304,0.490452199243009,0.410050199367106,
1319,0.174816,0.482411999255419,0.442210999317467,
1320,0.175328,0.450251199305058,0.466331599280238,
1321,0.17584,0.434170799329877,0.498492399230599,
1322,0.176352,0.418090399354696,0.498492399230599,
1323,0.176864,0.377889399416745,0.51457279920578,
1324,0.177376,0.353768799453974,0.538693399168551,
1325,0.177888,0.313567799516022,0.538693399168551,
1326,0.1784,0.281406999565661,0.530653199180961,
1327,0.178912,0.233165799640119,0.530653199180961,
1328,0.179424,0.192964799702168,0.51457279920578,
1329,0.179936,0.152763799764216,0.50653259921819,
1330,0.180448,0.0964823998510838,0.482411999255419,
1331,0.18096,0.0562813999131322,0.458291399292648,
1332,0.181472,0.00804019998759031,0.418090399354696,
1333,0.181984,-0.0402009999379516,0.393969799391925,
1334,0.182496,-0.0884421998634934,0.361808999441564,
1335,0.183008,-0.136683399789035,0.313567799516022,
1336,0.18352,-0.184924599714577,0.273366799578071,
1337,0.184032,-0.225125599652529,0.233165799640119,
1338,0.184544,-0.273366799578071,0.184924599714577,
1339,0.185056,-0.305527599528432,0.128643199801445,
1340,0.185568,-0.353768799453974,0.0804019998759031,
1341,0.18608,-0.377889399416745,0.0241205999627709,
1342,0.186592,-0.410050199367106,-0.0160803999751806,
1343,0.187104,-0.434170799329877,-0.0804019998759031,
1344,0.187616,-0.458291399292648,-0.120602999813855,
1345,0.188128,-0.474371799267828,-0.176884399726987,
1346,0.18864,-0.490452199243009,-0.225125599652529,
1347,0.189152,-0.498492399230599,-0.26532659959048,
1348,0.189664,-0.50653259921819,-0.313567799516022,
1349,0.190176,-0.50653259921819,-0.353768799453974,
1350,0.190688,-0.50653259921819,-0.393969799391925,
1351,0.1912,-0.490452199243009,-0.426130599342287,
1352,0.191712,-0.474371799267828,-0.458291399292648,
1353,0.192224,-0.450251199305058,-0.482411999255419,
1354,0.192736,-0.434170799329877,-0.498492399230599,
1355,0.193248,-0.410050199367106,-0.52261299919337,
1356,0.19376,-0.377889399416745,-0.538693399168551,
1357,0.194272,-0.345728599466383,-0.538693399168551,
1358,0.194784,-0.313567799516022,-0.538693399168551,
1359,0.195296,-0.26532659959048,-0.546733599156141,
1360,0.195808,-0.225125599652529,-0.530653199180961,
1361,0.19632,-0.168844199739397,-0.52261299919337,
1362,0.196832,-0.136683399789035,-0.498492399230599,
1363,0.197344,-0.0804019998759031,-0.474371799267828,
1364,0.197856,-0.0402009999379516,-0.458291399292648,
1365,0.198368,0,-0.418090399354696,
1366,0.19888,0.0562813999131322,-0.385929599404335,
1367,0.199392,0.104522599838674,-0.345728599466383,
1368,0.199904,0.152763799764216,-0.313567799516022,
1369,0.200416,0.201004999689758,-0.26532659959048,
1370,0.200928,0.241205999627709,-0.217085399664938,
1371,0.20144,0.281406999565661,-0.168844199739397,
1372,0.201952,0.329648199491203,-0.120602999813855,
1373,0.202464,0.345728599466383,-0.0562813999131322,
1374,0.202976,0.377889399416745,-0.0160803999751806,
1375,0.203488,0.410050199367106,0.0321607999503613,
1376,0.204,0.442210999317467,0.0884421998634934,
1377,0.204512,0.450251199305058,0.144723599776626,
1378,0.205024,0.474371799267828,0.192964799702168,
1379,0.205536,0.482411999255419,0.241205999627709,
1380,0.206048,0.490452199243009,0.289447199553251,
1381,0.20656,0.498492399230599,0.321607999503613,
1382,0.207072,0.498492399230599,0.361808999441564,
1383,0.207584,0.490452199243009,0.402009999379516,
1384,0.208096,0.482411999255419,0.426130599342287,
1385,0.208608,0.458291399292648,0.458291399292648,
1386,0.20912,0.434170799329877,0.490452199243009,
1387,0.209632,0.418090399354696,0.50653259921819,
1388,0.210144,0.385929599404335,0.52261299919337,
1389,0.210656,0.353768799453974,0.530653199180961,
1390,0.211168,0.313567799516022,0.538693399168551,
1391,0.21168,0.273366799578071,0.52261299919337,
1392,0.212192,0.241205999627709,0.530653199180961,
1393,0.212704,0.192964799702168,0.51457279920578,
1394,0.213216,0.144723599776626,0.50653259921819,
1395,0.213728,0.104522599838674,0.482411999255419,
1396,0.21424,0.0562813999131322,0.458291399292648,
1397,0.214752,0.0160803999751806,0.434170799329877,
1398,0.215264,-0.0402009999379516,0.393969799391925,
1399,0.215776,-0.0884421998634934,0.361808999441564,
1400,0.216288,-0.128643199801445,0.321607999503613,
1401,0.2168,-0.176884399726987,0.273366799578071,
1402,0.217312,-0.225125599652529,0.241205999627709,
1403,0.217824,-0.273366799578071,0.184924599714577,
1404,0.218336,-0.313567799516022,0.128643199801445,
1405,0.218848,-0.345728599466383,0.0884421998634934,
1406,0.21936,-0.377889399416745,0.0241205999627709,
1407,0.219872,-0.410050199367106,-0.0160803999751806,
1408,0.220384,-0.442210999317467,-0.0723617998883128,
1409,0.220896,-0.466331599280238,-0.120602999813855,
1410,0.221408,-0.474371799267828,-0.176884399726987,
1411,0.22192,-0.490452199243009,-0.225125599652529,
1412,0.222432,-0.498492399230599,-0.273366799578071,
1413,0.222944,-0.498492399230599,-0.313567799516022,
1414,0.223456,-0.50653259921819,-0.353768799453974,
1415,0.223968,-0.498492399230599,-0.393969799391925,
1416,0.22448,-0.490452199243009,-0.426130599342287,
1417,0.224992,-0.482411999255419,-0.450251199305058,
1418,0.225504,-0.458291399292648,-0.482411999255419,
1419,0.226016,-0.442210999317467,-0.498492399230599,
1420,0.226528,-0.410050199367106,-0.52261299919337,
1421,0.22704,-0.385929599404335,-0.530653199180961,
1422,0.227552,-0.353768799453974,-0.538693399168551,
1423,0.228064,-0.313567799516022,-0.530653199180961,
1424,0.228576,-0.273366799578071,-0.538693399168551,
1425,0.229088,-0.225125599652529,-0.530653199180961,
1426,0.2296,-0.184924599714577,-0.52261299919337,
1427,0.230112,-0.136683399789035,-0.50653259921819,
1428,0.230624,-0.0884421998634934,-0.482411999255419,
1429,0.231136,-0.0402009999379516,-0.450251199305058,
1430,0.231648,0,-0.426130599342287,
1431,0.23216,0.0482411999255419,-0.393969799391925,
1432,0.232672,0.0964823998510838,-0.353768799453974,
1433,0.233184,0.144723599776626,-0.321607999503613,
1434,0.233696,0.192964799702168,-0.273366799578071,
1435,0.234208,0.225125599652529,-0.225125599652529,
1436,0.23472,0.281406999565661,-0.168844199739397,
1437,0.235232,0.313567799516022,-0.112562799826264,
1438,0.235744,0.353768799453974,-0.0643215999007225,
1439,0.236256,0.377889399416745,-0.0241205999627709,
1440,0.236768,0.410050199367106,0.0321607999503613,
1441,0.23728,0.442210999317467,0.0804019998759031,
1442,0.237792,0.450251199305058,0.136683399789035,
1443,0.238304,0.474371799267828,0.184924599714577,
1444,0.238816,0.482411999255419,0.233165799640119,
1445,0.239328,0.490452199243009,0.281406999565661,
1446,0.23984,0.498492399230599,0.321607999503613,
1447,0.240352,0.498492399230599,0.361808999441564,
1448,0.240864,0.490452199243009,0.402009999379516,
1449,0.241376,0.474371799267828,0.426130599342287,
1450,0.241888,0.466331599280238,0.458291399292648,
1451,0.2424,0.450251199305058,0.482411999255419,
1452,0.242912,0.418090399354696,0.498492399230599,
1453,0.243424,0.385929599404335,0.51457279920578,
1454,0.243936,0.361808999441564,0.530653199180961,
1455,0.244448,0.321607999503613,0.530653199180961,
1456,0.24496,0.273366799578071,0.538693399168551,
1457,0.245472,0.233165799640119,0.530653199180961,
1458,0.245984,0.192964799702168,0.52261299919337,
1459,0.246496,0.152763799764216,0.50653259921819,
1460,0.247008,0.104522599838674,0.474371799267828,
1461,0.24752,0.0643215999007225,0.466331599280238,
1462,0.248032,0.0160803999751806,0.434170799329877,
1463,0.248544,-0.0402009999379516,0.393969799391925,
1464,0.249056,-0.0723617998883128,0.369849199429154,
1465,0.249568,-0.128643199801445,0.329648199491203,
1466,0.25008,-0.176884399726987,0.281406999565661,
1467,0.250592,-0.217085399664938,0.233165799640119,
1468,0.251104,-0.26532659959048,0.192964799702168,
1469,0.251616,-0.305527599528432,0.144723599776626,
1470,0.252128,-0.337688399478793,0.0964823998510838,
1471,0.25264,-0.377889399416745,0.0321607999503613,
1472,0.253152,-0.410050199367106,-0.0160803999751806,
1473,0.253664,-0.426130599342287,-0.0643215999007225,
1474,0.254176,-0.450251199305058,-0.112562799826264,
1475,0.254688,-0.474371799267828,-0.168844199739397,
1476,0.2552,-0.490452199243009,-0.217085399664938,
1477,0.255712,-0.498492399230599,-0.273366799578071,
1478,0.256224,-0.498492399230599,-0.297487399540842,
1479,0.256736,-0.50653259921819,-0.345728599466383,
1480,0.257248,-0.498492399230599,-0.385929599404335,
1481,0.25776,-0.498492399230599,-0.426130599342287,
1482,0.258272,-0.474371799267828,-0.450251199305058,
1483,0.258784,-0.458291399292648,-0.482411999255419,
1484,0.259296,-0.434170799329877,-0.50653259921819,
1485,0.259808,-0.418090399354696,-0.51457279920578,
1486,0.26032,-0.385929599404335,-0.530653199180961,
1487,0.260832,-0.353768799453974,-0.530653199180961,
1488,0.261344,-0.313567799516022,-0.546733599156141,
1489,0.261856,-0.281406999565661,-0.538693399168551,
1490,0.262368,-0.233165799640119,-0.538693399168551,
1491,0.26288,-0.184924599714577,-0.52261299919337,
1492,0.263392,-0.136683399789035,-0.50653259921819,
1493,0.263904,-0.0964823998510838,-0.490452199243009,
1494,0.264416,-0.0562813999131322,-0.458291399292648,
1495,0.264928,0,-0.426130599342287,
1496,0.26544,0.0402009999379516,-0.393969799391925,
1497,0.265952,0.0804019998759031,-0.361808999441564,
1498,0.266464,0.136683399789035,-0.313567799516022,
1499,0.266976,0.176884399726987,-0.26532659959048,
1500,0.267488,0.233165799640119,-0.225125599652529,
1501,0.268,0.273366799578071,-0.176884399726987,
1502,0.268512,0.305527599528432,-0.120602999813855,
1503,0.269024,0.345728599466383,-0.0723617998883128,
1504,0.269536,0.377889399416745,-0.0241205999627709,
1505,0.270048,0.410050199367106,0.0241205999627709,
1506,0.27056,0.434170799329877,0.0804019998759031,
1507,0.271072,0.458291399292648,0.136683399789035,
1508,0.271584,0.474371799267828,0.184924599714577,
1509,0.272096,0.490452199243009,0.225125599652529,
1510,0.272608,0.490452199243009,0.281406999565661,
1511,0.27312,0.498492399230599,0.313567799516022,
1512,0.273632,0.490452199243009,0.361808999441564,
1513,0.274144,0.490452199243009,0.393969799391925,
1514,0.274656,0.474371799267828,0.426130599342287,
1515,0.275168,0.466331599280238,0.458291399292648,
1516,0.27568,0.442210999317467,0.482411999255419,
1517,0.276192,0.418090399354696,0.50653259921819,
1518,0.276704,0.377889399416745,0.52261299919337,
1519,0.277216,0.353768799453974,0.530653199180961,
1520,0.277728,0.321607999503613,0.530653199180961,
1521,0.27824,0.289447199553251,0.530653199180961,
1522,0.278752,0.241205999627709,0.530653199180961,
1523,0.279264,0.201004999689758,0.52261299919337,
1524,0.279776,0.160803999751806,0.50653259921819,
1525,0.280288,0.120602999813855,0.482411999255419,
1526,0.2808,0.0643215999007225,0.466331599280238,
1527,0.281312,0.0160803999751806,0.434170799329877,
1528,0.281824,-0.0321607999503613,0.402009999379516,
1529,0.282336,-0.0804019998759031,0.369849199429154,
1530,0.282848,-0.120602999813855,0.329648199491203,
1531,0.28336,-0.168844199739397,0.289447199553251,
1532,0.283872,-0.217085399664938,0.241205999627709,
1533,0.284384,-0.25728639960289,0.201004999689758,
1534,0.284896,-0.297487399540842,0.144723599776626,
1535,0.285408,-0.337688399478793,0.0884421998634934,
1536,0.28592,-0.369849199429154,0.0402009999379516,
1537,0.286432,-0.402009999379516,-0.00804019998759031,
1538,0.286944,-0.434170799329877,-0.0562813999131322,
1539,0.287456,-0.450251199305058,-0.112562799826264,
1540,0.287968,-0.466331599280238,-0.152763799764216,
1541,0.28848,-0.490452199243009,-0.209045199677348,
1542,0.288992,-0.50653259921819,-0.25728639960289,
1543,0.289504,-0.51457279920578,-0.305527599528432,
1544,0.290016,-0.50653259921819,-0.337688399478793,
1545,0.290528,-0.50653259921819,-0.385929599404335,
1546,0.29104,-0.490452199243009,-0.410050199367106,
1547,0.291552,-0.482411999255419,-0.450251199305058,
1548,0.292064,-0.466331599280238,-0.474371799267828,
1549,0.292576,-0.442210999317467,-0.498492399230599,
1550,0.293088,-0.418090399354696,-0.50653259921819,
1551,0.2936,-0.385929599404335,-0.530653199180961,
1552,0.294112,-0.353768799453974,-0.538693399168551,
1553,0.294624,-0.321607999503613,-0.538693399168551,
1554,0.295136,-0.281406999565661,-0.546733599156141,
1555,0.295648,-0.241205999627709,-0.538693399168551,
1556,0.29616,-0.192964799702168,-0.530653199180961,
1557,0.296672,-0.152763799764216,-0.50653259921819,
1558,0.297184,-0.104522599838674,-0.490452199243009,
1559,0.297696,-0.0482411999255419,-0.466331599280238,
1560,0.298208,-0.00804019998759031,-0.426130599342287,
1561,0.29872,0.0321607999503613,-0.393969799391925,
1562,0.299232,0.0884421998634934,-0.361808999441564,
1563,0.299744,0.136683399789035,-0.321607999503613,
1564,0.300256,0.184924599714577,-0.273366799578071,
1565,0.300768,0.217085399664938,-0.233165799640119,
1566,0.30128,0.25728639960289,-0.176884399726987,
1567,0.301792,0.305527599528432,-0.128643199801445,
1568,0.302304,0.345728599466383,-0.0804019998759031,
1569,0.302816,0.393969799391925,-0.0241205999627709,
1570,0.303328,0.410050199367106,0.0241205999627709,
1571,0.30384,0.426130599342287,0.0723617998883128,
1572,0.304352,0.450251199305058,0.120602999813855,
1573,0.304864,0.474371799267828,0.176884399726987,
1574,0.305376,0.474371799267828,0.225125599652529,
1575,0.305888,0.490452199243009,0.273366799578071,
1576,0.3064,0.490452199243009,0.313567799516022,
1577,0.306912,0.490452199243009,0.353768799453974,
1578,0.307424,0.474371799267828,0.385929599404335,
1579,0.307936,0.482411999255419,0.426130599342287,
1580,0.308448,0.466331599280238,0.450251199305058,
1581,0.30896,0.442210999317467,0.482411999255419,
1582,0.309472,0.426130599342287,0.50653259921819,
1583,0.309984,0.393969799391925,0.51457279920578,
1584,0.310496,0.369849199429154,0.52261299919337,
1585,0.311008,0.321607999503613,0.52261299919337,
1586,0.31152,0.289447199553251,0.530653199180961,
1587,0.312032,0.2492461996153,0.530653199180961,
1588,0.312544,0.201004999689758,0.52261299919337,
1589,0.313056,0.168844199739397,0.51457279920578,
1590,0.313568,0.112562799826264,0.490452199243009,
1591,0.31408,0.0723617998883128,0.466331599280238,
1592,0.314592,0.0160803999751806,0.442210999317467,
1593,0.315104,-0.0241205999627709,0.410050199367106,
1594,0.315616,-0.0804019998759031,0.377889399416745,
1595,0.316128,-0.120602999813855,0.337688399478793,
1596,0.31664,-0.168844199739397,0.281406999565661,
1597,0.317152,-0.209045199677348,0.2492461996153,
1598,0.317664,-0.2492461996153,0.201004999689758,
1599,0.318176,-0.297487399540842,0.152763799764216,
1600,0.318688,-0.337688399478793,0.104522599838674,
1601,0.3192,-0.369849199429154,0.0482411999255419,
1602,0.319712,-0.402009999379516,0,
1603,0.320224,-0.426130599342287,-0.0482411999255419,
1604,0.320736,-0.458291399292648,-0.104522599838674,
1605,0.321248,-0.466331599280238,-0.152763799764216,
1606,0.32176,-0.490452199243009,-0.209045199677348,
1607,0.322272,-0.490452199243009,-0.25728639960289,
1608,0.322784,-0.498492399230599,-0.297487399540842,
1609,0.323296,-0.51457279920578,-0.329648199491203,
1610,0.323808,-0.50653259921819,-0.377889399416745,
1611,0.32432,-0.50653259921819,-0.410050199367106,
1612,0.324832,-0.490452199243009,-0.450251199305058,
1613,0.325344,-0.458291399292648,-0.474371799267828,
1614,0.325856,-0.442210999317467,-0.490452199243009,
1615,0.326368,-0.426130599342287,-0.52261299919337,
1616,0.32688,-0.393969799391925,-0.530653199180961,
1617,0.327392,-0.353768799453974,-0.538693399168551,
1618,0.327904,-0.321607999503613,-0.546733599156141,
1619,0.328416,-0.281406999565661,-0.538693399168551,
1620,0.328928,-0.241205999627709,-0.538693399168551,
1621,0.32944,-0.201004999689758,-0.52261299919337,
1622,0.329952,-0.152763799764216,-0.50653259921819,
1623,0.330464,-0.104522599838674,-0.482411999255419,
1624,0.330976,-0.0562813999131322,-0.466331599280238,
1625,0.331488,-0.00804019998759031,-0.434170799329877,
1626,0.332,0.0402009999379516,-0.402009999379516,
1627,0.332512,0.0804019998759031,-0.369849199429154,
1628,0.333024,0.128643199801445,-0.321607999503613,
1629,0.333536,0.184924599714577,-0.281406999565661,
1630,0.334048,0.217085399664938,-0.241205999627709,
1631,0.33456,0.25728639960289,-0.184924599714577,
1632,0.335072,0.305527599528432,-0.136683399789035,
1633,0.335584,0.337688399478793,-0.0964823998510838,
1634,0.336096,0.361808999441564,-0.0321607999503613,
1635,0.336608,0.402009999379516,0.00804019998759031,
1636,0.33712,0.426130599342287,0.0643215999007225,
1637,0.337632,0.450251199305058,0.120602999813855,
1638,0.338144,0.474371799267828,0.168844199739397,
1639,0.338656,0.474371799267828,0.217085399664938,
1640,0.339168,0.490452199243009,0.26532659959048,
1641,0.33968,0.498492399230599,0.305527599528432,
1642,0.340192,0.490452199243009,0.337688399478793,
1643,0.340704,0.490452199243009,0.385929599404335,
1644,0.341216,0.474371799267828,0.418090399354696,
1645,0.341728,0.458291399292648,0.450251199305058,
1646,0.34224,0.450251199305058,0.482411999255419,
1647,0.342752,0.426130599342287,0.498492399230599,
1648,0.343264,0.402009999379516,0.51457279920578,
1649,0.343776,0.369849199429154,0.52261299919337,
1650,0.344288,0.345728599466383,0.530653199180961,
1651,0.3448,0.297487399540842,0.538693399168551,
1652,0.345312,0.25728639960289,0.530653199180961,
1653,0.345824,0.217085399664938,0.52261299919337,
1654,0.346336,0.168844199739397,0.51457279920578,
1655,0.346848,0.128643199801445,0.490452199243009,
1656,0.34736,0.0723617998883128,0.474371799267828,
1657,0.347872,0.0241205999627709,0.442210999317467,
1658,0.348384,-0.0160803999751806,0.410050199367106,
1659,0.348896,-0.0723617998883128,0.377889399416745,
1660,0.349408,-0.120602999813855,0.353768799453974,
1661,0.34992,-0.160803999751806,0.297487399540842,
1662,0.350432,-0.209045199677348,0.2492461996153,
1663,0.350944,-0.241205999627709,0.201004999689758,
1664,0.351456,-0.281406999565661,0.152763799764216,
1665,0.351968,-0.329648199491203,0.104522599838674,
1666,0.35248,-0.369849199429154,0.0482411999255419,
1667,0.352992,-0.402009999379516,0.00804019998759031,
1668,0.353504,-0.426130599342287,-0.0562813999131322,
1669,0.354016,-0.442210999317467,-0.0964823998510838,
1670,0.354528,-0.466331599280238,-0.152763799764216,
1671,0.35504,-0.482411999255419,-0.201004999689758,
1672,0.355552,-0.498492399230599,-0.2492461996153,
1673,0.356064,-0.50653259921819,-0.289447199553251,
1674,0.356576,-0.50653259921819,-0.337688399478793,
1675,0.357088,-0.50653259921819,-0.377889399416745,
1676,0.3576,-0.498492399230599,-0.418090399354696,
1677,0.358112,-0.482411999255419,-0.442210999317467,
1678,0.358624,-0.482411999255419,-0.466331599280238,
1679,0.359136,-0.450251199305058,-0.490452199243009,
1680,0.359648,-0.426130599342287,-0.51457279920578,
1681,0.36016,-0.393969799391925,-0.530653199180961,
1682,0.360672,-0.353768799453974,-0.530653199180961,
1683,0.361184,-0.321607999503613,-0.538693399168551,
1684,0.361696,-0.289447199553251,-0.538693399168551,
1685,0.362208,-0.241205999627709,-0.538693399168551,
1686,0.36272,-0.201004999689758,-0.530653199180961,
1687,0.363232,-0.152763799764216,-0.51457279920578,
1688,0.363744,-0.112562799826264,-0.490452199243009,
1689,0.364256,-0.0643215999007225,-0.458291399292648,
1690,0.364768,-0.0160803999751806,-0.442210999317467,
1691,0.36528,0.0241205999627709,-0.410050199367106,
1692,0.365792,0.0804019998759031,-0.369849199429154,
1693,0.366304,0.136683399789035,-0.337688399478793,
1694,0.366816,0.176884399726987,-0.281406999565661,
1695,0.367328,0.217085399664938,-0.241205999627709,
1696,0.36784,0.26532659959048,-0.192964799702168,
1697,0.368352,0.297487399540842,-0.136683399789035,
1698,0.368864,0.345728599466383,-0.0804019998759031,
1699,0.369376,0.369849199429154,-0.0402009999379516,
1700,0.369888,0.393969799391925,0.00804019998759031,
1701,0.3704,0.434170799329877,0.0562813999131322,
1702,0.370912,0.450251199305058,0.112562799826264,
1703,0.371424,0.466331599280238,0.160803999751806,
1704,0.371936,0.482411999255419,0.217085399664938,
1705,0.372448,0.498492399230599,0.25728639960289,
1706,0.37296,0.498492399230599,0.305527599528432,
1707,0.373472,0.498492399230599,0.337688399478793,
1708,0.373984,0.498492399230599,0.385929599404335,
1709,0.374496,0.482411999255419,0.410050199367106,
1710,0.375008,0.466331599280238,0.442210999317467,
1711,0.37552,0.442210999317467,0.482411999255419,
1712,0.376032,0.426130599342287,0.498492399230599,
1713,0.376544,0.393969799391925,0.51457279920578,
1714,0.377056,0.369849199429154,0.530653199180961,
1715,0.377568,0.329648199491203,0.52261299919337,
1716,0.37808,0.297487399540842,0.538693399168551,
1717,0.378592,0.25728639960289,0.530653199180961,
1718,0.379104,0.217085399664938,0.52261299919337,
1719,0.379616,0.168844199739397,0.51457279920578,
1720,0.380128,0.136683399789035,0.490452199243009,
1721,0.38064,0.0804019998759031,0.474371799267828,
1722,0.381152,0.0321607999503613,0.450251199305058,
1723,0.381664,-0.00804019998759031,0.418090399354696,
1724,0.382176,-0.0643215999007225,0.385929599404335,
1725,0.382688,-0.112562799826264,0.329648199491203,
1726,0.3832,-0.160803999751806,0.305527599528432,
1727,0.383712,-0.201004999689758,0.26532659959048,
1728,0.384224,-0.2492461996153,0.209045199677348,
1729,0.384736,-0.281406999565661,0.160803999751806,
1730,0.385248,-0.321607999503613,0.120602999813855,
1731,0.38576,-0.361808999441564,0.0562813999131322,
1732,0.386272,-0.385929599404335,0.00804019998759031,
1733,0.386784,-0.426130599342287,-0.0402009999379516,
1734,0.387296,-0.450251199305058,-0.0884421998634934,
1735,0.387808,-0.466331599280238,-0.136683399789035,
1736,0.38832,-0.482411999255419,-0.192964799702168,
1737,0.388832,-0.50653259921819,-0.241205999627709,
1738,0.389344,-0.498492399230599,-0.289447199553251,
1739,0.389856,-0.50653259921819,-0.329648199491203,
1740,0.390368,-0.498492399230599,-0.369849199429154,
1741,0.39088,-0.498492399230599,-0.410050199367106,
1742,0.391392,-0.490452199243009,-0.442210999317467,
1743,0.391904,-0.466331599280238,-0.466331599280238,
1744,0.392416,-0.442210999317467,-0.490452199243009,
1745,0.392928,-0.426130599342287,-0.51457279920578,
1746,0.39344,-0.393969799391925,-0.530653199180961,
1747,0.393952,-0.369849199429154,-0.538693399168551,
1748,0.394464,-0.337688399478793,-0.546733599156141,
1749,0.394976,-0.289447199553251,-0.546733599156141,
1750,0.395488,-0.241205999627709,-0.538693399168551,
1751,0.396,-0.209045199677348,-0.530653199180961,
1752,0.396512,-0.168844199739397,-0.52261299919337,
1753,0.397024,-0.112562799826264,-0.490452199243009,
1754,0.397536,-0.0723617998883128,-0.474371799267828,
1755,0.398048,-0.0160803999751806,-0.434170799329877,
1756,0.39856,0.0241205999627709,-0.410050199367106,
1757,0.399072,0.0804019998759031,-0.377889399416745,
1758,0.399584,0.120602999813855,-0.337688399478793,
1759,0.400096,0.168844199739397,-0.289447199553251,
1760,0.400608,0.209045199677348,-0.241205999627709,
1761,0.40112,0.2492461996153,-0.201004999689758,
1762,0.401632,0.289447199553251,-0.152763799764216,
1763,0.402144,0.321607999503613,-0.0964823998510838,
1764,0.402656,0.361808999441564,-0.0482411999255419,
1765,0.403168,0.402009999379516,0,
1766,0.40368,0.418090399354696,0.0562813999131322,
1767,0.404192,0.450251199305058,0.104522599838674,
1768,0.404704,0.458291399292648,0.160803999751806,
1769,0.405216,0.474371799267828,0.209045199677348,
1770,0.405728,0.490452199243009,0.2492461996153,
1771,0.40624,0.490452199243009,0.289447199553251,
1772,0.406752,0.498492399230599,0.345728599466383,
1773,0.407264,0.498492399230599,0.377889399416745,
1774,0.407776,0.474371799267828,0.418090399354696,
1775,0.408288,0.466331599280238,0.442210999317467,
1776,0.4088,0.450251199305058,0.474371799267828,
1777,0.409312,0.426130599342287,0.490452199243009,
1778,0.409824,0.410050199367106,0.50653259921819,
1779,0.410336,0.377889399416745,0.52261299919337,
1780,0.410848,0.337688399478793,0.530653199180961,
1781,0.41136,0.297487399540842,0.538693399168551,
1782,0.411872,0.25728639960289,0.530653199180961,
1783,0.412384,0.209045199677348,0.52261299919337,
1784,0.412896,0.176884399726987,0.51457279920578,
1785,0.413408,0.136683399789035,0.498492399230599,
1786,0.41392,0.0804019998759031,0.474371799267828,
1787,0.414432,0.0321607999503613,0.450251199305058,
1788,0.414944,-0.00804019998759031,0.418090399354696,
1789,0.415456,-0.0643215999007225,0.385929599404335,
1790,0.415968,-0.104522599838674,0.345728599466383,
1791,0.41648,-0.152763799764216,0.305527599528432,
1792,0.416992,-0.201004999689758,0.26532659959048,
1793,0.417504,-0.241205999627709,0.217085399664938,
1794,0.418016,-0.289447199553251,0.168844199739397,
1795,0.418528,-0.329648199491203,0.120602999813855,
1796,0.41904,-0.345728599466383,0.0643215999007225,
1797,0.419552,-0.393969799391925,0.0160803999751806,
1798,0.420064,-0.426130599342287,-0.0321607999503613,
1799,0.420576,-0.450251199305058,-0.0884421998634934,
1800,0.421088,-0.458291399292648,-0.144723599776626,
1801,0.4216,-0.482411999255419,-0.192964799702168,
1802,0.422112,-0.498492399230599,-0.241205999627709,
1803,0.422624,-0.50653259921819,-0.281406999565661,
1804,0.423136,-0.51457279920578,-0.329648199491203,
1805,0.423648,-0.498492399230599,-0.369849199429154,
1806,0.42416,-0.498492399230599,-0.402009999379516,
1807,0.424672,-0.490452199243009,-0.434170799329877,
1808,0.425184,-0.474371799267828,-0.466331599280238,
1809,0.425696,-0.450251199305058,-0.490452199243009,
1810,0.426208,-0.426130599342287,-0.51457279920578,
1811,0.42672,-0.393969799391925,-0.52261299919337,
1812,0.427232,-0.369849199429154,-0.530653199180961,
1813,0.427744,-0.337688399478793,-0.530653199180961,
1814,0.428256,-0.297487399540842,-0.538693399168551,
1815,0.428768,-0.25728639960289,-0.538693399168551,
1816,0.42928,-0.209045199677348,-0.530653199180961,
1817,0.429792,-0.168844199739397,-0.51457279920578,
1818,0.430304,-0.128643199801445,-0.490452199243009,
1819,0.430816,-0.0723617998883128,-0.474371799267828,
1820,0.431328,-0.0241205999627709,-0.450251199305058,
1821,0.43184,0.0160803999751806,-0.410050199367106,
1822,0.432352,0.0723617998883128,-0.377889399416745,
1823,0.432864,0.104522599838674,-0.337688399478793,
1824,0.433376,0.160803999751806,-0.297487399540842,
1825,0.433888,0.217085399664938,-0.2492461996153,
1826,0.4344,0.2492461996153,-0.209045199677348,
1827,0.434912,0.281406999565661,-0.160803999751806,
1828,0.435424,0.329648199491203,-0.104522599838674,
1829,0.435936,0.361808999441564,-0.0562813999131322,
1830,0.436448,0.377889399416745,0,
1831,0.43696,0.426130599342287,0.0562813999131322,
1832,0.437472,0.450251199305058,0.104522599838674,
1833,0.437984,0.466331599280238,0.152763799764216,
1834,0.438496,0.474371799267828,0.201004999689758,
1835,0.439008,0.498492399230599,0.2492461996153,
1836,0.43952,0.498492399230599,0.297487399540842,
1837,0.440032,0.498492399230599,0.337688399478793,
1838,0.440544,0.498492399230599,0.377889399416745,
1839,0.441056,0.482411999255419,0.410050199367106,
1840,0.441568,0.482411999255419,0.434170799329877,
1841,0.44208,0.442210999317467,0.466331599280238,
1842,0.442592,0.434170799329877,0.482411999255419,
1843,0.443104,0.402009999379516,0.51457279920578,
1844,0.443616,0.377889399416745,0.52261299919337,
1845,0.444128,0.337688399478793,0.530653199180961,
1846,0.44464,0.305527599528432,0.530653199180961,
1847,0.445152,0.273366799578071,0.538693399168551,
1848,0.445664,0.225125599652529,0.52261299919337,
1849,0.446176,0.192964799702168,0.52261299919337,
1850,0.446688,0.136683399789035,0.498492399230599,
1851,0.4472,0.0964823998510838,0.482411999255419,
1852,0.447712,0.0402009999379516,0.450251199305058,
1853,0.448224,-0.00804019998759031,0.426130599342287,
1854,0.448736,-0.0562813999131322,0.385929599404335,
1855,0.449248,-0.104522599838674,0.345728599466383,
1856,0.44976,-0.144723599776626,0.313567799516022,
1857,0.450272,-0.192964799702168,0.26532659959048,
1858,0.450784,-0.233165799640119,0.225125599652529,
1859,0.451296,-0.281406999565661,0.168844199739397,
1860,0.451808,-0.313567799516022,0.120602999813855,
1861,0.45232,-0.353768799453974,0.0723617998883128,
1862,0.452832,-0.377889399416745,0.0160803999751806,
1863,0.453344,-0.410050199367106,-0.0321607999503613,
1864,0.453856,-0.442210999317467,-0.0804019998759031,
1865,0.454368,-0.466331599280238,-0.136683399789035,
1866,0.45488,-0.466331599280238,-0.184924599714577,
1867,0.455392,-0.482411999255419,-0.233165799640119,
1868,0.455904,-0.490452199243009,-0.281406999565661,
1869,0.456416,-0.498492399230599,-0.321607999503613,
1870,0.456928,-0.51457279920578,-0.361808999441564,
1871,0.45744,-0.498492399230599,-0.402009999379516,
1872,0.457952,-0.490452199243009,-0.426130599342287,
1873,0.458464,-0.466331599280238,-0.466331599280238,
1874,0.458976,-0.458291399292648,-0.482411999255419,
1875,0.459488,-0.434170799329877,-0.50653259921819,
1876,0.46,-0.410050199367106,-0.530653199180961,
1877,0.460512,-0.369849199429154,-0.538693399168551,
1878,0.461024,-0.337688399478793,-0.538693399168551,
1879,0.461536,-0.297487399540842,-0.538693399168551,
1880,0.462048,-0.26532659959048,-0.538693399168551,
1881,0.46256,-0.217085399664938,-0.530653199180961,
1882,0.463072,-0.176884399726987,-0.52261299919337,
1883,0.463584,-0.128643199801445,-0.498492399230599,
1884,0.464096,-0.0804019998759031,-0.474371799267828,
1885,0.464608,-0.0321607999503613,-0.450251199305058,
1886,0.46512,0.0241205999627709,-0.410050199367106,
1887,0.465632,0.0562813999131322,-0.385929599404335,
1888,0.466144,0.112562799826264,-0.337688399478793,
1889,0.466656,0.152763799764216,-0.297487399540842,
1890,0.467168,0.209045199677348,-0.25728639960289,
1891,0.46768,0.241205999627709,-0.209045199677348,
1892,0.468192,0.289447199553251,-0.160803999751806,
1893,0.468704,0.321607999503613,-0.104522599838674,
1894,0.469216,0.361808999441564,-0.0562813999131322,
1895,0.469728,0.385929599404335,-0.00804019998759031,
1896,0.47024,0.426130599342287,0.0482411999255419,
1897,0.470752,0.442210999317467,0.0964823998510838,
1898,0.471264,0.466331599280238,0.152763799764216,
1899,0.471776,0.474371799267828,0.201004999689758,
1900,0.472288,0.482411999255419,0.2492461996153,
1901,0.4728,0.490452199243009,0.289447199553251,
1902,0.473312,0.498492399230599,0.337688399478793,
1903,0.473824,0.498492399230599,0.369849199429154,
1904,0.474336,0.482411999255419,0.410050199367106,
1905,0.474848,0.474371799267828,0.434170799329877,
1906,0.47536,0.466331599280238,0.458291399292648,
1907,0.475872,0.434170799329877,0.498492399230599,
1908,0.476384,0.410050199367106,0.50653259921819,
1909,0.476896,0.377889399416745,0.52261299919337,
1910,0.477408,0.345728599466383,0.52261299919337,
1911,0.47792,0.313567799516022,0.530653199180961,
1912,0.478432,0.273366799578071,0.530653199180961,
1913,0.478944,0.233165799640119,0.52261299919337,
1914,0.479456,0.192964799702168,0.52261299919337,
1915,0.479968,0.136683399789035,0.498492399230599,
1916,0.48048,0.0964823998510838,0.474371799267828,
1917,0.480992,0.0562813999131322,0.458291399292648,
1918,0.481504,0,0.426130599342287,
1919,0.482016,-0.0562813999131322,0.393969799391925,
1920,0.482528,-0.0964823998510838,0.353768799453974,
1921,0.48304,-0.128643199801445,0.313567799516022,
1922,0.483552,-0.184924599714577,0.273366799578071,
1923,0.484064,-0.233165799640119,0.225125599652529,
1924,0.484576,-0.273366799578071,0.168844199739397,
1925,0.485088,-0.313567799516022,0.128643199801445,
1926,0.4856,-0.353768799453974,0.0723617998883128,
1927,0.486112,-0.377889399416745,0.0160803999751806,
1928,0.486624,-0.418090399354696,-0.0241205999627709,
1929,0.487136,-0.442210999317467,-0.0804019998759031,
1930,0.487648,-0.466331599280238,-0.136683399789035,
1931,0.48816,-0.482411999255419,-0.184924599714577,
1932,0.488672,-0.482411999255419,-0.233165799640119,
1933,0.489184,-0.50653259921819,-0.273366799578071,
1934,0.489696,-0.498492399230599,-0.321607999503613,
1935,0.490208,-0.50653259921819,-0.361808999441564,
1936,0.49072,-0.498492399230599,-0.393969799391925,
1937,0.491232,-0.490452199243009,-0.426130599342287,
1938,0.491744,-0.482411999255419,-0.458291399292648,
1939,0.492256,-0.458291399292648,-0.482411999255419,
1940,0.492768,-0.434170799329877,-0.50653259921819,
1941,0.49328,-0.402009999379516,-0.52261299919337,
1942,0.493792,-0.385929599404335,-0.530653199180961,
1943,0.494304,-0.345728599466383,-0.546733599156141,
1944,0.494816,-0.313567799516022,-0.538693399168551,
1945,0.495328,-0.26532659959048,-0.538693399168551,
1946,0.49584,-0.225125599652529,-0.538693399168551,
1947,0.496352,-0.176884399726987,-0.52261299919337,
1948,0.496864,-0.128643199801445,-0.50653259921819,
1949,0.497376,-0.0884421998634934,-0.474371799267828,
1950,0.497888,-0.0241205999627709,-0.450251199305058,
1951,0.4984,0,-0.426130599342287,
1952,0.498912,0.0643215999007225,-0.385929599404335,
1953,0.499424,0.104522599838674,-0.345728599466383,
