Model: ,Oscilloscope DSO-X 1102G
Serial Number:,CN57246464
Address: ,USBInstrument3
Date: ,2026-09-28 15:41:25

Sample Number,Time (s),1 (VOLT),2 (VOLT),
1,-0.5,-0.160803999751806,0.120602999813855,
2,-0.499488,-0.184924599714577,0.0804019998759031,
3,-0.498976,-0.201004999689758,0.0562813999131322,
4,-0.498464,-0.225125599652529,0.0241205999627709,
5,-0.497952,-0.2492461996153,-0.00804019998759031,
6,-0.49744,-0.273366799578071,-0.0402009999379516,
7,-0.496928,-0.297487399540842,-0.0723617998883128,
8,-0.496416,-0.313567799516022,-0.104522599838674,
9,-0.495904,-0.329648199491203,-0.136683399789035,
10,-0.495392,-0.345728599466383,-0.160803999751806,
11,-0.49488,-0.369849199429154,-0.192964799702168,
12,-0.494368,-0.385929599404335,-0.225125599652529,
13,-0.493856,-0.402009999379516,-0.25728639960289,
14,-0.493344,-0.410050199367106,-0.289447199553251,
15,-0.492832,-0.418090399354696,-0.313567799516022,
16,-0.49232,-0.442210999317467,-0.337688399478793,
17,-0.491808,-0.450251199305058,-0.369849199429154,
18,-0.491296,-0.466331599280238,-0.393969799391925,
19,-0.490784,-0.458291399292648,-0.426130599342287,
20,-0.490272,-0.482411999255419,-0.442210999317467,
21,-0.48976,-0.490452199243009,-0.474371799267828,
22,-0.489248,-0.498492399230599,-0.490452199243009,
23,-0.488736,-0.50653259921819,-0.52261299919337,
24,-0.488224,-0.50653259921819,-0.538693399168551,
25,-0.487712,-0.498492399230599,-0.554773799143732,
26,-0.4872,-0.498492399230599,-0.578894399106503,
27,-0.486688,-0.50653259921819,-0.586934599094093,
28,-0.486176,-0.50653259921819,-0.603014999069273,
29,-0.485664,-0.50653259921819,-0.619095399044454,
30,-0.485152,-0.498492399230599,-0.627135599032044,
31,-0.48464,-0.490452199243009,-0.635175799019635,
32,-0.484128,-0.490452199243009,-0.651256198994815,
33,-0.483616,-0.482411999255419,-0.651256198994815,
34,-0.483104,-0.482411999255419,-0.667336598969996,
35,-0.482592,-0.466331599280238,-0.667336598969996,
36,-0.48208,-0.458291399292648,-0.667336598969996,
37,-0.481568,-0.442210999317467,-0.675376798957586,
38,-0.481056,-0.434170799329877,-0.675376798957586,
39,-0.480544,-0.418090399354696,-0.659296398982406,
40,-0.480032,-0.402009999379516,-0.667336598969996,
41,-0.47952,-0.402009999379516,-0.659296398982406,
42,-0.479008,-0.385929599404335,-0.659296398982406,
43,-0.478496,-0.369849199429154,-0.651256198994815,
44,-0.477984,-0.345728599466383,-0.643215999007225,
45,-0.477472,-0.329648199491203,-0.619095399044454,
46,-0.47696,-0.305527599528432,-0.619095399044454,
47,-0.476448,-0.289447199553251,-0.603014999069273,
48,-0.475936,-0.273366799578071,-0.586934599094093,
49,-0.475424,-0.2492461996153,-0.562813999131322,
50,-0.474912,-0.225125599652529,-0.554773799143732,
51,-0.4744,-0.201004999689758,-0.530653199180961,
52,-0.473888,-0.184924599714577,-0.50653259921819,
53,-0.473376,-0.160803999751806,-0.490452199243009,
54,-0.472864,-0.136683399789035,-0.466331599280238,
55,-0.472352,-0.112562799826264,-0.442210999317467,
56,-0.47184,-0.0884421998634934,-0.418090399354696,
57,-0.471328,-0.0643215999007225,-0.393969799391925,
58,-0.470816,-0.0402009999379516,-0.377889399416745,
59,-0.470304,-0.00804019998759031,-0.345728599466383,
60,-0.469792,0.00804019998759031,-0.313567799516022,
61,-0.46928,0.0321607999503613,-0.281406999565661,
62,-0.468768,0.0562813999131322,-0.25728639960289,
63,-0.468256,0.0723617998883128,-0.225125599652529,
64,-0.467744,0.104522599838674,-0.192964799702168,
65,-0.467232,0.112562799826264,-0.160803999751806,
66,-0.46672,0.144723599776626,-0.136683399789035,
67,-0.466208,0.176884399726987,-0.0964823998510838,
68,-0.465696,0.184924599714577,-0.0723617998883128,
69,-0.465184,0.217085399664938,-0.0402009999379516,
70,-0.464672,0.2492461996153,0,
71,-0.46416,0.25728639960289,0.0241205999627709,
72,-0.463648,0.281406999565661,0.0643215999007225,
73,-0.463136,0.297487399540842,0.0884421998634934,
74,-0.462624,0.329648199491203,0.120602999813855,
75,-0.462112,0.337688399478793,0.152763799764216,
76,-0.4616,0.353768799453974,0.184924599714577,
77,-0.461088,0.369849199429154,0.217085399664938,
78,-0.460576,0.385929599404335,0.2492461996153,
79,-0.460064,0.393969799391925,0.273366799578071,
80,-0.459552,0.410050199367106,0.297487399540842,
81,-0.45904,0.426130599342287,0.329648199491203,
82,-0.458528,0.434170799329877,0.361808999441564,
83,-0.458016,0.442210999317467,0.385929599404335,
84,-0.457504,0.458291399292648,0.418090399354696,
85,-0.456992,0.466331599280238,0.434170799329877,
86,-0.45648,0.474371799267828,0.458291399292648,
87,-0.455968,0.482411999255419,0.482411999255419,
88,-0.455456,0.482411999255419,0.498492399230599,
89,-0.454944,0.490452199243009,0.52261299919337,
90,-0.454432,0.482411999255419,0.546733599156141,
91,-0.45392,0.498492399230599,0.554773799143732,
92,-0.453408,0.498492399230599,0.570854199118912,
93,-0.452896,0.498492399230599,0.586934599094093,
94,-0.452384,0.490452199243009,0.611055199056864,
95,-0.451872,0.490452199243009,0.619095399044454,
96,-0.45136,0.482411999255419,0.627135599032044,
97,-0.450848,0.474371799267828,0.635175799019635,
98,-0.450336,0.490452199243009,0.635175799019635,
99,-0.449824,0.466331599280238,0.651256198994815,
100,-0.449312,0.458291399292648,0.659296398982406,
101,-0.4488,0.450251199305058,0.659296398982406,
102,-0.448288,0.434170799329877,0.651256198994815,
103,-0.447776,0.434170799329877,0.659296398982406,
104,-0.447264,0.418090399354696,0.659296398982406,
105,-0.446752,0.402009999379516,0.667336598969996,
106,-0.44624,0.377889399416745,0.659296398982406,
107,-0.445728,0.369849199429154,0.635175799019635,
108,-0.445216,0.345728599466383,0.643215999007225,
109,-0.444704,0.337688399478793,0.627135599032044,
110,-0.444192,0.313567799516022,0.619095399044454,
111,-0.44368,0.297487399540842,0.594974799081683,
112,-0.443168,0.281406999565661,0.594974799081683,
113,-0.442656,0.25728639960289,0.570854199118912,
114,-0.442144,0.233165799640119,0.570854199118912,
115,-0.441632,0.217085399664938,0.538693399168551,
116,-0.44112,0.192964799702168,0.530653199180961,
117,-0.440608,0.168844199739397,0.50653259921819,
118,-0.440096,0.152763799764216,0.490452199243009,
119,-0.439584,0.136683399789035,0.466331599280238,
120,-0.439072,0.104522599838674,0.434170799329877,
121,-0.43856,0.0884421998634934,0.410050199367106,
122,-0.438048,0.0562813999131322,0.385929599404335,
123,-0.437536,0.0402009999379516,0.361808999441564,
124,-0.437024,0.00804019998759031,0.337688399478793,
125,-0.436512,-0.0160803999751806,0.305527599528432,
126,-0.436,-0.0402009999379516,0.281406999565661,
127,-0.435488,-0.0643215999007225,0.2492461996153,
128,-0.434976,-0.0804019998759031,0.217085399664938,
129,-0.434464,-0.104522599838674,0.192964799702168,
130,-0.433952,-0.128643199801445,0.152763799764216,
131,-0.43344,-0.160803999751806,0.128643199801445,
132,-0.432928,-0.176884399726987,0.0964823998510838,
133,-0.432416,-0.201004999689758,0.0562813999131322,
134,-0.431904,-0.233165799640119,0.0402009999379516,
135,-0.431392,-0.2492461996153,0,
136,-0.43088,-0.273366799578071,-0.0321607999503613,
137,-0.430368,-0.297487399540842,-0.0562813999131322,
138,-0.429856,-0.313567799516022,-0.0884421998634934,
139,-0.429344,-0.337688399478793,-0.128643199801445,
140,-0.428832,-0.345728599466383,-0.168844199739397,
141,-0.42832,-0.369849199429154,-0.192964799702168,
142,-0.427808,-0.377889399416745,-0.225125599652529,
143,-0.427296,-0.402009999379516,-0.241205999627709,
144,-0.426784,-0.418090399354696,-0.281406999565661,
145,-0.426272,-0.426130599342287,-0.313567799516022,
146,-0.42576,-0.434170799329877,-0.337688399478793,
147,-0.425248,-0.442210999317467,-0.361808999441564,
148,-0.424736,-0.450251199305058,-0.393969799391925,
149,-0.424224,-0.466331599280238,-0.426130599342287,
150,-0.423712,-0.466331599280238,-0.442210999317467,
151,-0.4232,-0.474371799267828,-0.466331599280238,
152,-0.422688,-0.490452199243009,-0.490452199243009,
153,-0.422176,-0.498492399230599,-0.51457279920578,
154,-0.421664,-0.498492399230599,-0.538693399168551,
155,-0.421152,-0.51457279920578,-0.546733599156141,
156,-0.42064,-0.50653259921819,-0.570854199118912,
157,-0.420128,-0.50653259921819,-0.578894399106503,
158,-0.419616,-0.50653259921819,-0.603014999069273,
159,-0.419104,-0.51457279920578,-0.611055199056864,
160,-0.418592,-0.50653259921819,-0.627135599032044,
161,-0.41808,-0.490452199243009,-0.635175799019635,
162,-0.417568,-0.490452199243009,-0.635175799019635,
163,-0.417056,-0.482411999255419,-0.651256198994815,
164,-0.416544,-0.474371799267828,-0.659296398982406,
165,-0.416032,-0.482411999255419,-0.667336598969996,
166,-0.41552,-0.458291399292648,-0.667336598969996,
167,-0.415008,-0.442210999317467,-0.659296398982406,
168,-0.414496,-0.442210999317467,-0.675376798957586,
169,-0.413984,-0.418090399354696,-0.675376798957586,
170,-0.413472,-0.410050199367106,-0.659296398982406,
171,-0.41296,-0.402009999379516,-0.659296398982406,
172,-0.412448,-0.377889399416745,-0.651256198994815,
173,-0.411936,-0.369849199429154,-0.651256198994815,
174,-0.411424,-0.353768799453974,-0.635175799019635,
175,-0.410912,-0.329648199491203,-0.627135599032044,
176,-0.4104,-0.321607999503613,-0.627135599032044,
177,-0.409888,-0.297487399540842,-0.594974799081683,
178,-0.409376,-0.281406999565661,-0.594974799081683,
179,-0.408864,-0.25728639960289,-0.570854199118912,
180,-0.408352,-0.233165799640119,-0.554773799143732,
181,-0.40784,-0.201004999689758,-0.530653199180961,
182,-0.407328,-0.184924599714577,-0.52261299919337,
183,-0.406816,-0.176884399726987,-0.490452199243009,
184,-0.406304,-0.144723599776626,-0.474371799267828,
185,-0.405792,-0.112562799826264,-0.442210999317467,
186,-0.40528,-0.0964823998510838,-0.434170799329877,
187,-0.404768,-0.0723617998883128,-0.402009999379516,
188,-0.404256,-0.0402009999379516,-0.377889399416745,
189,-0.403744,-0.0241205999627709,-0.353768799453974,
190,-0.403232,0,-0.321607999503613,
191,-0.40272,0.0321607999503613,-0.289447199553251,
192,-0.402208,0.0402009999379516,-0.26532659959048,
193,-0.401696,0.0723617998883128,-0.233165799640119,
194,-0.401184,0.0884421998634934,-0.192964799702168,
195,-0.400672,0.120602999813855,-0.168844199739397,
196,-0.40016,0.144723599776626,-0.136683399789035,
197,-0.399648,0.168844199739397,-0.104522599838674,
198,-0.399136,0.192964799702168,-0.0723617998883128,
199,-0.398624,0.209045199677348,-0.0482411999255419,
200,-0.398112,0.233165799640119,-0.0160803999751806,
201,-0.3976,0.25728639960289,0.0241205999627709,
202,-0.397088,0.281406999565661,0.0562813999131322,
203,-0.396576,0.289447199553251,0.0884421998634934,
204,-0.396064,0.313567799516022,0.120602999813855,
205,-0.395552,0.329648199491203,0.144723599776626,
206,-0.39504,0.353768799453974,0.184924599714577,
207,-0.394528,0.361808999441564,0.201004999689758,
208,-0.394016,0.377889399416745,0.241205999627709,
209,-0.393504,0.393969799391925,0.26532659959048,
210,-0.392992,0.410050199367106,0.297487399540842,
211,-0.39248,0.426130599342287,0.329648199491203,
212,-0.391968,0.442210999317467,0.353768799453974,
213,-0.391456,0.450251199305058,0.385929599404335,
214,-0.390944,0.458291399292648,0.410050199367106,
215,-0.390432,0.466331599280238,0.426130599342287,
216,-0.38992,0.474371799267828,0.450251199305058,
217,-0.389408,0.490452199243009,0.474371799267828,
218,-0.388896,0.490452199243009,0.498492399230599,
219,-0.388384,0.490452199243009,0.52261299919337,
220,-0.387872,0.490452199243009,0.538693399168551,
221,-0.38736,0.498492399230599,0.562813999131322,
222,-0.386848,0.498492399230599,0.578894399106503,
223,-0.386336,0.490452199243009,0.586934599094093,
224,-0.385824,0.490452199243009,0.603014999069273,
225,-0.385312,0.490452199243009,0.611055199056864,
226,-0.3848,0.482411999255419,0.635175799019635,
227,-0.384288,0.490452199243009,0.635175799019635,
228,-0.383776,0.474371799267828,0.643215999007225,
229,-0.383264,0.466331599280238,0.643215999007225,
230,-0.382752,0.466331599280238,0.659296398982406,
231,-0.38224,0.442210999317467,0.659296398982406,
232,-0.381728,0.442210999317467,0.659296398982406,
233,-0.381216,0.426130599342287,0.659296398982406,
234,-0.380704,0.418090399354696,0.659296398982406,
235,-0.380192,0.402009999379516,0.659296398982406,
236,-0.37968,0.393969799391925,0.659296398982406,
237,-0.379168,0.369849199429154,0.651256198994815,
238,-0.378656,0.361808999441564,0.643215999007225,
239,-0.378144,0.337688399478793,0.635175799019635,
240,-0.377632,0.321607999503613,0.627135599032044,
241,-0.37712,0.313567799516022,0.611055199056864,
242,-0.376608,0.289447199553251,0.594974799081683,
243,-0.376096,0.26532659959048,0.578894399106503,
244,-0.375584,0.25728639960289,0.562813999131322,
245,-0.375072,0.217085399664938,0.546733599156141,
246,-0.37456,0.201004999689758,0.530653199180961,
247,-0.374048,0.176884399726987,0.50653259921819,
248,-0.373536,0.160803999751806,0.490452199243009,
249,-0.373024,0.136683399789035,0.466331599280238,
250,-0.372512,0.104522599838674,0.450251199305058,
251,-0.372,0.0884421998634934,0.418090399354696,
252,-0.371488,0.0562813999131322,0.402009999379516,
253,-0.370976,0.0321607999503613,0.369849199429154,
254,-0.370464,0,0.337688399478793,
255,-0.369952,-0.00804019998759031,0.313567799516022,
256,-0.36944,-0.0402009999379516,0.281406999565661,
257,-0.368928,-0.0562813999131322,0.25728639960289,
258,-0.368416,-0.0884421998634934,0.225125599652529,
259,-0.367904,-0.112562799826264,0.192964799702168,
260,-0.367392,-0.128643199801445,0.160803999751806,
261,-0.36688,-0.152763799764216,0.128643199801445,
262,-0.366368,-0.168844199739397,0.0964823998510838,
263,-0.365856,-0.201004999689758,0.0723617998883128,
264,-0.365344,-0.225125599652529,0.0402009999379516,
265,-0.364832,-0.233165799640119,0,
266,-0.36432,-0.25728639960289,-0.0241205999627709,
267,-0.363808,-0.289447199553251,-0.0562813999131322,
268,-0.363296,-0.305527599528432,-0.0884421998634934,
269,-0.362784,-0.321607999503613,-0.112562799826264,
270,-0.362272,-0.345728599466383,-0.160803999751806,
271,-0.36176,-0.361808999441564,-0.184924599714577,
272,-0.361248,-0.377889399416745,-0.217085399664938,
273,-0.360736,-0.402009999379516,-0.2492461996153,
274,-0.360224,-0.402009999379516,-0.281406999565661,
275,-0.359712,-0.426130599342287,-0.297487399540842,
276,-0.3592,-0.434170799329877,-0.329648199491203,
277,-0.358688,-0.442210999317467,-0.369849199429154,
278,-0.358176,-0.450251199305058,-0.385929599404335,
279,-0.357664,-0.474371799267828,-0.418090399354696,
280,-0.357152,-0.474371799267828,-0.434170799329877,
281,-0.35664,-0.482411999255419,-0.466331599280238,
282,-0.356128,-0.490452199243009,-0.482411999255419,
283,-0.355616,-0.498492399230599,-0.50653259921819,
284,-0.355104,-0.498492399230599,-0.52261299919337,
285,-0.354592,-0.50653259921819,-0.538693399168551,
286,-0.35408,-0.50653259921819,-0.562813999131322,
287,-0.353568,-0.50653259921819,-0.578894399106503,
288,-0.353056,-0.50653259921819,-0.594974799081683,
289,-0.352544,-0.50653259921819,-0.611055199056864,
290,-0.352032,-0.498492399230599,-0.619095399044454,
291,-0.35152,-0.498492399230599,-0.627135599032044,
292,-0.351008,-0.482411999255419,-0.651256198994815,
293,-0.350496,-0.490452199243009,-0.651256198994815,
294,-0.349984,-0.474371799267828,-0.659296398982406,
295,-0.349472,-0.474371799267828,-0.667336598969996,
296,-0.34896,-0.458291399292648,-0.667336598969996,
297,-0.348448,-0.458291399292648,-0.675376798957586,
298,-0.347936,-0.442210999317467,-0.675376798957586,
299,-0.347424,-0.434170799329877,-0.659296398982406,
300,-0.346912,-0.410050199367106,-0.675376798957586,
301,-0.3464,-0.402009999379516,-0.659296398982406,
302,-0.345888,-0.393969799391925,-0.659296398982406,
303,-0.345376,-0.369849199429154,-0.651256198994815,
304,-0.344864,-0.353768799453974,-0.643215999007225,
305,-0.344352,-0.329648199491203,-0.635175799019635,
306,-0.34384,-0.313567799516022,-0.619095399044454,
307,-0.343328,-0.297487399540842,-0.603014999069273,
308,-0.342816,-0.273366799578071,-0.586934599094093,
309,-0.342304,-0.25728639960289,-0.570854199118912,
310,-0.341792,-0.233165799640119,-0.554773799143732,
311,-0.34128,-0.217085399664938,-0.538693399168551,
312,-0.340768,-0.192964799702168,-0.52261299919337,
313,-0.340256,-0.160803999751806,-0.50653259921819,
314,-0.339744,-0.136683399789035,-0.482411999255419,
315,-0.339232,-0.128643199801445,-0.466331599280238,
316,-0.33872,-0.104522599838674,-0.434170799329877,
317,-0.338208,-0.0723617998883128,-0.402009999379516,
318,-0.337696,-0.0482411999255419,-0.377889399416745,
319,-0.337184,-0.0241205999627709,-0.353768799453974,
320,-0.336672,0,-0.321607999503613,
321,-0.33616,0.00804019998759031,-0.289447199553251,
322,-0.335648,0.0482411999255419,-0.26532659959048,
323,-0.335136,0.0723617998883128,-0.241205999627709,
324,-0.334624,0.0884421998634934,-0.209045199677348,
325,-0.334112,0.112562799826264,-0.176884399726987,
326,-0.3336,0.136683399789035,-0.144723599776626,
327,-0.333088,0.160803999751806,-0.112562799826264,
328,-0.332576,0.184924599714577,-0.0804019998759031,
329,-0.332064,0.201004999689758,-0.0482411999255419,
330,-0.331552,0.225125599652529,-0.0160803999751806,
331,-0.33104,0.2492461996153,0.0160803999751806,
332,-0.330528,0.273366799578071,0.0402009999379516,
333,-0.330016,0.289447199553251,0.0804019998759031,
334,-0.329504,0.305527599528432,0.112562799826264,
335,-0.328992,0.321607999503613,0.136683399789035,
336,-0.32848,0.345728599466383,0.176884399726987,
337,-0.327968,0.361808999441564,0.209045199677348,
338,-0.327456,0.385929599404335,0.233165799640119,
339,-0.326944,0.393969799391925,0.26532659959048,
340,-0.326432,0.410050199367106,0.297487399540842,
341,-0.32592,0.418090399354696,0.321607999503613,
342,-0.325408,0.426130599342287,0.353768799453974,
343,-0.324896,0.442210999317467,0.377889399416745,
344,-0.324384,0.450251199305058,0.393969799391925,
345,-0.323872,0.466331599280238,0.434170799329877,
346,-0.32336,0.474371799267828,0.450251199305058,
347,-0.322848,0.474371799267828,0.474371799267828,
348,-0.322336,0.490452199243009,0.490452199243009,
349,-0.321824,0.490452199243009,0.51457279920578,
350,-0.321312,0.498492399230599,0.538693399168551,
351,-0.3208,0.498492399230599,0.546733599156141,
352,-0.320288,0.490452199243009,0.570854199118912,
353,-0.319776,0.490452199243009,0.594974799081683,
354,-0.319264,0.490452199243009,0.603014999069273,
355,-0.318752,0.498492399230599,0.619095399044454,
356,-0.31824,0.498492399230599,0.627135599032044,
357,-0.317728,0.482411999255419,0.635175799019635,
358,-0.317216,0.474371799267828,0.643215999007225,
359,-0.316704,0.466331599280238,0.643215999007225,
360,-0.316192,0.458291399292648,0.651256198994815,
361,-0.31568,0.450251199305058,0.659296398982406,
362,-0.315168,0.442210999317467,0.659296398982406,
363,-0.314656,0.434170799329877,0.667336598969996,
364,-0.314144,0.426130599342287,0.659296398982406,
365,-0.313632,0.402009999379516,0.659296398982406,
366,-0.31312,0.393969799391925,0.651256198994815,
367,-0.312608,0.377889399416745,0.651256198994815,
368,-0.312096,0.353768799453974,0.643215999007225,
369,-0.311584,0.345728599466383,0.627135599032044,
370,-0.311072,0.321607999503613,0.627135599032044,
371,-0.31056,0.305527599528432,0.611055199056864,
372,-0.310048,0.289447199553251,0.603014999069273,
373,-0.309536,0.26532659959048,0.586934599094093,
374,-0.309024,0.241205999627709,0.570854199118912,
375,-0.308512,0.225125599652529,0.554773799143732,
376,-0.308,0.201004999689758,0.530653199180961,
377,-0.307488,0.176884399726987,0.51457279920578,
378,-0.306976,0.160803999751806,0.490452199243009,
379,-0.306464,0.136683399789035,0.474371799267828,
380,-0.305952,0.104522599838674,0.450251199305058,
381,-0.30544,0.0884421998634934,0.426130599342287,
382,-0.304928,0.0643215999007225,0.402009999379516,
383,-0.304416,0.0402009999379516,0.377889399416745,
384,-0.303904,0.0160803999751806,0.353768799453974,
385,-0.303392,-0.00804019998759031,0.321607999503613,
386,-0.30288,-0.0321607999503613,0.297487399540842,
387,-0.302368,-0.0643215999007225,0.26532659959048,
388,-0.301856,-0.0804019998759031,0.233165799640119,
389,-0.301344,-0.104522599838674,0.201004999689758,
390,-0.300832,-0.120602999813855,0.168844199739397,
391,-0.30032,-0.152763799764216,0.144723599776626,
392,-0.299808,-0.168844199739397,0.104522599838674,
393,-0.299296,-0.192964799702168,0.0723617998883128,
394,-0.298784,-0.217085399664938,0.0402009999379516,
395,-0.298272,-0.233165799640119,0.00804019998759031,
396,-0.29776,-0.25728639960289,-0.0241205999627709,
397,-0.297248,-0.281406999565661,-0.0482411999255419,
398,-0.296736,-0.313567799516022,-0.0884421998634934,
399,-0.296224,-0.321607999503613,-0.112562799826264,
400,-0.295712,-0.337688399478793,-0.144723599776626,
401,-0.2952,-0.345728599466383,-0.176884399726987,
402,-0.294688,-0.361808999441564,-0.209045199677348,
403,-0.294176,-0.385929599404335,-0.241205999627709,
404,-0.293664,-0.393969799391925,-0.26532659959048,
405,-0.293152,-0.418090399354696,-0.305527599528432,
406,-0.29264,-0.426130599342287,-0.329648199491203,
407,-0.292128,-0.442210999317467,-0.353768799453974,
408,-0.291616,-0.450251199305058,-0.385929599404335,
409,-0.291104,-0.466331599280238,-0.410050199367106,
410,-0.290592,-0.466331599280238,-0.434170799329877,
411,-0.29008,-0.482411999255419,-0.466331599280238,
412,-0.289568,-0.490452199243009,-0.474371799267828,
413,-0.289056,-0.482411999255419,-0.50653259921819,
414,-0.288544,-0.498492399230599,-0.52261299919337,
415,-0.288032,-0.498492399230599,-0.538693399168551,
416,-0.28752,-0.50653259921819,-0.554773799143732,
417,-0.287008,-0.498492399230599,-0.578894399106503,
418,-0.286496,-0.51457279920578,-0.594974799081683,
419,-0.285984,-0.50653259921819,-0.611055199056864,
420,-0.285472,-0.50653259921819,-0.619095399044454,
421,-0.28496,-0.490452199243009,-0.635175799019635,
422,-0.284448,-0.498492399230599,-0.635175799019635,
423,-0.283936,-0.490452199243009,-0.643215999007225,
424,-0.283424,-0.490452199243009,-0.659296398982406,
425,-0.282912,-0.474371799267828,-0.667336598969996,
426,-0.2824,-0.466331599280238,-0.667336598969996,
427,-0.281888,-0.458291399292648,-0.667336598969996,
428,-0.281376,-0.442210999317467,-0.675376798957586,
429,-0.280864,-0.434170799329877,-0.667336598969996,
430,-0.280352,-0.410050199367106,-0.667336598969996,
431,-0.27984,-0.410050199367106,-0.659296398982406,
432,-0.279328,-0.393969799391925,-0.659296398982406,
433,-0.278816,-0.369849199429154,-0.659296398982406,
434,-0.278304,-0.353768799453974,-0.643215999007225,
435,-0.277792,-0.353768799453974,-0.643215999007225,
436,-0.27728,-0.313567799516022,-0.619095399044454,
437,-0.276768,-0.305527599528432,-0.611055199056864,
438,-0.276256,-0.281406999565661,-0.586934599094093,
439,-0.275744,-0.25728639960289,-0.586934599094093,
440,-0.275232,-0.241205999627709,-0.562813999131322,
441,-0.27472,-0.217085399664938,-0.538693399168551,
442,-0.274208,-0.201004999689758,-0.52261299919337,
443,-0.273696,-0.176884399726987,-0.498492399230599,
444,-0.273184,-0.152763799764216,-0.482411999255419,
445,-0.272672,-0.128643199801445,-0.466331599280238,
446,-0.27216,-0.104522599838674,-0.442210999317467,
447,-0.271648,-0.0804019998759031,-0.410050199367106,
448,-0.271136,-0.0562813999131322,-0.385929599404335,
449,-0.270624,-0.0321607999503613,-0.361808999441564,
450,-0.270112,-0.00804019998759031,-0.337688399478793,
451,-0.2696,0.0160803999751806,-0.305527599528432,
452,-0.269088,0.0321607999503613,-0.273366799578071,
453,-0.268576,0.0643215999007225,-0.2492461996153,
454,-0.268064,0.0884421998634934,-0.217085399664938,
455,-0.267552,0.112562799826264,-0.184924599714577,
456,-0.26704,0.136683399789035,-0.152763799764216,
457,-0.266528,0.160803999751806,-0.120602999813855,
458,-0.266016,0.184924599714577,-0.0884421998634934,
459,-0.265504,0.201004999689758,-0.0562813999131322,
460,-0.264992,0.225125599652529,-0.0241205999627709,
461,-0.26448,0.2492461996153,0.00804019998759031,
462,-0.263968,0.273366799578071,0.0402009999379516,
463,-0.263456,0.289447199553251,0.0723617998883128,
464,-0.262944,0.297487399540842,0.104522599838674,
465,-0.262432,0.321607999503613,0.136683399789035,
466,-0.26192,0.345728599466383,0.168844199739397,
467,-0.261408,0.353768799453974,0.192964799702168,
468,-0.260896,0.385929599404335,0.233165799640119,
469,-0.260384,0.393969799391925,0.25728639960289,
470,-0.259872,0.402009999379516,0.281406999565661,
471,-0.25936,0.418090399354696,0.313567799516022,
472,-0.258848,0.426130599342287,0.345728599466383,
473,-0.258336,0.442210999317467,0.369849199429154,
474,-0.257824,0.450251199305058,0.393969799391925,
475,-0.257312,0.458291399292648,0.426130599342287,
476,-0.2568,0.466331599280238,0.442210999317467,
477,-0.256288,0.466331599280238,0.474371799267828,
478,-0.255776,0.474371799267828,0.482411999255419,
479,-0.255264,0.482411999255419,0.51457279920578,
480,-0.254752,0.490452199243009,0.530653199180961,
481,-0.25424,0.482411999255419,0.554773799143732,
482,-0.253728,0.490452199243009,0.570854199118912,
483,-0.253216,0.498492399230599,0.586934599094093,
484,-0.252704,0.490452199243009,0.594974799081683,
485,-0.252192,0.490452199243009,0.611055199056864,
486,-0.25168,0.490452199243009,0.627135599032044,
487,-0.251168,0.482411999255419,0.627135599032044,
488,-0.250656,0.474371799267828,0.643215999007225,
489,-0.250144,0.474371799267828,0.643215999007225,
490,-0.249632,0.474371799267828,0.651256198994815,
491,-0.24912,0.458291399292648,0.651256198994815,
492,-0.248608,0.450251199305058,0.659296398982406,
493,-0.248096,0.426130599342287,0.667336598969996,
494,-0.247584,0.426130599342287,0.651256198994815,
495,-0.247072,0.418090399354696,0.659296398982406,
496,-0.24656,0.393969799391925,0.651256198994815,
497,-0.246048,0.377889399416745,0.651256198994815,
498,-0.245536,0.361808999441564,0.643215999007225,
499,-0.245024,0.345728599466383,0.635175799019635,
500,-0.244512,0.329648199491203,0.627135599032044,
501,-0.244,0.305527599528432,0.611055199056864,
502,-0.243488,0.289447199553251,0.594974799081683,
503,-0.242976,0.281406999565661,0.586934599094093,
504,-0.242464,0.2492461996153,0.578894399106503,
505,-0.241952,0.225125599652529,0.554773799143732,
506,-0.24144,0.209045199677348,0.538693399168551,
507,-0.240928,0.184924599714577,0.51457279920578,
508,-0.240416,0.160803999751806,0.498492399230599,
509,-0.239904,0.144723599776626,0.482411999255419,
510,-0.239392,0.120602999813855,0.458291399292648,
511,-0.23888,0.0884421998634934,0.434170799329877,
512,-0.238368,0.0804019998759031,0.402009999379516,
513,-0.237856,0.0402009999379516,0.385929599404335,
514,-0.237344,0.0241205999627709,0.345728599466383,
515,-0.236832,0,0.321607999503613,
516,-0.23632,-0.0241205999627709,0.305527599528432,
517,-0.235808,-0.0482411999255419,0.26532659959048,
518,-0.235296,-0.0804019998759031,0.233165799640119,
519,-0.234784,-0.104522599838674,0.209045199677348,
520,-0.234272,-0.120602999813855,0.176884399726987,
521,-0.23376,-0.144723599776626,0.144723599776626,
522,-0.233248,-0.168844199739397,0.112562799826264,
523,-0.232736,-0.192964799702168,0.0884421998634934,
524,-0.232224,-0.217085399664938,0.0402009999379516,
525,-0.231712,-0.241205999627709,0.0160803999751806,
526,-0.2312,-0.26532659959048,-0.0160803999751806,
527,-0.230688,-0.281406999565661,-0.0482411999255419,
528,-0.230176,-0.297487399540842,-0.0723617998883128,
529,-0.229664,-0.313567799516022,-0.104522599838674,
530,-0.229152,-0.329648199491203,-0.136683399789035,
531,-0.22864,-0.353768799453974,-0.168844199739397,
532,-0.228128,-0.377889399416745,-0.209045199677348,
533,-0.227616,-0.377889399416745,-0.233165799640119,
534,-0.227104,-0.402009999379516,-0.26532659959048,
535,-0.226592,-0.410050199367106,-0.297487399540842,
536,-0.22608,-0.426130599342287,-0.321607999503613,
537,-0.225568,-0.442210999317467,-0.345728599466383,
538,-0.225056,-0.458291399292648,-0.377889399416745,
539,-0.224544,-0.458291399292648,-0.402009999379516,
540,-0.224032,-0.466331599280238,-0.418090399354696,
541,-0.22352,-0.474371799267828,-0.458291399292648,
542,-0.223008,-0.482411999255419,-0.474371799267828,
543,-0.222496,-0.490452199243009,-0.498492399230599,
544,-0.221984,-0.498492399230599,-0.51457279920578,
545,-0.221472,-0.50653259921819,-0.538693399168551,
546,-0.22096,-0.51457279920578,-0.554773799143732,
547,-0.220448,-0.50653259921819,-0.578894399106503,
548,-0.219936,-0.50653259921819,-0.586934599094093,
549,-0.219424,-0.50653259921819,-0.603014999069273,
550,-0.218912,-0.498492399230599,-0.611055199056864,
551,-0.2184,-0.498492399230599,-0.627135599032044,
552,-0.217888,-0.490452199243009,-0.635175799019635,
553,-0.217376,-0.490452199243009,-0.643215999007225,
554,-0.216864,-0.474371799267828,-0.651256198994815,
555,-0.216352,-0.466331599280238,-0.659296398982406,
556,-0.21584,-0.458291399292648,-0.667336598969996,
557,-0.215328,-0.458291399292648,-0.675376798957586,
558,-0.214816,-0.450251199305058,-0.675376798957586,
559,-0.214304,-0.426130599342287,-0.675376798957586,
560,-0.213792,-0.418090399354696,-0.667336598969996,
561,-0.21328,-0.410050199367106,-0.667336598969996,
562,-0.212768,-0.393969799391925,-0.659296398982406,
563,-0.212256,-0.385929599404335,-0.651256198994815,
564,-0.211744,-0.361808999441564,-0.643215999007225,
565,-0.211232,-0.345728599466383,-0.643215999007225,
566,-0.21072,-0.329648199491203,-0.627135599032044,
567,-0.210208,-0.305527599528432,-0.611055199056864,
568,-0.209696,-0.289447199553251,-0.594974799081683,
569,-0.209184,-0.26532659959048,-0.578894399106503,
570,-0.208672,-0.2492461996153,-0.562813999131322,
571,-0.20816,-0.233165799640119,-0.546733599156141,
572,-0.207648,-0.192964799702168,-0.530653199180961,
573,-0.207136,-0.160803999751806,-0.50653259921819,
574,-0.206624,-0.160803999751806,-0.490452199243009,
575,-0.206112,-0.128643199801445,-0.466331599280238,
576,-0.2056,-0.104522599838674,-0.434170799329877,
577,-0.205088,-0.0884421998634934,-0.418090399354696,
578,-0.204576,-0.0643215999007225,-0.393969799391925,
579,-0.204064,-0.0321607999503613,-0.369849199429154,
580,-0.203552,-0.0241205999627709,-0.329648199491203,
581,-0.20304,0.00804019998759031,-0.313567799516022,
582,-0.202528,0.0321607999503613,-0.273366799578071,
583,-0.202016,0.0643215999007225,-0.2492461996153,
584,-0.201504,0.0723617998883128,-0.225125599652529,
585,-0.200992,0.104522599838674,-0.192964799702168,
586,-0.20048,0.128643199801445,-0.152763799764216,
587,-0.199968,0.152763799764216,-0.128643199801445,
588,-0.199456,0.176884399726987,-0.0964823998510838,
589,-0.198944,0.201004999689758,-0.0643215999007225,
590,-0.198432,0.225125599652529,-0.0321607999503613,
591,-0.19792,0.2492461996153,0,
592,-0.197408,0.25728639960289,0.0321607999503613,
593,-0.196896,0.281406999565661,0.0643215999007225,
594,-0.196384,0.297487399540842,0.0884421998634934,
595,-0.195872,0.321607999503613,0.128643199801445,
596,-0.19536,0.345728599466383,0.152763799764216,
597,-0.194848,0.353768799453974,0.192964799702168,
598,-0.194336,0.369849199429154,0.225125599652529,
599,-0.193824,0.385929599404335,0.2492461996153,
600,-0.193312,0.410050199367106,0.273366799578071,
601,-0.1928,0.418090399354696,0.313567799516022,
602,-0.192288,0.426130599342287,0.337688399478793,
603,-0.191776,0.434170799329877,0.369849199429154,
604,-0.191264,0.450251199305058,0.393969799391925,
605,-0.190752,0.466331599280238,0.426130599342287,
606,-0.19024,0.458291399292648,0.442210999317467,
607,-0.189728,0.474371799267828,0.474371799267828,
608,-0.189216,0.482411999255419,0.490452199243009,
609,-0.188704,0.482411999255419,0.50653259921819,
610,-0.188192,0.498492399230599,0.52261299919337,
611,-0.18768,0.482411999255419,0.546733599156141,
612,-0.187168,0.490452199243009,0.562813999131322,
613,-0.186656,0.490452199243009,0.586934599094093,
614,-0.186144,0.498492399230599,0.594974799081683,
615,-0.185632,0.490452199243009,0.611055199056864,
616,-0.18512,0.482411999255419,0.619095399044454,
617,-0.184608,0.474371799267828,0.627135599032044,
618,-0.184096,0.482411999255419,0.643215999007225,
619,-0.183584,0.466331599280238,0.651256198994815,
620,-0.183072,0.466331599280238,0.643215999007225,
621,-0.18256,0.458291399292648,0.659296398982406,
622,-0.182048,0.450251199305058,0.667336598969996,
623,-0.181536,0.434170799329877,0.659296398982406,
624,-0.181024,0.434170799329877,0.659296398982406,
625,-0.180512,0.402009999379516,0.659296398982406,
626,-0.18,0.402009999379516,0.651256198994815,
627,-0.179488,0.377889399416745,0.651256198994815,
628,-0.178976,0.369849199429154,0.651256198994815,
629,-0.178464,0.353768799453974,0.635175799019635,
630,-0.177952,0.337688399478793,0.627135599032044,
631,-0.17744,0.313567799516022,0.619095399044454,
632,-0.176928,0.289447199553251,0.603014999069273,
633,-0.176416,0.273366799578071,0.586934599094093,
634,-0.175904,0.25728639960289,0.570854199118912,
635,-0.175392,0.233165799640119,0.562813999131322,
636,-0.17488,0.201004999689758,0.538693399168551,
637,-0.174368,0.201004999689758,0.52261299919337,
638,-0.173856,0.168844199739397,0.498492399230599,
639,-0.173344,0.144723599776626,0.482411999255419,
640,-0.172832,0.120602999813855,0.458291399292648,
641,-0.17232,0.0964823998510838,0.434170799329877,
642,-0.171808,0.0723617998883128,0.410050199367106,
643,-0.171296,0.0482411999255419,0.385929599404335,
644,-0.170784,0.0241205999627709,0.361808999441564,
645,-0.170272,0.00804019998759031,0.329648199491203,
646,-0.16976,-0.0160803999751806,0.305527599528432,
647,-0.169248,-0.0482411999255419,0.273366799578071,
648,-0.168736,-0.0643215999007225,0.241205999627709,
649,-0.168224,-0.0964823998510838,0.217085399664938,
650,-0.167712,-0.112562799826264,0.184924599714577,
651,-0.1672,-0.136683399789035,0.144723599776626,
652,-0.166688,-0.160803999751806,0.120602999813855,
653,-0.166176,-0.176884399726987,0.0804019998759031,
654,-0.165664,-0.201004999689758,0.0562813999131322,
655,-0.165152,-0.233165799640119,0.0241205999627709,
656,-0.16464,-0.2492461996153,-0.00804019998759031,
657,-0.164128,-0.273366799578071,-0.0402009999379516,
658,-0.163616,-0.297487399540842,-0.0723617998883128,
659,-0.163104,-0.313567799516022,-0.112562799826264,
660,-0.162592,-0.329648199491203,-0.136683399789035,
661,-0.16208,-0.361808999441564,-0.160803999751806,
662,-0.161568,-0.361808999441564,-0.201004999689758,
663,-0.161056,-0.377889399416745,-0.233165799640119,
664,-0.160544,-0.393969799391925,-0.25728639960289,
665,-0.160032,-0.410050199367106,-0.281406999565661,
666,-0.15952,-0.426130599342287,-0.313567799516022,
667,-0.159008,-0.434170799329877,-0.337688399478793,
668,-0.158496,-0.458291399292648,-0.369849199429154,
669,-0.157984,-0.458291399292648,-0.393969799391925,
670,-0.157472,-0.474371799267828,-0.418090399354696,
671,-0.15696,-0.482411999255419,-0.450251199305058,
672,-0.156448,-0.482411999255419,-0.474371799267828,
673,-0.155936,-0.490452199243009,-0.498492399230599,
674,-0.155424,-0.498492399230599,-0.51457279920578,
675,-0.154912,-0.498492399230599,-0.530653199180961,
676,-0.1544,-0.50653259921819,-0.554773799143732,
677,-0.153888,-0.51457279920578,-0.562813999131322,
678,-0.153376,-0.498492399230599,-0.586934599094093,
679,-0.152864,-0.50653259921819,-0.603014999069273,
680,-0.152352,-0.498492399230599,-0.611055199056864,
681,-0.15184,-0.50653259921819,-0.627135599032044,
682,-0.151328,-0.498492399230599,-0.635175799019635,
683,-0.150816,-0.498492399230599,-0.651256198994815,
684,-0.150304,-0.490452199243009,-0.651256198994815,
685,-0.149792,-0.474371799267828,-0.659296398982406,
686,-0.14928,-0.466331599280238,-0.667336598969996,
687,-0.148768,-0.466331599280238,-0.659296398982406,
688,-0.148256,-0.450251199305058,-0.659296398982406,
689,-0.147744,-0.434170799329877,-0.675376798957586,
690,-0.147232,-0.434170799329877,-0.667336598969996,
691,-0.14672,-0.410050199367106,-0.659296398982406,
692,-0.146208,-0.393969799391925,-0.659296398982406,
693,-0.145696,-0.377889399416745,-0.651256198994815,
694,-0.145184,-0.361808999441564,-0.643215999007225,
695,-0.144672,-0.337688399478793,-0.635175799019635,
696,-0.14416,-0.337688399478793,-0.627135599032044,
697,-0.143648,-0.313567799516022,-0.619095399044454,
698,-0.143136,-0.297487399540842,-0.603014999069273,
699,-0.142624,-0.26532659959048,-0.586934599094093,
700,-0.142112,-0.2492461996153,-0.570854199118912,
701,-0.1416,-0.225125599652529,-0.546733599156141,
702,-0.141088,-0.217085399664938,-0.530653199180961,
703,-0.140576,-0.176884399726987,-0.51457279920578,
704,-0.140064,-0.168844199739397,-0.490452199243009,
705,-0.139552,-0.152763799764216,-0.466331599280238,
706,-0.13904,-0.112562799826264,-0.434170799329877,
707,-0.138528,-0.0884421998634934,-0.426130599342287,
708,-0.138016,-0.0643215999007225,-0.402009999379516,
709,-0.137504,-0.0402009999379516,-0.369849199429154,
710,-0.136992,-0.0241205999627709,-0.345728599466383,
711,-0.13648,0.00804019998759031,-0.313567799516022,
712,-0.135968,0.0241205999627709,-0.273366799578071,
713,-0.135456,0.0562813999131322,-0.25728639960289,
714,-0.134944,0.0723617998883128,-0.233165799640119,
715,-0.134432,0.0964823998510838,-0.201004999689758,
716,-0.13392,0.120602999813855,-0.160803999751806,
717,-0.133408,0.152763799764216,-0.136683399789035,
718,-0.132896,0.176884399726987,-0.104522599838674,
719,-0.132384,0.192964799702168,-0.0723617998883128,
720,-0.131872,0.217085399664938,-0.0321607999503613,
721,-0.13136,0.241205999627709,-0.00804019998759031,
722,-0.130848,0.25728639960289,0.0160803999751806,
723,-0.130336,0.281406999565661,0.0482411999255419,
724,-0.129824,0.305527599528432,0.0884421998634934,
725,-0.129312,0.321607999503613,0.128643199801445,
726,-0.1288,0.329648199491203,0.152763799764216,
727,-0.128288,0.353768799453974,0.176884399726987,
728,-0.127776,0.361808999441564,0.217085399664938,
729,-0.127264,0.385929599404335,0.2492461996153,
730,-0.126752,0.393969799391925,0.273366799578071,
731,-0.12624,0.418090399354696,0.297487399540842,
732,-0.125728,0.418090399354696,0.329648199491203,
733,-0.125216,0.434170799329877,0.353768799453974,
734,-0.124704,0.442210999317467,0.385929599404335,
735,-0.124192,0.458291399292648,0.418090399354696,
736,-0.12368,0.458291399292648,0.434170799329877,
737,-0.123168,0.474371799267828,0.458291399292648,
738,-0.122656,0.482411999255419,0.474371799267828,
739,-0.122144,0.490452199243009,0.50653259921819,
740,-0.121632,0.490452199243009,0.51457279920578,
741,-0.12112,0.490452199243009,0.538693399168551,
742,-0.120608,0.498492399230599,0.562813999131322,
743,-0.120096,0.498492399230599,0.578894399106503,
744,-0.119584,0.490452199243009,0.586934599094093,
745,-0.119072,0.490452199243009,0.603014999069273,
746,-0.11856,0.490452199243009,0.619095399044454,
747,-0.118048,0.490452199243009,0.627135599032044,
748,-0.117536,0.482411999255419,0.643215999007225,
749,-0.117024,0.474371799267828,0.643215999007225,
750,-0.116512,0.466331599280238,0.651256198994815,
751,-0.116,0.458291399292648,0.659296398982406,
752,-0.115488,0.450251199305058,0.659296398982406,
753,-0.114976,0.442210999317467,0.659296398982406,
754,-0.114464,0.426130599342287,0.651256198994815,
755,-0.113952,0.418090399354696,0.659296398982406,
756,-0.11344,0.402009999379516,0.651256198994815,
757,-0.112928,0.385929599404335,0.651256198994815,
758,-0.112416,0.369849199429154,0.651256198994815,
759,-0.111904,0.353768799453974,0.635175799019635,
760,-0.111392,0.337688399478793,0.627135599032044,
761,-0.11088,0.321607999503613,0.619095399044454,
762,-0.110368,0.297487399540842,0.603014999069273,
763,-0.109856,0.289447199553251,0.586934599094093,
764,-0.109344,0.26532659959048,0.570854199118912,
765,-0.108832,0.2492461996153,0.562813999131322,
766,-0.10832,0.217085399664938,0.546733599156141,
767,-0.107808,0.192964799702168,0.530653199180961,
768,-0.107296,0.168844199739397,0.50653259921819,
769,-0.106784,0.152763799764216,0.482411999255419,
770,-0.106272,0.128643199801445,0.458291399292648,
771,-0.10576,0.104522599838674,0.442210999317467,
772,-0.105248,0.0804019998759031,0.418090399354696,
773,-0.104736,0.0482411999255419,0.393969799391925,
774,-0.104224,0.0321607999503613,0.361808999441564,
775,-0.103712,0.00804019998759031,0.321607999503613,
776,-0.1032,-0.00804019998759031,0.305527599528432,
777,-0.102688,-0.0402009999379516,0.273366799578071,
778,-0.102176,-0.0643215999007225,0.2492461996153,
779,-0.101664,-0.0884421998634934,0.225125599652529,
780,-0.101152,-0.112562799826264,0.192964799702168,
781,-0.10064,-0.136683399789035,0.160803999751806,
782,-0.100128,-0.152763799764216,0.136683399789035,
783,-0.099616,-0.184924599714577,0.0964823998510838,
784,-0.099104,-0.201004999689758,0.0562813999131322,
785,-0.098592,-0.225125599652529,0.0321607999503613,
786,-0.09808,-0.241205999627709,0,
787,-0.097568,-0.26532659959048,-0.0321607999503613,
788,-0.097056,-0.281406999565661,-0.0643215999007225,
789,-0.096544,-0.313567799516022,-0.0964823998510838,
790,-0.096032,-0.329648199491203,-0.128643199801445,
791,-0.09552,-0.345728599466383,-0.160803999751806,
792,-0.095008,-0.369849199429154,-0.192964799702168,
793,-0.094496,-0.385929599404335,-0.217085399664938,
794,-0.093984,-0.385929599404335,-0.2492461996153,
795,-0.093472,-0.410050199367106,-0.281406999565661,
796,-0.09296,-0.418090399354696,-0.305527599528432,
797,-0.092448,-0.434170799329877,-0.337688399478793,
798,-0.091936,-0.450251199305058,-0.361808999441564,
799,-0.091424,-0.458291399292648,-0.393969799391925,
800,-0.090912,-0.466331599280238,-0.410050199367106,
801,-0.0904,-0.482411999255419,-0.442210999317467,
802,-0.089888,-0.482411999255419,-0.466331599280238,
803,-0.089376,-0.490452199243009,-0.490452199243009,
804,-0.088864,-0.498492399230599,-0.51457279920578,
805,-0.088352,-0.498492399230599,-0.530653199180961,
806,-0.08784,-0.50653259921819,-0.554773799143732,
807,-0.087328,-0.498492399230599,-0.570854199118912,
808,-0.086816,-0.50653259921819,-0.578894399106503,
809,-0.086304,-0.51457279920578,-0.594974799081683,
810,-0.085792,-0.50653259921819,-0.611055199056864,
811,-0.08528,-0.498492399230599,-0.627135599032044,
812,-0.084768,-0.498492399230599,-0.635175799019635,
813,-0.084256,-0.50653259921819,-0.643215999007225,
814,-0.083744,-0.490452199243009,-0.651256198994815,
815,-0.083232,-0.482411999255419,-0.667336598969996,
816,-0.08272,-0.474371799267828,-0.659296398982406,
817,-0.082208,-0.466331599280238,-0.675376798957586,
818,-0.081696,-0.450251199305058,-0.667336598969996,
819,-0.081184,-0.442210999317467,-0.667336598969996,
820,-0.080672,-0.426130599342287,-0.667336598969996,
821,-0.08016,-0.418090399354696,-0.659296398982406,
822,-0.079648,-0.393969799391925,-0.659296398982406,
823,-0.079136,-0.385929599404335,-0.651256198994815,
824,-0.078624,-0.369849199429154,-0.643215999007225,
825,-0.078112,-0.353768799453974,-0.635175799019635,
826,-0.0776,-0.337688399478793,-0.627135599032044,
827,-0.077088,-0.321607999503613,-0.619095399044454,
828,-0.076576,-0.297487399540842,-0.603014999069273,
829,-0.076064,-0.273366799578071,-0.586934599094093,
830,-0.075552,-0.25728639960289,-0.578894399106503,
831,-0.07504,-0.233165799640119,-0.554773799143732,
832,-0.074528,-0.217085399664938,-0.538693399168551,
833,-0.074016,-0.184924599714577,-0.51457279920578,
834,-0.073504,-0.160803999751806,-0.490452199243009,
835,-0.072992,-0.144723599776626,-0.482411999255419,
836,-0.07248,-0.120602999813855,-0.450251199305058,
837,-0.071968,-0.0964823998510838,-0.426130599342287,
838,-0.071456,-0.0723617998883128,-0.402009999379516,
839,-0.070944,-0.0402009999379516,-0.377889399416745,
840,-0.070432,-0.0321607999503613,-0.345728599466383,
841,-0.06992,0.00804019998759031,-0.321607999503613,
842,-0.069408,0.0241205999627709,-0.289447199553251,
843,-0.068896,0.0482411999255419,-0.26532659959048,
844,-0.068384,0.0643215999007225,-0.233165799640119,
845,-0.067872,0.0964823998510838,-0.201004999689758,
846,-0.06736,0.120602999813855,-0.168844199739397,
847,-0.066848,0.152763799764216,-0.136683399789035,
848,-0.066336,0.168844199739397,-0.104522599838674,
849,-0.065824,0.184924599714577,-0.0804019998759031,
850,-0.065312,0.201004999689758,-0.0402009999379516,
851,-0.0648,0.225125599652529,-0.00804019998759031,
852,-0.064288,0.2492461996153,0.0241205999627709,
853,-0.063776,0.273366799578071,0.0482411999255419,
854,-0.063264,0.289447199553251,0.0804019998759031,
855,-0.062752,0.313567799516022,0.112562799826264,
856,-0.06224,0.329648199491203,0.144723599776626,
857,-0.061728,0.353768799453974,0.176884399726987,
858,-0.061216,0.369849199429154,0.209045199677348,
859,-0.060704,0.377889399416745,0.241205999627709,
860,-0.060192,0.393969799391925,0.26532659959048,
861,-0.05968,0.410050199367106,0.297487399540842,
862,-0.059168,0.426130599342287,0.329648199491203,
863,-0.058656,0.434170799329877,0.353768799453974,
864,-0.058144,0.442210999317467,0.377889399416745,
865,-0.057632,0.458291399292648,0.410050199367106,
866,-0.05712,0.458291399292648,0.426130599342287,
867,-0.056608,0.474371799267828,0.466331599280238,
868,-0.056096,0.474371799267828,0.482411999255419,
869,-0.055584,0.482411999255419,0.50653259921819,
870,-0.055072,0.490452199243009,0.52261299919337,
871,-0.05456,0.490452199243009,0.538693399168551,
872,-0.054048,0.490452199243009,0.554773799143732,
873,-0.053536,0.498492399230599,0.570854199118912,
874,-0.053024,0.498492399230599,0.586934599094093,
875,-0.052512,0.498492399230599,0.611055199056864,
876,-0.052,0.490452199243009,0.619095399044454,
877,-0.051488,0.490452199243009,0.627135599032044,
878,-0.050976,0.474371799267828,0.635175799019635,
879,-0.050464,0.482411999255419,0.643215999007225,
880,-0.049952,0.466331599280238,0.651256198994815,
881,-0.04944,0.466331599280238,0.659296398982406,
882,-0.048928,0.450251199305058,0.659296398982406,
883,-0.048416,0.442210999317467,0.659296398982406,
884,-0.047904,0.434170799329877,0.659296398982406,
885,-0.047392,0.418090399354696,0.651256198994815,
886,-0.04688,0.410050199367106,0.659296398982406,
887,-0.046368,0.402009999379516,0.651256198994815,
888,-0.045856,0.377889399416745,0.643215999007225,
889,-0.045344,0.361808999441564,0.651256198994815,
890,-0.044832,0.337688399478793,0.627135599032044,
891,-0.04432,0.329648199491203,0.619095399044454,
892,-0.043808,0.305527599528432,0.603014999069273,
893,-0.043296,0.289447199553251,0.594974799081683,
894,-0.042784,0.26532659959048,0.578894399106503,
895,-0.042272,0.241205999627709,0.570854199118912,
896,-0.04176,0.225125599652529,0.546733599156141,
897,-0.041248,0.201004999689758,0.530653199180961,
898,-0.040736,0.176884399726987,0.50653259921819,
899,-0.040224,0.160803999751806,0.482411999255419,
900,-0.039712,0.136683399789035,0.474371799267828,
901,-0.0392,0.112562799826264,0.450251199305058,
902,-0.038688,0.0804019998759031,0.410050199367106,
903,-0.038176,0.0562813999131322,0.402009999379516,
904,-0.037664,0.0321607999503613,0.369849199429154,
905,-0.037152,0.0160803999751806,0.337688399478793,
906,-0.03664,0,0.313567799516022,
907,-0.036128,-0.0321607999503613,0.289447199553251,
908,-0.035616,-0.0562813999131322,0.25728639960289,
909,-0.035104,-0.0804019998759031,0.225125599652529,
910,-0.034592,-0.104522599838674,0.192964799702168,
911,-0.03408,-0.128643199801445,0.168844199739397,
912,-0.033568,-0.144723599776626,0.136683399789035,
913,-0.033056,-0.168844199739397,0.0964823998510838,
914,-0.032544,-0.201004999689758,0.0723617998883128,
915,-0.032032,-0.217085399664938,0.0402009999379516,
916,-0.03152,-0.241205999627709,0.00804019998759031,
917,-0.031008,-0.26532659959048,-0.0160803999751806,
918,-0.030496,-0.289447199553251,-0.0643215999007225,
919,-0.029984,-0.297487399540842,-0.0964823998510838,
920,-0.029472,-0.321607999503613,-0.120602999813855,
921,-0.02896,-0.337688399478793,-0.160803999751806,
922,-0.028448,-0.353768799453974,-0.184924599714577,
923,-0.027936,-0.369849199429154,-0.209045199677348,
924,-0.027424,-0.393969799391925,-0.241205999627709,
925,-0.026912,-0.410050199367106,-0.273366799578071,
926,-0.0264,-0.426130599342287,-0.297487399540842,
927,-0.025888,-0.426130599342287,-0.329648199491203,
928,-0.025376,-0.442210999317467,-0.353768799453974,
929,-0.024864,-0.466331599280238,-0.385929599404335,
930,-0.024352,-0.466331599280238,-0.410050199367106,
931,-0.02384,-0.474371799267828,-0.442210999317467,
932,-0.023328,-0.482411999255419,-0.466331599280238,
933,-0.022816,-0.482411999255419,-0.482411999255419,
934,-0.022304,-0.490452199243009,-0.50653259921819,
935,-0.021792,-0.498492399230599,-0.52261299919337,
936,-0.02128,-0.50653259921819,-0.546733599156141,
937,-0.020768,-0.51457279920578,-0.562813999131322,
938,-0.020256,-0.50653259921819,-0.578894399106503,
939,-0.019744,-0.498492399230599,-0.594974799081683,
940,-0.019232,-0.498492399230599,-0.611055199056864,
941,-0.01872,-0.498492399230599,-0.627135599032044,
942,-0.018208,-0.498492399230599,-0.635175799019635,
943,-0.017696,-0.490452199243009,-0.635175799019635,
944,-0.017184,-0.490452199243009,-0.651256198994815,
945,-0.016672,-0.482411999255419,-0.651256198994815,
946,-0.01616,-0.482411999255419,-0.659296398982406,
947,-0.015648,-0.458291399292648,-0.667336598969996,
948,-0.015136,-0.450251199305058,-0.659296398982406,
949,-0.014624,-0.434170799329877,-0.667336598969996,
950,-0.014112,-0.434170799329877,-0.667336598969996,
951,-0.0136,-0.418090399354696,-0.667336598969996,
952,-0.013088,-0.402009999379516,-0.651256198994815,
953,-0.012576,-0.385929599404335,-0.659296398982406,
954,-0.012064,-0.369849199429154,-0.643215999007225,
955,-0.011552,-0.361808999441564,-0.643215999007225,
956,-0.01104,-0.337688399478793,-0.635175799019635,
957,-0.010528,-0.321607999503613,-0.619095399044454,
958,-0.010016,-0.305527599528432,-0.603014999069273,
959,-0.00950400000000001,-0.273366799578071,-0.594974799081683,
960,-0.008992,-0.2492461996153,-0.578894399106503,
961,-0.00848000000000004,-0.225125599652529,-0.554773799143732,
962,-0.00796800000000003,-0.225125599652529,-0.546733599156141,
963,-0.00745600000000002,-0.184924599714577,-0.52261299919337,
964,-0.00694400000000001,-0.176884399726987,-0.498492399230599,
965,-0.00643200000000005,-0.152763799764216,-0.482411999255419,
966,-0.00592000000000004,-0.120602999813855,-0.458291399292648,
967,-0.00540800000000002,-0.0964823998510838,-0.434170799329877,
968,-0.00489600000000001,-0.0804019998759031,-0.410050199367106,
969,-0.004384,-0.0562813999131322,-0.377889399416745,
970,-0.00387200000000004,-0.0321607999503613,-0.353768799453974,
971,-0.00336000000000003,0,-0.329648199491203,
972,-0.00284800000000002,0.0241205999627709,-0.297487399540842,
973,-0.002336,0.0482411999255419,-0.273366799578071,
974,-0.00182400000000005,0.0643215999007225,-0.241205999627709,
975,-0.00131200000000004,0.0964823998510838,-0.209045199677348,
976,-0.000800000000000023,0.120602999813855,-0.184924599714577,
977,-0.00028800000000001,0.144723599776626,-0.144723599776626,
978,0.000224000000000002,0.160803999751806,-0.120602999813855,
979,0.000735999999999959,0.184924599714577,-0.0804019998759031,
980,0.00124800000000003,0.209045199677348,-0.0562813999131322,
981,0.00175999999999998,0.233165799640119,-0.0160803999751806,
982,0.00227199999999994,0.2492461996153,0.0160803999751806,
983,0.00278400000000001,0.273366799578071,0.0402009999379516,
984,0.00329599999999997,0.289447199553251,0.0723617998883128,
985,0.00380799999999992,0.313567799516022,0.112562799826264,
986,0.00431999999999999,0.321607999503613,0.144723599776626,
987,0.00483199999999995,0.345728599466383,0.168844199739397,
988,0.00534400000000002,0.353768799453974,0.192964799702168,
989,0.00585599999999997,0.369849199429154,0.233165799640119,
990,0.00636799999999993,0.393969799391925,0.26532659959048,
991,0.00688,0.393969799391925,0.289447199553251,
992,0.00739199999999995,0.426130599342287,0.313567799516022,
993,0.00790400000000002,0.434170799329877,0.345728599466383,
994,0.00841599999999998,0.442210999317467,0.369849199429154,
995,0.00892799999999994,0.458291399292648,0.402009999379516,
996,0.00944,0.466331599280238,0.418090399354696,
997,0.00995199999999996,0.466331599280238,0.458291399292648,
998,0.010464,0.474371799267828,0.474371799267828,
999,0.010976,0.482411999255419,0.490452199243009,
1000,0.0114879999999999,0.490452199243009,0.51457279920578,
1001,0.012,0.498492399230599,0.538693399168551,
1002,0.012512,0.490452199243009,0.546733599156141,
1003,0.0130239999999999,0.490452199243009,0.570854199118912,
1004,0.013536,0.498492399230599,0.586934599094093,
1005,0.0140479999999999,0.498492399230599,0.594974799081683,
1006,0.01456,0.490452199243009,0.611055199056864,
1007,0.015072,0.482411999255419,0.627135599032044,
1008,0.0155839999999999,0.482411999255419,0.635175799019635,
1009,0.016096,0.474371799267828,0.643215999007225,
1010,0.016608,0.466331599280238,0.643215999007225,
1011,0.01712,0.466331599280238,0.651256198994815,
1012,0.017632,0.458291399292648,0.651256198994815,
1013,0.0181439999999999,0.450251199305058,0.651256198994815,
1014,0.018656,0.434170799329877,0.659296398982406,
1015,0.019168,0.418090399354696,0.659296398982406,
1016,0.01968,0.402009999379516,0.659296398982406,
1017,0.020192,0.393969799391925,0.659296398982406,
1018,0.0207039999999999,0.385929599404335,0.643215999007225,
1019,0.021216,0.361808999441564,0.643215999007225,
1020,0.021728,0.345728599466383,0.627135599032044,
1021,0.0222399999999999,0.321607999503613,0.627135599032044,
1022,0.022752,0.305527599528432,0.611055199056864,
1023,0.023264,0.289447199553251,0.603014999069273,
1024,0.023776,0.26532659959048,0.586934599094093,
1025,0.024288,0.2492461996153,0.570854199118912,
1026,0.0247999999999999,0.225125599652529,0.546733599156141,
1027,0.025312,0.201004999689758,0.530653199180961,
1028,0.025824,0.176884399726987,0.51457279920578,
1029,0.026336,0.160803999751806,0.490452199243009,
1030,0.026848,0.136683399789035,0.474371799267828,
1031,0.0273599999999999,0.112562799826264,0.450251199305058,
1032,0.027872,0.0884421998634934,0.434170799329877,
1033,0.028384,0.0723617998883128,0.402009999379516,
1034,0.0288959999999999,0.0402009999379516,0.369849199429154,
1035,0.029408,0.0160803999751806,0.353768799453974,
1036,0.0299199999999999,0,0.313567799516022,
1037,0.030432,-0.0321607999503613,0.289447199553251,
1038,0.030944,-0.0482411999255419,0.26532659959048,
1039,0.0314559999999999,-0.0723617998883128,0.233165799640119,
1040,0.031968,-0.104522599838674,0.201004999689758,
1041,0.03248,-0.120602999813855,0.176884399726987,
1042,0.032992,-0.144723599776626,0.144723599776626,
1043,0.033504,-0.168844199739397,0.104522599838674,
1044,0.0340159999999999,-0.192964799702168,0.0723617998883128,
1045,0.034528,-0.217085399664938,0.0482411999255419,
1046,0.03504,-0.233165799640119,0.00804019998759031,
1047,0.035552,-0.25728639960289,-0.0241205999627709,
1048,0.036064,-0.281406999565661,-0.0482411999255419,
1049,0.0365759999999999,-0.305527599528432,-0.0804019998759031,
1050,0.037088,-0.305527599528432,-0.112562799826264,
1051,0.0376,-0.329648199491203,-0.144723599776626,
1052,0.0381119999999999,-0.353768799453974,-0.176884399726987,
1053,0.038624,-0.377889399416745,-0.209045199677348,
1054,0.0391359999999999,-0.385929599404335,-0.241205999627709,
1055,0.039648,-0.393969799391925,-0.273366799578071,
1056,0.04016,-0.418090399354696,-0.305527599528432,
1057,0.0406719999999999,-0.426130599342287,-0.321607999503613,
1058,0.041184,-0.442210999317467,-0.353768799453974,
1059,0.041696,-0.450251199305058,-0.377889399416745,
1060,0.042208,-0.466331599280238,-0.402009999379516,
1061,0.04272,-0.474371799267828,-0.426130599342287,
1062,0.0432319999999999,-0.482411999255419,-0.458291399292648,
1063,0.043744,-0.490452199243009,-0.482411999255419,
1064,0.044256,-0.490452199243009,-0.498492399230599,
1065,0.044768,-0.498492399230599,-0.530653199180961,
1066,0.04528,-0.50653259921819,-0.546733599156141,
1067,0.0457919999999999,-0.51457279920578,-0.554773799143732,
1068,0.046304,-0.50653259921819,-0.578894399106503,
1069,0.046816,-0.50653259921819,-0.594974799081683,
1070,0.0473279999999999,-0.50653259921819,-0.603014999069273,
1071,0.04784,-0.498492399230599,-0.619095399044454,
1072,0.048352,-0.498492399230599,-0.627135599032044,
1073,0.048864,-0.498492399230599,-0.643215999007225,
1074,0.049376,-0.482411999255419,-0.651256198994815,
1075,0.0498879999999999,-0.482411999255419,-0.659296398982406,
1076,0.0504,-0.474371799267828,-0.659296398982406,
1077,0.050912,-0.466331599280238,-0.659296398982406,
1078,0.051424,-0.458291399292648,-0.659296398982406,
1079,0.051936,-0.450251199305058,-0.667336598969996,
1080,0.0524479999999999,-0.434170799329877,-0.667336598969996,
1081,0.05296,-0.410050199367106,-0.667336598969996,
1082,0.053472,-0.410050199367106,-0.667336598969996,
1083,0.0539839999999999,-0.393969799391925,-0.659296398982406,
1084,0.054496,-0.369849199429154,-0.643215999007225,
1085,0.0550079999999999,-0.353768799453974,-0.635175799019635,
1086,0.05552,-0.345728599466383,-0.635175799019635,
1087,0.056032,-0.321607999503613,-0.627135599032044,
1088,0.0565439999999999,-0.305527599528432,-0.603014999069273,
1089,0.057056,-0.273366799578071,-0.594974799081683,
1090,0.057568,-0.25728639960289,-0.578894399106503,
1091,0.05808,-0.241205999627709,-0.562813999131322,
1092,0.058592,-0.225125599652529,-0.546733599156141,
1093,0.0591039999999999,-0.192964799702168,-0.52261299919337,
1094,0.059616,-0.176884399726987,-0.50653259921819,
1095,0.060128,-0.152763799764216,-0.490452199243009,
1096,0.06064,-0.136683399789035,-0.458291399292648,
1097,0.061152,-0.112562799826264,-0.434170799329877,
1098,0.0616639999999999,-0.0804019998759031,-0.410050199367106,
1099,0.062176,-0.0643215999007225,-0.385929599404335,
1100,0.062688,-0.0402009999379516,-0.361808999441564,
1101,0.0631999999999999,-0.00804019998759031,-0.329648199491203,
1102,0.063712,0.00804019998759031,-0.305527599528432,
1103,0.0642239999999999,0.0321607999503613,-0.273366799578071,
1104,0.064736,0.0643215999007225,-0.241205999627709,
1105,0.065248,0.0884421998634934,-0.209045199677348,
1106,0.0657599999999999,0.112562799826264,-0.184924599714577,
1107,0.066272,0.136683399789035,-0.152763799764216,
1108,0.066784,0.152763799764216,-0.120602999813855,
1109,0.067296,0.176884399726987,-0.0884421998634934,
1110,0.067808,0.192964799702168,-0.0482411999255419,
1111,0.0683199999999999,0.217085399664938,-0.0160803999751806,
1112,0.068832,0.241205999627709,0,
1113,0.069344,0.26532659959048,0.0402009999379516,
1114,0.069856,0.297487399540842,0.0643215999007225,
1115,0.070368,0.313567799516022,0.104522599838674,
1116,0.0708799999999999,0.321607999503613,0.136683399789035,
1117,0.071392,0.345728599466383,0.168844199739397,
1118,0.071904,0.361808999441564,0.192964799702168,
1119,0.0724159999999999,0.361808999441564,0.233165799640119,
1120,0.072928,0.402009999379516,0.25728639960289,
1121,0.07344,0.410050199367106,0.281406999565661,
1122,0.073952,0.426130599342287,0.305527599528432,
1123,0.074464,0.426130599342287,0.345728599466383,
1124,0.0749759999999999,0.434170799329877,0.369849199429154,
1125,0.075488,0.450251199305058,0.393969799391925,
1126,0.076,0.458291399292648,0.418090399354696,
1127,0.076512,0.466331599280238,0.442210999317467,
1128,0.077024,0.474371799267828,0.474371799267828,
1129,0.0775359999999999,0.490452199243009,0.490452199243009,
1130,0.078048,0.498492399230599,0.50653259921819,
1131,0.07856,0.490452199243009,0.530653199180961,
1132,0.0790719999999999,0.490452199243009,0.546733599156141,
1133,0.079584,0.498492399230599,0.562813999131322,
1134,0.0800959999999999,0.490452199243009,0.586934599094093,
1135,0.080608,0.490452199243009,0.594974799081683,
1136,0.08112,0.490452199243009,0.603014999069273,
1137,0.0816319999999999,0.490452199243009,0.619095399044454,
1138,0.082144,0.482411999255419,0.627135599032044,
1139,0.082656,0.474371799267828,0.635175799019635,
1140,0.083168,0.474371799267828,0.659296398982406,
1141,0.08368,0.458291399292648,0.659296398982406,
1142,0.0841919999999999,0.458291399292648,0.651256198994815,
1143,0.084704,0.450251199305058,0.659296398982406,
1144,0.085216,0.434170799329877,0.659296398982406,
1145,0.085728,0.426130599342287,0.659296398982406,
1146,0.08624,0.418090399354696,0.651256198994815,
1147,0.0867519999999999,0.402009999379516,0.651256198994815,
1148,0.087264,0.385929599404335,0.651256198994815,
1149,0.087776,0.361808999441564,0.643215999007225,
1150,0.0882879999999999,0.353768799453974,0.643215999007225,
1151,0.0888,0.329648199491203,0.619095399044454,
1152,0.0893119999999999,0.321607999503613,0.611055199056864,
1153,0.089824,0.289447199553251,0.603014999069273,
1154,0.090336,0.273366799578071,0.586934599094093,
1155,0.0908479999999999,0.2492461996153,0.570854199118912,
1156,0.09136,0.233165799640119,0.562813999131322,
1157,0.091872,0.209045199677348,0.538693399168551,
1158,0.092384,0.184924599714577,0.50653259921819,
1159,0.092896,0.168844199739397,0.498492399230599,
1160,0.0934079999999999,0.144723599776626,0.474371799267828,
1161,0.09392,0.120602999813855,0.450251199305058,
1162,0.094432,0.104522599838674,0.426130599342287,
1163,0.094944,0.0723617998883128,0.410050199367106,
1164,0.095456,0.0402009999379516,0.385929599404335,
1165,0.0959679999999999,0.0241205999627709,0.353768799453974,
1166,0.09648,-0.00804019998759031,0.321607999503613,
1167,0.096992,-0.0160803999751806,0.297487399540842,
1168,0.0975039999999999,-0.0562813999131322,0.26532659959048,
1169,0.098016,-0.0723617998883128,0.233165799640119,
1170,0.0985279999999999,-0.0964823998510838,0.201004999689758,
1171,0.09904,-0.112562799826264,0.176884399726987,
1172,0.099552,-0.136683399789035,0.144723599776626,
1173,0.100064,-0.168844199739397,0.112562799826264,
1174,0.100576,-0.192964799702168,0.0804019998759031,
1175,0.101088,-0.225125599652529,0.0482411999255419,
1176,0.1016,-0.233165799640119,0.0241205999627709,
1177,0.102112,-0.2492461996153,-0.00804019998759031,
1178,0.102624,-0.273366799578071,-0.0482411999255419,
1179,0.103136,-0.289447199553251,-0.0804019998759031,
1180,0.103648,-0.313567799516022,-0.104522599838674,
1181,0.10416,-0.329648199491203,-0.136683399789035,
1182,0.104672,-0.345728599466383,-0.168844199739397,
1183,0.105184,-0.361808999441564,-0.201004999689758,
1184,0.105696,-0.377889399416745,-0.233165799640119,
1185,0.106208,-0.393969799391925,-0.26532659959048,
1186,0.10672,-0.410050199367106,-0.297487399540842,
1187,0.107232,-0.426130599342287,-0.321607999503613,
1188,0.107744,-0.442210999317467,-0.345728599466383,
1189,0.108256,-0.450251199305058,-0.377889399416745,
1190,0.108768,-0.458291399292648,-0.402009999379516,
1191,0.10928,-0.466331599280238,-0.426130599342287,
1192,0.109792,-0.474371799267828,-0.450251199305058,
1193,0.110304,-0.482411999255419,-0.466331599280238,
1194,0.110816,-0.490452199243009,-0.490452199243009,
1195,0.111328,-0.490452199243009,-0.52261299919337,
1196,0.11184,-0.498492399230599,-0.530653199180961,
1197,0.112352,-0.50653259921819,-0.554773799143732,
1198,0.112864,-0.498492399230599,-0.578894399106503,
1199,0.113376,-0.50653259921819,-0.594974799081683,
1200,0.113888,-0.50653259921819,-0.611055199056864,
1201,0.1144,-0.50653259921819,-0.619095399044454,
1202,0.114912,-0.498492399230599,-0.627135599032044,
1203,0.115424,-0.498492399230599,-0.643215999007225,
1204,0.115936,-0.482411999255419,-0.643215999007225,
1205,0.116448,-0.474371799267828,-0.651256198994815,
1206,0.11696,-0.474371799267828,-0.659296398982406,
1207,0.117472,-0.466331599280238,-0.667336598969996,
1208,0.117984,-0.458291399292648,-0.667336598969996,
1209,0.118496,-0.442210999317467,-0.667336598969996,
1210,0.119008,-0.434170799329877,-0.667336598969996,
1211,0.11952,-0.426130599342287,-0.667336598969996,
1212,0.120032,-0.410050199367106,-0.667336598969996,
1213,0.120544,-0.385929599404335,-0.659296398982406,
1214,0.121056,-0.377889399416745,-0.651256198994815,
1215,0.121568,-0.361808999441564,-0.643215999007225,
1216,0.12208,-0.337688399478793,-0.635175799019635,
1217,0.122592,-0.329648199491203,-0.627135599032044,
1218,0.123104,-0.305527599528432,-0.603014999069273,
1219,0.123616,-0.297487399540842,-0.594974799081683,
1220,0.124128,-0.26532659959048,-0.586934599094093,
1221,0.12464,-0.241205999627709,-0.570854199118912,
1222,0.125152,-0.217085399664938,-0.546733599156141,
1223,0.125664,-0.201004999689758,-0.530653199180961,
1224,0.126176,-0.176884399726987,-0.50653259921819,
1225,0.126688,-0.160803999751806,-0.490452199243009,
1226,0.1272,-0.136683399789035,-0.466331599280238,
1227,0.127712,-0.104522599838674,-0.442210999317467,
1228,0.128224,-0.0884421998634934,-0.418090399354696,
1229,0.128736,-0.0643215999007225,-0.385929599404335,
1230,0.129248,-0.0402009999379516,-0.361808999441564,
1231,0.12976,-0.0160803999751806,-0.337688399478793,
1232,0.130272,0.0160803999751806,-0.313567799516022,
1233,0.130784,0.0241205999627709,-0.281406999565661,
1234,0.131296,0.0562813999131322,-0.241205999627709,
1235,0.131808,0.0884421998634934,-0.225125599652529,
1236,0.13232,0.112562799826264,-0.192964799702168,
1237,0.132832,0.120602999813855,-0.160803999751806,
1238,0.133344,0.152763799764216,-0.128643199801445,
1239,0.133856,0.176884399726987,-0.0884421998634934,
1240,0.134368,0.192964799702168,-0.0643215999007225,
1241,0.13488,0.217085399664938,-0.0321607999503613,
1242,0.135392,0.241205999627709,0,
1243,0.135904,0.25728639960289,0.0321607999503613,
1244,0.136416,0.281406999565661,0.0643215999007225,
1245,0.136928,0.305527599528432,0.0964823998510838,
1246,0.13744,0.321607999503613,0.128643199801445,
1247,0.137952,0.345728599466383,0.152763799764216,
1248,0.138464,0.361808999441564,0.192964799702168,
1249,0.138976,0.369849199429154,0.225125599652529,
1250,0.139488,0.385929599404335,0.241205999627709,
1251,0.14,0.410050199367106,0.273366799578071,
1252,0.140512,0.418090399354696,0.313567799516022,
1253,0.141024,0.426130599342287,0.337688399478793,
1254,0.141536,0.450251199305058,0.361808999441564,
1255,0.142048,0.450251199305058,0.385929599404335,
1256,0.14256,0.458291399292648,0.418090399354696,
1257,0.143072,0.474371799267828,0.426130599342287,
1258,0.143584,0.482411999255419,0.458291399292648,
1259,0.144096,0.490452199243009,0.482411999255419,
1260,0.144608,0.474371799267828,0.50653259921819,
1261,0.14512,0.490452199243009,0.52261299919337,
1262,0.145632,0.498492399230599,0.554773799143732,
1263,0.146144,0.498492399230599,0.562813999131322,
1264,0.146656,0.498492399230599,0.578894399106503,
1265,0.147168,0.498492399230599,0.586934599094093,
1266,0.14768,0.490452199243009,0.619095399044454,
1267,0.148192,0.490452199243009,0.619095399044454,
1268,0.148704,0.490452199243009,0.627135599032044,
1269,0.149216,0.474371799267828,0.635175799019635,
1270,0.149728,0.482411999255419,0.635175799019635,
1271,0.15024,0.474371799267828,0.651256198994815,
1272,0.150752,0.466331599280238,0.651256198994815,
1273,0.151264,0.450251199305058,0.651256198994815,
1274,0.151776,0.442210999317467,0.651256198994815,
1275,0.152288,0.426130599342287,0.659296398982406,
1276,0.1528,0.410050199367106,0.667336598969996,
1277,0.153312,0.402009999379516,0.659296398982406,
1278,0.153824,0.385929599404335,0.651256198994815,
1279,0.154336,0.369849199429154,0.643215999007225,
1280,0.154848,0.345728599466383,0.635175799019635,
1281,0.15536,0.329648199491203,0.627135599032044,
1282,0.155872,0.313567799516022,0.619095399044454,
1283,0.156384,0.305527599528432,0.603014999069273,
1284,0.156896,0.273366799578071,0.586934599094093,
1285,0.157408,0.25728639960289,0.578894399106503,
1286,0.15792,0.233165799640119,0.562813999131322,
1287,0.158432,0.217085399664938,0.546733599156141,
1288,0.158944,0.192964799702168,0.530653199180961,
1289,0.159456,0.160803999751806,0.50653259921819,
1290,0.159968,0.152763799764216,0.482411999255419,
1291,0.16048,0.120602999813855,0.458291399292648,
1292,0.160992,0.104522599838674,0.434170799329877,
1293,0.161504,0.0804019998759031,0.410050199367106,
1294,0.162016,0.0482411999255419,0.385929599404335,
1295,0.162528,0.0321607999503613,0.361808999441564,
1296,0.16304,0.00804019998759031,0.337688399478793,
1297,0.163552,-0.0241205999627709,0.305527599528432,
1298,0.164064,-0.0402009999379516,0.281406999565661,
1299,0.164576,-0.0643215999007225,0.241205999627709,
1300,0.165088,-0.0804019998759031,0.217085399664938,
1301,0.1656,-0.112562799826264,0.184924599714577,
1302,0.166112,-0.128643199801445,0.152763799764216,
1303,0.166624,-0.160803999751806,0.120602999813855,
1304,0.167136,-0.184924599714577,0.0884421998634934,
1305,0.167648,-0.209045199677348,0.0562813999131322,
1306,0.16816,-0.233165799640119,0.0321607999503613,
1307,0.168672,-0.241205999627709,0,
1308,0.169184,-0.273366799578071,-0.0402009999379516,
1309,0.169696,-0.289447199553251,-0.0723617998883128,
1310,0.170208,-0.313567799516022,-0.0964823998510838,
1311,0.17072,-0.329648199491203,-0.128643199801445,
1312,0.171232,-0.353768799453974,-0.168844199739397,
1313,0.171744,-0.361808999441564,-0.201004999689758,
1314,0.172256,-0.385929599404335,-0.225125599652529,
1315,0.172768,-0.402009999379516,-0.2492461996153,
1316,0.17328,-0.410050199367106,-0.281406999565661,
1317,0.173792,-0.426130599342287,-0.313567799516022,
1318,0.174304,-0.434170799329877,-0.345728599466383,
1319,0.174816,-0.450251199305058,-0.369849199429154,
1320,0.175328,-0.450251199305058,-0.393969799391925,
1321,0.17584,-0.466331599280238,-0.418090399354696,
1322,0.176352,-0.474371799267828,-0.442210999317467,
1323,0.176864,-0.482411999255419,-0.466331599280238,
1324,0.177376,-0.490452199243009,-0.498492399230599,
1325,0.177888,-0.490452199243009,-0.51457279920578,
1326,0.1784,-0.51457279920578,-0.538693399168551,
1327,0.178912,-0.50653259921819,-0.546733599156141,
1328,0.179424,-0.50653259921819,-0.570854199118912,
1329,0.179936,-0.50653259921819,-0.578894399106503,
1330,0.180448,-0.50653259921819,-0.594974799081683,
1331,0.18096,-0.50653259921819,-0.619095399044454,
1332,0.181472,-0.498492399230599,-0.619095399044454,
1333,0.181984,-0.490452199243009,-0.643215999007225,
1334,0.182496,-0.490452199243009,-0.643215999007225,
1335,0.183008,-0.482411999255419,-0.651256198994815,
1336,0.18352,-0.482411999255419,-0.659296398982406,
1337,0.184032,-0.458291399292648,-0.667336598969996,
1338,0.184544,-0.458291399292648,-0.659296398982406,
1339,0.185056,-0.450251199305058,-0.667336598969996,
1340,0.185568,-0.442210999317467,-0.667336598969996,
1341,0.18608,-0.426130599342287,-0.667336598969996,
1342,0.186592,-0.410050199367106,-0.667336598969996,
1343,0.187104,-0.418090399354696,-0.659296398982406,
1344,0.187616,-0.385929599404335,-0.659296398982406,
1345,0.188128,-0.361808999441564,-0.651256198994815,
1346,0.18864,-0.345728599466383,-0.635175799019635,
1347,0.189152,-0.329648199491203,-0.627135599032044,
1348,0.189664,-0.321607999503613,-0.611055199056864,
1349,0.190176,-0.289447199553251,-0.603014999069273,
1350,0.190688,-0.26532659959048,-0.578894399106503,
1351,0.1912,-0.2492461996153,-0.570854199118912,
1352,0.191712,-0.233165799640119,-0.546733599156141,
1353,0.192224,-0.201004999689758,-0.538693399168551,
1354,0.192736,-0.184924599714577,-0.52261299919337,
1355,0.193248,-0.160803999751806,-0.498492399230599,
1356,0.19376,-0.136683399789035,-0.474371799267828,
1357,0.194272,-0.120602999813855,-0.450251199305058,
1358,0.194784,-0.0964823998510838,-0.426130599342287,
1359,0.195296,-0.0723617998883128,-0.402009999379516,
1360,0.195808,-0.0482411999255419,-0.369849199429154,
1361,0.19632,-0.0160803999751806,-0.345728599466383,
1362,0.196832,0,-0.321607999503613,
1363,0.197344,0.0321607999503613,-0.281406999565661,
1364,0.197856,0.0482411999255419,-0.25728639960289,
1365,0.198368,0.0723617998883128,-0.225125599652529,
1366,0.19888,0.0964823998510838,-0.201004999689758,
1367,0.199392,0.112562799826264,-0.168844199739397,
1368,0.199904,0.152763799764216,-0.136683399789035,
1369,0.200416,0.168844199739397,-0.0964823998510838,
1370,0.200928,0.192964799702168,-0.0723617998883128,
1371,0.20144,0.225125599652529,-0.0402009999379516,
1372,0.201952,0.233165799640119,0,
1373,0.202464,0.25728639960289,0.0241205999627709,
1374,0.202976,0.281406999565661,0.0562813999131322,
1375,0.203488,0.297487399540842,0.0884421998634934,
1376,0.204,0.313567799516022,0.120602999813855,
1377,0.204512,0.329648199491203,0.152763799764216,
1378,0.205024,0.353768799453974,0.184924599714577,
1379,0.205536,0.369849199429154,0.209045199677348,
1380,0.206048,0.385929599404335,0.241205999627709,
1381,0.20656,0.402009999379516,0.273366799578071,
1382,0.207072,0.418090399354696,0.305527599528432,
1383,0.207584,0.418090399354696,0.329648199491203,
1384,0.208096,0.434170799329877,0.353768799453974,
1385,0.208608,0.450251199305058,0.385929599404335,
1386,0.20912,0.450251199305058,0.402009999379516,
1387,0.209632,0.458291399292648,0.434170799329877,
1388,0.210144,0.482411999255419,0.458291399292648,
1389,0.210656,0.474371799267828,0.482411999255419,
1390,0.211168,0.490452199243009,0.498492399230599,
1391,0.21168,0.482411999255419,0.52261299919337,
1392,0.212192,0.498492399230599,0.538693399168551,
1393,0.212704,0.490452199243009,0.554773799143732,
1394,0.213216,0.490452199243009,0.570854199118912,
1395,0.213728,0.490452199243009,0.586934599094093,
1396,0.21424,0.490452199243009,0.611055199056864,
1397,0.214752,0.498492399230599,0.611055199056864,
1398,0.215264,0.482411999255419,0.635175799019635,
1399,0.215776,0.482411999255419,0.635175799019635,
1400,0.216288,0.474371799267828,0.643215999007225,
1401,0.2168,0.466331599280238,0.659296398982406,
1402,0.217312,0.458291399292648,0.651256198994815,
1403,0.217824,0.442210999317467,0.651256198994815,
1404,0.218336,0.450251199305058,0.667336598969996,
1405,0.218848,0.426130599342287,0.659296398982406,
1406,0.21936,0.410050199367106,0.659296398982406,
1407,0.219872,0.410050199367106,0.659296398982406,
1408,0.220384,0.385929599404335,0.651256198994815,
1409,0.220896,0.377889399416745,0.643215999007225,
1410,0.221408,0.353768799453974,0.643215999007225,
1411,0.22192,0.337688399478793,0.627135599032044,
1412,0.222432,0.313567799516022,0.619095399044454,
1413,0.222944,0.297487399540842,0.603014999069273,
1414,0.223456,0.289447199553251,0.594974799081683,
1415,0.223968,0.25728639960289,0.578894399106503,
1416,0.22448,0.241205999627709,0.554773799143732,
1417,0.224992,0.217085399664938,0.546733599156141,
1418,0.225504,0.201004999689758,0.52261299919337,
1419,0.226016,0.176884399726987,0.498492399230599,
1420,0.226528,0.152763799764216,0.482411999255419,
1421,0.22704,0.128643199801445,0.466331599280238,
1422,0.227552,0.112562799826264,0.442210999317467,
1423,0.228064,0.0884421998634934,0.418090399354696,
1424,0.228576,0.0562813999131322,0.393969799391925,
1425,0.229088,0.0241205999627709,0.361808999441564,
1426,0.2296,0.00804019998759031,0.337688399478793,
1427,0.230112,-0.00804019998759031,0.305527599528432,
1428,0.230624,-0.0402009999379516,0.289447199553251,
1429,0.231136,-0.0643215999007225,0.25728639960289,
1430,0.231648,-0.0884421998634934,0.217085399664938,
1431,0.23216,-0.104522599838674,0.184924599714577,
1432,0.232672,-0.128643199801445,0.160803999751806,
1433,0.233184,-0.152763799764216,0.120602999813855,
1434,0.233696,-0.168844199739397,0.104522599838674,
1435,0.234208,-0.201004999689758,0.0562813999131322,
1436,0.23472,-0.217085399664938,0.0321607999503613,
1437,0.235232,-0.241205999627709,0.00804019998759031,
1438,0.235744,-0.273366799578071,-0.0321607999503613,
1439,0.236256,-0.281406999565661,-0.0643215999007225,
1440,0.236768,-0.313567799516022,-0.0964823998510838,
1441,0.23728,-0.321607999503613,-0.128643199801445,
1442,0.237792,-0.345728599466383,-0.160803999751806,
1443,0.238304,-0.369849199429154,-0.192964799702168,
1444,0.238816,-0.377889399416745,-0.217085399664938,
1445,0.239328,-0.393969799391925,-0.2492461996153,
1446,0.23984,-0.410050199367106,-0.281406999565661,
1447,0.240352,-0.434170799329877,-0.313567799516022,
1448,0.240864,-0.434170799329877,-0.345728599466383,
1449,0.241376,-0.450251199305058,-0.361808999441564,
1450,0.241888,-0.458291399292648,-0.385929599404335,
1451,0.2424,-0.466331599280238,-0.418090399354696,
1452,0.242912,-0.474371799267828,-0.442210999317467,
1453,0.243424,-0.482411999255419,-0.458291399292648,
1454,0.243936,-0.482411999255419,-0.490452199243009,
1455,0.244448,-0.498492399230599,-0.51457279920578,
1456,0.24496,-0.50653259921819,-0.530653199180961,
1457,0.245472,-0.498492399230599,-0.554773799143732,
1458,0.245984,-0.50653259921819,-0.562813999131322,
1459,0.246496,-0.498492399230599,-0.578894399106503,
1460,0.247008,-0.498492399230599,-0.594974799081683,
1461,0.24752,-0.50653259921819,-0.611055199056864,
1462,0.248032,-0.50653259921819,-0.619095399044454,
1463,0.248544,-0.498492399230599,-0.635175799019635,
1464,0.249056,-0.490452199243009,-0.643215999007225,
1465,0.249568,-0.482411999255419,-0.651256198994815,
1466,0.25008,-0.474371799267828,-0.659296398982406,
1467,0.250592,-0.466331599280238,-0.659296398982406,
1468,0.251104,-0.458291399292648,-0.667336598969996,
1469,0.251616,-0.442210999317467,-0.667336598969996,
1470,0.252128,-0.442210999317467,-0.675376798957586,
1471,0.25264,-0.434170799329877,-0.675376798957586,
1472,0.253152,-0.410050199367106,-0.667336598969996,
1473,0.253664,-0.393969799391925,-0.659296398982406,
1474,0.254176,-0.377889399416745,-0.651256198994815,
1475,0.254688,-0.361808999441564,-0.643215999007225,
1476,0.2552,-0.353768799453974,-0.635175799019635,
1477,0.255712,-0.337688399478793,-0.635175799019635,
1478,0.256224,-0.313567799516022,-0.619095399044454,
1479,0.256736,-0.297487399540842,-0.603014999069273,
1480,0.257248,-0.26532659959048,-0.586934599094093,
1481,0.25776,-0.25728639960289,-0.570854199118912,
1482,0.258272,-0.233165799640119,-0.554773799143732,
1483,0.258784,-0.209045199677348,-0.538693399168551,
1484,0.259296,-0.184924599714577,-0.530653199180961,
1485,0.259808,-0.168844199739397,-0.498492399230599,
1486,0.26032,-0.136683399789035,-0.474371799267828,
1487,0.260832,-0.120602999813855,-0.458291399292648,
1488,0.261344,-0.0964823998510838,-0.426130599342287,
1489,0.261856,-0.0643215999007225,-0.402009999379516,
1490,0.262368,-0.0482411999255419,-0.377889399416745,
1491,0.26288,-0.0241205999627709,-0.361808999441564,
1492,0.263392,0,-0.321607999503613,
1493,0.263904,0.0241205999627709,-0.297487399540842,
1494,0.264416,0.0482411999255419,-0.26532659959048,
1495,0.264928,0.0643215999007225,-0.233165799640119,
1496,0.26544,0.0884421998634934,-0.201004999689758,
1497,0.265952,0.120602999813855,-0.176884399726987,
1498,0.266464,0.136683399789035,-0.144723599776626,
1499,0.266976,0.160803999751806,-0.104522599838674,
1500,0.267488,0.192964799702168,-0.0804019998759031,
1501,0.268,0.209045199677348,-0.0482411999255419,
1502,0.268512,0.233165799640119,-0.0160803999751806,
1503,0.269024,0.25728639960289,0.0241205999627709,
1504,0.269536,0.273366799578071,0.0482411999255419,
1505,0.270048,0.297487399540842,0.0884421998634934,
1506,0.27056,0.313567799516022,0.112562799826264,
1507,0.271072,0.337688399478793,0.152763799764216,
1508,0.271584,0.353768799453974,0.176884399726987,
1509,0.272096,0.377889399416745,0.209045199677348,
1510,0.272608,0.377889399416745,0.241205999627709,
1511,0.27312,0.385929599404335,0.26532659959048,
1512,0.273632,0.410050199367106,0.305527599528432,
1513,0.274144,0.418090399354696,0.321607999503613,
1514,0.274656,0.442210999317467,0.345728599466383,
1515,0.275168,0.442210999317467,0.377889399416745,
1516,0.27568,0.450251199305058,0.402009999379516,
1517,0.276192,0.458291399292648,0.434170799329877,
1518,0.276704,0.466331599280238,0.450251199305058,
1519,0.277216,0.474371799267828,0.474371799267828,
1520,0.277728,0.482411999255419,0.498492399230599,
1521,0.27824,0.482411999255419,0.51457279920578,
1522,0.278752,0.490452199243009,0.538693399168551,
1523,0.279264,0.498492399230599,0.554773799143732,
1524,0.279776,0.490452199243009,0.578894399106503,
1525,0.280288,0.490452199243009,0.586934599094093,
1526,0.2808,0.498492399230599,0.603014999069273,
1527,0.281312,0.498492399230599,0.619095399044454,
1528,0.281824,0.498492399230599,0.635175799019635,
1529,0.282336,0.482411999255419,0.635175799019635,
1530,0.282848,0.474371799267828,0.635175799019635,
1531,0.28336,0.474371799267828,0.651256198994815,
1532,0.283872,0.474371799267828,0.651256198994815,
1533,0.284384,0.458291399292648,0.659296398982406,
1534,0.284896,0.442210999317467,0.659296398982406,
1535,0.285408,0.434170799329877,0.659296398982406,
1536,0.28592,0.426130599342287,0.659296398982406,
1537,0.286432,0.402009999379516,0.651256198994815,
1538,0.286944,0.393969799391925,0.651256198994815,
1539,0.287456,0.377889399416745,0.651256198994815,
1540,0.287968,0.353768799453974,0.635175799019635,
1541,0.28848,0.337688399478793,0.635175799019635,
1542,0.288992,0.337688399478793,0.619095399044454,
1543,0.289504,0.305527599528432,0.611055199056864,
1544,0.290016,0.281406999565661,0.594974799081683,
1545,0.290528,0.26532659959048,0.586934599094093,
1546,0.29104,0.2492461996153,0.562813999131322,
1547,0.291552,0.217085399664938,0.554773799143732,
1548,0.292064,0.201004999689758,0.530653199180961,
1549,0.292576,0.184924599714577,0.51457279920578,
1550,0.293088,0.160803999751806,0.490452199243009,
1551,0.2936,0.136683399789035,0.474371799267828,
1552,0.294112,0.0964823998510838,0.442210999317467,
1553,0.294624,0.0804019998759031,0.418090399354696,
1554,0.295136,0.0643215999007225,0.393969799391925,
1555,0.295648,0.0321607999503613,0.369849199429154,
1556,0.29616,0.0160803999751806,0.337688399478793,
1557,0.296672,-0.0160803999751806,0.321607999503613,
1558,0.297184,-0.0241205999627709,0.289447199553251,
1559,0.297696,-0.0723617998883128,0.25728639960289,
1560,0.298208,-0.0804019998759031,0.225125599652529,
1561,0.29872,-0.104522599838674,0.192964799702168,
1562,0.299232,-0.128643199801445,0.160803999751806,
1563,0.299744,-0.144723599776626,0.136683399789035,
1564,0.300256,-0.168844199739397,0.104522599838674,
1565,0.300768,-0.201004999689758,0.0643215999007225,
1566,0.30128,-0.209045199677348,0.0402009999379516,
1567,0.301792,-0.241205999627709,0.00804019998759031,
1568,0.302304,-0.2492461996153,-0.0241205999627709,
1569,0.302816,-0.281406999565661,-0.0562813999131322,
1570,0.303328,-0.305527599528432,-0.0884421998634934,
1571,0.30384,-0.321607999503613,-0.128643199801445,
1572,0.304352,-0.337688399478793,-0.144723599776626,
1573,0.304864,-0.353768799453974,-0.184924599714577,
1574,0.305376,-0.377889399416745,-0.217085399664938,
1575,0.305888,-0.385929599404335,-0.2492461996153,
1576,0.3064,-0.402009999379516,-0.273366799578071,
1577,0.306912,-0.426130599342287,-0.297487399540842,
1578,0.307424,-0.426130599342287,-0.329648199491203,
1579,0.307936,-0.450251199305058,-0.353768799453974,
1580,0.308448,-0.458291399292648,-0.385929599404335,
1581,0.30896,-0.466331599280238,-0.410050199367106,
1582,0.309472,-0.474371799267828,-0.434170799329877,
1583,0.309984,-0.482411999255419,-0.458291399292648,
1584,0.310496,-0.490452199243009,-0.490452199243009,
1585,0.311008,-0.490452199243009,-0.50653259921819,
1586,0.31152,-0.498492399230599,-0.530653199180961,
1587,0.312032,-0.498492399230599,-0.538693399168551,
1588,0.312544,-0.51457279920578,-0.570854199118912,
1589,0.313056,-0.50653259921819,-0.578894399106503,
1590,0.313568,-0.50653259921819,-0.594974799081683,
1591,0.31408,-0.50653259921819,-0.611055199056864,
1592,0.314592,-0.50653259921819,-0.619095399044454,
1593,0.315104,-0.50653259921819,-0.635175799019635,
1594,0.315616,-0.498492399230599,-0.635175799019635,
1595,0.316128,-0.482411999255419,-0.643215999007225,
1596,0.31664,-0.474371799267828,-0.659296398982406,
1597,0.317152,-0.474371799267828,-0.659296398982406,
1598,0.317664,-0.466331599280238,-0.667336598969996,
1599,0.318176,-0.450251199305058,-0.667336598969996,
1600,0.318688,-0.450251199305058,-0.675376798957586,
1601,0.3192,-0.426130599342287,-0.667336598969996,
1602,0.319712,-0.418090399354696,-0.667336598969996,
1603,0.320224,-0.402009999379516,-0.667336598969996,
1604,0.320736,-0.393969799391925,-0.659296398982406,
1605,0.321248,-0.369849199429154,-0.651256198994815,
1606,0.32176,-0.353768799453974,-0.635175799019635,
1607,0.322272,-0.337688399478793,-0.635175799019635,
1608,0.322784,-0.321607999503613,-0.619095399044454,
1609,0.323296,-0.289447199553251,-0.603014999069273,
1610,0.323808,-0.281406999565661,-0.594974799081683,
1611,0.32432,-0.26532659959048,-0.578894399106503,
1612,0.324832,-0.233165799640119,-0.562813999131322,
1613,0.325344,-0.209045199677348,-0.538693399168551,
1614,0.325856,-0.192964799702168,-0.530653199180961,
1615,0.326368,-0.176884399726987,-0.498492399230599,
1616,0.32688,-0.152763799764216,-0.474371799267828,
1617,0.327392,-0.128643199801445,-0.458291399292648,
1618,0.327904,-0.104522599838674,-0.434170799329877,
1619,0.328416,-0.0723617998883128,-0.402009999379516,
1620,0.328928,-0.0562813999131322,-0.377889399416745,
1621,0.32944,-0.0321607999503613,-0.353768799453974,
1622,0.329952,-0.00804019998759031,-0.321607999503613,
1623,0.330464,0.0160803999751806,-0.297487399540842,
1624,0.330976,0.0321607999503613,-0.273366799578071,
1625,0.331488,0.0643215999007225,-0.241205999627709,
1626,0.332,0.0884421998634934,-0.209045199677348,
1627,0.332512,0.112562799826264,-0.168844199739397,
1628,0.333024,0.136683399789035,-0.144723599776626,
1629,0.333536,0.160803999751806,-0.120602999813855,
1630,0.334048,0.184924599714577,-0.0804019998759031,
1631,0.33456,0.201004999689758,-0.0562813999131322,
1632,0.335072,0.225125599652529,-0.0241205999627709,
1633,0.335584,0.25728639960289,0.00804019998759031,
1634,0.336096,0.281406999565661,0.0402009999379516,
1635,0.336608,0.281406999565661,0.0804019998759031,
1636,0.33712,0.305527599528432,0.112562799826264,
1637,0.337632,0.321607999503613,0.136683399789035,
1638,0.338144,0.345728599466383,0.176884399726987,
1639,0.338656,0.353768799453974,0.209045199677348,
1640,0.339168,0.377889399416745,0.233165799640119,
1641,0.33968,0.393969799391925,0.25728639960289,
1642,0.340192,0.410050199367106,0.297487399540842,
1643,0.340704,0.418090399354696,0.321607999503613,
1644,0.341216,0.434170799329877,0.345728599466383,
1645,0.341728,0.458291399292648,0.377889399416745,
1646,0.34224,0.450251199305058,0.402009999379516,
1647,0.342752,0.458291399292648,0.418090399354696,
1648,0.343264,0.474371799267828,0.450251199305058,
1649,0.343776,0.474371799267828,0.458291399292648,
1650,0.344288,0.474371799267828,0.490452199243009,
1651,0.3448,0.490452199243009,0.50653259921819,
1652,0.345312,0.490452199243009,0.530653199180961,
1653,0.345824,0.490452199243009,0.546733599156141,
1654,0.346336,0.498492399230599,0.562813999131322,
1655,0.346848,0.490452199243009,0.578894399106503,
1656,0.34736,0.490452199243009,0.603014999069273,
1657,0.347872,0.490452199243009,0.611055199056864,
1658,0.348384,0.482411999255419,0.627135599032044,
1659,0.348896,0.490452199243009,0.627135599032044,
1660,0.349408,0.482411999255419,0.643215999007225,
1661,0.34992,0.466331599280238,0.643215999007225,
1662,0.350432,0.466331599280238,0.659296398982406,
1663,0.350944,0.450251199305058,0.659296398982406,
1664,0.351456,0.450251199305058,0.659296398982406,
1665,0.351968,0.434170799329877,0.659296398982406,
1666,0.35248,0.418090399354696,0.667336598969996,
1667,0.352992,0.418090399354696,0.659296398982406,
1668,0.353504,0.393969799391925,0.651256198994815,
1669,0.354016,0.377889399416745,0.651256198994815,
1670,0.354528,0.369849199429154,0.643215999007225,
1671,0.35504,0.345728599466383,0.635175799019635,
1672,0.355552,0.329648199491203,0.619095399044454,
1673,0.356064,0.305527599528432,0.619095399044454,
1674,0.356576,0.297487399540842,0.603014999069273,
1675,0.357088,0.26532659959048,0.578894399106503,
1676,0.3576,0.241205999627709,0.562813999131322,
1677,0.358112,0.233165799640119,0.554773799143732,
1678,0.358624,0.209045199677348,0.530653199180961,
1679,0.359136,0.176884399726987,0.51457279920578,
1680,0.359648,0.160803999751806,0.498492399230599,
1681,0.36016,0.144723599776626,0.474371799267828,
1682,0.360672,0.112562799826264,0.450251199305058,
1683,0.361184,0.0964823998510838,0.418090399354696,
1684,0.361696,0.0723617998883128,0.410050199367106,
1685,0.362208,0.0482411999255419,0.377889399416745,
1686,0.36272,0.0160803999751806,0.353768799453974,
1687,0.363232,0,0.321607999503613,
1688,0.363744,-0.0321607999503613,0.297487399540842,
1689,0.364256,-0.0482411999255419,0.26532659959048,
1690,0.364768,-0.0804019998759031,0.233165799640119,
1691,0.36528,-0.0964823998510838,0.201004999689758,
1692,0.365792,-0.120602999813855,0.176884399726987,
1693,0.366304,-0.144723599776626,0.144723599776626,
1694,0.366816,-0.168844199739397,0.104522599838674,
1695,0.367328,-0.192964799702168,0.0723617998883128,
1696,0.36784,-0.217085399664938,0.0402009999379516,
1697,0.368352,-0.233165799640119,0.0160803999751806,
1698,0.368864,-0.26532659959048,-0.0160803999751806,
1699,0.369376,-0.273366799578071,-0.0562813999131322,
1700,0.369888,-0.297487399540842,-0.0884421998634934,
1701,0.3704,-0.321607999503613,-0.120602999813855,
1702,0.370912,-0.337688399478793,-0.144723599776626,
1703,0.371424,-0.353768799453974,-0.176884399726987,
1704,0.371936,-0.377889399416745,-0.209045199677348,
1705,0.372448,-0.385929599404335,-0.233165799640119,
1706,0.37296,-0.402009999379516,-0.26532659959048,
1707,0.373472,-0.410050199367106,-0.297487399540842,
1708,0.373984,-0.426130599342287,-0.329648199491203,
1709,0.374496,-0.442210999317467,-0.353768799453974,
1710,0.375008,-0.450251199305058,-0.385929599404335,
1711,0.37552,-0.458291399292648,-0.402009999379516,
1712,0.376032,-0.490452199243009,-0.434170799329877,
1713,0.376544,-0.482411999255419,-0.458291399292648,
1714,0.377056,-0.482411999255419,-0.482411999255419,
1715,0.377568,-0.490452199243009,-0.498492399230599,
1716,0.37808,-0.50653259921819,-0.52261299919337,
1717,0.378592,-0.498492399230599,-0.538693399168551,
1718,0.379104,-0.498492399230599,-0.546733599156141,
1719,0.379616,-0.50653259921819,-0.578894399106503,
1720,0.380128,-0.50653259921819,-0.594974799081683,
1721,0.38064,-0.50653259921819,-0.603014999069273,
1722,0.381152,-0.50653259921819,-0.611055199056864,
1723,0.381664,-0.498492399230599,-0.635175799019635,
1724,0.382176,-0.498492399230599,-0.643215999007225,
1725,0.382688,-0.490452199243009,-0.651256198994815,
1726,0.3832,-0.482411999255419,-0.659296398982406,
1727,0.383712,-0.474371799267828,-0.667336598969996,
1728,0.384224,-0.458291399292648,-0.667336598969996,
1729,0.384736,-0.458291399292648,-0.667336598969996,
1730,0.385248,-0.434170799329877,-0.675376798957586,
1731,0.38576,-0.434170799329877,-0.667336598969996,
1732,0.386272,-0.418090399354696,-0.667336598969996,
1733,0.386784,-0.410050199367106,-0.667336598969996,
1734,0.387296,-0.385929599404335,-0.659296398982406,
1735,0.387808,-0.377889399416745,-0.651256198994815,
1736,0.38832,-0.353768799453974,-0.643215999007225,
1737,0.388832,-0.337688399478793,-0.635175799019635,
1738,0.389344,-0.321607999503613,-0.619095399044454,
1739,0.389856,-0.305527599528432,-0.611055199056864,
1740,0.390368,-0.281406999565661,-0.594974799081683,
1741,0.39088,-0.25728639960289,-0.586934599094093,
1742,0.391392,-0.241205999627709,-0.562813999131322,
1743,0.391904,-0.217085399664938,-0.554773799143732,
1744,0.392416,-0.201004999689758,-0.530653199180961,
1745,0.392928,-0.168844199739397,-0.50653259921819,
1746,0.39344,-0.160803999751806,-0.482411999255419,
1747,0.393952,-0.128643199801445,-0.466331599280238,
1748,0.394464,-0.112562799826264,-0.434170799329877,
1749,0.394976,-0.0804019998759031,-0.410050199367106,
1750,0.395488,-0.0562813999131322,-0.385929599404335,
1751,0.396,-0.0241205999627709,-0.361808999441564,
1752,0.396512,-0.00804019998759031,-0.329648199491203,
1753,0.397024,0.00804019998759031,-0.305527599528432,
1754,0.397536,0.0402009999379516,-0.273366799578071,
1755,0.398048,0.0562813999131322,-0.2492461996153,
1756,0.39856,0.0884421998634934,-0.217085399664938,
1757,0.399072,0.104522599838674,-0.184924599714577,
1758,0.399584,0.120602999813855,-0.152763799764216,
1759,0.400096,0.152763799764216,-0.112562799826264,
1760,0.400608,0.176884399726987,-0.0884421998634934,
1761,0.40112,0.201004999689758,-0.0482411999255419,
1762,0.401632,0.217085399664938,-0.0241205999627709,
1763,0.402144,0.2492461996153,0,
1764,0.402656,0.26532659959048,0.0321607999503613,
1765,0.403168,0.281406999565661,0.0643215999007225,
1766,0.40368,0.305527599528432,0.104522599838674,
1767,0.404192,0.329648199491203,0.136683399789035,
1768,0.404704,0.337688399478793,0.160803999751806,
1769,0.405216,0.361808999441564,0.192964799702168,
1770,0.405728,0.377889399416745,0.225125599652529,
1771,0.40624,0.369849199429154,0.26532659959048,
1772,0.406752,0.402009999379516,0.289447199553251,
1773,0.407264,0.410050199367106,0.313567799516022,
1774,0.407776,0.426130599342287,0.337688399478793,
1775,0.408288,0.442210999317467,0.369849199429154,
1776,0.4088,0.450251199305058,0.393969799391925,
1777,0.409312,0.458291399292648,0.410050199367106,
1778,0.409824,0.466331599280238,0.442210999317467,
1779,0.410336,0.474371799267828,0.466331599280238,
1780,0.410848,0.474371799267828,0.482411999255419,
1781,0.41136,0.482411999255419,0.50653259921819,
1782,0.411872,0.490452199243009,0.538693399168551,
1783,0.412384,0.490452199243009,0.546733599156141,
1784,0.412896,0.498492399230599,0.570854199118912,
1785,0.413408,0.498492399230599,0.578894399106503,
1786,0.41392,0.498492399230599,0.594974799081683,
1787,0.414432,0.498492399230599,0.611055199056864,
1788,0.414944,0.490452199243009,0.619095399044454,
1789,0.415456,0.490452199243009,0.627135599032044,
1790,0.415968,0.474371799267828,0.635175799019635,
1791,0.41648,0.474371799267828,0.643215999007225,
1792,0.416992,0.458291399292648,0.651256198994815,
1793,0.417504,0.450251199305058,0.659296398982406,
1794,0.418016,0.450251199305058,0.667336598969996,
1795,0.418528,0.434170799329877,0.659296398982406,
1796,0.41904,0.426130599342287,0.667336598969996,
1797,0.419552,0.410050199367106,0.659296398982406,
1798,0.420064,0.393969799391925,0.659296398982406,
1799,0.420576,0.377889399416745,0.651256198994815,
1800,0.421088,0.369849199429154,0.651256198994815,
1801,0.4216,0.353768799453974,0.635175799019635,
1802,0.422112,0.321607999503613,0.627135599032044,
1803,0.422624,0.313567799516022,0.619095399044454,
1804,0.423136,0.289447199553251,0.603014999069273,
1805,0.423648,0.273366799578071,0.586934599094093,
1806,0.42416,0.25728639960289,0.570854199118912,
1807,0.424672,0.233165799640119,0.562813999131322,
1808,0.425184,0.209045199677348,0.530653199180961,
1809,0.425696,0.192964799702168,0.52261299919337,
1810,0.426208,0.168844199739397,0.498492399230599,
1811,0.42672,0.152763799764216,0.482411999255419,
1812,0.427232,0.120602999813855,0.450251199305058,
1813,0.427744,0.0964823998510838,0.426130599342287,
1814,0.428256,0.0804019998759031,0.410050199367106,
1815,0.428768,0.0562813999131322,0.385929599404335,
1816,0.42928,0.0241205999627709,0.361808999441564,
1817,0.429792,0,0.329648199491203,
1818,0.430304,-0.0241205999627709,0.297487399540842,
1819,0.430816,-0.0402009999379516,0.273366799578071,
1820,0.431328,-0.0723617998883128,0.241205999627709,
1821,0.43184,-0.0964823998510838,0.217085399664938,
1822,0.432352,-0.120602999813855,0.176884399726987,
1823,0.432864,-0.144723599776626,0.152763799764216,
1824,0.433376,-0.168844199739397,0.120602999813855,
1825,0.433888,-0.160803999751806,0.0884421998634934,
1826,0.4344,-0.209045199677348,0.0562813999131322,
1827,0.434912,-0.225125599652529,0.0241205999627709,
1828,0.435424,-0.2492461996153,-0.00804019998759031,
1829,0.435936,-0.281406999565661,-0.0402009999379516,
1830,0.436448,-0.297487399540842,-0.0723617998883128,
1831,0.43696,-0.321607999503613,-0.104522599838674,
1832,0.437472,-0.329648199491203,-0.136683399789035,
1833,0.437984,-0.353768799453974,-0.168844199739397,
1834,0.438496,-0.369849199429154,-0.201004999689758,
1835,0.439008,-0.369849199429154,-0.233165799640119,
1836,0.43952,-0.393969799391925,-0.273366799578071,
1837,0.440032,-0.418090399354696,-0.289447199553251,
1838,0.440544,-0.426130599342287,-0.321607999503613,
1839,0.441056,-0.442210999317467,-0.345728599466383,
1840,0.441568,-0.450251199305058,-0.377889399416745,
1841,0.44208,-0.474371799267828,-0.402009999379516,
1842,0.442592,-0.474371799267828,-0.426130599342287,
1843,0.443104,-0.490452199243009,-0.450251199305058,
1844,0.443616,-0.490452199243009,-0.482411999255419,
1845,0.444128,-0.498492399230599,-0.490452199243009,
1846,0.44464,-0.498492399230599,-0.52261299919337,
1847,0.445152,-0.498492399230599,-0.538693399168551,
1848,0.445664,-0.498492399230599,-0.554773799143732,
1849,0.446176,-0.498492399230599,-0.570854199118912,
1850,0.446688,-0.50653259921819,-0.594974799081683,
1851,0.4472,-0.50653259921819,-0.603014999069273,
1852,0.447712,-0.498492399230599,-0.619095399044454,
1853,0.448224,-0.498492399230599,-0.627135599032044,
1854,0.448736,-0.498492399230599,-0.643215999007225,
1855,0.449248,-0.498492399230599,-0.643215999007225,
1856,0.44976,-0.482411999255419,-0.651256198994815,
1857,0.450272,-0.474371799267828,-0.659296398982406,
1858,0.450784,-0.466331599280238,-0.667336598969996,
1859,0.451296,-0.450251199305058,-0.667336598969996,
1860,0.451808,-0.442210999317467,-0.667336598969996,
1861,0.45232,-0.434170799329877,-0.667336598969996,
1862,0.452832,-0.426130599342287,-0.675376798957586,
1863,0.453344,-0.410050199367106,-0.675376798957586,
1864,0.453856,-0.402009999379516,-0.651256198994815,
1865,0.454368,-0.385929599404335,-0.651256198994815,
1866,0.45488,-0.361808999441564,-0.643215999007225,
1867,0.455392,-0.345728599466383,-0.635175799019635,
1868,0.455904,-0.329648199491203,-0.635175799019635,
1869,0.456416,-0.305527599528432,-0.611055199056864,
1870,0.456928,-0.289447199553251,-0.603014999069273,
1871,0.45744,-0.26532659959048,-0.586934599094093,
1872,0.457952,-0.2492461996153,-0.570854199118912,
1873,0.458464,-0.233165799640119,-0.546733599156141,
1874,0.458976,-0.201004999689758,-0.530653199180961,
1875,0.459488,-0.176884399726987,-0.50653259921819,
1876,0.46,-0.152763799764216,-0.490452199243009,
1877,0.460512,-0.136683399789035,-0.474371799267828,
1878,0.461024,-0.104522599838674,-0.442210999317467,
1879,0.461536,-0.0804019998759031,-0.418090399354696,
1880,0.462048,-0.0562813999131322,-0.393969799391925,
1881,0.46256,-0.0402009999379516,-0.369849199429154,
1882,0.463072,-0.0241205999627709,-0.345728599466383,
1883,0.463584,0.00804019998759031,-0.313567799516022,
1884,0.464096,0.0321607999503613,-0.273366799578071,
1885,0.464608,0.0562813999131322,-0.2492461996153,
1886,0.46512,0.0804019998759031,-0.225125599652529,
1887,0.465632,0.104522599838674,-0.184924599714577,
1888,0.466144,0.128643199801445,-0.152763799764216,
1889,0.466656,0.152763799764216,-0.136683399789035,
1890,0.467168,0.176884399726987,-0.0964823998510838,
1891,0.46768,0.192964799702168,-0.0562813999131322,
1892,0.468192,0.225125599652529,-0.0321607999503613,
1893,0.468704,0.241205999627709,0,
1894,0.469216,0.26532659959048,0.0321607999503613,
1895,0.469728,0.273366799578071,0.0562813999131322,
1896,0.47024,0.305527599528432,0.104522599838674,
1897,0.470752,0.313567799516022,0.128643199801445,
1898,0.471264,0.337688399478793,0.152763799764216,
1899,0.471776,0.353768799453974,0.184924599714577,
1900,0.472288,0.361808999441564,0.225125599652529,
1901,0.4728,0.385929599404335,0.25728639960289,
1902,0.473312,0.402009999379516,0.281406999565661,
1903,0.473824,0.418090399354696,0.305527599528432,
1904,0.474336,0.434170799329877,0.337688399478793,
1905,0.474848,0.434170799329877,0.361808999441564,
1906,0.47536,0.450251199305058,0.393969799391925,
1907,0.475872,0.450251199305058,0.410050199367106,
1908,0.476384,0.466331599280238,0.434170799329877,
1909,0.476896,0.474371799267828,0.458291399292648,
1910,0.477408,0.474371799267828,0.490452199243009,
1911,0.47792,0.490452199243009,0.50653259921819,
1912,0.478432,0.490452199243009,0.52261299919337,
1913,0.478944,0.498492399230599,0.546733599156141,
1914,0.479456,0.490452199243009,0.562813999131322,
1915,0.479968,0.490452199243009,0.578894399106503,
1916,0.48048,0.490452199243009,0.594974799081683,
1917,0.480992,0.498492399230599,0.603014999069273,
1918,0.481504,0.490452199243009,0.611055199056864,
1919,0.482016,0.490452199243009,0.627135599032044,
1920,0.482528,0.482411999255419,0.643215999007225,
1921,0.48304,0.474371799267828,0.643215999007225,
1922,0.483552,0.474371799267828,0.651256198994815,
1923,0.484064,0.458291399292648,0.651256198994815,
1924,0.484576,0.450251199305058,0.659296398982406,
1925,0.485088,0.434170799329877,0.667336598969996,
1926,0.4856,0.426130599342287,0.659296398982406,
1927,0.486112,0.418090399354696,0.651256198994815,
1928,0.486624,0.402009999379516,0.659296398982406,
1929,0.487136,0.385929599404335,0.651256198994815,
1930,0.487648,0.369849199429154,0.651256198994815,
1931,0.48816,0.353768799453974,0.635175799019635,
1932,0.488672,0.329648199491203,0.627135599032044,
1933,0.489184,0.305527599528432,0.627135599032044,
1934,0.489696,0.305527599528432,0.594974799081683,
1935,0.490208,0.281406999565661,0.586934599094093,
1936,0.49072,0.25728639960289,0.570854199118912,
1937,0.491232,0.233165799640119,0.562813999131322,
1938,0.491744,0.225125599652529,0.538693399168551,
1939,0.492256,0.192964799702168,0.52261299919337,
1940,0.492768,0.168844199739397,0.50653259921819,
1941,0.49328,0.152763799764216,0.482411999255419,
1942,0.493792,0.128643199801445,0.450251199305058,
1943,0.494304,0.0964823998510838,0.450251199305058,
1944,0.494816,0.0723617998883128,0.418090399354696,
1945,0.495328,0.0562813999131322,0.385929599404335,
1946,0.49584,0.0321607999503613,0.369849199429154,
1947,0.496352,0.00804019998759031,0.337688399478793,
1948,0.496864,-0.0241205999627709,0.305527599528432,
1949,0.497376,-0.0402009999379516,0.281406999565661,
1950,0.497888,-0.0723617998883128,0.241205999627709,
1951,0.4984,-0.0884421998634934,0.217085399664938,
1952,0.498912,-0.112562799826264,0.184924599714577,
1953,0.499424,-0.136683399789035,0.152763799764216,
