Model: ,Oscilloscope DSO-X 1102G
Serial Number:,CN57246464
Address: ,USBInstrument3
Date: ,2026-09-28 16:17:07

Sample Number,Time (s),1 (VOLT),2 (VOLT),
1,-0.01,-0.385929599404335,0,
2,-0.00998976,-0.385929599404335,0.040201012045145,
3,-0.00997952,-0.385929599404335,0.040201012045145,
4,-0.00996928,-0.369849199429154,0,
5,-0.00995904,-0.369849199429154,0,
6,-0.0099488,-0.377889399416745,-0.040201012045145,
7,-0.00993856,-0.369849199429154,0,
8,-0.00992832,-0.361808999441564,0,
9,-0.00991808,-0.345728599466383,0,
10,-0.00990784,-0.361808999441564,0.040201012045145,
11,-0.0098976,-0.361808999441564,0,
12,-0.00988736,-0.353768799453974,0,
13,-0.00987712,-0.353768799453974,0.040201012045145,
14,-0.00986688,-0.353768799453974,0,
15,-0.00985664,-0.337688399478793,0,
16,-0.0098464,-0.345728599466383,0,
17,-0.00983616,-0.345728599466383,-0.040201012045145,
18,-0.00982592,-0.337688399478793,0,
19,-0.00981568,-0.337688399478793,0,
20,-0.00980544,-0.329648199491203,0.040201012045145,
21,-0.0097952,-0.329648199491203,0,
22,-0.00978496,-0.329648199491203,0,
23,-0.00977472,-0.321607999503613,0,
24,-0.00976448,-0.329648199491203,0,
25,-0.00975424,-0.313567799516022,-0.040201012045145,
26,-0.009744,-0.321607999503613,-0.040201012045145,
27,-0.00973376,-0.313567799516022,0,
28,-0.00972352,-0.321607999503613,0,
29,-0.00971328,-0.305527599528432,0,
30,-0.00970304,-0.305527599528432,0,
31,-0.0096928,-0.297487399540842,-0.040201012045145,
32,-0.00968256,-0.297487399540842,0,
33,-0.00967232,-0.297487399540842,0,
34,-0.00966208,-0.289447199553251,0,
35,-0.00965184,-0.289447199553251,0,
36,-0.0096416,-0.281406999565661,-0.040201012045145,
37,-0.00963136,-0.281406999565661,0,
38,-0.00962112,-0.281406999565661,-0.040201012045145,
39,-0.00961088,-0.273366799578071,-0.040201012045145,
40,-0.00960064,-0.273366799578071,0,
41,-0.0095904,-0.26532659959048,-0.040201012045145,
42,-0.00958016,-0.26532659959048,-0.040201012045145,
43,-0.00956992,-0.25728639960289,0,
44,-0.00955968,-0.25728639960289,0,
45,-0.00954944,-0.26532659959048,0,
46,-0.0095392,-0.2492461996153,-0.040201012045145,
47,-0.00952896,-0.241205999627709,0,
48,-0.00951872,-0.241205999627709,-0.040201012045145,
49,-0.00950848,-0.2492461996153,-0.040201012045145,
50,-0.00949824,-0.241205999627709,-0.040201012045145,
51,-0.009488,-0.241205999627709,-0.040201012045145,
52,-0.00947776,-0.241205999627709,-0.040201012045145,
53,-0.00946752,-0.225125599652529,-0.040201012045145,
54,-0.00945728,-0.225125599652529,-0.040201012045145,
55,-0.00944704,-0.217085399664938,0,
56,-0.0094368,-0.217085399664938,-0.040201012045145,
57,-0.00942656,-0.209045199677348,-0.040201012045145,
58,-0.00941632,-0.217085399664938,0,
59,-0.00940608,-0.201004999689758,-0.040201012045145,
60,-0.00939584,-0.201004999689758,-0.0804020240902901,
61,-0.0093856,-0.201004999689758,-0.040201012045145,
62,-0.00937536,-0.192964799702168,-0.040201012045145,
63,-0.00936512,-0.184924599714577,-0.040201012045145,
64,-0.00935488,-0.184924599714577,-0.040201012045145,
65,-0.00934464,-0.184924599714577,-0.040201012045145,
66,-0.0093344,-0.176884399726987,-0.040201012045145,
67,-0.00932416,-0.176884399726987,0,
68,-0.00931392,-0.168844199739397,-0.040201012045145,
69,-0.00930368,-0.168844199739397,-0.040201012045145,
70,-0.00929344,-0.168844199739397,-0.040201012045145,
71,-0.0092832,-0.168844199739397,0,
72,-0.00927296,-0.152763799764216,-0.0804020240902901,
73,-0.00926272,-0.152763799764216,-0.040201012045145,
74,-0.00925248,-0.152763799764216,-0.040201012045145,
75,-0.00924224,-0.144723599776626,-0.040201012045145,
76,-0.009232,-0.144723599776626,-0.040201012045145,
77,-0.00922176,-0.144723599776626,-0.040201012045145,
78,-0.00921152,-0.136683399789035,-0.0804020240902901,
79,-0.00920128,-0.136683399789035,-0.040201012045145,
80,-0.00919104,-0.128643199801445,-0.040201012045145,
81,-0.0091808,-0.128643199801445,-0.040201012045145,
82,-0.00917056,-0.120602999813855,-0.040201012045145,
83,-0.00916032,-0.120602999813855,-0.040201012045145,
84,-0.00915008,-0.112562799826264,-0.040201012045145,
85,-0.00913984,-0.112562799826264,-0.040201012045145,
86,-0.0091296,-0.104522599838674,-0.040201012045145,
87,-0.00911936,-0.0884421998634934,-0.0804020240902901,
88,-0.00910912,-0.104522599838674,-0.0804020240902901,
89,-0.00909888,-0.0964823998510838,-0.040201012045145,
90,-0.00908864,-0.0964823998510838,-0.040201012045145,
91,-0.0090784,-0.0884421998634934,-0.040201012045145,
92,-0.00906816,-0.0884421998634934,-0.0804020240902901,
93,-0.00905792,-0.0804019998759031,-0.0804020240902901,
94,-0.00904768,-0.0804019998759031,-0.040201012045145,
95,-0.00903744,-0.0723617998883128,-0.040201012045145,
96,-0.0090272,-0.0723617998883128,-0.040201012045145,
97,-0.00901696,-0.0643215999007225,-0.0804020240902901,
98,-0.00900672,-0.0562813999131322,-0.0804020240902901,
99,-0.00899648,-0.0562813999131322,-0.040201012045145,
100,-0.00898624,-0.0482411999255419,-0.040201012045145,
101,-0.008976,-0.0562813999131322,-0.040201012045145,
102,-0.00896576,-0.0482411999255419,-0.0804020240902901,
103,-0.00895552,-0.0402009999379516,-0.0804020240902901,
104,-0.00894528,-0.0321607999503613,-0.0804020240902901,
105,-0.00893504,-0.0241205999627709,-0.040201012045145,
106,-0.0089248,-0.0321607999503613,-0.0804020240902901,
107,-0.00891456,-0.0160803999751806,-0.0804020240902901,
108,-0.00890432,-0.0160803999751806,-0.040201012045145,
109,-0.00889408,-0.0241205999627709,-0.0804020240902901,
110,-0.00888384,-0.0160803999751806,-0.040201012045145,
111,-0.0088736,-0.0160803999751806,-0.120603036135435,
112,-0.00886336,0,-0.0804020240902901,
113,-0.00885312,-0.00804019998759031,-0.040201012045145,
114,-0.00884288,0.00804019998759031,-0.040201012045145,
115,-0.00883264,0.00804019998759031,-0.040201012045145,
116,-0.0088224,0.00804019998759031,-0.0804020240902901,
117,-0.00881216,0.0160803999751806,-0.0804020240902901,
118,-0.00880192,0.0160803999751806,-0.0804020240902901,
119,-0.00879168,0.0241205999627709,-0.0804020240902901,
120,-0.00878144,0.0241205999627709,-0.0804020240902901,
121,-0.0087712,0.0241205999627709,-0.0804020240902901,
122,-0.00876096,0.0321607999503613,-0.040201012045145,
123,-0.00875072,0.0402009999379516,-0.0804020240902901,
124,-0.00874048,0.0402009999379516,-0.120603036135435,
125,-0.00873024,0.0402009999379516,-0.0804020240902901,
126,-0.00872,0.0482411999255419,-0.0804020240902901,
127,-0.00870976,0.0482411999255419,-0.0804020240902901,
128,-0.00869952,0.0562813999131322,-0.0804020240902901,
129,-0.00868928,0.0562813999131322,-0.0804020240902901,
130,-0.00867904,0.0643215999007225,-0.120603036135435,
131,-0.0086688,0.0562813999131322,-0.0804020240902901,
132,-0.00865856,0.0723617998883128,-0.0804020240902901,
133,-0.00864832,0.0723617998883128,-0.0804020240902901,
134,-0.00863808,0.0804019998759031,-0.0804020240902901,
135,-0.00862784,0.0804019998759031,-0.0804020240902901,
136,-0.0086176,0.0884421998634934,-0.0804020240902901,
137,-0.00860736,0.0884421998634934,-0.120603036135435,
138,-0.00859712,0.0884421998634934,-0.0804020240902901,
139,-0.00858688,0.0964823998510838,-0.120603036135435,
140,-0.00857664,0.104522599838674,-0.0804020240902901,
141,-0.0085664,0.104522599838674,-0.0804020240902901,
142,-0.00855616,0.0964823998510838,-0.0804020240902901,
143,-0.00854592,0.112562799826264,-0.0804020240902901,
144,-0.00853568,0.112562799826264,-0.0804020240902901,
145,-0.00852544,0.120602999813855,-0.120603036135435,
146,-0.0085152,0.120602999813855,-0.0804020240902901,
147,-0.00850496,0.120602999813855,-0.0804020240902901,
148,-0.00849472,0.136683399789035,-0.0804020240902901,
149,-0.00848448,0.128643199801445,-0.0804020240902901,
150,-0.00847424,0.144723599776626,-0.0804020240902901,
151,-0.008464,0.144723599776626,-0.120603036135435,
152,-0.00845376,0.136683399789035,-0.0804020240902901,
153,-0.00844352,0.152763799764216,-0.0804020240902901,
154,-0.00843328,0.160803999751806,-0.120603036135435,
155,-0.00842304,0.152763799764216,-0.120603036135435,
156,-0.0084128,0.160803999751806,-0.120603036135435,
157,-0.00840256,0.160803999751806,-0.0804020240902901,
158,-0.00839232,0.168844199739397,-0.0804020240902901,
159,-0.00838208,0.176884399726987,-0.0804020240902901,
160,-0.00837184,0.168844199739397,-0.0804020240902901,
161,-0.0083616,0.176884399726987,-0.120603036135435,
162,-0.00835136,0.192964799702168,-0.0804020240902901,
163,-0.00834112,0.184924599714577,-0.0804020240902901,
164,-0.00833088,0.192964799702168,-0.0804020240902901,
165,-0.00832064,0.201004999689758,-0.0804020240902901,
166,-0.0083104,0.201004999689758,-0.0804020240902901,
167,-0.00830016,0.209045199677348,-0.0804020240902901,
168,-0.00828992,0.192964799702168,-0.0804020240902901,
169,-0.00827968,0.209045199677348,-0.120603036135435,
170,-0.00826944,0.217085399664938,-0.120603036135435,
171,-0.0082592,0.217085399664938,-0.0804020240902901,
172,-0.00824896,0.217085399664938,-0.120603036135435,
173,-0.00823872,0.217085399664938,-0.120603036135435,
174,-0.00822848,0.225125599652529,-0.120603036135435,
175,-0.00821824,0.225125599652529,-0.120603036135435,
176,-0.008208,0.233165799640119,-0.0804020240902901,
177,-0.00819776,0.241205999627709,-0.120603036135435,
178,-0.00818752,0.233165799640119,-0.120603036135435,
179,-0.00817728,0.2492461996153,-0.120603036135435,
180,-0.00816704,0.2492461996153,-0.16080404818058,
181,-0.0081568,0.25728639960289,-0.0804020240902901,
182,-0.00814656,0.2492461996153,-0.16080404818058,
183,-0.00813632,0.25728639960289,-0.120603036135435,
184,-0.00812608,0.25728639960289,-0.120603036135435,
185,-0.00811584,0.26532659959048,-0.120603036135435,
186,-0.0081056,0.273366799578071,-0.120603036135435,
187,-0.00809536,0.273366799578071,-0.120603036135435,
188,-0.00808512,0.273366799578071,-0.120603036135435,
189,-0.00807488,0.281406999565661,-0.0804020240902901,
190,-0.00806464,0.281406999565661,-0.120603036135435,
191,-0.0080544,0.289447199553251,-0.120603036135435,
192,-0.00804416,0.281406999565661,-0.0804020240902901,
193,-0.00803392,0.289447199553251,-0.0804020240902901,
194,-0.00802368,0.289447199553251,-0.120603036135435,
195,-0.00801344,0.289447199553251,-0.0804020240902901,
196,-0.0080032,0.297487399540842,-0.120603036135435,
197,-0.00799296,0.297487399540842,-0.120603036135435,
198,-0.00798272,0.297487399540842,-0.16080404818058,
199,-0.00797248,0.305527599528432,-0.120603036135435,
200,-0.00796224,0.305527599528432,-0.120603036135435,
201,-0.007952,0.313567799516022,-0.120603036135435,
202,-0.00794176,0.321607999503613,-0.120603036135435,
203,-0.00793152,0.313567799516022,-0.120603036135435,
204,-0.00792128,0.321607999503613,-0.0804020240902901,
205,-0.00791104,0.329648199491203,-0.120603036135435,
206,-0.0079008,0.329648199491203,-0.120603036135435,
207,-0.00789056,0.329648199491203,-0.120603036135435,
208,-0.00788032,0.329648199491203,-0.16080404818058,
209,-0.00787008,0.337688399478793,-0.120603036135435,
210,-0.00785984,0.337688399478793,-0.120603036135435,
211,-0.0078496,0.345728599466383,-0.120603036135435,
212,-0.00783936,0.353768799453974,-0.120603036135435,
213,-0.00782912,0.345728599466383,-0.120603036135435,
214,-0.00781888,0.353768799453974,-0.120603036135435,
215,-0.00780864,0.345728599466383,-0.16080404818058,
216,-0.0077984,0.361808999441564,-0.120603036135435,
217,-0.00778816,0.361808999441564,-0.120603036135435,
218,-0.00777792,0.353768799453974,-0.120603036135435,
219,-0.00776768,0.361808999441564,-0.120603036135435,
220,-0.00775744,0.377889399416745,-0.120603036135435,
221,-0.0077472,0.369849199429154,-0.16080404818058,
222,-0.00773696,0.361808999441564,-0.120603036135435,
223,-0.00772672,0.369849199429154,-0.120603036135435,
224,-0.00771648,0.377889399416745,-0.120603036135435,
225,-0.00770624,0.377889399416745,-0.120603036135435,
226,-0.007696,0.377889399416745,-0.120603036135435,
227,-0.00768576,0.377889399416745,-0.120603036135435,
228,-0.00767552,0.385929599404335,-0.120603036135435,
229,-0.00766528,0.385929599404335,-0.120603036135435,
230,-0.00765504,0.385929599404335,-0.120603036135435,
231,-0.0076448,0.385929599404335,-0.120603036135435,
232,-0.00763456,0.393969799391925,-0.120603036135435,
233,-0.00762432,0.402009999379516,-0.16080404818058,
234,-0.00761408,0.393969799391925,-0.120603036135435,
235,-0.00760384,0.402009999379516,-0.120603036135435,
236,-0.0075936,0.402009999379516,-0.120603036135435,
237,-0.00758336,0.410050199367106,-0.16080404818058,
238,-0.00757312,0.410050199367106,-0.120603036135435,
239,-0.00756288,0.410050199367106,-0.16080404818058,
240,-0.00755264,0.410050199367106,-0.16080404818058,
241,-0.0075424,0.418090399354696,-0.120603036135435,
242,-0.00753216,0.426130599342287,-0.120603036135435,
243,-0.00752192,0.410050199367106,-0.120603036135435,
244,-0.00751168,0.418090399354696,-0.16080404818058,
245,-0.00750144,0.434170799329877,-0.120603036135435,
246,-0.0074912,0.434170799329877,-0.120603036135435,
247,-0.00748096,0.434170799329877,-0.16080404818058,
248,-0.00747072,0.434170799329877,-0.16080404818058,
249,-0.00746048,0.426130599342287,-0.120603036135435,
250,-0.00745024,0.434170799329877,-0.16080404818058,
251,-0.00744,0.434170799329877,-0.120603036135435,
252,-0.00742976,0.434170799329877,-0.120603036135435,
253,-0.00741952,0.442210999317467,-0.120603036135435,
254,-0.00740928,0.442210999317467,-0.120603036135435,
255,-0.00739904,0.442210999317467,-0.120603036135435,
256,-0.0073888,0.434170799329877,-0.120603036135435,
257,-0.00737856,0.450251199305058,-0.120603036135435,
258,-0.00736832,0.450251199305058,-0.16080404818058,
259,-0.00735808,0.450251199305058,-0.120603036135435,
260,-0.00734784,0.450251199305058,-0.120603036135435,
261,-0.0073376,0.450251199305058,-0.120603036135435,
262,-0.00732736,0.458291399292648,-0.120603036135435,
263,-0.00731712,0.458291399292648,-0.120603036135435,
264,-0.00730688,0.450251199305058,-0.120603036135435,
265,-0.00729664,0.466331599280238,-0.120603036135435,
266,-0.0072864,0.458291399292648,-0.120603036135435,
267,-0.00727616,0.458291399292648,-0.16080404818058,
268,-0.00726592,0.458291399292648,-0.120603036135435,
269,-0.00725568,0.466331599280238,-0.16080404818058,
270,-0.00724544,0.466331599280238,-0.16080404818058,
271,-0.0072352,0.466331599280238,-0.120603036135435,
272,-0.00722496,0.466331599280238,-0.120603036135435,
273,-0.00721472,0.466331599280238,-0.120603036135435,
274,-0.00720448,0.466331599280238,-0.16080404818058,
275,-0.00719424,0.466331599280238,-0.120603036135435,
276,-0.007184,0.474371799267828,-0.120603036135435,
277,-0.00717376,0.474371799267828,-0.120603036135435,
278,-0.00716352,0.474371799267828,-0.120603036135435,
279,-0.00715328,0.474371799267828,-0.16080404818058,
280,-0.00714304,0.474371799267828,-0.120603036135435,
281,-0.0071328,0.466331599280238,-0.120603036135435,
282,-0.00712256,0.482411999255419,-0.16080404818058,
283,-0.00711232,0.482411999255419,-0.16080404818058,
284,-0.00710208,0.482411999255419,-0.120603036135435,
285,-0.00709184,0.482411999255419,-0.120603036135435,
286,-0.0070816,0.490452199243009,-0.120603036135435,
287,-0.00707136,0.490452199243009,-0.16080404818058,
288,-0.00706112,0.482411999255419,-0.120603036135435,
289,-0.00705088,0.482411999255419,-0.0804020240902901,
290,-0.00704064,0.498492399230599,-0.16080404818058,
291,-0.0070304,0.490452199243009,-0.16080404818058,
292,-0.00702016,0.490452199243009,-0.120603036135435,
293,-0.00700992,0.490452199243009,-0.120603036135435,
294,-0.00699968,0.482411999255419,-0.120603036135435,
295,-0.00698944,0.490452199243009,-0.120603036135435,
296,-0.0069792,0.482411999255419,-0.120603036135435,
297,-0.00696896,0.490452199243009,-0.120603036135435,
298,-0.00695872,0.490452199243009,-0.120603036135435,
299,-0.00694848,0.482411999255419,-0.120603036135435,
300,-0.00693824,0.482411999255419,-0.120603036135435,
301,-0.006928,0.490452199243009,-0.120603036135435,
302,-0.00691776,0.498492399230599,-0.120603036135435,
303,-0.00690752,0.490452199243009,-0.120603036135435,
304,-0.00689728,0.498492399230599,-0.120603036135435,
305,-0.00688704,0.498492399230599,-0.120603036135435,
306,-0.0068768,0.498492399230599,-0.120603036135435,
307,-0.00686656,0.50653259921819,-0.120603036135435,
308,-0.00685632,0.498492399230599,-0.120603036135435,
309,-0.00684608,0.498492399230599,-0.120603036135435,
310,-0.00683584,0.490452199243009,-0.16080404818058,
311,-0.0068256,0.498492399230599,-0.120603036135435,
312,-0.00681536,0.50653259921819,-0.120603036135435,
313,-0.00680512,0.490452199243009,-0.16080404818058,
314,-0.00679488,0.490452199243009,-0.120603036135435,
315,-0.00678464,0.490452199243009,-0.120603036135435,
316,-0.0067744,0.490452199243009,-0.120603036135435,
317,-0.00676416,0.498492399230599,-0.120603036135435,
318,-0.00675392,0.498492399230599,-0.120603036135435,
319,-0.00674368,0.490452199243009,-0.120603036135435,
320,-0.00673344,0.498492399230599,-0.16080404818058,
321,-0.0067232,0.498492399230599,-0.120603036135435,
322,-0.00671296,0.498492399230599,-0.16080404818058,
323,-0.00670272,0.498492399230599,-0.120603036135435,
324,-0.00669248,0.490452199243009,-0.120603036135435,
325,-0.00668224,0.498492399230599,-0.16080404818058,
326,-0.006672,0.490452199243009,-0.120603036135435,
327,-0.00666176,0.490452199243009,-0.16080404818058,
328,-0.00665152,0.498492399230599,-0.16080404818058,
329,-0.00664128,0.498492399230599,-0.120603036135435,
330,-0.00663104,0.490452199243009,-0.120603036135435,
331,-0.0066208,0.490452199243009,-0.16080404818058,
332,-0.00661056,0.498492399230599,-0.120603036135435,
333,-0.00660032,0.498492399230599,-0.120603036135435,
334,-0.00659008,0.490452199243009,-0.0804020240902901,
335,-0.00657984,0.490452199243009,-0.120603036135435,
336,-0.0065696,0.498492399230599,-0.0804020240902901,
337,-0.00655936,0.482411999255419,-0.120603036135435,
338,-0.00654912,0.482411999255419,-0.120603036135435,
339,-0.00653888,0.490452199243009,-0.120603036135435,
340,-0.00652864,0.490452199243009,-0.120603036135435,
341,-0.0065184,0.490452199243009,-0.0804020240902901,
342,-0.00650816,0.490452199243009,-0.120603036135435,
343,-0.00649792,0.482411999255419,-0.120603036135435,
344,-0.00648768,0.482411999255419,-0.120603036135435,
345,-0.00647744,0.482411999255419,-0.0804020240902901,
346,-0.0064672,0.482411999255419,-0.120603036135435,
347,-0.00645696,0.482411999255419,-0.0804020240902901,
348,-0.00644672,0.474371799267828,-0.120603036135435,
349,-0.00643648,0.474371799267828,-0.120603036135435,
350,-0.00642624,0.482411999255419,-0.0804020240902901,
351,-0.006416,0.474371799267828,-0.0804020240902901,
352,-0.00640576,0.474371799267828,-0.120603036135435,
353,-0.00639552,0.474371799267828,-0.120603036135435,
354,-0.00638528,0.474371799267828,-0.120603036135435,
355,-0.00637504,0.466331599280238,-0.0804020240902901,
356,-0.0063648,0.474371799267828,-0.120603036135435,
357,-0.00635456,0.466331599280238,-0.120603036135435,
358,-0.00634432,0.466331599280238,-0.120603036135435,
359,-0.00633408,0.458291399292648,-0.120603036135435,
360,-0.00632384,0.466331599280238,-0.120603036135435,
361,-0.0063136,0.466331599280238,-0.0804020240902901,
362,-0.00630336,0.466331599280238,-0.120603036135435,
363,-0.00629312,0.466331599280238,-0.120603036135435,
364,-0.00628288,0.458291399292648,-0.0804020240902901,
365,-0.00627264,0.458291399292648,-0.120603036135435,
366,-0.0062624,0.458291399292648,-0.0804020240902901,
367,-0.00625216,0.458291399292648,-0.0804020240902901,
368,-0.00624192,0.458291399292648,-0.120603036135435,
369,-0.00623168,0.450251199305058,-0.0804020240902901,
370,-0.00622144,0.458291399292648,-0.120603036135435,
371,-0.0062112,0.450251199305058,-0.120603036135435,
372,-0.00620096,0.450251199305058,-0.0804020240902901,
373,-0.00619072,0.442210999317467,-0.0804020240902901,
374,-0.00618048,0.442210999317467,-0.0804020240902901,
375,-0.00617024,0.442210999317467,-0.0804020240902901,
376,-0.00616,0.442210999317467,-0.0804020240902901,
377,-0.00614976,0.442210999317467,-0.0804020240902901,
378,-0.00613952,0.426130599342287,-0.120603036135435,
379,-0.00612928,0.434170799329877,-0.0804020240902901,
380,-0.00611904,0.434170799329877,-0.120603036135435,
381,-0.0061088,0.434170799329877,-0.0804020240902901,
382,-0.00609856,0.434170799329877,-0.0804020240902901,
383,-0.00608832,0.426130599342287,-0.120603036135435,
384,-0.00607808,0.426130599342287,-0.0804020240902901,
385,-0.00606784,0.426130599342287,-0.0804020240902901,
386,-0.0060576,0.418090399354696,-0.040201012045145,
387,-0.00604736,0.418090399354696,-0.040201012045145,
388,-0.00603712,0.418090399354696,-0.0804020240902901,
389,-0.00602688,0.418090399354696,-0.0804020240902901,
390,-0.00601664,0.418090399354696,-0.0804020240902901,
391,-0.0060064,0.426130599342287,-0.040201012045145,
392,-0.00599616,0.410050199367106,-0.0804020240902901,
393,-0.00598592,0.410050199367106,-0.0804020240902901,
394,-0.00597568,0.410050199367106,-0.0804020240902901,
395,-0.00596544,0.410050199367106,-0.120603036135435,
396,-0.0059552,0.402009999379516,-0.0804020240902901,
397,-0.00594496,0.402009999379516,-0.0804020240902901,
398,-0.00593472,0.402009999379516,-0.0804020240902901,
399,-0.00592448,0.393969799391925,-0.040201012045145,
400,-0.00591424,0.393969799391925,-0.0804020240902901,
401,-0.005904,0.393969799391925,-0.0804020240902901,
402,-0.00589376,0.393969799391925,-0.0804020240902901,
403,-0.00588352,0.393969799391925,-0.0804020240902901,
404,-0.00587328,0.385929599404335,-0.040201012045145,
405,-0.00586304,0.377889399416745,-0.0804020240902901,
406,-0.0058528,0.377889399416745,-0.0804020240902901,
407,-0.00584256,0.377889399416745,-0.0804020240902901,
408,-0.00583232,0.369849199429154,-0.0804020240902901,
409,-0.00582208,0.377889399416745,-0.0804020240902901,
410,-0.00581184,0.369849199429154,-0.0804020240902901,
411,-0.0058016,0.361808999441564,-0.0804020240902901,
412,-0.00579136,0.361808999441564,-0.120603036135435,
413,-0.00578112,0.353768799453974,-0.0804020240902901,
414,-0.00577088,0.361808999441564,-0.0804020240902901,
415,-0.00576064,0.353768799453974,-0.0804020240902901,
416,-0.0057504,0.353768799453974,-0.040201012045145,
417,-0.00574016,0.337688399478793,-0.040201012045145,
418,-0.00572992,0.345728599466383,-0.0804020240902901,
419,-0.00571968,0.345728599466383,-0.0804020240902901,
420,-0.00570944,0.337688399478793,-0.0804020240902901,
421,-0.0056992,0.337688399478793,-0.0804020240902901,
422,-0.00568896,0.329648199491203,-0.0804020240902901,
423,-0.00567872,0.337688399478793,-0.0804020240902901,
424,-0.00566848,0.329648199491203,-0.040201012045145,
425,-0.00565824,0.321607999503613,-0.0804020240902901,
426,-0.005648,0.321607999503613,-0.0804020240902901,
427,-0.00563776,0.321607999503613,-0.0804020240902901,
428,-0.00562752,0.321607999503613,-0.040201012045145,
429,-0.00561728,0.321607999503613,-0.120603036135435,
430,-0.00560704,0.313567799516022,-0.040201012045145,
431,-0.0055968,0.313567799516022,-0.040201012045145,
432,-0.00558656,0.305527599528432,-0.0804020240902901,
433,-0.00557632,0.297487399540842,-0.0804020240902901,
434,-0.00556608,0.297487399540842,-0.0804020240902901,
435,-0.00555584,0.297487399540842,-0.0804020240902901,
436,-0.0055456,0.297487399540842,-0.0804020240902901,
437,-0.00553536,0.289447199553251,-0.0804020240902901,
438,-0.00552512,0.289447199553251,-0.0804020240902901,
439,-0.00551488,0.281406999565661,-0.040201012045145,
440,-0.00550464,0.281406999565661,-0.040201012045145,
441,-0.0054944,0.281406999565661,-0.040201012045145,
442,-0.00548416,0.281406999565661,-0.0804020240902901,
443,-0.00547392,0.273366799578071,-0.040201012045145,
444,-0.00546368,0.273366799578071,-0.040201012045145,
445,-0.00545344,0.26532659959048,-0.040201012045145,
446,-0.0054432,0.26532659959048,-0.040201012045145,
447,-0.00543296,0.25728639960289,-0.040201012045145,
448,-0.00542272,0.26532659959048,-0.040201012045145,
449,-0.00541248,0.25728639960289,-0.040201012045145,
450,-0.00540224,0.2492461996153,-0.040201012045145,
451,-0.005392,0.241205999627709,-0.0804020240902901,
452,-0.00538176,0.241205999627709,-0.040201012045145,
453,-0.00537152,0.241205999627709,-0.040201012045145,
454,-0.00536128,0.241205999627709,-0.040201012045145,
455,-0.00535104,0.241205999627709,-0.0804020240902901,
456,-0.0053408,0.225125599652529,-0.040201012045145,
457,-0.00533056,0.233165799640119,-0.040201012045145,
458,-0.00532032,0.225125599652529,-0.0804020240902901,
459,-0.00531008,0.217085399664938,-0.0804020240902901,
460,-0.00529984,0.209045199677348,-0.040201012045145,
461,-0.0052896,0.209045199677348,-0.040201012045145,
462,-0.00527936,0.201004999689758,0,
463,-0.00526912,0.209045199677348,-0.040201012045145,
464,-0.00525888,0.201004999689758,-0.040201012045145,
465,-0.00524864,0.201004999689758,-0.040201012045145,
466,-0.0052384,0.192964799702168,-0.040201012045145,
467,-0.00522816,0.192964799702168,-0.040201012045145,
468,-0.00521792,0.176884399726987,-0.040201012045145,
469,-0.00520768,0.184924599714577,-0.040201012045145,
470,-0.00519744,0.176884399726987,0,
471,-0.0051872,0.176884399726987,0,
472,-0.00517696,0.176884399726987,-0.040201012045145,
473,-0.00516672,0.176884399726987,-0.040201012045145,
474,-0.00515648,0.160803999751806,-0.040201012045145,
475,-0.00514624,0.168844199739397,-0.040201012045145,
476,-0.005136,0.160803999751806,0,
477,-0.00512576,0.152763799764216,-0.040201012045145,
478,-0.00511552,0.152763799764216,-0.040201012045145,
479,-0.00510528,0.144723599776626,0,
480,-0.00509504,0.144723599776626,-0.040201012045145,
481,-0.0050848,0.128643199801445,-0.040201012045145,
482,-0.00507456,0.144723599776626,0,
483,-0.00506432,0.136683399789035,0,
484,-0.00505408,0.128643199801445,0,
485,-0.00504384,0.120602999813855,0,
486,-0.0050336,0.120602999813855,0,
487,-0.00502336,0.120602999813855,0,
488,-0.00501312,0.112562799826264,0,
489,-0.00500288,0.112562799826264,0,
490,-0.00499264,0.104522599838674,-0.040201012045145,
491,-0.0049824,0.104522599838674,0,
492,-0.00497216,0.0964823998510838,-0.040201012045145,
493,-0.00496192,0.0964823998510838,-0.040201012045145,
494,-0.00495168,0.0884421998634934,0,
495,-0.00494144,0.0884421998634934,0,
496,-0.0049312,0.0804019998759031,0,
497,-0.00492096,0.0804019998759031,0,
498,-0.00491072,0.0723617998883128,0,
499,-0.00490048,0.0723617998883128,-0.040201012045145,
500,-0.00489024,0.0562813999131322,-0.040201012045145,
501,-0.00488,0.0723617998883128,0,
502,-0.00486976,0.0643215999007225,0,
503,-0.00485952,0.0562813999131322,0,
504,-0.00484928,0.0482411999255419,0,
505,-0.00483904,0.0482411999255419,0,
506,-0.0048288,0.0402009999379516,0,
507,-0.00481856,0.0482411999255419,0,
508,-0.00480832,0.0321607999503613,0,
509,-0.00479808,0.0241205999627709,0,
510,-0.00478784,0.0321607999503613,0.040201012045145,
511,-0.0047776,0.0241205999627709,0,
512,-0.00476736,0.0241205999627709,0,
513,-0.00475712,0.0241205999627709,0,
514,-0.00474688,0.00804019998759031,0.040201012045145,
515,-0.00473664,0.0160803999751806,0,
516,-0.0047264,0,0,
517,-0.00471616,0.00804019998759031,0.040201012045145,
518,-0.00470592,0,0,
519,-0.00469568,0,0,
520,-0.00468544,-0.00804019998759031,0,
521,-0.0046752,-0.00804019998759031,0,
522,-0.00466496,-0.0160803999751806,0.040201012045145,
523,-0.00465472,-0.0160803999751806,0,
524,-0.00464448,-0.0241205999627709,0.040201012045145,
525,-0.00463424,-0.0241205999627709,0.040201012045145,
526,-0.004624,-0.0241205999627709,0.040201012045145,
527,-0.00461376,-0.0402009999379516,0,
528,-0.00460352,-0.0482411999255419,0,
529,-0.00459328,-0.0482411999255419,0,
530,-0.00458304,-0.0482411999255419,0,
531,-0.0045728,-0.0402009999379516,0,
532,-0.00456256,-0.0482411999255419,0,
533,-0.00455232,-0.0562813999131322,0.040201012045145,
534,-0.00454208,-0.0643215999007225,0.040201012045145,
535,-0.00453184,-0.0643215999007225,0.040201012045145,
536,-0.0045216,-0.0723617998883128,0.040201012045145,
537,-0.00451136,-0.0804019998759031,0,
538,-0.00450112,-0.0723617998883128,0,
539,-0.00449088,-0.0804019998759031,0.0804020240902901,
540,-0.00448064,-0.0884421998634934,0.040201012045145,
541,-0.0044704,-0.0884421998634934,0.040201012045145,
542,-0.00446016,-0.0964823998510838,0.040201012045145,
543,-0.00444992,-0.0884421998634934,0.040201012045145,
544,-0.00443968,-0.104522599838674,0.040201012045145,
545,-0.00442944,-0.104522599838674,0.040201012045145,
546,-0.0044192,-0.112562799826264,0.040201012045145,
547,-0.00440896,-0.112562799826264,0,
548,-0.00439872,-0.112562799826264,0,
549,-0.00438848,-0.128643199801445,0.040201012045145,
550,-0.00437824,-0.128643199801445,0,
551,-0.004368,-0.120602999813855,0,
552,-0.00435776,-0.128643199801445,0.040201012045145,
553,-0.00434752,-0.136683399789035,0,
554,-0.00433728,-0.144723599776626,0,
555,-0.00432704,-0.144723599776626,0.040201012045145,
556,-0.0043168,-0.144723599776626,0,
557,-0.00430656,-0.152763799764216,0,
558,-0.00429632,-0.152763799764216,0,
559,-0.00428608,-0.152763799764216,0.040201012045145,
560,-0.00427584,-0.160803999751806,0.040201012045145,
561,-0.0042656,-0.160803999751806,0.040201012045145,
562,-0.00425536,-0.168844199739397,0,
563,-0.00424512,-0.168844199739397,0.040201012045145,
564,-0.00423488,-0.168844199739397,0.040201012045145,
565,-0.00422464,-0.184924599714577,0,
566,-0.0042144,-0.184924599714577,0.040201012045145,
567,-0.00420416,-0.176884399726987,0,
568,-0.00419392,-0.201004999689758,0.040201012045145,
569,-0.00418368,-0.192964799702168,0.040201012045145,
570,-0.00417344,-0.201004999689758,0.040201012045145,
571,-0.0041632,-0.201004999689758,0.040201012045145,
572,-0.00415296,-0.209045199677348,0,
573,-0.00414272,-0.209045199677348,0.040201012045145,
574,-0.00413248,-0.217085399664938,0,
575,-0.00412224,-0.217085399664938,0.040201012045145,
576,-0.004112,-0.217085399664938,0.040201012045145,
577,-0.00410176,-0.225125599652529,0.040201012045145,
578,-0.00409152,-0.225125599652529,0.0804020240902901,
579,-0.00408128,-0.225125599652529,0.040201012045145,
580,-0.00407104,-0.233165799640119,0.040201012045145,
581,-0.0040608,-0.233165799640119,0.0804020240902901,
582,-0.00405056,-0.2492461996153,0.0804020240902901,
583,-0.00404032,-0.233165799640119,0,
584,-0.00403008,-0.2492461996153,0.040201012045145,
585,-0.00401984,-0.2492461996153,0.040201012045145,
586,-0.0040096,-0.2492461996153,0.040201012045145,
587,-0.00399936,-0.26532659959048,0.040201012045145,
588,-0.00398912,-0.25728639960289,0.040201012045145,
589,-0.00397888,-0.25728639960289,0.040201012045145,
590,-0.00396864,-0.26532659959048,0.0804020240902901,
591,-0.0039584,-0.26532659959048,0.040201012045145,
592,-0.00394816,-0.273366799578071,0.040201012045145,
593,-0.00393792,-0.281406999565661,0.040201012045145,
594,-0.00392768,-0.281406999565661,0.040201012045145,
595,-0.00391744,-0.289447199553251,0.040201012045145,
596,-0.0039072,-0.289447199553251,0.0804020240902901,
597,-0.00389696,-0.289447199553251,0.040201012045145,
598,-0.00388672,-0.289447199553251,0.0804020240902901,
599,-0.00387648,-0.297487399540842,0.040201012045145,
600,-0.00386624,-0.305527599528432,0.040201012045145,
601,-0.003856,-0.305527599528432,0.040201012045145,
602,-0.00384576,-0.305527599528432,0.0804020240902901,
603,-0.00383552,-0.313567799516022,0.040201012045145,
604,-0.00382528,-0.313567799516022,0.040201012045145,
605,-0.00381504,-0.313567799516022,0.040201012045145,
606,-0.0038048,-0.321607999503613,0.0804020240902901,
607,-0.00379456,-0.321607999503613,0.040201012045145,
608,-0.00378432,-0.329648199491203,0.0804020240902901,
609,-0.00377408,-0.321607999503613,0.0804020240902901,
610,-0.00376384,-0.329648199491203,0.040201012045145,
611,-0.0037536,-0.329648199491203,0.040201012045145,
612,-0.00374336,-0.337688399478793,0.040201012045145,
613,-0.00373312,-0.337688399478793,0.040201012045145,
614,-0.00372288,-0.345728599466383,0.040201012045145,
615,-0.00371264,-0.337688399478793,0.0804020240902901,
616,-0.0037024,-0.353768799453974,0.0804020240902901,
617,-0.00369216,-0.353768799453974,0.040201012045145,
618,-0.00368192,-0.353768799453974,0.040201012045145,
619,-0.00367168,-0.345728599466383,0.040201012045145,
620,-0.00366144,-0.353768799453974,0.0804020240902901,
621,-0.0036512,-0.361808999441564,0.040201012045145,
622,-0.00364096,-0.361808999441564,0.0804020240902901,
623,-0.00363072,-0.369849199429154,0.0804020240902901,
624,-0.00362048,-0.361808999441564,0.0804020240902901,
625,-0.00361024,-0.369849199429154,0.040201012045145,
626,-0.0036,-0.377889399416745,0.0804020240902901,
627,-0.00358976,-0.377889399416745,0.040201012045145,
628,-0.00357952,-0.377889399416745,0.0804020240902901,
629,-0.00356928,-0.377889399416745,0.0804020240902901,
630,-0.00355904,-0.385929599404335,0.0804020240902901,
631,-0.0035488,-0.393969799391925,0.040201012045145,
632,-0.00353856,-0.385929599404335,0.040201012045145,
633,-0.00352832,-0.393969799391925,0.040201012045145,
634,-0.00351808,-0.393969799391925,0.0804020240902901,
635,-0.00350784,-0.402009999379516,0.0804020240902901,
636,-0.0034976,-0.393969799391925,0.040201012045145,
637,-0.00348736,-0.402009999379516,0.040201012045145,
638,-0.00347712,-0.402009999379516,0.040201012045145,
639,-0.00346688,-0.402009999379516,0.0804020240902901,
640,-0.00345664,-0.402009999379516,0.0804020240902901,
641,-0.0034464,-0.410050199367106,0.040201012045145,
642,-0.00343616,-0.418090399354696,0.040201012045145,
643,-0.00342592,-0.418090399354696,0.0804020240902901,
644,-0.00341568,-0.418090399354696,0.0804020240902901,
645,-0.00340544,-0.426130599342287,0.0804020240902901,
646,-0.0033952,-0.426130599342287,0.0804020240902901,
647,-0.00338496,-0.426130599342287,0.040201012045145,
648,-0.00337472,-0.426130599342287,0.0804020240902901,
649,-0.00336448,-0.426130599342287,0.040201012045145,
650,-0.00335424,-0.442210999317467,0.0804020240902901,
651,-0.003344,-0.434170799329877,0.0804020240902901,
652,-0.00333376,-0.434170799329877,0.040201012045145,
653,-0.00332352,-0.434170799329877,0.0804020240902901,
654,-0.00331328,-0.434170799329877,0.040201012045145,
655,-0.00330304,-0.442210999317467,0.0804020240902901,
656,-0.0032928,-0.442210999317467,0.120603036135435,
657,-0.00328256,-0.442210999317467,0.0804020240902901,
658,-0.00327232,-0.442210999317467,0.0804020240902901,
659,-0.00326208,-0.450251199305058,0.0804020240902901,
660,-0.00325184,-0.450251199305058,0.0804020240902901,
661,-0.0032416,-0.458291399292648,0.040201012045145,
662,-0.00323136,-0.450251199305058,0.0804020240902901,
663,-0.00322112,-0.458291399292648,0.0804020240902901,
664,-0.00321088,-0.458291399292648,0.0804020240902901,
665,-0.00320064,-0.458291399292648,0.0804020240902901,
666,-0.0031904,-0.458291399292648,0.040201012045145,
667,-0.00318016,-0.458291399292648,0.040201012045145,
668,-0.00316992,-0.466331599280238,0.040201012045145,
669,-0.00315968,-0.466331599280238,0.0804020240902901,
670,-0.00314944,-0.466331599280238,0.120603036135435,
671,-0.0031392,-0.466331599280238,0.040201012045145,
672,-0.00312896,-0.466331599280238,0.0804020240902901,
673,-0.00311872,-0.474371799267828,0.040201012045145,
674,-0.00310848,-0.474371799267828,0.0804020240902901,
675,-0.00309824,-0.474371799267828,0.040201012045145,
676,-0.003088,-0.474371799267828,0.040201012045145,
677,-0.00307776,-0.474371799267828,0.0804020240902901,
678,-0.00306752,-0.482411999255419,0.0804020240902901,
679,-0.00305728,-0.474371799267828,0.0804020240902901,
680,-0.00304704,-0.474371799267828,0.0804020240902901,
681,-0.0030368,-0.474371799267828,0.0804020240902901,
682,-0.00302656,-0.482411999255419,0.0804020240902901,
683,-0.00301632,-0.482411999255419,0.040201012045145,
684,-0.00300608,-0.482411999255419,0.040201012045145,
685,-0.00299584,-0.482411999255419,0.0804020240902901,
686,-0.0029856,-0.490452199243009,0.040201012045145,
687,-0.00297536,-0.490452199243009,0.0804020240902901,
688,-0.00296512,-0.482411999255419,0.0804020240902901,
689,-0.00295488,-0.490452199243009,0.040201012045145,
690,-0.00294464,-0.498492399230599,0.0804020240902901,
691,-0.0029344,-0.498492399230599,0.0804020240902901,
692,-0.00292416,-0.490452199243009,0.0804020240902901,
693,-0.00291392,-0.490452199243009,0,
694,-0.00290368,-0.498492399230599,0.0804020240902901,
695,-0.00289344,-0.498492399230599,0.040201012045145,
696,-0.0028832,-0.498492399230599,0.040201012045145,
697,-0.00287296,-0.498492399230599,0.120603036135435,
698,-0.00286272,-0.50653259921819,0.0804020240902901,
699,-0.00285248,-0.498492399230599,0.040201012045145,
700,-0.00284224,-0.498492399230599,0.0804020240902901,
701,-0.002832,-0.50653259921819,0.040201012045145,
702,-0.00282176,-0.498492399230599,0.040201012045145,
703,-0.00281152,-0.50653259921819,0.0804020240902901,
704,-0.00280128,-0.50653259921819,0.0804020240902901,
705,-0.00279104,-0.498492399230599,0.040201012045145,
706,-0.0027808,-0.50653259921819,0.040201012045145,
707,-0.00277056,-0.498492399230599,0.0804020240902901,
708,-0.00276032,-0.50653259921819,0.040201012045145,
709,-0.00275008,-0.498492399230599,0.0804020240902901,
710,-0.00273984,-0.50653259921819,0.0804020240902901,
711,-0.0027296,-0.51457279920578,0.040201012045145,
712,-0.00271936,-0.50653259921819,0.040201012045145,
713,-0.00270912,-0.498492399230599,0.0804020240902901,
714,-0.00269888,-0.50653259921819,0.0804020240902901,
715,-0.00268864,-0.51457279920578,0.0804020240902901,
716,-0.0026784,-0.50653259921819,0.040201012045145,
717,-0.00266816,-0.50653259921819,0.0804020240902901,
718,-0.00265792,-0.498492399230599,0.040201012045145,
719,-0.00264768,-0.51457279920578,0.0804020240902901,
720,-0.00263744,-0.51457279920578,0.040201012045145,
721,-0.0026272,-0.50653259921819,0.040201012045145,
722,-0.00261696,-0.51457279920578,0.040201012045145,
723,-0.00260672,-0.50653259921819,0.0804020240902901,
724,-0.00259648,-0.50653259921819,0.040201012045145,
725,-0.00258624,-0.51457279920578,0.040201012045145,
726,-0.002576,-0.498492399230599,0.040201012045145,
727,-0.00256576,-0.50653259921819,0.0804020240902901,
728,-0.00255552,-0.498492399230599,0,
729,-0.00254528,-0.498492399230599,0.0804020240902901,
730,-0.00253504,-0.50653259921819,0.040201012045145,
731,-0.0025248,-0.50653259921819,0.0804020240902901,
732,-0.00251456,-0.50653259921819,0.0804020240902901,
733,-0.00250432,-0.51457279920578,0.0804020240902901,
734,-0.00249408,-0.498492399230599,0.040201012045145,
735,-0.00248384,-0.50653259921819,0.040201012045145,
736,-0.0024736,-0.498492399230599,0.040201012045145,
737,-0.00246336,-0.50653259921819,0.0804020240902901,
738,-0.00245312,-0.498492399230599,0.040201012045145,
739,-0.00244288,-0.498492399230599,0.0804020240902901,
740,-0.00243264,-0.50653259921819,0.0804020240902901,
741,-0.0024224,-0.50653259921819,0.0804020240902901,
742,-0.00241216,-0.50653259921819,0,
743,-0.00240192,-0.498492399230599,0.0804020240902901,
744,-0.00239168,-0.50653259921819,0.040201012045145,
745,-0.00238144,-0.50653259921819,0.040201012045145,
746,-0.0023712,-0.498492399230599,0.0804020240902901,
747,-0.00236096,-0.498492399230599,0.0804020240902901,
748,-0.00235072,-0.498492399230599,0.0804020240902901,
749,-0.00234048,-0.50653259921819,0.040201012045145,
750,-0.00233024,-0.498492399230599,0,
751,-0.00232,-0.490452199243009,0.040201012045145,
752,-0.00230976,-0.498492399230599,0.040201012045145,
753,-0.00229952,-0.498492399230599,0.0804020240902901,
754,-0.00228928,-0.498492399230599,0.040201012045145,
755,-0.00227904,-0.490452199243009,0.040201012045145,
756,-0.0022688,-0.482411999255419,0.0804020240902901,
757,-0.00225856,-0.490452199243009,0.040201012045145,
758,-0.00224832,-0.490452199243009,0.040201012045145,
759,-0.00223808,-0.482411999255419,0,
760,-0.00222784,-0.490452199243009,0.040201012045145,
761,-0.0022176,-0.490452199243009,0.040201012045145,
762,-0.00220736,-0.490452199243009,0.040201012045145,
763,-0.00219712,-0.490452199243009,0.040201012045145,
764,-0.00218688,-0.490452199243009,0.0804020240902901,
765,-0.00217664,-0.482411999255419,0.040201012045145,
766,-0.0021664,-0.482411999255419,0.040201012045145,
767,-0.00215616,-0.482411999255419,0.0804020240902901,
768,-0.00214592,-0.466331599280238,0.0804020240902901,
769,-0.00213568,-0.482411999255419,0.040201012045145,
770,-0.00212544,-0.474371799267828,0,
771,-0.0021152,-0.474371799267828,0.040201012045145,
772,-0.00210496,-0.466331599280238,0.040201012045145,
773,-0.00209472,-0.474371799267828,0.040201012045145,
774,-0.00208448,-0.474371799267828,0.040201012045145,
775,-0.00207424,-0.458291399292648,0.040201012045145,
776,-0.002064,-0.466331599280238,0.040201012045145,
777,-0.00205376,-0.458291399292648,0.040201012045145,
778,-0.00204352,-0.466331599280238,0.040201012045145,
779,-0.00203328,-0.466331599280238,0.040201012045145,
780,-0.00202304,-0.450251199305058,0.040201012045145,
781,-0.0020128,-0.458291399292648,0.040201012045145,
782,-0.00200256,-0.458291399292648,0.040201012045145,
783,-0.00199232,-0.450251199305058,0.040201012045145,
784,-0.00198208,-0.450251199305058,0,
785,-0.00197184,-0.442210999317467,0.040201012045145,
786,-0.0019616,-0.442210999317467,0,
787,-0.00195136,-0.434170799329877,0.040201012045145,
788,-0.00194112,-0.442210999317467,0.040201012045145,
789,-0.00193088,-0.442210999317467,0.040201012045145,
790,-0.00192064,-0.442210999317467,0,
791,-0.0019104,-0.434170799329877,0.040201012045145,
792,-0.00190016,-0.434170799329877,0.040201012045145,
793,-0.00188992,-0.434170799329877,0,
794,-0.00187968,-0.434170799329877,0,
795,-0.00186944,-0.434170799329877,0.040201012045145,
796,-0.0018592,-0.434170799329877,0.040201012045145,
797,-0.00184896,-0.426130599342287,0,
798,-0.00183872,-0.418090399354696,0.040201012045145,
799,-0.00182848,-0.434170799329877,0.040201012045145,
800,-0.00181824,-0.418090399354696,0.040201012045145,
801,-0.001808,-0.418090399354696,0.040201012045145,
802,-0.00179776,-0.410050199367106,0,
803,-0.00178752,-0.418090399354696,0,
804,-0.00177728,-0.410050199367106,0.040201012045145,
805,-0.00176704,-0.410050199367106,0,
806,-0.0017568,-0.410050199367106,0,
807,-0.00174656,-0.410050199367106,0.040201012045145,
808,-0.00173632,-0.402009999379516,0,
809,-0.00172608,-0.393969799391925,0,
810,-0.00171584,-0.385929599404335,0.040201012045145,
811,-0.0017056,-0.393969799391925,0.040201012045145,
812,-0.00169536,-0.393969799391925,0,
813,-0.00168512,-0.393969799391925,0.040201012045145,
814,-0.00167488,-0.385929599404335,0,
815,-0.00166464,-0.385929599404335,0,
816,-0.0016544,-0.385929599404335,0,
817,-0.00164416,-0.377889399416745,0,
818,-0.00163392,-0.369849199429154,-0.040201012045145,
819,-0.00162368,-0.369849199429154,0,
820,-0.00161344,-0.369849199429154,0,
821,-0.0016032,-0.377889399416745,0,
822,-0.00159296,-0.361808999441564,0,
823,-0.00158272,-0.361808999441564,0.040201012045145,
824,-0.00157248,-0.361808999441564,0.040201012045145,
825,-0.00156224,-0.353768799453974,0,
826,-0.001552,-0.353768799453974,0.040201012045145,
827,-0.00154176,-0.345728599466383,0,
828,-0.00153152,-0.353768799453974,0,
829,-0.00152128,-0.345728599466383,0.040201012045145,
830,-0.00151104,-0.345728599466383,0.040201012045145,
831,-0.0015008,-0.337688399478793,0,
832,-0.00149056,-0.337688399478793,0,
833,-0.00148032,-0.337688399478793,0,
834,-0.00147008,-0.337688399478793,0,
835,-0.00145984,-0.329648199491203,0,
836,-0.0014496,-0.329648199491203,0,
837,-0.00143936,-0.329648199491203,0,
838,-0.00142912,-0.321607999503613,0,
839,-0.00141888,-0.321607999503613,-0.040201012045145,
840,-0.00140864,-0.313567799516022,0,
841,-0.0013984,-0.313567799516022,0,
842,-0.00138816,-0.305527599528432,0,
843,-0.00137792,-0.305527599528432,0,
844,-0.00136768,-0.305527599528432,-0.040201012045145,
845,-0.00135744,-0.297487399540842,0,
846,-0.0013472,-0.297487399540842,0,
847,-0.00133696,-0.281406999565661,0,
848,-0.00132672,-0.297487399540842,0,
849,-0.00131648,-0.289447199553251,0,
850,-0.00130624,-0.281406999565661,-0.040201012045145,
851,-0.001296,-0.281406999565661,0,
852,-0.00128576,-0.273366799578071,-0.040201012045145,
853,-0.00127552,-0.281406999565661,0,
854,-0.00126528,-0.273366799578071,0,
855,-0.00125504,-0.25728639960289,-0.040201012045145,
856,-0.0012448,-0.25728639960289,0,
857,-0.00123456,-0.26532659959048,0,
858,-0.00122432,-0.25728639960289,0,
859,-0.00121408,-0.2492461996153,-0.040201012045145,
860,-0.00120384,-0.25728639960289,0,
861,-0.0011936,-0.2492461996153,-0.040201012045145,
862,-0.00118336,-0.241205999627709,0,
863,-0.00117312,-0.241205999627709,0,
864,-0.00116288,-0.233165799640119,-0.040201012045145,
865,-0.00115264,-0.233165799640119,-0.040201012045145,
866,-0.0011424,-0.225125599652529,-0.040201012045145,
867,-0.00113216,-0.225125599652529,0,
868,-0.00112192,-0.217085399664938,0,
869,-0.00111168,-0.225125599652529,-0.040201012045145,
870,-0.00110144,-0.225125599652529,-0.040201012045145,
871,-0.0010912,-0.217085399664938,-0.040201012045145,
872,-0.00108096,-0.201004999689758,-0.040201012045145,
873,-0.00107072,-0.209045199677348,-0.040201012045145,
874,-0.00106048,-0.201004999689758,-0.040201012045145,
875,-0.00105024,-0.201004999689758,-0.040201012045145,
876,-0.00104,-0.201004999689758,-0.040201012045145,
877,-0.00102976,-0.184924599714577,-0.040201012045145,
878,-0.00101952,-0.192964799702168,-0.040201012045145,
879,-0.00100928,-0.192964799702168,-0.040201012045145,
880,-0.00099904,-0.176884399726987,-0.040201012045145,
881,-0.0009888,-0.176884399726987,0,
882,-0.00097856,-0.176884399726987,0,
883,-0.00096832,-0.168844199739397,-0.040201012045145,
884,-0.00095808,-0.160803999751806,-0.040201012045145,
885,-0.00094784,-0.160803999751806,-0.040201012045145,
886,-0.0009376,-0.152763799764216,-0.040201012045145,
887,-0.00092736,-0.152763799764216,-0.040201012045145,
888,-0.00091712,-0.144723599776626,-0.040201012045145,
889,-0.000906880000000001,-0.152763799764216,-0.0804020240902901,
890,-0.000896640000000001,-0.152763799764216,-0.040201012045145,
891,-0.000886400000000001,-0.136683399789035,-0.0804020240902901,
892,-0.000876160000000001,-0.136683399789035,-0.040201012045145,
893,-0.000865919999999999,-0.128643199801445,-0.040201012045145,
894,-0.000855679999999999,-0.128643199801445,-0.0804020240902901,
895,-0.000845439999999999,-0.120602999813855,-0.040201012045145,
896,-0.000835199999999999,-0.120602999813855,-0.0804020240902901,
897,-0.00082496,-0.112562799826264,-0.0804020240902901,
898,-0.00081472,-0.120602999813855,-0.040201012045145,
899,-0.00080448,-0.112562799826264,-0.040201012045145,
900,-0.00079424,-0.112562799826264,-0.040201012045145,
901,-0.000784,-0.104522599838674,-0.0804020240902901,
902,-0.00077376,-0.104522599838674,-0.040201012045145,
903,-0.00076352,-0.0964823998510838,-0.040201012045145,
904,-0.00075328,-0.0804019998759031,-0.040201012045145,
905,-0.00074304,-0.0804019998759031,-0.0804020240902901,
906,-0.0007328,-0.0804019998759031,-0.040201012045145,
907,-0.000722560000000001,-0.0804019998759031,-0.0804020240902901,
908,-0.000712320000000001,-0.0723617998883128,-0.040201012045145,
909,-0.000702080000000001,-0.0643215999007225,-0.0804020240902901,
910,-0.000691840000000001,-0.0643215999007225,-0.040201012045145,
911,-0.000681599999999999,-0.0643215999007225,-0.0804020240902901,
912,-0.000671359999999999,-0.0562813999131322,-0.040201012045145,
913,-0.000661119999999999,-0.0562813999131322,-0.0804020240902901,
914,-0.00065088,-0.0482411999255419,-0.0804020240902901,
915,-0.00064064,-0.0482411999255419,-0.0804020240902901,
916,-0.0006304,-0.0402009999379516,-0.040201012045145,
917,-0.00062016,-0.0402009999379516,-0.0804020240902901,
918,-0.00060992,-0.0402009999379516,-0.0804020240902901,
919,-0.00059968,-0.0321607999503613,-0.0804020240902901,
920,-0.00058944,-0.0402009999379516,-0.0804020240902901,
921,-0.0005792,-0.0241205999627709,-0.0804020240902901,
922,-0.00056896,-0.0241205999627709,-0.040201012045145,
923,-0.00055872,-0.0160803999751806,-0.040201012045145,
924,-0.00054848,-0.0241205999627709,-0.040201012045145,
925,-0.000538240000000001,-0.0160803999751806,-0.040201012045145,
926,-0.000528000000000001,0,-0.0804020240902901,
927,-0.000517760000000001,0,-0.0804020240902901,
928,-0.000507519999999999,0,-0.0804020240902901,
929,-0.000497279999999999,0.00804019998759031,-0.120603036135435,
930,-0.000487039999999999,0,-0.0804020240902901,
931,-0.000476799999999999,0.00804019998759031,-0.040201012045145,
932,-0.00046656,0.0160803999751806,-0.0804020240902901,
933,-0.00045632,0.0160803999751806,-0.0804020240902901,
934,-0.00044608,0.0241205999627709,-0.0804020240902901,
935,-0.00043584,0.0321607999503613,-0.120603036135435,
936,-0.0004256,0.0321607999503613,-0.0804020240902901,
937,-0.00041536,0.0321607999503613,-0.040201012045145,
938,-0.00040512,0.0402009999379516,-0.0804020240902901,
939,-0.00039488,0.0402009999379516,-0.0804020240902901,
940,-0.00038464,0.0482411999255419,-0.0804020240902901,
941,-0.0003744,0.0562813999131322,-0.0804020240902901,
942,-0.000364160000000001,0.0562813999131322,-0.0804020240902901,
943,-0.000353920000000001,0.0643215999007225,-0.120603036135435,
944,-0.000343680000000001,0.0643215999007225,-0.0804020240902901,
945,-0.000333440000000001,0.0723617998883128,-0.0804020240902901,
946,-0.000323199999999999,0.0723617998883128,-0.040201012045145,
947,-0.000312959999999999,0.0804019998759031,-0.120603036135435,
948,-0.000302719999999999,0.0723617998883128,-0.120603036135435,
949,-0.000292479999999999,0.0723617998883128,-0.120603036135435,
950,-0.00028224,0.0884421998634934,-0.040201012045145,
951,-0.000272,0.0884421998634934,-0.0804020240902901,
952,-0.00026176,0.0884421998634934,-0.0804020240902901,
953,-0.00025152,0.0964823998510838,-0.120603036135435,
954,-0.00024128,0.104522599838674,-0.0804020240902901,
955,-0.00023104,0.104522599838674,-0.120603036135435,
956,-0.0002208,0.112562799826264,-0.0804020240902901,
957,-0.00021056,0.112562799826264,-0.0804020240902901,
958,-0.00020032,0.120602999813855,-0.0804020240902901,
959,-0.00019008,0.112562799826264,-0.0804020240902901,
960,-0.000179840000000001,0.128643199801445,-0.120603036135435,
961,-0.000169600000000001,0.128643199801445,-0.120603036135435,
962,-0.000159360000000001,0.128643199801445,-0.0804020240902901,
963,-0.000149120000000001,0.136683399789035,-0.0804020240902901,
964,-0.000138879999999999,0.136683399789035,-0.0804020240902901,
965,-0.000128639999999999,0.144723599776626,-0.120603036135435,
966,-0.000118399999999999,0.144723599776626,-0.0804020240902901,
967,-0.00010816,0.144723599776626,-0.0804020240902901,
968,-9.79199999999996E-05,0.152763799764216,-0.120603036135435,
969,-8.76799999999997E-05,0.152763799764216,-0.0804020240902901,
970,-7.74399999999998E-05,0.160803999751806,-0.0804020240902901,
971,-6.71999999999999E-05,0.160803999751806,-0.120603036135435,
972,-5.696E-05,0.168844199739397,-0.120603036135435,
973,-4.67200000000001E-05,0.168844199739397,-0.120603036135435,
974,-3.64800000000002E-05,0.176884399726987,-0.120603036135435,
975,-2.62400000000003E-05,0.184924599714577,-0.0804020240902901,
976,-1.60000000000004E-05,0.176884399726987,-0.120603036135435,
977,-5.76000000000049E-06,0.192964799702168,-0.120603036135435,
978,4.47999999999942E-06,0.184924599714577,-0.120603036135435,
979,1.47199999999993E-05,0.184924599714577,-0.0804020240902901,
980,2.49599999999992E-05,0.192964799702168,-0.0804020240902901,
981,3.52000000000009E-05,0.201004999689758,-0.0804020240902901,
982,4.54400000000008E-05,0.209045199677348,-0.0804020240902901,
983,5.56800000000007E-05,0.209045199677348,-0.120603036135435,
984,6.59200000000006E-05,0.217085399664938,-0.120603036135435,
985,7.61600000000005E-05,0.209045199677348,-0.120603036135435,
986,8.64000000000004E-05,0.225125599652529,-0.0804020240902901,
987,9.66400000000003E-05,0.225125599652529,-0.120603036135435,
988,0.00010688,0.233165799640119,-0.0804020240902901,
989,0.00011712,0.225125599652529,-0.0804020240902901,
990,0.00012736,0.225125599652529,-0.0804020240902901,
991,0.0001376,0.225125599652529,-0.120603036135435,
992,0.00014784,0.241205999627709,-0.120603036135435,
993,0.00015808,0.241205999627709,-0.120603036135435,
994,0.00016832,0.2492461996153,-0.0804020240902901,
995,0.000178559999999999,0.2492461996153,-0.120603036135435,
996,0.000188799999999999,0.2492461996153,-0.120603036135435,
997,0.000199039999999999,0.26532659959048,-0.120603036135435,
998,0.000209279999999999,0.25728639960289,-0.120603036135435,
999,0.000219520000000001,0.2492461996153,-0.0804020240902901,
1000,0.000229760000000001,0.26532659959048,-0.120603036135435,
1001,0.000240000000000001,0.26532659959048,-0.120603036135435,
1002,0.000250240000000001,0.273366799578071,-0.120603036135435,
1003,0.00026048,0.273366799578071,-0.120603036135435,
1004,0.00027072,0.289447199553251,-0.0804020240902901,
1005,0.00028096,0.289447199553251,-0.120603036135435,
1006,0.0002912,0.281406999565661,-0.120603036135435,
1007,0.00030144,0.297487399540842,-0.16080404818058,
1008,0.00031168,0.297487399540842,-0.120603036135435,
1009,0.00032192,0.297487399540842,-0.120603036135435,
1010,0.00033216,0.305527599528432,-0.120603036135435,
1011,0.0003424,0.305527599528432,-0.0804020240902901,
1012,0.00035264,0.305527599528432,-0.120603036135435,
1013,0.000362879999999999,0.313567799516022,-0.120603036135435,
1014,0.000373119999999999,0.313567799516022,-0.120603036135435,
1015,0.000383359999999999,0.313567799516022,-0.0804020240902901,
1016,0.000393599999999999,0.313567799516022,-0.16080404818058,
1017,0.000403840000000001,0.321607999503613,-0.120603036135435,
1018,0.000414080000000001,0.313567799516022,-0.0804020240902901,
1019,0.000424320000000001,0.321607999503613,-0.120603036135435,
1020,0.000434560000000001,0.329648199491203,-0.120603036135435,
1021,0.0004448,0.329648199491203,-0.120603036135435,
1022,0.00045504,0.329648199491203,-0.0804020240902901,
1023,0.00046528,0.329648199491203,-0.120603036135435,
1024,0.00047552,0.337688399478793,-0.16080404818058,
1025,0.00048576,0.345728599466383,-0.120603036135435,
1026,0.000496,0.345728599466383,-0.120603036135435,
1027,0.00050624,0.345728599466383,-0.120603036135435,
1028,0.00051648,0.345728599466383,-0.16080404818058,
1029,0.00052672,0.353768799453974,-0.120603036135435,
1030,0.00053696,0.353768799453974,-0.120603036135435,
1031,0.000547199999999999,0.361808999441564,-0.16080404818058,
1032,0.000557439999999999,0.361808999441564,-0.16080404818058,
1033,0.000567679999999999,0.369849199429154,-0.120603036135435,
1034,0.000577920000000001,0.361808999441564,-0.16080404818058,
1035,0.000588160000000001,0.361808999441564,-0.120603036135435,
1036,0.000598400000000001,0.369849199429154,-0.16080404818058,
1037,0.000608640000000001,0.369849199429154,-0.120603036135435,
1038,0.00061888,0.377889399416745,-0.16080404818058,
1039,0.00062912,0.377889399416745,-0.120603036135435,
1040,0.00063936,0.385929599404335,-0.16080404818058,
1041,0.0006496,0.385929599404335,-0.120603036135435,
1042,0.00065984,0.393969799391925,-0.0804020240902901,
1043,0.00067008,0.393969799391925,-0.120603036135435,
1044,0.00068032,0.385929599404335,-0.120603036135435,
1045,0.00069056,0.393969799391925,-0.120603036135435,
1046,0.0007008,0.402009999379516,-0.120603036135435,
1047,0.00071104,0.402009999379516,-0.120603036135435,
1048,0.000721279999999999,0.402009999379516,-0.120603036135435,
1049,0.000731519999999999,0.402009999379516,-0.16080404818058,
1050,0.000741759999999999,0.402009999379516,-0.120603036135435,
1051,0.000751999999999999,0.402009999379516,-0.120603036135435,
1052,0.000762240000000001,0.410050199367106,-0.120603036135435,
1053,0.000772480000000001,0.410050199367106,-0.120603036135435,
1054,0.000782720000000001,0.418090399354696,-0.120603036135435,
1055,0.000792960000000001,0.418090399354696,-0.120603036135435,
1056,0.0008032,0.418090399354696,-0.120603036135435,
1057,0.00081344,0.418090399354696,-0.16080404818058,
1058,0.00082368,0.426130599342287,-0.120603036135435,
1059,0.00083392,0.426130599342287,-0.16080404818058,
1060,0.00084416,0.426130599342287,-0.16080404818058,
1061,0.0008544,0.426130599342287,-0.120603036135435,
1062,0.00086464,0.426130599342287,-0.120603036135435,
1063,0.00087488,0.442210999317467,-0.120603036135435,
1064,0.00088512,0.434170799329877,-0.120603036135435,
1065,0.00089536,0.434170799329877,-0.16080404818058,
1066,0.000905599999999999,0.442210999317467,-0.120603036135435,
1067,0.000915839999999999,0.442210999317467,-0.120603036135435,
1068,0.000926079999999999,0.442210999317467,-0.120603036135435,
1069,0.000936319999999999,0.442210999317467,-0.120603036135435,
1070,0.000946560000000001,0.450251199305058,-0.120603036135435,
1071,0.000956800000000001,0.442210999317467,-0.120603036135435,
1072,0.000967040000000001,0.442210999317467,-0.16080404818058,
1073,0.000977280000000001,0.450251199305058,-0.16080404818058,
1074,0.00098752,0.458291399292648,-0.120603036135435,
1075,0.00099776,0.458291399292648,-0.16080404818058,
1076,0.001008,0.458291399292648,-0.120603036135435,
1077,0.00101824,0.450251199305058,-0.201005060225725,
1078,0.00102848,0.450251199305058,-0.16080404818058,
1079,0.00103872,0.458291399292648,-0.120603036135435,
1080,0.00104896,0.458291399292648,-0.120603036135435,
1081,0.0010592,0.466331599280238,-0.120603036135435,
1082,0.00106944,0.466331599280238,-0.120603036135435,
1083,0.00107968,0.466331599280238,-0.120603036135435,
1084,0.00108992,0.458291399292648,-0.120603036135435,
1085,0.00110016,0.466331599280238,-0.120603036135435,
1086,0.0011104,0.466331599280238,-0.120603036135435,
1087,0.00112064,0.474371799267828,-0.0804020240902901,
1088,0.00113088,0.474371799267828,-0.120603036135435,
1089,0.00114112,0.474371799267828,-0.120603036135435,
1090,0.00115136,0.474371799267828,-0.120603036135435,
1091,0.0011616,0.466331599280238,-0.120603036135435,
1092,0.00117184,0.474371799267828,-0.120603036135435,
1093,0.00118208,0.474371799267828,-0.120603036135435,
1094,0.00119232,0.482411999255419,-0.16080404818058,
1095,0.00120256,0.482411999255419,-0.16080404818058,
1096,0.0012128,0.482411999255419,-0.120603036135435,
1097,0.00122304,0.482411999255419,-0.16080404818058,
1098,0.00123328,0.474371799267828,-0.16080404818058,
1099,0.00124352,0.490452199243009,-0.0804020240902901,
1100,0.00125376,0.490452199243009,-0.120603036135435,
1101,0.001264,0.490452199243009,-0.16080404818058,
1102,0.00127424,0.490452199243009,-0.120603036135435,
1103,0.00128448,0.474371799267828,-0.120603036135435,
1104,0.00129472,0.490452199243009,-0.120603036135435,
1105,0.00130496,0.482411999255419,-0.120603036135435,
1106,0.0013152,0.482411999255419,-0.16080404818058,
1107,0.00132544,0.498492399230599,-0.16080404818058,
1108,0.00133568,0.490452199243009,-0.120603036135435,
1109,0.00134592,0.482411999255419,-0.16080404818058,
1110,0.00135616,0.482411999255419,-0.16080404818058,
1111,0.0013664,0.482411999255419,-0.16080404818058,
1112,0.00137664,0.498492399230599,-0.120603036135435,
1113,0.00138688,0.490452199243009,-0.120603036135435,
1114,0.00139712,0.490452199243009,-0.120603036135435,
1115,0.00140736,0.490452199243009,-0.120603036135435,
1116,0.0014176,0.490452199243009,-0.120603036135435,
1117,0.00142784,0.490452199243009,-0.120603036135435,
1118,0.00143808,0.490452199243009,-0.16080404818058,
1119,0.00144832,0.498492399230599,-0.120603036135435,
1120,0.00145856,0.482411999255419,-0.120603036135435,
1121,0.0014688,0.498492399230599,-0.120603036135435,
1122,0.00147904,0.498492399230599,-0.16080404818058,
1123,0.00148928,0.490452199243009,-0.120603036135435,
1124,0.00149952,0.498492399230599,-0.120603036135435,
1125,0.00150976,0.490452199243009,-0.120603036135435,
1126,0.00152,0.498492399230599,-0.120603036135435,
1127,0.00153024,0.498492399230599,-0.120603036135435,
1128,0.00154048,0.490452199243009,-0.0804020240902901,
1129,0.00155072,0.498492399230599,-0.120603036135435,
1130,0.00156096,0.482411999255419,-0.16080404818058,
1131,0.0015712,0.498492399230599,-0.16080404818058,
1132,0.00158144,0.490452199243009,-0.120603036135435,
1133,0.00159168,0.490452199243009,-0.120603036135435,
1134,0.00160192,0.498492399230599,-0.16080404818058,
1135,0.00161216,0.498492399230599,-0.120603036135435,
1136,0.0016224,0.490452199243009,-0.120603036135435,
1137,0.00163264,0.498492399230599,-0.120603036135435,
1138,0.00164288,0.498492399230599,-0.120603036135435,
1139,0.00165312,0.482411999255419,-0.0804020240902901,
1140,0.00166336,0.498492399230599,-0.120603036135435,
1141,0.0016736,0.498492399230599,-0.120603036135435,
1142,0.00168384,0.490452199243009,-0.120603036135435,
1143,0.00169408,0.498492399230599,-0.120603036135435,
1144,0.00170432,0.498492399230599,-0.120603036135435,
1145,0.00171456,0.490452199243009,-0.120603036135435,
1146,0.0017248,0.490452199243009,-0.120603036135435,
1147,0.00173504,0.490452199243009,-0.120603036135435,
1148,0.00174528,0.490452199243009,-0.120603036135435,
1149,0.00175552,0.498492399230599,-0.120603036135435,
1150,0.00176576,0.498492399230599,-0.120603036135435,
1151,0.001776,0.490452199243009,-0.16080404818058,
1152,0.00178624,0.482411999255419,-0.120603036135435,
1153,0.00179648,0.482411999255419,-0.120603036135435,
1154,0.00180672,0.490452199243009,-0.0804020240902901,
1155,0.00181696,0.490452199243009,-0.0804020240902901,
1156,0.0018272,0.490452199243009,-0.120603036135435,
1157,0.00183744,0.490452199243009,-0.120603036135435,
1158,0.00184768,0.490452199243009,-0.0804020240902901,
1159,0.00185792,0.490452199243009,-0.120603036135435,
1160,0.00186816,0.482411999255419,-0.120603036135435,
1161,0.0018784,0.482411999255419,-0.120603036135435,
1162,0.00188864,0.474371799267828,-0.120603036135435,
1163,0.00189888,0.482411999255419,-0.120603036135435,
1164,0.00190912,0.474371799267828,-0.120603036135435,
1165,0.00191936,0.474371799267828,-0.120603036135435,
1166,0.0019296,0.482411999255419,-0.120603036135435,
1167,0.00193984,0.482411999255419,-0.120603036135435,
1168,0.00195008,0.474371799267828,-0.0804020240902901,
1169,0.00196032,0.466331599280238,-0.120603036135435,
1170,0.00197056,0.474371799267828,-0.0804020240902901,
1171,0.0019808,0.474371799267828,-0.120603036135435,
1172,0.00199104,0.474371799267828,-0.120603036135435,
1173,0.00200128,0.466331599280238,-0.120603036135435,
1174,0.00201152,0.474371799267828,-0.120603036135435,
1175,0.00202176,0.458291399292648,-0.0804020240902901,
1176,0.002032,0.466331599280238,-0.0804020240902901,
1177,0.00204224,0.466331599280238,-0.0804020240902901,
1178,0.00205248,0.466331599280238,-0.120603036135435,
1179,0.00206272,0.466331599280238,-0.120603036135435,
1180,0.00207296,0.466331599280238,-0.120603036135435,
1181,0.0020832,0.458291399292648,-0.0804020240902901,
1182,0.00209344,0.458291399292648,-0.120603036135435,
1183,0.00210368,0.458291399292648,-0.120603036135435,
1184,0.00211392,0.466331599280238,-0.120603036135435,
1185,0.00212416,0.450251199305058,-0.120603036135435,
1186,0.0021344,0.450251199305058,-0.0804020240902901,
1187,0.00214464,0.450251199305058,-0.0804020240902901,
1188,0.00215488,0.450251199305058,-0.0804020240902901,
1189,0.00216512,0.442210999317467,-0.0804020240902901,
1190,0.00217536,0.450251199305058,-0.120603036135435,
1191,0.0021856,0.442210999317467,-0.0804020240902901,
1192,0.00219584,0.442210999317467,-0.0804020240902901,
1193,0.00220608,0.434170799329877,-0.120603036135435,
1194,0.00221632,0.442210999317467,-0.0804020240902901,
1195,0.00222656,0.426130599342287,-0.0804020240902901,
1196,0.0022368,0.426130599342287,-0.0804020240902901,
1197,0.00224704,0.434170799329877,-0.0804020240902901,
1198,0.00225728,0.426130599342287,-0.0804020240902901,
1199,0.00226752,0.426130599342287,-0.120603036135435,
1200,0.00227776,0.426130599342287,-0.0804020240902901,
1201,0.002288,0.418090399354696,-0.120603036135435,
1202,0.00229824,0.410050199367106,-0.0804020240902901,
1203,0.00230848,0.418090399354696,-0.0804020240902901,
1204,0.00231872,0.418090399354696,-0.0804020240902901,
1205,0.00232896,0.418090399354696,-0.0804020240902901,
1206,0.0023392,0.410050199367106,-0.0804020240902901,
1207,0.00234944,0.410050199367106,-0.0804020240902901,
1208,0.00235968,0.402009999379516,-0.0804020240902901,
1209,0.00236992,0.402009999379516,-0.0804020240902901,
1210,0.00238016,0.402009999379516,-0.120603036135435,
1211,0.0023904,0.393969799391925,-0.0804020240902901,
1212,0.00240064,0.393969799391925,-0.040201012045145,
1213,0.00241088,0.393969799391925,-0.0804020240902901,
1214,0.00242112,0.393969799391925,-0.0804020240902901,
1215,0.00243136,0.385929599404335,-0.0804020240902901,
1216,0.0024416,0.393969799391925,-0.040201012045145,
1217,0.00245184,0.385929599404335,-0.040201012045145,
1218,0.00246208,0.385929599404335,-0.0804020240902901,
1219,0.00247232,0.385929599404335,-0.0804020240902901,
1220,0.00248256,0.377889399416745,-0.0804020240902901,
1221,0.0024928,0.369849199429154,-0.040201012045145,
1222,0.00250304,0.369849199429154,-0.040201012045145,
1223,0.00251328,0.369849199429154,-0.120603036135435,
1224,0.00252352,0.377889399416745,-0.0804020240902901,
1225,0.00253376,0.369849199429154,-0.040201012045145,
1226,0.002544,0.369849199429154,-0.040201012045145,
1227,0.00255424,0.361808999441564,-0.0804020240902901,
1228,0.00256448,0.353768799453974,-0.040201012045145,
1229,0.00257472,0.353768799453974,-0.040201012045145,
1230,0.00258496,0.353768799453974,-0.0804020240902901,
1231,0.0025952,0.353768799453974,-0.0804020240902901,
1232,0.00260544,0.345728599466383,-0.0804020240902901,
1233,0.00261568,0.337688399478793,-0.040201012045145,
1234,0.00262592,0.345728599466383,-0.040201012045145,
1235,0.00263616,0.337688399478793,-0.0804020240902901,
1236,0.0026464,0.329648199491203,-0.0804020240902901,
1237,0.00265664,0.337688399478793,-0.0804020240902901,
1238,0.00266688,0.329648199491203,-0.0804020240902901,
1239,0.00267712,0.329648199491203,-0.0804020240902901,
1240,0.00268736,0.321607999503613,0,
1241,0.0026976,0.321607999503613,-0.040201012045145,
1242,0.00270784,0.313567799516022,-0.0804020240902901,
1243,0.00271808,0.305527599528432,-0.0804020240902901,
1244,0.00272832,0.313567799516022,-0.040201012045145,
1245,0.00273856,0.313567799516022,-0.040201012045145,
1246,0.0027488,0.305527599528432,-0.040201012045145,
1247,0.00275904,0.305527599528432,-0.040201012045145,
1248,0.00276928,0.305527599528432,-0.0804020240902901,
1249,0.00277952,0.297487399540842,-0.040201012045145,
1250,0.00278976,0.289447199553251,-0.040201012045145,
1251,0.0028,0.289447199553251,-0.040201012045145,
1252,0.00281024,0.281406999565661,-0.120603036135435,
1253,0.00282048,0.289447199553251,-0.0804020240902901,
1254,0.00283072,0.281406999565661,-0.040201012045145,
1255,0.00284096,0.281406999565661,-0.040201012045145,
1256,0.0028512,0.26532659959048,-0.040201012045145,
1257,0.00286144,0.26532659959048,-0.0804020240902901,
1258,0.00287168,0.26532659959048,-0.040201012045145,
1259,0.00288192,0.273366799578071,-0.040201012045145,
1260,0.00289216,0.25728639960289,-0.040201012045145,
1261,0.0029024,0.26532659959048,-0.0804020240902901,
1262,0.00291264,0.26532659959048,-0.040201012045145,
1263,0.00292288,0.2492461996153,-0.040201012045145,
1264,0.00293312,0.25728639960289,-0.040201012045145,
1265,0.00294336,0.2492461996153,-0.040201012045145,
1266,0.0029536,0.241205999627709,-0.040201012045145,
1267,0.00296384,0.241205999627709,-0.040201012045145,
1268,0.00297408,0.233165799640119,-0.040201012045145,
1269,0.00298432,0.233165799640119,-0.040201012045145,
1270,0.00299456,0.233165799640119,-0.040201012045145,
1271,0.0030048,0.225125599652529,-0.0804020240902901,
1272,0.00301504,0.233165799640119,-0.040201012045145,
1273,0.00302528,0.217085399664938,-0.040201012045145,
1274,0.00303552,0.209045199677348,-0.040201012045145,
1275,0.00304576,0.209045199677348,0,
1276,0.003056,0.209045199677348,-0.040201012045145,
1277,0.00306624,0.209045199677348,-0.040201012045145,
1278,0.00307648,0.209045199677348,-0.040201012045145,
1279,0.00308672,0.192964799702168,-0.040201012045145,
1280,0.00309696,0.192964799702168,0,
1281,0.0031072,0.192964799702168,-0.040201012045145,
1282,0.00311744,0.184924599714577,-0.0804020240902901,
1283,0.00312768,0.184924599714577,0,
1284,0.00313792,0.184924599714577,-0.040201012045145,
1285,0.00314816,0.176884399726987,-0.040201012045145,
1286,0.0031584,0.176884399726987,0,
1287,0.00316864,0.176884399726987,-0.040201012045145,
1288,0.00317888,0.160803999751806,0,
1289,0.00318912,0.160803999751806,0,
1290,0.00319936,0.160803999751806,0,
1291,0.0032096,0.152763799764216,0,
1292,0.00321984,0.144723599776626,0,
1293,0.00323008,0.136683399789035,-0.040201012045145,
1294,0.00324032,0.144723599776626,-0.040201012045145,
1295,0.00325056,0.136683399789035,0,
1296,0.0032608,0.136683399789035,0,
1297,0.00327104,0.128643199801445,-0.040201012045145,
1298,0.00328128,0.128643199801445,0,
1299,0.00329152,0.128643199801445,-0.040201012045145,
1300,0.00330176,0.128643199801445,-0.040201012045145,
1301,0.003312,0.112562799826264,-0.040201012045145,
1302,0.00332224,0.104522599838674,0,
1303,0.00333248,0.112562799826264,-0.040201012045145,
1304,0.00334272,0.104522599838674,0,
1305,0.00335296,0.104522599838674,-0.040201012045145,
1306,0.0033632,0.0964823998510838,-0.040201012045145,
1307,0.00337344,0.0884421998634934,0,
1308,0.00338368,0.0884421998634934,0,
1309,0.00339392,0.0804019998759031,0,
1310,0.00340416,0.0804019998759031,0,
1311,0.0034144,0.0804019998759031,0,
1312,0.00342464,0.0723617998883128,-0.040201012045145,
1313,0.00343488,0.0723617998883128,-0.040201012045145,
1314,0.00344512,0.0643215999007225,0,
1315,0.00345536,0.0643215999007225,0,
1316,0.0034656,0.0643215999007225,0,
1317,0.00347584,0.0562813999131322,-0.040201012045145,
1318,0.00348608,0.0482411999255419,0,
1319,0.00349632,0.0482411999255419,-0.040201012045145,
1320,0.00350656,0.0402009999379516,0,
1321,0.0035168,0.0402009999379516,0,
1322,0.00352704,0.0321607999503613,0,
1323,0.00353728,0.0321607999503613,0,
1324,0.00354752,0.0321607999503613,-0.040201012045145,
1325,0.00355776,0.0160803999751806,0.040201012045145,
1326,0.003568,0.0160803999751806,0,
1327,0.00357824,0.00804019998759031,0,
1328,0.00358848,0.0160803999751806,-0.040201012045145,
1329,0.00359872,0.00804019998759031,0,
1330,0.00360896,0,0.040201012045145,
1331,0.0036192,0.00804019998759031,0,
1332,0.00362944,-0.00804019998759031,0.040201012045145,
1333,0.00363968,0,-0.040201012045145,
1334,0.00364992,-0.00804019998759031,0,
1335,0.00366016,-0.0160803999751806,0,
1336,0.0036704,-0.0160803999751806,0,
1337,0.00368064,-0.0241205999627709,-0.040201012045145,
1338,0.00369088,-0.0241205999627709,0,
1339,0.00370112,-0.0241205999627709,0,
1340,0.00371136,-0.0402009999379516,0.040201012045145,
1341,0.0037216,-0.0402009999379516,0,
1342,0.00373184,-0.0402009999379516,0,
1343,0.00374208,-0.0482411999255419,0,
1344,0.00375232,-0.0482411999255419,0,
1345,0.00376256,-0.0562813999131322,0,
1346,0.0037728,-0.0562813999131322,0,
1347,0.00378304,-0.0643215999007225,0.040201012045145,
1348,0.00379328,-0.0562813999131322,0.040201012045145,
1349,0.00380352,-0.0643215999007225,0,
1350,0.00381376,-0.0643215999007225,0,
1351,0.003824,-0.0723617998883128,0.040201012045145,
1352,0.00383424,-0.0723617998883128,0,
1353,0.00384448,-0.0723617998883128,0,
1354,0.00385472,-0.0804019998759031,0.040201012045145,
1355,0.00386496,-0.0884421998634934,0,
1356,0.0038752,-0.0964823998510838,0,
1357,0.00388544,-0.0884421998634934,0,
1358,0.00389568,-0.0964823998510838,0,
1359,0.00390592,-0.112562799826264,0,
1360,0.00391616,-0.104522599838674,0.040201012045145,
1361,0.0039264,-0.112562799826264,0.040201012045145,
1362,0.00393664,-0.120602999813855,0.040201012045145,
1363,0.00394688,-0.128643199801445,0.040201012045145,
1364,0.00395712,-0.128643199801445,0.040201012045145,
1365,0.00396736,-0.136683399789035,0.040201012045145,
1366,0.0039776,-0.136683399789035,0.040201012045145,
1367,0.00398784,-0.136683399789035,0.040201012045145,
1368,0.00399808,-0.144723599776626,0,
1369,0.00400832,-0.144723599776626,0.040201012045145,
1370,0.00401856,-0.136683399789035,0.040201012045145,
1371,0.0040288,-0.152763799764216,0.040201012045145,
1372,0.00403904,-0.152763799764216,0.040201012045145,
1373,0.00404928,-0.152763799764216,0.0804020240902901,
1374,0.00405952,-0.160803999751806,0.040201012045145,
1375,0.00406976,-0.168844199739397,0.040201012045145,
1376,0.00408,-0.168844199739397,0,
1377,0.00409024,-0.160803999751806,0.040201012045145,
1378,0.00410048,-0.176884399726987,0.040201012045145,
1379,0.00411072,-0.176884399726987,0.040201012045145,
1380,0.00412096,-0.176884399726987,0.040201012045145,
1381,0.0041312,-0.184924599714577,0.0804020240902901,
1382,0.00414144,-0.184924599714577,0.040201012045145,
1383,0.00415168,-0.192964799702168,0.040201012045145,
1384,0.00416192,-0.192964799702168,0,
1385,0.00417216,-0.201004999689758,0.040201012045145,
1386,0.0041824,-0.201004999689758,0.040201012045145,
1387,0.00419264,-0.209045199677348,0,
1388,0.00420288,-0.209045199677348,0,
1389,0.00421312,-0.225125599652529,0.0804020240902901,
1390,0.00422336,-0.225125599652529,0.040201012045145,
1391,0.0042336,-0.217085399664938,0.040201012045145,
1392,0.00424384,-0.233165799640119,0.0804020240902901,
1393,0.00425408,-0.225125599652529,0.040201012045145,
1394,0.00426432,-0.233165799640119,0.040201012045145,
1395,0.00427456,-0.233165799640119,0.040201012045145,
1396,0.0042848,-0.241205999627709,0.040201012045145,
1397,0.00429504,-0.241205999627709,0.040201012045145,
1398,0.00430528,-0.2492461996153,0.040201012045145,
1399,0.00431552,-0.2492461996153,0.040201012045145,
1400,0.00432576,-0.2492461996153,0.040201012045145,
1401,0.004336,-0.25728639960289,0.040201012045145,
1402,0.00434624,-0.25728639960289,0.0804020240902901,
1403,0.00435648,-0.25728639960289,0.040201012045145,
1404,0.00436672,-0.273366799578071,0.040201012045145,
1405,0.00437696,-0.273366799578071,0.040201012045145,
1406,0.0043872,-0.273366799578071,0.040201012045145,
1407,0.00439744,-0.273366799578071,0.040201012045145,
1408,0.00440768,-0.281406999565661,0.040201012045145,
1409,0.00441792,-0.289447199553251,0.040201012045145,
1410,0.00442816,-0.289447199553251,0.040201012045145,
1411,0.0044384,-0.289447199553251,0.040201012045145,
1412,0.00444864,-0.289447199553251,0.0804020240902901,
1413,0.00445888,-0.289447199553251,0.040201012045145,
1414,0.00446912,-0.305527599528432,0.040201012045145,
1415,0.00447936,-0.305527599528432,0.0804020240902901,
1416,0.0044896,-0.297487399540842,0.040201012045145,
1417,0.00449984,-0.313567799516022,0.040201012045145,
1418,0.00451008,-0.313567799516022,0.040201012045145,
1419,0.00452032,-0.321607999503613,0,
1420,0.00453056,-0.321607999503613,0.0804020240902901,
1421,0.0045408,-0.313567799516022,0.0804020240902901,
1422,0.00455104,-0.321607999503613,0.0804020240902901,
1423,0.00456128,-0.329648199491203,0.0804020240902901,
1424,0.00457152,-0.329648199491203,0.040201012045145,
1425,0.00458176,-0.329648199491203,0.0804020240902901,
1426,0.004592,-0.337688399478793,0.040201012045145,
1427,0.00460224,-0.337688399478793,0.040201012045145,
1428,0.00461248,-0.337688399478793,0.0804020240902901,
1429,0.00462272,-0.345728599466383,0.040201012045145,
1430,0.00463296,-0.353768799453974,0.0804020240902901,
1431,0.0046432,-0.353768799453974,0.0804020240902901,
1432,0.00465344,-0.353768799453974,0.0804020240902901,
1433,0.00466368,-0.353768799453974,0.0804020240902901,
1434,0.00467392,-0.361808999441564,0.0804020240902901,
1435,0.00468416,-0.361808999441564,0.0804020240902901,
1436,0.0046944,-0.361808999441564,0.040201012045145,
1437,0.00470464,-0.361808999441564,0.0804020240902901,
1438,0.00471488,-0.369849199429154,0.040201012045145,
1439,0.00472512,-0.369849199429154,0.040201012045145,
1440,0.00473536,-0.377889399416745,0.040201012045145,
1441,0.0047456,-0.377889399416745,0.0804020240902901,
1442,0.00475584,-0.385929599404335,0.0804020240902901,
1443,0.00476608,-0.385929599404335,0.0804020240902901,
1444,0.00477632,-0.385929599404335,0.0804020240902901,
1445,0.00478656,-0.385929599404335,0.0804020240902901,
1446,0.0047968,-0.385929599404335,0.040201012045145,
1447,0.00480704,-0.393969799391925,0.0804020240902901,
1448,0.00481728,-0.393969799391925,0.040201012045145,
1449,0.00482752,-0.393969799391925,0.0804020240902901,
1450,0.00483776,-0.402009999379516,0.040201012045145,
1451,0.004848,-0.402009999379516,0.040201012045145,
1452,0.00485824,-0.402009999379516,0.120603036135435,
1453,0.00486848,-0.402009999379516,0.040201012045145,
1454,0.00487872,-0.410050199367106,0.040201012045145,
1455,0.00488896,-0.410050199367106,0.0804020240902901,
1456,0.0048992,-0.410050199367106,0.040201012045145,
1457,0.00490944,-0.410050199367106,0.040201012045145,
1458,0.00491968,-0.418090399354696,0.0804020240902901,
1459,0.00492992,-0.426130599342287,0.0804020240902901,
1460,0.00494016,-0.426130599342287,0.040201012045145,
1461,0.0049504,-0.426130599342287,0.0804020240902901,
1462,0.00496064,-0.418090399354696,0.0804020240902901,
1463,0.00497088,-0.426130599342287,0.0804020240902901,
1464,0.00498112,-0.426130599342287,0.0804020240902901,
1465,0.00499136,-0.434170799329877,0.0804020240902901,
1466,0.0050016,-0.434170799329877,0.0804020240902901,
1467,0.00501184,-0.434170799329877,0.0804020240902901,
1468,0.00502208,-0.442210999317467,0.040201012045145,
1469,0.00503232,-0.442210999317467,0.0804020240902901,
1470,0.00504256,-0.458291399292648,0.0804020240902901,
1471,0.0050528,-0.450251199305058,0.040201012045145,
1472,0.00506304,-0.450251199305058,0.0804020240902901,
1473,0.00507328,-0.442210999317467,0.040201012045145,
1474,0.00508352,-0.458291399292648,0.120603036135435,
1475,0.00509376,-0.450251199305058,0.0804020240902901,
1476,0.005104,-0.466331599280238,0.0804020240902901,
1477,0.00511424,-0.458291399292648,0.0804020240902901,
1478,0.00512448,-0.450251199305058,0.040201012045145,
1479,0.00513472,-0.458291399292648,0.0804020240902901,
1480,0.00514496,-0.458291399292648,0.0804020240902901,
1481,0.0051552,-0.458291399292648,0.040201012045145,
1482,0.00516544,-0.466331599280238,0.0804020240902901,
1483,0.00517568,-0.458291399292648,0.0804020240902901,
1484,0.00518592,-0.474371799267828,0.040201012045145,
1485,0.00519616,-0.466331599280238,0.0804020240902901,
1486,0.0052064,-0.466331599280238,0.0804020240902901,
1487,0.00521664,-0.466331599280238,0.040201012045145,
1488,0.00522688,-0.474371799267828,0.0804020240902901,
1489,0.00523712,-0.474371799267828,0.0804020240902901,
1490,0.00524736,-0.474371799267828,0.0804020240902901,
1491,0.0052576,-0.474371799267828,0.040201012045145,
1492,0.00526784,-0.474371799267828,0.120603036135435,
1493,0.00527808,-0.474371799267828,0.0804020240902901,
1494,0.00528832,-0.482411999255419,0.040201012045145,
1495,0.00529856,-0.490452199243009,0.040201012045145,
1496,0.0053088,-0.482411999255419,0.040201012045145,
1497,0.00531904,-0.490452199243009,0.040201012045145,
1498,0.00532928,-0.490452199243009,0.040201012045145,
1499,0.00533952,-0.490452199243009,0.0804020240902901,
1500,0.00534976,-0.490452199243009,0.0804020240902901,
1501,0.00536,-0.490452199243009,0.040201012045145,
1502,0.00537024,-0.490452199243009,0.0804020240902901,
1503,0.00538048,-0.490452199243009,0.040201012045145,
1504,0.00539072,-0.482411999255419,0.0804020240902901,
1505,0.00540096,-0.490452199243009,0.0804020240902901,
1506,0.0054112,-0.498492399230599,0.040201012045145,
1507,0.00542144,-0.482411999255419,0.0804020240902901,
1508,0.00543168,-0.490452199243009,0.0804020240902901,
1509,0.00544192,-0.498492399230599,0.0804020240902901,
1510,0.00545216,-0.498492399230599,0.040201012045145,
1511,0.0054624,-0.50653259921819,0.040201012045145,
1512,0.00547264,-0.490452199243009,0.040201012045145,
1513,0.00548288,-0.498492399230599,0.0804020240902901,
1514,0.00549312,-0.498492399230599,0.0804020240902901,
1515,0.00550336,-0.50653259921819,0.0804020240902901,
1516,0.0055136,-0.490452199243009,0.040201012045145,
1517,0.00552384,-0.498492399230599,0.0804020240902901,
1518,0.00553408,-0.490452199243009,0.0804020240902901,
1519,0.00554432,-0.498492399230599,0.0804020240902901,
1520,0.00555456,-0.498492399230599,0.0804020240902901,
1521,0.0055648,-0.50653259921819,0.040201012045145,
1522,0.00557504,-0.498492399230599,0.0804020240902901,
1523,0.00558528,-0.498492399230599,0.0804020240902901,
1524,0.00559552,-0.50653259921819,0.0804020240902901,
1525,0.00560576,-0.498492399230599,0.0804020240902901,
1526,0.005616,-0.50653259921819,0.0804020240902901,
1527,0.00562624,-0.50653259921819,0.0804020240902901,
1528,0.00563648,-0.50653259921819,0.040201012045145,
1529,0.00564672,-0.51457279920578,0.0804020240902901,
1530,0.00565696,-0.50653259921819,0.0804020240902901,
1531,0.0056672,-0.50653259921819,0.0804020240902901,
1532,0.00567744,-0.50653259921819,0.040201012045145,
1533,0.00568768,-0.498492399230599,0.0804020240902901,
1534,0.00569792,-0.50653259921819,0.0804020240902901,
1535,0.00570816,-0.51457279920578,0.0804020240902901,
1536,0.0057184,-0.50653259921819,0.0804020240902901,
1537,0.00572864,-0.50653259921819,0.0804020240902901,
1538,0.00573888,-0.50653259921819,0,
1539,0.00574912,-0.51457279920578,0.120603036135435,
1540,0.00575936,-0.51457279920578,0.040201012045145,
1541,0.0057696,-0.51457279920578,0.040201012045145,
1542,0.00577984,-0.50653259921819,0.0804020240902901,
1543,0.00579008,-0.51457279920578,0.040201012045145,
1544,0.00580032,-0.50653259921819,0.040201012045145,
1545,0.00581056,-0.498492399230599,0.040201012045145,
1546,0.0058208,-0.498492399230599,0.040201012045145,
1547,0.00583104,-0.51457279920578,0.0804020240902901,
1548,0.00584128,-0.50653259921819,0,
1549,0.00585152,-0.50653259921819,0.040201012045145,
1550,0.00586176,-0.490452199243009,0.040201012045145,
1551,0.005872,-0.50653259921819,0.0804020240902901,
1552,0.00588224,-0.498492399230599,0.0804020240902901,
1553,0.00589248,-0.51457279920578,0.040201012045145,
1554,0.00590272,-0.498492399230599,0.0804020240902901,
1555,0.00591296,-0.50653259921819,0.040201012045145,
1556,0.0059232,-0.498492399230599,0.040201012045145,
1557,0.00593344,-0.498492399230599,0.0804020240902901,
1558,0.00594368,-0.498492399230599,0.040201012045145,
1559,0.00595392,-0.498492399230599,0.040201012045145,
1560,0.00596416,-0.498492399230599,0.0804020240902901,
1561,0.0059744,-0.498492399230599,0.040201012045145,
1562,0.00598464,-0.498492399230599,0.0804020240902901,
1563,0.00599488,-0.490452199243009,0.040201012045145,
1564,0.00600512,-0.498492399230599,0.040201012045145,
1565,0.00601536,-0.490452199243009,0.040201012045145,
1566,0.0060256,-0.490452199243009,0.0804020240902901,
1567,0.00603584,-0.490452199243009,0.040201012045145,
1568,0.00604608,-0.490452199243009,0.040201012045145,
1569,0.00605632,-0.490452199243009,0.0804020240902901,
1570,0.00606656,-0.490452199243009,0.040201012045145,
1571,0.0060768,-0.490452199243009,0.040201012045145,
1572,0.00608704,-0.490452199243009,0.040201012045145,
1573,0.00609728,-0.490452199243009,0.040201012045145,
1574,0.00610752,-0.482411999255419,0.040201012045145,
1575,0.00611776,-0.482411999255419,0.0804020240902901,
1576,0.006128,-0.490452199243009,0.040201012045145,
1577,0.00613824,-0.474371799267828,0.0804020240902901,
1578,0.00614848,-0.482411999255419,0.040201012045145,
1579,0.00615872,-0.482411999255419,0,
1580,0.00616896,-0.474371799267828,0.040201012045145,
1581,0.0061792,-0.474371799267828,0.0804020240902901,
1582,0.00618944,-0.474371799267828,0.040201012045145,
1583,0.00619968,-0.474371799267828,0.040201012045145,
1584,0.00620992,-0.474371799267828,0.040201012045145,
1585,0.00622016,-0.474371799267828,0,
1586,0.0062304,-0.466331599280238,0.040201012045145,
1587,0.00624064,-0.474371799267828,0.040201012045145,
1588,0.00625088,-0.466331599280238,0.040201012045145,
1589,0.00626112,-0.466331599280238,0.040201012045145,
1590,0.00627136,-0.474371799267828,0.040201012045145,
1591,0.0062816,-0.466331599280238,0.040201012045145,
1592,0.00629184,-0.458291399292648,0.040201012045145,
1593,0.00630208,-0.466331599280238,0.040201012045145,
1594,0.00631232,-0.450251199305058,0.040201012045145,
1595,0.00632256,-0.458291399292648,0.040201012045145,
1596,0.0063328,-0.450251199305058,0.040201012045145,
1597,0.00634304,-0.458291399292648,0.040201012045145,
1598,0.00635328,-0.450251199305058,0.040201012045145,
1599,0.00636352,-0.442210999317467,0.040201012045145,
1600,0.00637376,-0.450251199305058,0.040201012045145,
1601,0.006384,-0.450251199305058,0.040201012045145,
1602,0.00639424,-0.450251199305058,0.040201012045145,
1603,0.00640448,-0.442210999317467,0,
1604,0.00641472,-0.442210999317467,0.040201012045145,
1605,0.00642496,-0.434170799329877,0.040201012045145,
1606,0.0064352,-0.434170799329877,0.040201012045145,
1607,0.00644544,-0.434170799329877,0,
1608,0.00645568,-0.434170799329877,0,
1609,0.00646592,-0.426130599342287,0.040201012045145,
1610,0.00647616,-0.434170799329877,0.040201012045145,
1611,0.0064864,-0.426130599342287,0,
1612,0.00649664,-0.426130599342287,0,
1613,0.00650688,-0.418090399354696,0.040201012045145,
1614,0.00651712,-0.426130599342287,0.0804020240902901,
1615,0.00652736,-0.410050199367106,0,
1616,0.0065376,-0.410050199367106,0,
1617,0.00654784,-0.418090399354696,0,
1618,0.00655808,-0.410050199367106,0.040201012045145,
1619,0.00656832,-0.410050199367106,0.040201012045145,
1620,0.00657856,-0.410050199367106,0.040201012045145,
1621,0.0065888,-0.402009999379516,0.040201012045145,
1622,0.00659904,-0.402009999379516,0.040201012045145,
1623,0.00660928,-0.402009999379516,0.040201012045145,
1624,0.00661952,-0.393969799391925,0,
1625,0.00662976,-0.393969799391925,-0.040201012045145,
1626,0.00664,-0.393969799391925,0,
1627,0.00665024,-0.393969799391925,0.040201012045145,
1628,0.00666048,-0.393969799391925,0,
1629,0.00667072,-0.377889399416745,0.040201012045145,
1630,0.00668096,-0.377889399416745,0,
1631,0.0066912,-0.377889399416745,0,
1632,0.00670144,-0.377889399416745,0,
1633,0.00671168,-0.369849199429154,0.040201012045145,
1634,0.00672192,-0.369849199429154,0,
1635,0.00673216,-0.369849199429154,0,
1636,0.0067424,-0.361808999441564,0,
1637,0.00675264,-0.369849199429154,0,
1638,0.00676288,-0.361808999441564,0,
1639,0.00677312,-0.353768799453974,-0.040201012045145,
1640,0.00678336,-0.353768799453974,0,
1641,0.0067936,-0.361808999441564,0,
1642,0.00680384,-0.345728599466383,0,
1643,0.00681408,-0.345728599466383,0,
1644,0.00682432,-0.345728599466383,0,
1645,0.00683456,-0.345728599466383,0,
1646,0.0068448,-0.337688399478793,-0.040201012045145,
1647,0.00685504,-0.345728599466383,0,
1648,0.00686528,-0.329648199491203,0.040201012045145,
1649,0.00687552,-0.329648199491203,0,
1650,0.00688576,-0.321607999503613,-0.040201012045145,
1651,0.006896,-0.321607999503613,0,
1652,0.00690624,-0.329648199491203,0,
1653,0.00691648,-0.321607999503613,-0.040201012045145,
1654,0.00692672,-0.313567799516022,0,
1655,0.00693696,-0.313567799516022,0,
1656,0.0069472,-0.305527599528432,0,
1657,0.00695744,-0.305527599528432,-0.040201012045145,
1658,0.00696768,-0.297487399540842,0,
1659,0.00697792,-0.297487399540842,0,
1660,0.00698816,-0.297487399540842,0,
1661,0.0069984,-0.297487399540842,-0.040201012045145,
1662,0.00700864,-0.289447199553251,0,
1663,0.00701888,-0.281406999565661,0,
1664,0.00702912,-0.281406999565661,0,
1665,0.00703936,-0.273366799578071,0,
1666,0.0070496,-0.281406999565661,-0.040201012045145,
1667,0.00705984,-0.26532659959048,-0.040201012045145,
1668,0.00707008,-0.26532659959048,-0.040201012045145,
1669,0.00708032,-0.26532659959048,-0.040201012045145,
1670,0.00709056,-0.26532659959048,0,
1671,0.0071008,-0.26532659959048,-0.040201012045145,
1672,0.00711104,-0.25728639960289,-0.040201012045145,
1673,0.00712128,-0.25728639960289,-0.040201012045145,
1674,0.00713152,-0.25728639960289,0,
1675,0.00714176,-0.241205999627709,0,
1676,0.007152,-0.241205999627709,0,
1677,0.00716224,-0.241205999627709,0,
1678,0.00717248,-0.233165799640119,0,
1679,0.00718272,-0.233165799640119,-0.040201012045145,
1680,0.00719296,-0.233165799640119,0,
1681,0.0072032,-0.225125599652529,0,
1682,0.00721344,-0.225125599652529,0,
1683,0.00722368,-0.217085399664938,0,
1684,0.00723392,-0.217085399664938,0,
1685,0.00724416,-0.201004999689758,-0.040201012045145,
1686,0.0072544,-0.209045199677348,-0.040201012045145,
1687,0.00726464,-0.201004999689758,-0.040201012045145,
1688,0.00727488,-0.201004999689758,-0.040201012045145,
1689,0.00728512,-0.192964799702168,-0.040201012045145,
1690,0.00729536,-0.201004999689758,-0.040201012045145,
1691,0.0073056,-0.184924599714577,-0.0804020240902901,
1692,0.00731584,-0.184924599714577,-0.040201012045145,
1693,0.00732608,-0.192964799702168,-0.040201012045145,
1694,0.00733632,-0.176884399726987,-0.040201012045145,
1695,0.00734656,-0.176884399726987,0,
1696,0.0073568,-0.168844199739397,-0.040201012045145,
1697,0.00736704,-0.168844199739397,-0.040201012045145,
1698,0.00737728,-0.168844199739397,-0.040201012045145,
1699,0.00738752,-0.160803999751806,0,
1700,0.00739776,-0.152763799764216,-0.040201012045145,
1701,0.007408,-0.152763799764216,-0.040201012045145,
1702,0.00741824,-0.160803999751806,-0.040201012045145,
1703,0.00742848,-0.144723599776626,-0.040201012045145,
1704,0.00743872,-0.144723599776626,-0.040201012045145,
1705,0.00744896,-0.136683399789035,-0.040201012045145,
1706,0.0074592,-0.136683399789035,-0.040201012045145,
1707,0.00746944,-0.128643199801445,-0.040201012045145,
1708,0.00747968,-0.128643199801445,-0.0804020240902901,
1709,0.00748992,-0.128643199801445,-0.040201012045145,
1710,0.00750016,-0.120602999813855,-0.040201012045145,
1711,0.0075104,-0.120602999813855,-0.040201012045145,
1712,0.00752064,-0.112562799826264,-0.040201012045145,
1713,0.00753088,-0.112562799826264,-0.040201012045145,
1714,0.00754112,-0.104522599838674,-0.040201012045145,
1715,0.00755136,-0.0964823998510838,-0.040201012045145,
1716,0.0075616,-0.0964823998510838,-0.040201012045145,
1717,0.00757184,-0.0884421998634934,-0.0804020240902901,
1718,0.00758208,-0.0884421998634934,-0.040201012045145,
1719,0.00759232,-0.0804019998759031,-0.040201012045145,
1720,0.00760256,-0.0804019998759031,-0.0804020240902901,
1721,0.0076128,-0.0723617998883128,-0.0804020240902901,
1722,0.00762304,-0.0723617998883128,-0.0804020240902901,
1723,0.00763328,-0.0723617998883128,-0.0804020240902901,
1724,0.00764352,-0.0723617998883128,-0.040201012045145,
1725,0.00765376,-0.0643215999007225,-0.0804020240902901,
1726,0.007664,-0.0643215999007225,-0.0804020240902901,
1727,0.00767424,-0.0562813999131322,-0.0804020240902901,
1728,0.00768448,-0.0402009999379516,-0.0804020240902901,
1729,0.00769472,-0.0482411999255419,-0.0804020240902901,
1730,0.00770496,-0.0402009999379516,-0.0804020240902901,
1731,0.0077152,-0.0402009999379516,-0.0804020240902901,
1732,0.00772544,-0.0402009999379516,-0.0804020240902901,
1733,0.00773568,-0.0321607999503613,-0.0804020240902901,
1734,0.00774592,-0.0321607999503613,-0.0804020240902901,
1735,0.00775616,-0.0241205999627709,-0.040201012045145,
1736,0.0077664,-0.0241205999627709,-0.0804020240902901,
1737,0.00777664,-0.0160803999751806,-0.120603036135435,
1738,0.00778688,-0.0160803999751806,-0.0804020240902901,
1739,0.00779712,0,-0.040201012045145,
1740,0.00780736,-0.00804019998759031,-0.0804020240902901,
1741,0.0078176,0,-0.120603036135435,
1742,0.00782784,0.00804019998759031,-0.0804020240902901,
1743,0.00783808,0.00804019998759031,-0.0804020240902901,
1744,0.00784832,0.0160803999751806,-0.0804020240902901,
1745,0.00785856,0.0160803999751806,-0.120603036135435,
1746,0.0078688,0.0160803999751806,-0.0804020240902901,
1747,0.00787904,0.0160803999751806,-0.0804020240902901,
1748,0.00788928,0.0241205999627709,-0.120603036135435,
1749,0.00789952,0.0321607999503613,-0.0804020240902901,
1750,0.00790976,0.0321607999503613,-0.0804020240902901,
1751,0.00792,0.0402009999379516,-0.0804020240902901,
1752,0.00793024,0.0402009999379516,-0.0804020240902901,
1753,0.00794048,0.0482411999255419,-0.0804020240902901,
1754,0.00795072,0.0482411999255419,-0.120603036135435,
1755,0.00796096,0.0482411999255419,-0.040201012045145,
1756,0.0079712,0.0643215999007225,-0.0804020240902901,
1757,0.00798144,0.0562813999131322,-0.0804020240902901,
1758,0.00799168,0.0562813999131322,-0.0804020240902901,
1759,0.00800192,0.0643215999007225,-0.120603036135435,
1760,0.00801216,0.0723617998883128,-0.0804020240902901,
1761,0.0080224,0.0804019998759031,-0.0804020240902901,
1762,0.00803264,0.0723617998883128,-0.0804020240902901,
1763,0.00804288,0.0884421998634934,-0.040201012045145,
1764,0.00805312,0.0804019998759031,-0.040201012045145,
1765,0.00806336,0.104522599838674,-0.120603036135435,
1766,0.0080736,0.0964823998510838,-0.0804020240902901,
1767,0.00808384,0.104522599838674,-0.120603036135435,
1768,0.00809408,0.104522599838674,-0.0804020240902901,
1769,0.00810432,0.104522599838674,-0.0804020240902901,
1770,0.00811456,0.112562799826264,-0.0804020240902901,
1771,0.0081248,0.112562799826264,-0.120603036135435,
1772,0.00813504,0.120602999813855,-0.120603036135435,
1773,0.00814528,0.112562799826264,-0.120603036135435,
1774,0.00815552,0.120602999813855,-0.0804020240902901,
1775,0.00816576,0.120602999813855,-0.120603036135435,
1776,0.008176,0.136683399789035,-0.0804020240902901,
1777,0.00818624,0.136683399789035,-0.0804020240902901,
1778,0.00819648,0.136683399789035,-0.120603036135435,
1779,0.00820672,0.144723599776626,-0.0804020240902901,
1780,0.00821696,0.144723599776626,-0.0804020240902901,
1781,0.0082272,0.152763799764216,-0.120603036135435,
1782,0.00823744,0.152763799764216,-0.120603036135435,
1783,0.00824768,0.152763799764216,-0.120603036135435,
1784,0.00825792,0.160803999751806,-0.120603036135435,
1785,0.00826816,0.160803999751806,-0.0804020240902901,
1786,0.0082784,0.176884399726987,-0.0804020240902901,
1787,0.00828864,0.184924599714577,-0.120603036135435,
1788,0.00829888,0.176884399726987,-0.0804020240902901,
1789,0.00830912,0.176884399726987,-0.120603036135435,
1790,0.00831936,0.184924599714577,-0.120603036135435,
1791,0.0083296,0.192964799702168,-0.120603036135435,
1792,0.00833984,0.192964799702168,-0.120603036135435,
1793,0.00835008,0.201004999689758,-0.120603036135435,
1794,0.00836032,0.201004999689758,-0.120603036135435,
1795,0.00837056,0.201004999689758,-0.120603036135435,
1796,0.0083808,0.201004999689758,-0.120603036135435,
1797,0.00839104,0.209045199677348,-0.120603036135435,
1798,0.00840128,0.217085399664938,-0.120603036135435,
1799,0.00841152,0.225125599652529,-0.0804020240902901,
1800,0.00842176,0.217085399664938,-0.0804020240902901,
1801,0.008432,0.217085399664938,-0.120603036135435,
1802,0.00844224,0.233165799640119,-0.120603036135435,
1803,0.00845248,0.233165799640119,-0.120603036135435,
1804,0.00846272,0.233165799640119,-0.0804020240902901,
1805,0.00847296,0.241205999627709,-0.120603036135435,
1806,0.0084832,0.241205999627709,-0.0804020240902901,
1807,0.00849344,0.241205999627709,-0.120603036135435,
1808,0.00850368,0.2492461996153,-0.120603036135435,
1809,0.00851392,0.2492461996153,-0.120603036135435,
1810,0.00852416,0.2492461996153,-0.120603036135435,
1811,0.0085344,0.25728639960289,-0.120603036135435,
1812,0.00854464,0.25728639960289,-0.0804020240902901,
1813,0.00855488,0.26532659959048,-0.120603036135435,
1814,0.00856512,0.26532659959048,-0.120603036135435,
1815,0.00857536,0.273366799578071,-0.120603036135435,
1816,0.0085856,0.26532659959048,-0.120603036135435,
1817,0.00859584,0.26532659959048,-0.120603036135435,
1818,0.00860608,0.273366799578071,-0.120603036135435,
1819,0.00861632,0.281406999565661,-0.120603036135435,
1820,0.00862656,0.281406999565661,-0.120603036135435,
1821,0.0086368,0.289447199553251,-0.120603036135435,
1822,0.00864704,0.289447199553251,-0.120603036135435,
1823,0.00865728,0.297487399540842,-0.16080404818058,
1824,0.00866752,0.297487399540842,-0.120603036135435,
1825,0.00867776,0.305527599528432,-0.120603036135435,
1826,0.008688,0.305527599528432,-0.120603036135435,
1827,0.00869824,0.305527599528432,-0.120603036135435,
1828,0.00870848,0.313567799516022,-0.120603036135435,
1829,0.00871872,0.321607999503613,-0.120603036135435,
1830,0.00872896,0.313567799516022,-0.120603036135435,
1831,0.0087392,0.329648199491203,-0.120603036135435,
1832,0.00874944,0.321607999503613,-0.120603036135435,
1833,0.00875968,0.329648199491203,-0.120603036135435,
1834,0.00876992,0.321607999503613,-0.16080404818058,
1835,0.00878016,0.337688399478793,-0.0804020240902901,
1836,0.0087904,0.337688399478793,-0.16080404818058,
1837,0.00880064,0.337688399478793,-0.120603036135435,
1838,0.00881088,0.329648199491203,-0.120603036135435,
1839,0.00882112,0.337688399478793,-0.120603036135435,
1840,0.00883136,0.353768799453974,-0.120603036135435,
1841,0.0088416,0.353768799453974,-0.16080404818058,
1842,0.00885184,0.345728599466383,-0.120603036135435,
1843,0.00886208,0.353768799453974,-0.120603036135435,
1844,0.00887232,0.353768799453974,-0.120603036135435,
1845,0.00888256,0.353768799453974,-0.120603036135435,
1846,0.0088928,0.353768799453974,-0.16080404818058,
1847,0.00890304,0.361808999441564,-0.120603036135435,
1848,0.00891328,0.361808999441564,-0.16080404818058,
1849,0.00892352,0.369849199429154,-0.120603036135435,
1850,0.00893376,0.377889399416745,-0.120603036135435,
1851,0.008944,0.369849199429154,-0.120603036135435,
1852,0.00895424,0.369849199429154,-0.120603036135435,
1853,0.00896448,0.377889399416745,-0.120603036135435,
1854,0.00897472,0.385929599404335,-0.16080404818058,
1855,0.00898496,0.385929599404335,-0.120603036135435,
1856,0.0089952,0.377889399416745,-0.16080404818058,
1857,0.00900544,0.385929599404335,-0.16080404818058,
1858,0.00901568,0.385929599404335,-0.120603036135435,
1859,0.00902592,0.393969799391925,-0.120603036135435,
1860,0.00903616,0.393969799391925,-0.120603036135435,
1861,0.0090464,0.402009999379516,-0.120603036135435,
1862,0.00905664,0.393969799391925,-0.120603036135435,
1863,0.00906688,0.402009999379516,-0.16080404818058,
1864,0.00907712,0.410050199367106,-0.16080404818058,
1865,0.00908736,0.410050199367106,-0.120603036135435,
1866,0.0090976,0.410050199367106,-0.120603036135435,
1867,0.00910784,0.410050199367106,-0.0804020240902901,
1868,0.00911808,0.418090399354696,-0.120603036135435,
1869,0.00912832,0.418090399354696,-0.120603036135435,
1870,0.00913856,0.418090399354696,-0.0804020240902901,
1871,0.0091488,0.418090399354696,-0.120603036135435,
1872,0.00915904,0.426130599342287,-0.120603036135435,
1873,0.00916928,0.418090399354696,-0.16080404818058,
1874,0.00917952,0.426130599342287,-0.16080404818058,
1875,0.00918976,0.426130599342287,-0.120603036135435,
1876,0.0092,0.426130599342287,-0.120603036135435,
1877,0.00921024,0.426130599342287,-0.120603036135435,
1878,0.00922048,0.442210999317467,-0.120603036135435,
1879,0.00923072,0.442210999317467,-0.120603036135435,
1880,0.00924096,0.434170799329877,-0.120603036135435,
1881,0.0092512,0.442210999317467,-0.120603036135435,
1882,0.00926144,0.434170799329877,-0.120603036135435,
1883,0.00927168,0.442210999317467,-0.16080404818058,
1884,0.00928192,0.442210999317467,-0.16080404818058,
1885,0.00929216,0.442210999317467,-0.16080404818058,
1886,0.0093024,0.450251199305058,-0.16080404818058,
1887,0.00931264,0.450251199305058,-0.0804020240902901,
1888,0.00932288,0.458291399292648,-0.120603036135435,
1889,0.00933312,0.442210999317467,-0.16080404818058,
1890,0.00934336,0.458291399292648,-0.120603036135435,
1891,0.0093536,0.450251199305058,-0.120603036135435,
1892,0.00936384,0.450251199305058,-0.120603036135435,
1893,0.00937408,0.458291399292648,-0.120603036135435,
1894,0.00938432,0.458291399292648,-0.120603036135435,
1895,0.00939456,0.458291399292648,-0.120603036135435,
1896,0.0094048,0.458291399292648,-0.120603036135435,
1897,0.00941504,0.458291399292648,-0.120603036135435,
1898,0.00942528,0.466331599280238,-0.120603036135435,
1899,0.00943552,0.466331599280238,-0.120603036135435,
1900,0.00944576,0.466331599280238,-0.0804020240902901,
1901,0.009456,0.466331599280238,-0.16080404818058,
1902,0.00946624,0.458291399292648,-0.120603036135435,
1903,0.00947648,0.466331599280238,-0.120603036135435,
1904,0.00948672,0.474371799267828,-0.0804020240902901,
1905,0.00949696,0.474371799267828,-0.120603036135435,
1906,0.0095072,0.474371799267828,-0.16080404818058,
1907,0.00951744,0.474371799267828,-0.120603036135435,
1908,0.00952768,0.482411999255419,-0.16080404818058,
1909,0.00953792,0.482411999255419,-0.120603036135435,
1910,0.00954816,0.474371799267828,-0.120603036135435,
1911,0.0095584,0.482411999255419,-0.0804020240902901,
1912,0.00956864,0.474371799267828,-0.120603036135435,
1913,0.00957888,0.482411999255419,-0.120603036135435,
1914,0.00958912,0.490452199243009,-0.16080404818058,
1915,0.00959936,0.482411999255419,-0.120603036135435,
1916,0.0096096,0.482411999255419,-0.120603036135435,
1917,0.00961984,0.482411999255419,-0.120603036135435,
1918,0.00963008,0.490452199243009,-0.120603036135435,
1919,0.00964032,0.490452199243009,-0.120603036135435,
1920,0.00965056,0.482411999255419,-0.0804020240902901,
1921,0.0096608,0.482411999255419,-0.16080404818058,
1922,0.00967104,0.490452199243009,-0.120603036135435,
1923,0.00968128,0.482411999255419,-0.16080404818058,
1924,0.00969152,0.490452199243009,-0.120603036135435,
1925,0.00970176,0.490452199243009,-0.120603036135435,
1926,0.009712,0.490452199243009,-0.120603036135435,
1927,0.00972224,0.490452199243009,-0.120603036135435,
1928,0.00973248,0.490452199243009,-0.16080404818058,
1929,0.00974272,0.490452199243009,-0.120603036135435,
1930,0.00975296,0.498492399230599,-0.120603036135435,
1931,0.0097632,0.498492399230599,-0.120603036135435,
1932,0.00977344,0.498492399230599,-0.120603036135435,
1933,0.00978368,0.490452199243009,-0.120603036135435,
1934,0.00979392,0.490452199243009,-0.120603036135435,
1935,0.00980416,0.482411999255419,-0.120603036135435,
1936,0.0098144,0.498492399230599,-0.16080404818058,
1937,0.00982464,0.498492399230599,-0.120603036135435,
1938,0.00983488,0.490452199243009,-0.120603036135435,
1939,0.00984512,0.482411999255419,-0.120603036135435,
1940,0.00985536,0.498492399230599,-0.120603036135435,
1941,0.0098656,0.498492399230599,-0.120603036135435,
1942,0.00987584,0.498492399230599,-0.120603036135435,
1943,0.00988608,0.490452199243009,-0.120603036135435,
1944,0.00989632,0.490452199243009,-0.120603036135435,
1945,0.00990656,0.50653259921819,-0.120603036135435,
1946,0.0099168,0.498492399230599,-0.120603036135435,
1947,0.00992704,0.490452199243009,-0.120603036135435,
1948,0.00993728,0.498492399230599,-0.16080404818058,
1949,0.00994752,0.490452199243009,-0.0804020240902901,
1950,0.00995776,0.498492399230599,-0.16080404818058,
1951,0.009968,0.498492399230599,-0.120603036135435,
1952,0.00997824,0.490452199243009,-0.120603036135435,
1953,0.00998848,0.498492399230599,-0.120603036135435,
