Model: ,Oscilloscope DSO-X 1102G
Serial Number:,CN57246464
Address: ,USBInstrument3
Date: ,2026-09-28 16:18:50

Sample Number,Time (s),1 (VOLT),2 (VOLT),
1,-0.05,-0.176884399726987,0.120603036135435,
2,-0.0499488,-0.192964799702168,0.0804020240902901,
3,-0.0498976,-0.201004999689758,0.16080404818058,
4,-0.0498464,-0.201004999689758,0.0804020240902901,
5,-0.0497952,-0.209045199677348,0.120603036135435,
6,-0.049744,-0.217085399664938,0.0804020240902901,
7,-0.0496928,-0.217085399664938,0.120603036135435,
8,-0.0496416,-0.209045199677348,0.0804020240902901,
9,-0.0495904,-0.225125599652529,0.0804020240902901,
10,-0.0495392,-0.225125599652529,0.120603036135435,
11,-0.049488,-0.233165799640119,0.120603036135435,
12,-0.0494368,-0.233165799640119,0.120603036135435,
13,-0.0493856,-0.241205999627709,0.120603036135435,
14,-0.0493344,-0.241205999627709,0.0804020240902901,
15,-0.0492832,-0.2492461996153,0.0804020240902901,
16,-0.049232,-0.25728639960289,0.0804020240902901,
17,-0.0491808,-0.26532659959048,0.120603036135435,
18,-0.0491296,-0.26532659959048,0.0804020240902901,
19,-0.0490784,-0.273366799578071,0.120603036135435,
20,-0.0490272,-0.26532659959048,0.0804020240902901,
21,-0.048976,-0.281406999565661,0.0804020240902901,
22,-0.0489248,-0.273366799578071,0.040201012045145,
23,-0.0488736,-0.281406999565661,0.120603036135435,
24,-0.0488224,-0.281406999565661,0.040201012045145,
25,-0.0487712,-0.281406999565661,0.040201012045145,
26,-0.04872,-0.289447199553251,0.0804020240902901,
27,-0.0486688,-0.305527599528432,0.040201012045145,
28,-0.0486176,-0.289447199553251,0.0804020240902901,
29,-0.0485664,-0.305527599528432,0.040201012045145,
30,-0.0485152,-0.305527599528432,0.0804020240902901,
31,-0.048464,-0.313567799516022,0.040201012045145,
32,-0.0484128,-0.313567799516022,0.040201012045145,
33,-0.0483616,-0.329648199491203,0.040201012045145,
34,-0.0483104,-0.329648199491203,0.0804020240902901,
35,-0.0482592,-0.329648199491203,0.040201012045145,
36,-0.048208,-0.329648199491203,0.040201012045145,
37,-0.0481568,-0.345728599466383,0.0804020240902901,
38,-0.0481056,-0.329648199491203,0.040201012045145,
39,-0.0480544,-0.337688399478793,0.040201012045145,
40,-0.0480032,-0.345728599466383,0.040201012045145,
41,-0.047952,-0.345728599466383,0.040201012045145,
42,-0.0479008,-0.353768799453974,0,
43,-0.0478496,-0.353768799453974,0.040201012045145,
44,-0.0477984,-0.353768799453974,0.040201012045145,
45,-0.0477472,-0.353768799453974,0.040201012045145,
46,-0.047696,-0.361808999441564,0,
47,-0.0476448,-0.361808999441564,0.040201012045145,
48,-0.0475936,-0.377889399416745,0,
49,-0.0475424,-0.369849199429154,0,
50,-0.0474912,-0.377889399416745,0,
51,-0.04744,-0.385929599404335,0,
52,-0.0473888,-0.385929599404335,0.040201012045145,
53,-0.0473376,-0.393969799391925,0.040201012045145,
54,-0.0472864,-0.393969799391925,0.040201012045145,
55,-0.0472352,-0.393969799391925,0,
56,-0.047184,-0.402009999379516,0,
57,-0.0471328,-0.410050199367106,0,
58,-0.0470816,-0.402009999379516,-0.040201012045145,
59,-0.0470304,-0.402009999379516,0,
60,-0.0469792,-0.410050199367106,0,
61,-0.046928,-0.410050199367106,0,
62,-0.0468768,-0.410050199367106,0,
63,-0.0468256,-0.410050199367106,0,
64,-0.0467744,-0.418090399354696,-0.040201012045145,
65,-0.0467232,-0.426130599342287,-0.040201012045145,
66,-0.046672,-0.434170799329877,-0.040201012045145,
67,-0.0466208,-0.426130599342287,-0.040201012045145,
68,-0.0465696,-0.426130599342287,-0.040201012045145,
69,-0.0465184,-0.434170799329877,-0.040201012045145,
70,-0.0464672,-0.434170799329877,-0.040201012045145,
71,-0.046416,-0.442210999317467,-0.040201012045145,
72,-0.0463648,-0.442210999317467,0,
73,-0.0463136,-0.442210999317467,-0.040201012045145,
74,-0.0462624,-0.450251199305058,0,
75,-0.0462112,-0.450251199305058,-0.040201012045145,
76,-0.04616,-0.450251199305058,-0.040201012045145,
77,-0.0461088,-0.450251199305058,-0.0804020240902901,
78,-0.0460576,-0.450251199305058,-0.040201012045145,
79,-0.0460064,-0.458291399292648,-0.0804020240902901,
80,-0.0459552,-0.458291399292648,-0.0804020240902901,
81,-0.045904,-0.474371799267828,-0.040201012045145,
82,-0.0458528,-0.466331599280238,-0.040201012045145,
83,-0.0458016,-0.466331599280238,-0.040201012045145,
84,-0.0457504,-0.466331599280238,-0.040201012045145,
85,-0.0456992,-0.474371799267828,-0.0804020240902901,
86,-0.045648,-0.466331599280238,-0.0804020240902901,
87,-0.0455968,-0.466331599280238,-0.0804020240902901,
88,-0.0455456,-0.474371799267828,-0.0804020240902901,
89,-0.0454944,-0.474371799267828,-0.0804020240902901,
90,-0.0454432,-0.474371799267828,-0.0804020240902901,
91,-0.045392,-0.474371799267828,-0.0804020240902901,
92,-0.0453408,-0.474371799267828,-0.0804020240902901,
93,-0.0452896,-0.474371799267828,-0.040201012045145,
94,-0.0452384,-0.482411999255419,-0.0804020240902901,
95,-0.0451872,-0.482411999255419,-0.0804020240902901,
96,-0.045136,-0.482411999255419,-0.0804020240902901,
97,-0.0450848,-0.490452199243009,-0.0804020240902901,
98,-0.0450336,-0.490452199243009,-0.0804020240902901,
99,-0.0449824,-0.498492399230599,-0.0804020240902901,
100,-0.0449312,-0.482411999255419,-0.0804020240902901,
101,-0.04488,-0.490452199243009,-0.0804020240902901,
102,-0.0448288,-0.490452199243009,-0.0804020240902901,
103,-0.0447776,-0.490452199243009,-0.0804020240902901,
104,-0.0447264,-0.490452199243009,-0.120603036135435,
105,-0.0446752,-0.498492399230599,-0.0804020240902901,
106,-0.044624,-0.498492399230599,-0.0804020240902901,
107,-0.0445728,-0.490452199243009,-0.120603036135435,
108,-0.0445216,-0.498492399230599,-0.120603036135435,
109,-0.0444704,-0.490452199243009,-0.120603036135435,
110,-0.0444192,-0.498492399230599,-0.120603036135435,
111,-0.044368,-0.490452199243009,-0.120603036135435,
112,-0.0443168,-0.498492399230599,-0.120603036135435,
113,-0.0442656,-0.498492399230599,-0.120603036135435,
114,-0.0442144,-0.498492399230599,-0.120603036135435,
115,-0.0441632,-0.498492399230599,-0.120603036135435,
116,-0.044112,-0.50653259921819,-0.120603036135435,
117,-0.0440608,-0.50653259921819,-0.120603036135435,
118,-0.0440096,-0.498492399230599,-0.120603036135435,
119,-0.0439584,-0.498492399230599,-0.120603036135435,
120,-0.0439072,-0.50653259921819,-0.16080404818058,
121,-0.043856,-0.50653259921819,-0.16080404818058,
122,-0.0438048,-0.498492399230599,-0.120603036135435,
123,-0.0437536,-0.50653259921819,-0.0804020240902901,
124,-0.0437024,-0.498492399230599,-0.120603036135435,
125,-0.0436512,-0.498492399230599,-0.120603036135435,
126,-0.0436,-0.50653259921819,-0.16080404818058,
127,-0.0435488,-0.50653259921819,-0.120603036135435,
128,-0.0434976,-0.50653259921819,-0.16080404818058,
129,-0.0434464,-0.50653259921819,-0.120603036135435,
130,-0.0433952,-0.50653259921819,-0.16080404818058,
131,-0.043344,-0.498492399230599,-0.16080404818058,
132,-0.0432928,-0.50653259921819,-0.16080404818058,
133,-0.0432416,-0.498492399230599,-0.201005060225725,
134,-0.0431904,-0.50653259921819,-0.16080404818058,
135,-0.0431392,-0.50653259921819,-0.201005060225725,
136,-0.043088,-0.498492399230599,-0.201005060225725,
137,-0.0430368,-0.50653259921819,-0.16080404818058,
138,-0.0429856,-0.498492399230599,-0.16080404818058,
139,-0.0429344,-0.498492399230599,-0.201005060225725,
140,-0.0428832,-0.490452199243009,-0.16080404818058,
141,-0.042832,-0.498492399230599,-0.201005060225725,
142,-0.0427808,-0.50653259921819,-0.201005060225725,
143,-0.0427296,-0.50653259921819,-0.16080404818058,
144,-0.0426784,-0.490452199243009,-0.201005060225725,
145,-0.0426272,-0.490452199243009,-0.16080404818058,
146,-0.042576,-0.498492399230599,-0.201005060225725,
147,-0.0425248,-0.498492399230599,-0.201005060225725,
148,-0.0424736,-0.490452199243009,-0.201005060225725,
149,-0.0424224,-0.482411999255419,-0.201005060225725,
150,-0.0423712,-0.490452199243009,-0.201005060225725,
151,-0.04232,-0.490452199243009,-0.201005060225725,
152,-0.0422688,-0.490452199243009,-0.201005060225725,
153,-0.0422176,-0.490452199243009,-0.201005060225725,
154,-0.0421664,-0.482411999255419,-0.24120607227087,
155,-0.0421152,-0.490452199243009,-0.24120607227087,
156,-0.042064,-0.482411999255419,-0.201005060225725,
157,-0.0420128,-0.482411999255419,-0.201005060225725,
158,-0.0419616,-0.482411999255419,-0.201005060225725,
159,-0.0419104,-0.482411999255419,-0.16080404818058,
160,-0.0418592,-0.474371799267828,-0.201005060225725,
161,-0.041808,-0.474371799267828,-0.24120607227087,
162,-0.0417568,-0.474371799267828,-0.201005060225725,
163,-0.0417056,-0.474371799267828,-0.16080404818058,
164,-0.0416544,-0.474371799267828,-0.201005060225725,
165,-0.0416032,-0.466331599280238,-0.201005060225725,
166,-0.041552,-0.466331599280238,-0.24120607227087,
167,-0.0415008,-0.466331599280238,-0.201005060225725,
168,-0.0414496,-0.466331599280238,-0.281407084316015,
169,-0.0413984,-0.458291399292648,-0.201005060225725,
170,-0.0413472,-0.466331599280238,-0.201005060225725,
171,-0.041296,-0.458291399292648,-0.201005060225725,
172,-0.0412448,-0.450251199305058,-0.201005060225725,
173,-0.0411936,-0.450251199305058,-0.24120607227087,
174,-0.0411424,-0.458291399292648,-0.24120607227087,
175,-0.0410912,-0.450251199305058,-0.24120607227087,
176,-0.04104,-0.442210999317467,-0.24120607227087,
177,-0.0409888,-0.442210999317467,-0.24120607227087,
178,-0.0409376,-0.458291399292648,-0.24120607227087,
179,-0.0408864,-0.434170799329877,-0.24120607227087,
180,-0.0408352,-0.434170799329877,-0.201005060225725,
181,-0.040784,-0.434170799329877,-0.24120607227087,
182,-0.0407328,-0.434170799329877,-0.24120607227087,
183,-0.0406816,-0.426130599342287,-0.24120607227087,
184,-0.0406304,-0.426130599342287,-0.281407084316015,
185,-0.0405792,-0.426130599342287,-0.201005060225725,
186,-0.040528,-0.426130599342287,-0.24120607227087,
187,-0.0404768,-0.418090399354696,-0.24120607227087,
188,-0.0404256,-0.418090399354696,-0.24120607227087,
189,-0.0403744,-0.410050199367106,-0.24120607227087,
190,-0.0403232,-0.410050199367106,-0.281407084316015,
191,-0.040272,-0.418090399354696,-0.24120607227087,
192,-0.0402208,-0.410050199367106,-0.24120607227087,
193,-0.0401696,-0.402009999379516,-0.24120607227087,
194,-0.0401184,-0.393969799391925,-0.281407084316015,
195,-0.0400672,-0.393969799391925,-0.281407084316015,
196,-0.040016,-0.393969799391925,-0.24120607227087,
197,-0.0399648,-0.385929599404335,-0.24120607227087,
198,-0.0399136,-0.385929599404335,-0.201005060225725,
199,-0.0398624,-0.385929599404335,-0.24120607227087,
200,-0.0398112,-0.377889399416745,-0.24120607227087,
201,-0.03976,-0.377889399416745,-0.281407084316015,
202,-0.0397088,-0.377889399416745,-0.24120607227087,
203,-0.0396576,-0.369849199429154,-0.24120607227087,
204,-0.0396064,-0.345728599466383,-0.24120607227087,
205,-0.0395552,-0.361808999441564,-0.24120607227087,
206,-0.039504,-0.369849199429154,-0.24120607227087,
207,-0.0394528,-0.353768799453974,-0.281407084316015,
208,-0.0394016,-0.353768799453974,-0.24120607227087,
209,-0.0393504,-0.345728599466383,-0.281407084316015,
210,-0.0392992,-0.345728599466383,-0.24120607227087,
211,-0.039248,-0.353768799453974,-0.281407084316015,
212,-0.0391968,-0.337688399478793,-0.281407084316015,
213,-0.0391456,-0.337688399478793,-0.201005060225725,
214,-0.0390944,-0.329648199491203,-0.281407084316015,
215,-0.0390432,-0.329648199491203,-0.281407084316015,
216,-0.038992,-0.321607999503613,-0.24120607227087,
217,-0.0389408,-0.321607999503613,-0.281407084316015,
218,-0.0388896,-0.321607999503613,-0.24120607227087,
219,-0.0388384,-0.313567799516022,-0.24120607227087,
220,-0.0387872,-0.313567799516022,-0.281407084316015,
221,-0.038736,-0.305527599528432,-0.281407084316015,
222,-0.0386848,-0.305527599528432,-0.281407084316015,
223,-0.0386336,-0.297487399540842,-0.281407084316015,
224,-0.0385824,-0.305527599528432,-0.281407084316015,
225,-0.0385312,-0.289447199553251,-0.281407084316015,
226,-0.03848,-0.281406999565661,-0.24120607227087,
227,-0.0384288,-0.281406999565661,-0.281407084316015,
228,-0.0383776,-0.273366799578071,-0.281407084316015,
229,-0.0383264,-0.281406999565661,-0.281407084316015,
230,-0.0382752,-0.273366799578071,-0.32160809636116,
231,-0.038224,-0.273366799578071,-0.24120607227087,
232,-0.0381728,-0.26532659959048,-0.24120607227087,
233,-0.0381216,-0.25728639960289,-0.281407084316015,
234,-0.0380704,-0.2492461996153,-0.24120607227087,
235,-0.0380192,-0.2492461996153,-0.24120607227087,
236,-0.037968,-0.233165799640119,-0.281407084316015,
237,-0.0379168,-0.2492461996153,-0.281407084316015,
238,-0.0378656,-0.233165799640119,-0.281407084316015,
239,-0.0378144,-0.233165799640119,-0.24120607227087,
240,-0.0377632,-0.217085399664938,-0.281407084316015,
241,-0.037712,-0.225125599652529,-0.24120607227087,
242,-0.0376608,-0.217085399664938,-0.281407084316015,
243,-0.0376096,-0.225125599652529,-0.24120607227087,
244,-0.0375584,-0.209045199677348,-0.281407084316015,
245,-0.0375072,-0.201004999689758,-0.281407084316015,
246,-0.037456,-0.201004999689758,-0.281407084316015,
247,-0.0374048,-0.192964799702168,-0.32160809636116,
248,-0.0373536,-0.192964799702168,-0.281407084316015,
249,-0.0373024,-0.184924599714577,-0.281407084316015,
250,-0.0372512,-0.176884399726987,-0.24120607227087,
251,-0.0372,-0.176884399726987,-0.24120607227087,
252,-0.0371488,-0.176884399726987,-0.24120607227087,
253,-0.0370976,-0.168844199739397,-0.281407084316015,
254,-0.0370464,-0.160803999751806,-0.24120607227087,
255,-0.0369952,-0.160803999751806,-0.24120607227087,
256,-0.036944,-0.152763799764216,-0.281407084316015,
257,-0.0368928,-0.152763799764216,-0.281407084316015,
258,-0.0368416,-0.152763799764216,-0.24120607227087,
259,-0.0367904,-0.144723599776626,-0.24120607227087,
260,-0.0367392,-0.136683399789035,-0.24120607227087,
261,-0.036688,-0.128643199801445,-0.281407084316015,
262,-0.0366368,-0.120602999813855,-0.281407084316015,
263,-0.0365856,-0.120602999813855,-0.24120607227087,
264,-0.0365344,-0.112562799826264,-0.281407084316015,
265,-0.0364832,-0.112562799826264,-0.24120607227087,
266,-0.036432,-0.112562799826264,-0.201005060225725,
267,-0.0363808,-0.104522599838674,-0.24120607227087,
268,-0.0363296,-0.0964823998510838,-0.24120607227087,
269,-0.0362784,-0.0884421998634934,-0.24120607227087,
270,-0.0362272,-0.0884421998634934,-0.281407084316015,
271,-0.036176,-0.0884421998634934,-0.24120607227087,
272,-0.0361248,-0.0884421998634934,-0.281407084316015,
273,-0.0360736,-0.0804019998759031,-0.24120607227087,
274,-0.0360224,-0.0723617998883128,-0.24120607227087,
275,-0.0359712,-0.0723617998883128,-0.281407084316015,
276,-0.03592,-0.0643215999007225,-0.201005060225725,
277,-0.0358688,-0.0562813999131322,-0.24120607227087,
278,-0.0358176,-0.0562813999131322,-0.281407084316015,
279,-0.0357664,-0.0482411999255419,-0.201005060225725,
280,-0.0357152,-0.0482411999255419,-0.201005060225725,
281,-0.035664,-0.0402009999379516,-0.24120607227087,
282,-0.0356128,-0.0321607999503613,-0.24120607227087,
283,-0.0355616,-0.0321607999503613,-0.281407084316015,
284,-0.0355104,-0.0241205999627709,-0.24120607227087,
285,-0.0354592,-0.00804019998759031,-0.24120607227087,
286,-0.035408,-0.00804019998759031,-0.24120607227087,
287,-0.0353568,-0.00804019998759031,-0.24120607227087,
288,-0.0353056,-0.00804019998759031,-0.24120607227087,
289,-0.0352544,0.00804019998759031,-0.201005060225725,
290,-0.0352032,0,-0.24120607227087,
291,-0.035152,0.00804019998759031,-0.201005060225725,
292,-0.0351008,0.00804019998759031,-0.201005060225725,
293,-0.0350496,0.0160803999751806,-0.201005060225725,
294,-0.0349984,0.0160803999751806,-0.24120607227087,
295,-0.0349472,0.0241205999627709,-0.24120607227087,
296,-0.034896,0.0321607999503613,-0.201005060225725,
297,-0.0348448,0.0321607999503613,-0.24120607227087,
298,-0.0347936,0.0402009999379516,-0.201005060225725,
299,-0.0347424,0.0482411999255419,-0.201005060225725,
300,-0.0346912,0.0482411999255419,-0.201005060225725,
301,-0.03464,0.0562813999131322,-0.16080404818058,
302,-0.0345888,0.0562813999131322,-0.201005060225725,
303,-0.0345376,0.0643215999007225,-0.24120607227087,
304,-0.0344864,0.0643215999007225,-0.201005060225725,
305,-0.0344352,0.0804019998759031,-0.201005060225725,
306,-0.034384,0.0723617998883128,-0.24120607227087,
307,-0.0343328,0.0884421998634934,-0.201005060225725,
308,-0.0342816,0.0884421998634934,-0.16080404818058,
309,-0.0342304,0.0964823998510838,-0.201005060225725,
310,-0.0341792,0.0964823998510838,-0.24120607227087,
311,-0.034128,0.0964823998510838,-0.201005060225725,
312,-0.0340768,0.104522599838674,-0.281407084316015,
313,-0.0340256,0.112562799826264,-0.201005060225725,
314,-0.0339744,0.112562799826264,-0.201005060225725,
315,-0.0339232,0.120602999813855,-0.201005060225725,
316,-0.033872,0.128643199801445,-0.201005060225725,
317,-0.0338208,0.136683399789035,-0.201005060225725,
318,-0.0337696,0.128643199801445,-0.201005060225725,
319,-0.0337184,0.144723599776626,-0.16080404818058,
320,-0.0336672,0.144723599776626,-0.24120607227087,
321,-0.033616,0.160803999751806,-0.16080404818058,
322,-0.0335648,0.152763799764216,-0.201005060225725,
323,-0.0335136,0.160803999751806,-0.16080404818058,
324,-0.0334624,0.160803999751806,-0.201005060225725,
325,-0.0334112,0.168844199739397,-0.201005060225725,
326,-0.03336,0.168844199739397,-0.16080404818058,
327,-0.0333088,0.184924599714577,-0.16080404818058,
328,-0.0332576,0.192964799702168,-0.16080404818058,
329,-0.0332064,0.184924599714577,-0.16080404818058,
330,-0.0331552,0.192964799702168,-0.16080404818058,
331,-0.033104,0.192964799702168,-0.16080404818058,
332,-0.0330528,0.201004999689758,-0.201005060225725,
333,-0.0330016,0.209045199677348,-0.16080404818058,
334,-0.0329504,0.201004999689758,-0.16080404818058,
335,-0.0328992,0.209045199677348,-0.120603036135435,
336,-0.032848,0.217085399664938,-0.16080404818058,
337,-0.0327968,0.225125599652529,-0.16080404818058,
338,-0.0327456,0.225125599652529,-0.16080404818058,
339,-0.0326944,0.233165799640119,-0.16080404818058,
340,-0.0326432,0.233165799640119,-0.201005060225725,
341,-0.032592,0.233165799640119,-0.16080404818058,
342,-0.0325408,0.241205999627709,-0.120603036135435,
343,-0.0324896,0.2492461996153,-0.16080404818058,
344,-0.0324384,0.25728639960289,-0.16080404818058,
345,-0.0323872,0.2492461996153,-0.16080404818058,
346,-0.032336,0.26532659959048,-0.120603036135435,
347,-0.0322848,0.273366799578071,-0.16080404818058,
348,-0.0322336,0.26532659959048,-0.16080404818058,
349,-0.0321824,0.273366799578071,-0.16080404818058,
350,-0.0321312,0.273366799578071,-0.120603036135435,
351,-0.03208,0.281406999565661,-0.120603036135435,
352,-0.0320288,0.289447199553251,-0.0804020240902901,
353,-0.0319776,0.289447199553251,-0.120603036135435,
354,-0.0319264,0.297487399540842,-0.120603036135435,
355,-0.0318752,0.297487399540842,-0.16080404818058,
356,-0.031824,0.297487399540842,-0.0804020240902901,
357,-0.0317728,0.305527599528432,-0.120603036135435,
358,-0.0317216,0.305527599528432,-0.120603036135435,
359,-0.0316704,0.313567799516022,-0.201005060225725,
360,-0.0316192,0.313567799516022,-0.16080404818058,
361,-0.031568,0.321607999503613,-0.120603036135435,
362,-0.0315168,0.321607999503613,-0.120603036135435,
363,-0.0314656,0.321607999503613,-0.0804020240902901,
364,-0.0314144,0.329648199491203,-0.120603036135435,
365,-0.0313632,0.321607999503613,-0.120603036135435,
366,-0.031312,0.337688399478793,-0.120603036135435,
367,-0.0312608,0.337688399478793,-0.120603036135435,
368,-0.0312096,0.345728599466383,-0.120603036135435,
369,-0.0311584,0.345728599466383,-0.120603036135435,
370,-0.0311072,0.353768799453974,-0.120603036135435,
371,-0.031056,0.353768799453974,-0.120603036135435,
372,-0.0310048,0.353768799453974,-0.0804020240902901,
373,-0.0309536,0.361808999441564,-0.120603036135435,
374,-0.0309024,0.369849199429154,-0.0804020240902901,
375,-0.0308512,0.361808999441564,-0.120603036135435,
376,-0.0308,0.369849199429154,-0.120603036135435,
377,-0.0307488,0.369849199429154,-0.0804020240902901,
378,-0.0306976,0.377889399416745,-0.0804020240902901,
379,-0.0306464,0.385929599404335,-0.0804020240902901,
380,-0.0305952,0.377889399416745,-0.0804020240902901,
381,-0.030544,0.385929599404335,-0.120603036135435,
382,-0.0304928,0.393969799391925,-0.0804020240902901,
383,-0.0304416,0.385929599404335,-0.040201012045145,
384,-0.0303904,0.393969799391925,-0.120603036135435,
385,-0.0303392,0.402009999379516,-0.0804020240902901,
386,-0.030288,0.410050199367106,-0.040201012045145,
387,-0.0302368,0.402009999379516,-0.0804020240902901,
388,-0.0301856,0.410050199367106,-0.040201012045145,
389,-0.0301344,0.418090399354696,-0.040201012045145,
390,-0.0300832,0.410050199367106,-0.040201012045145,
391,-0.030032,0.418090399354696,-0.0804020240902901,
392,-0.0299808,0.426130599342287,-0.0804020240902901,
393,-0.0299296,0.418090399354696,-0.040201012045145,
394,-0.0298784,0.418090399354696,-0.0804020240902901,
395,-0.0298272,0.418090399354696,-0.040201012045145,
396,-0.029776,0.434170799329877,-0.040201012045145,
397,-0.0297248,0.434170799329877,-0.040201012045145,
398,-0.0296736,0.434170799329877,-0.0804020240902901,
399,-0.0296224,0.426130599342287,0,
400,-0.0295712,0.434170799329877,-0.040201012045145,
401,-0.02952,0.442210999317467,0,
402,-0.0294688,0.442210999317467,-0.040201012045145,
403,-0.0294176,0.442210999317467,-0.040201012045145,
404,-0.0293664,0.450251199305058,-0.040201012045145,
405,-0.0293152,0.450251199305058,-0.040201012045145,
406,-0.029264,0.450251199305058,-0.040201012045145,
407,-0.0292128,0.450251199305058,0,
408,-0.0291616,0.458291399292648,-0.040201012045145,
409,-0.0291104,0.458291399292648,0,
410,-0.0290592,0.458291399292648,0,
411,-0.029008,0.458291399292648,0,
412,-0.0289568,0.458291399292648,0,
413,-0.0289056,0.458291399292648,-0.040201012045145,
414,-0.0288544,0.458291399292648,0,
415,-0.0288032,0.466331599280238,0,
416,-0.028752,0.466331599280238,0,
417,-0.0287008,0.466331599280238,0,
418,-0.0286496,0.466331599280238,0.040201012045145,
419,-0.0285984,0.466331599280238,0.040201012045145,
420,-0.0285472,0.474371799267828,0.040201012045145,
421,-0.028496,0.474371799267828,0.040201012045145,
422,-0.0284448,0.482411999255419,0,
423,-0.0283936,0.482411999255419,0.040201012045145,
424,-0.0283424,0.482411999255419,0,
425,-0.0282912,0.474371799267828,0.040201012045145,
426,-0.02824,0.490452199243009,0.040201012045145,
427,-0.0281888,0.482411999255419,0,
428,-0.0281376,0.490452199243009,0,
429,-0.0280864,0.482411999255419,0.0804020240902901,
430,-0.0280352,0.482411999255419,0.040201012045145,
431,-0.027984,0.482411999255419,0.040201012045145,
432,-0.0279328,0.482411999255419,0,
433,-0.0278816,0.490452199243009,0.040201012045145,
434,-0.0278304,0.482411999255419,0.040201012045145,
435,-0.0277792,0.482411999255419,0.040201012045145,
436,-0.027728,0.490452199243009,0,
437,-0.0276768,0.490452199243009,0,
438,-0.0276256,0.490452199243009,0.040201012045145,
439,-0.0275744,0.490452199243009,0.040201012045145,
440,-0.0275232,0.490452199243009,0.0804020240902901,
441,-0.027472,0.490452199243009,0.040201012045145,
442,-0.0274208,0.490452199243009,0,
443,-0.0273696,0.490452199243009,0.040201012045145,
444,-0.0273184,0.498492399230599,0.040201012045145,
445,-0.0272672,0.490452199243009,0.0804020240902901,
446,-0.027216,0.490452199243009,0.040201012045145,
447,-0.0271648,0.490452199243009,0.0804020240902901,
448,-0.0271136,0.490452199243009,0.0804020240902901,
449,-0.0270624,0.490452199243009,0.040201012045145,
450,-0.0270112,0.498492399230599,0.120603036135435,
451,-0.02696,0.490452199243009,0.0804020240902901,
452,-0.0269088,0.490452199243009,0.0804020240902901,
453,-0.0268576,0.498492399230599,0.040201012045145,
454,-0.0268064,0.498492399230599,0.0804020240902901,
455,-0.0267552,0.498492399230599,0.0804020240902901,
456,-0.026704,0.490452199243009,0.0804020240902901,
457,-0.0266528,0.498492399230599,0.0804020240902901,
458,-0.0266016,0.498492399230599,0.040201012045145,
459,-0.0265504,0.498492399230599,0.0804020240902901,
460,-0.0264992,0.490452199243009,0.0804020240902901,
461,-0.026448,0.490452199243009,0.120603036135435,
462,-0.0263968,0.490452199243009,0.0804020240902901,
463,-0.0263456,0.490452199243009,0.120603036135435,
464,-0.0262944,0.490452199243009,0.120603036135435,
465,-0.0262432,0.490452199243009,0.0804020240902901,
466,-0.026192,0.482411999255419,0.120603036135435,
467,-0.0261408,0.482411999255419,0.120603036135435,
468,-0.0260896,0.482411999255419,0.0804020240902901,
469,-0.0260384,0.482411999255419,0.0804020240902901,
470,-0.0259872,0.482411999255419,0.0804020240902901,
471,-0.025936,0.482411999255419,0.0804020240902901,
472,-0.0258848,0.482411999255419,0.120603036135435,
473,-0.0258336,0.474371799267828,0.120603036135435,
474,-0.0257824,0.474371799267828,0.120603036135435,
475,-0.0257312,0.482411999255419,0.120603036135435,
476,-0.02568,0.474371799267828,0.0804020240902901,
477,-0.0256288,0.482411999255419,0.120603036135435,
478,-0.0255776,0.474371799267828,0.120603036135435,
479,-0.0255264,0.482411999255419,0.120603036135435,
480,-0.0254752,0.466331599280238,0.120603036135435,
481,-0.025424,0.474371799267828,0.120603036135435,
482,-0.0253728,0.474371799267828,0.120603036135435,
483,-0.0253216,0.466331599280238,0.120603036135435,
484,-0.0252704,0.474371799267828,0.120603036135435,
485,-0.0252192,0.474371799267828,0.16080404818058,
486,-0.025168,0.466331599280238,0.120603036135435,
487,-0.0251168,0.474371799267828,0.16080404818058,
488,-0.0250656,0.466331599280238,0.120603036135435,
489,-0.0250144,0.458291399292648,0.16080404818058,
490,-0.0249632,0.458291399292648,0.120603036135435,
491,-0.024912,0.466331599280238,0.16080404818058,
492,-0.0248608,0.450251199305058,0.16080404818058,
493,-0.0248096,0.450251199305058,0.120603036135435,
494,-0.0247584,0.450251199305058,0.120603036135435,
495,-0.0247072,0.450251199305058,0.0804020240902901,
496,-0.024656,0.442210999317467,0.16080404818058,
497,-0.0246048,0.450251199305058,0.16080404818058,
498,-0.0245536,0.442210999317467,0.16080404818058,
499,-0.0245024,0.434170799329877,0.120603036135435,
500,-0.0244512,0.450251199305058,0.16080404818058,
501,-0.0244,0.442210999317467,0.16080404818058,
502,-0.0243488,0.434170799329877,0.201005060225725,
503,-0.0242976,0.434170799329877,0.16080404818058,
504,-0.0242464,0.426130599342287,0.16080404818058,
505,-0.0241952,0.426130599342287,0.16080404818058,
506,-0.024144,0.434170799329877,0.201005060225725,
507,-0.0240928,0.426130599342287,0.16080404818058,
508,-0.0240416,0.426130599342287,0.201005060225725,
509,-0.0239904,0.418090399354696,0.16080404818058,
510,-0.0239392,0.418090399354696,0.120603036135435,
511,-0.023888,0.410050199367106,0.16080404818058,
512,-0.0238368,0.410050199367106,0.16080404818058,
513,-0.0237856,0.410050199367106,0.16080404818058,
514,-0.0237344,0.410050199367106,0.16080404818058,
515,-0.0236832,0.410050199367106,0.201005060225725,
516,-0.023632,0.402009999379516,0.16080404818058,
517,-0.0235808,0.393969799391925,0.201005060225725,
518,-0.0235296,0.393969799391925,0.16080404818058,
519,-0.0234784,0.393969799391925,0.16080404818058,
520,-0.0234272,0.393969799391925,0.16080404818058,
521,-0.023376,0.377889399416745,0.201005060225725,
522,-0.0233248,0.385929599404335,0.201005060225725,
523,-0.0232736,0.377889399416745,0.201005060225725,
524,-0.0232224,0.369849199429154,0.16080404818058,
525,-0.0231712,0.369849199429154,0.16080404818058,
526,-0.02312,0.369849199429154,0.16080404818058,
527,-0.0230688,0.369849199429154,0.16080404818058,
528,-0.0230176,0.361808999441564,0.16080404818058,
529,-0.0229664,0.361808999441564,0.16080404818058,
530,-0.0229152,0.353768799453974,0.201005060225725,
531,-0.022864,0.353768799453974,0.201005060225725,
532,-0.0228128,0.345728599466383,0.16080404818058,
533,-0.0227616,0.353768799453974,0.201005060225725,
534,-0.0227104,0.337688399478793,0.201005060225725,
535,-0.0226592,0.337688399478793,0.201005060225725,
536,-0.022608,0.329648199491203,0.16080404818058,
537,-0.0225568,0.329648199491203,0.201005060225725,
538,-0.0225056,0.329648199491203,0.201005060225725,
539,-0.0224544,0.329648199491203,0.16080404818058,
540,-0.0224032,0.313567799516022,0.24120607227087,
541,-0.022352,0.313567799516022,0.16080404818058,
542,-0.0223008,0.305527599528432,0.16080404818058,
543,-0.0222496,0.305527599528432,0.201005060225725,
544,-0.0221984,0.313567799516022,0.201005060225725,
545,-0.0221472,0.297487399540842,0.201005060225725,
546,-0.022096,0.297487399540842,0.16080404818058,
547,-0.0220448,0.297487399540842,0.16080404818058,
548,-0.0219936,0.281406999565661,0.201005060225725,
549,-0.0219424,0.281406999565661,0.201005060225725,
550,-0.0218912,0.273366799578071,0.201005060225725,
551,-0.02184,0.273366799578071,0.201005060225725,
552,-0.0217888,0.273366799578071,0.16080404818058,
553,-0.0217376,0.26532659959048,0.201005060225725,
554,-0.0216864,0.273366799578071,0.24120607227087,
555,-0.0216352,0.26532659959048,0.201005060225725,
556,-0.021584,0.26532659959048,0.16080404818058,
557,-0.0215328,0.25728639960289,0.201005060225725,
558,-0.0214816,0.2492461996153,0.201005060225725,
559,-0.0214304,0.2492461996153,0.201005060225725,
560,-0.0213792,0.241205999627709,0.201005060225725,
561,-0.021328,0.233165799640119,0.201005060225725,
562,-0.0212768,0.233165799640119,0.16080404818058,
563,-0.0212256,0.225125599652529,0.201005060225725,
564,-0.0211744,0.225125599652529,0.201005060225725,
565,-0.0211232,0.225125599652529,0.201005060225725,
566,-0.021072,0.217085399664938,0.201005060225725,
567,-0.0210208,0.209045199677348,0.201005060225725,
568,-0.0209696,0.209045199677348,0.201005060225725,
569,-0.0209184,0.201004999689758,0.201005060225725,
570,-0.0208672,0.192964799702168,0.201005060225725,
571,-0.020816,0.192964799702168,0.201005060225725,
572,-0.0207648,0.201004999689758,0.201005060225725,
573,-0.0207136,0.184924599714577,0.201005060225725,
574,-0.0206624,0.176884399726987,0.24120607227087,
575,-0.0206112,0.176884399726987,0.201005060225725,
576,-0.02056,0.168844199739397,0.16080404818058,
577,-0.0205088,0.168844199739397,0.16080404818058,
578,-0.0204576,0.160803999751806,0.16080404818058,
579,-0.0204064,0.152763799764216,0.201005060225725,
580,-0.0203552,0.152763799764216,0.201005060225725,
581,-0.020304,0.152763799764216,0.201005060225725,
582,-0.0202528,0.144723599776626,0.201005060225725,
583,-0.0202016,0.136683399789035,0.16080404818058,
584,-0.0201504,0.136683399789035,0.16080404818058,
585,-0.0200992,0.128643199801445,0.24120607227087,
586,-0.020048,0.120602999813855,0.16080404818058,
587,-0.0199968,0.112562799826264,0.201005060225725,
588,-0.0199456,0.112562799826264,0.201005060225725,
589,-0.0198944,0.112562799826264,0.201005060225725,
590,-0.0198432,0.104522599838674,0.201005060225725,
591,-0.019792,0.104522599838674,0.16080404818058,
592,-0.0197408,0.104522599838674,0.16080404818058,
593,-0.0196896,0.0964823998510838,0.16080404818058,
594,-0.0196384,0.0884421998634934,0.16080404818058,
595,-0.0195872,0.0804019998759031,0.16080404818058,
596,-0.019536,0.0804019998759031,0.201005060225725,
597,-0.0194848,0.0723617998883128,0.16080404818058,
598,-0.0194336,0.0723617998883128,0.201005060225725,
599,-0.0193824,0.0643215999007225,0.16080404818058,
600,-0.0193312,0.0562813999131322,0.16080404818058,
601,-0.01928,0.0562813999131322,0.16080404818058,
602,-0.0192288,0.0482411999255419,0.201005060225725,
603,-0.0191776,0.0482411999255419,0.16080404818058,
604,-0.0191264,0.0321607999503613,0.201005060225725,
605,-0.0190752,0.0321607999503613,0.16080404818058,
606,-0.019024,0.0321607999503613,0.201005060225725,
607,-0.0189728,0.0241205999627709,0.16080404818058,
608,-0.0189216,0.0321607999503613,0.16080404818058,
609,-0.0188704,0.0160803999751806,0.201005060225725,
610,-0.0188192,0.00804019998759031,0.201005060225725,
611,-0.018768,0.00804019998759031,0.16080404818058,
612,-0.0187168,0.00804019998759031,0.16080404818058,
613,-0.0186656,0,0.16080404818058,
614,-0.0186144,-0.00804019998759031,0.16080404818058,
615,-0.0185632,-0.00804019998759031,0.201005060225725,
616,-0.018512,-0.0160803999751806,0.16080404818058,
617,-0.0184608,-0.0241205999627709,0.16080404818058,
618,-0.0184096,-0.0241205999627709,0.16080404818058,
619,-0.0183584,-0.0321607999503613,0.16080404818058,
620,-0.0183072,-0.0321607999503613,0.16080404818058,
621,-0.018256,-0.0402009999379516,0.201005060225725,
622,-0.0182048,-0.0482411999255419,0.201005060225725,
623,-0.0181536,-0.0482411999255419,0.120603036135435,
624,-0.0181024,-0.0562813999131322,0.120603036135435,
625,-0.0180512,-0.0643215999007225,0.16080404818058,
626,-0.018,-0.0643215999007225,0.120603036135435,
627,-0.0179488,-0.0643215999007225,0.16080404818058,
628,-0.0178976,-0.0723617998883128,0.16080404818058,
629,-0.0178464,-0.0804019998759031,0.16080404818058,
630,-0.0177952,-0.0884421998634934,0.120603036135435,
631,-0.017744,-0.0804019998759031,0.201005060225725,
632,-0.0176928,-0.0884421998634934,0.16080404818058,
633,-0.0176416,-0.0964823998510838,0.16080404818058,
634,-0.0175904,-0.0964823998510838,0.16080404818058,
635,-0.0175392,-0.104522599838674,0.16080404818058,
636,-0.017488,-0.112562799826264,0.16080404818058,
637,-0.0174368,-0.120602999813855,0.16080404818058,
638,-0.0173856,-0.120602999813855,0.120603036135435,
639,-0.0173344,-0.120602999813855,0.120603036135435,
640,-0.0172832,-0.128643199801445,0.0804020240902901,
641,-0.017232,-0.128643199801445,0.16080404818058,
642,-0.0171808,-0.144723599776626,0.120603036135435,
643,-0.0171296,-0.144723599776626,0.16080404818058,
644,-0.0170784,-0.144723599776626,0.120603036135435,
645,-0.0170272,-0.152763799764216,0.0804020240902901,
646,-0.016976,-0.160803999751806,0.120603036135435,
647,-0.0169248,-0.152763799764216,0.120603036135435,
648,-0.0168736,-0.168844199739397,0.16080404818058,
649,-0.0168224,-0.168844199739397,0.120603036135435,
650,-0.0167712,-0.176884399726987,0.16080404818058,
651,-0.01672,-0.176884399726987,0.120603036135435,
652,-0.0166688,-0.192964799702168,0.120603036135435,
653,-0.0166176,-0.201004999689758,0.120603036135435,
654,-0.0165664,-0.192964799702168,0.120603036135435,
655,-0.0165152,-0.201004999689758,0.120603036135435,
656,-0.016464,-0.209045199677348,0.0804020240902901,
657,-0.0164128,-0.209045199677348,0.0804020240902901,
658,-0.0163616,-0.217085399664938,0.0804020240902901,
659,-0.0163104,-0.217085399664938,0.120603036135435,
660,-0.0162592,-0.217085399664938,0.120603036135435,
661,-0.016208,-0.233165799640119,0.0804020240902901,
662,-0.0161568,-0.233165799640119,0.120603036135435,
663,-0.0161056,-0.233165799640119,0.0804020240902901,
664,-0.0160544,-0.241205999627709,0.0804020240902901,
665,-0.0160032,-0.241205999627709,0.0804020240902901,
666,-0.015952,-0.2492461996153,0.0804020240902901,
667,-0.0159008,-0.2492461996153,0.0804020240902901,
668,-0.0158496,-0.25728639960289,0.0804020240902901,
669,-0.0157984,-0.25728639960289,0.0804020240902901,
670,-0.0157472,-0.26532659959048,0.0804020240902901,
671,-0.015696,-0.26532659959048,0.0804020240902901,
672,-0.0156448,-0.26532659959048,0.120603036135435,
673,-0.0155936,-0.281406999565661,0.040201012045145,
674,-0.0155424,-0.281406999565661,0.0804020240902901,
675,-0.0154912,-0.281406999565661,0.040201012045145,
676,-0.01544,-0.289447199553251,0.0804020240902901,
677,-0.0153888,-0.297487399540842,0.040201012045145,
678,-0.0153376,-0.297487399540842,0.0804020240902901,
679,-0.0152864,-0.297487399540842,0,
680,-0.0152352,-0.297487399540842,0.040201012045145,
681,-0.015184,-0.305527599528432,0.0804020240902901,
682,-0.0151328,-0.305527599528432,0.040201012045145,
683,-0.0150816,-0.313567799516022,0.0804020240902901,
684,-0.0150304,-0.321607999503613,0.0804020240902901,
685,-0.0149792,-0.321607999503613,0.0804020240902901,
686,-0.014928,-0.329648199491203,0.040201012045145,
687,-0.0148768,-0.329648199491203,0.040201012045145,
688,-0.0148256,-0.337688399478793,0.040201012045145,
689,-0.0147744,-0.337688399478793,0.040201012045145,
690,-0.0147232,-0.337688399478793,0.040201012045145,
691,-0.014672,-0.345728599466383,0.040201012045145,
692,-0.0146208,-0.353768799453974,0,
693,-0.0145696,-0.353768799453974,0.040201012045145,
694,-0.0145184,-0.353768799453974,0.0804020240902901,
695,-0.0144672,-0.353768799453974,0.040201012045145,
696,-0.014416,-0.361808999441564,0,
697,-0.0143648,-0.361808999441564,0.040201012045145,
698,-0.0143136,-0.369849199429154,0.040201012045145,
699,-0.0142624,-0.377889399416745,0,
700,-0.0142112,-0.377889399416745,0,
701,-0.01416,-0.377889399416745,0,
702,-0.0141088,-0.385929599404335,0,
703,-0.0140576,-0.385929599404335,-0.040201012045145,
704,-0.0140064,-0.393969799391925,0,
705,-0.0139552,-0.385929599404335,0.040201012045145,
706,-0.013904,-0.402009999379516,0,
707,-0.0138528,-0.393969799391925,0,
708,-0.0138016,-0.402009999379516,0,
709,-0.0137504,-0.410050199367106,0,
710,-0.0136992,-0.402009999379516,-0.040201012045145,
711,-0.013648,-0.402009999379516,0,
712,-0.0135968,-0.418090399354696,-0.040201012045145,
713,-0.0135456,-0.418090399354696,-0.040201012045145,
714,-0.0134944,-0.410050199367106,-0.040201012045145,
715,-0.0134432,-0.418090399354696,0,
716,-0.013392,-0.418090399354696,-0.040201012045145,
717,-0.0133408,-0.426130599342287,-0.040201012045145,
718,-0.0132896,-0.426130599342287,0,
719,-0.0132384,-0.434170799329877,0,
720,-0.0131872,-0.434170799329877,0,
721,-0.013136,-0.442210999317467,0,
722,-0.0130848,-0.442210999317467,-0.040201012045145,
723,-0.0130336,-0.442210999317467,-0.040201012045145,
724,-0.0129824,-0.434170799329877,0,
725,-0.0129312,-0.450251199305058,-0.040201012045145,
726,-0.01288,-0.450251199305058,-0.040201012045145,
727,-0.0128288,-0.442210999317467,-0.040201012045145,
728,-0.0127776,-0.442210999317467,0,
729,-0.0127264,-0.450251199305058,-0.040201012045145,
730,-0.0126752,-0.458291399292648,-0.040201012045145,
731,-0.012624,-0.458291399292648,-0.040201012045145,
732,-0.0125728,-0.458291399292648,-0.040201012045145,
733,-0.0125216,-0.466331599280238,-0.040201012045145,
734,-0.0124704,-0.466331599280238,-0.0804020240902901,
735,-0.0124192,-0.466331599280238,-0.040201012045145,
736,-0.012368,-0.466331599280238,-0.0804020240902901,
737,-0.0123168,-0.466331599280238,-0.0804020240902901,
738,-0.0122656,-0.466331599280238,-0.040201012045145,
739,-0.0122144,-0.466331599280238,-0.0804020240902901,
740,-0.0121632,-0.466331599280238,-0.040201012045145,
741,-0.012112,-0.474371799267828,-0.0804020240902901,
742,-0.0120608,-0.474371799267828,-0.0804020240902901,
743,-0.0120096,-0.482411999255419,-0.0804020240902901,
744,-0.0119584,-0.482411999255419,-0.0804020240902901,
745,-0.0119072,-0.482411999255419,-0.0804020240902901,
746,-0.011856,-0.482411999255419,-0.0804020240902901,
747,-0.0118048,-0.474371799267828,-0.0804020240902901,
748,-0.0117536,-0.490452199243009,-0.0804020240902901,
749,-0.0117024,-0.490452199243009,-0.0804020240902901,
750,-0.0116512,-0.482411999255419,-0.0804020240902901,
751,-0.0116,-0.482411999255419,-0.0804020240902901,
752,-0.0115488,-0.498492399230599,-0.120603036135435,
753,-0.0114976,-0.498492399230599,-0.120603036135435,
754,-0.0114464,-0.490452199243009,-0.0804020240902901,
755,-0.0113952,-0.490452199243009,-0.120603036135435,
756,-0.011344,-0.490452199243009,-0.0804020240902901,
757,-0.0112928,-0.498492399230599,-0.120603036135435,
758,-0.0112416,-0.498492399230599,-0.120603036135435,
759,-0.0111904,-0.498492399230599,-0.120603036135435,
760,-0.0111392,-0.498492399230599,-0.120603036135435,
761,-0.011088,-0.498492399230599,-0.120603036135435,
762,-0.0110368,-0.498492399230599,-0.120603036135435,
763,-0.0109856,-0.498492399230599,-0.120603036135435,
764,-0.0109344,-0.498492399230599,-0.120603036135435,
765,-0.0108832,-0.498492399230599,-0.120603036135435,
766,-0.010832,-0.50653259921819,-0.120603036135435,
767,-0.0107808,-0.50653259921819,-0.120603036135435,
768,-0.0107296,-0.50653259921819,-0.120603036135435,
769,-0.0106784,-0.50653259921819,-0.16080404818058,
770,-0.0106272,-0.498492399230599,-0.120603036135435,
771,-0.010576,-0.498492399230599,-0.120603036135435,
772,-0.0105248,-0.50653259921819,-0.120603036135435,
773,-0.0104736,-0.498492399230599,-0.120603036135435,
774,-0.0104224,-0.50653259921819,-0.16080404818058,
775,-0.0103712,-0.498492399230599,-0.16080404818058,
776,-0.01032,-0.50653259921819,-0.16080404818058,
777,-0.0102688,-0.498492399230599,-0.16080404818058,
778,-0.0102176,-0.51457279920578,-0.120603036135435,
779,-0.0101664,-0.498492399230599,-0.120603036135435,
780,-0.0101152,-0.498492399230599,-0.120603036135435,
781,-0.010064,-0.498492399230599,-0.201005060225725,
782,-0.0100128,-0.51457279920578,-0.16080404818058,
783,-0.00996160000000001,-0.50653259921819,-0.16080404818058,
784,-0.00991040000000001,-0.50653259921819,-0.120603036135435,
785,-0.00985920000000001,-0.498492399230599,-0.16080404818058,
786,-0.009808,-0.498492399230599,-0.201005060225725,
787,-0.0097568,-0.51457279920578,-0.201005060225725,
788,-0.0097056,-0.50653259921819,-0.16080404818058,
789,-0.00965440000000001,-0.50653259921819,-0.16080404818058,
790,-0.00960320000000001,-0.498492399230599,-0.120603036135435,
791,-0.009552,-0.50653259921819,-0.201005060225725,
792,-0.0095008,-0.498492399230599,-0.16080404818058,
793,-0.0094496,-0.498492399230599,-0.16080404818058,
794,-0.0093984,-0.498492399230599,-0.120603036135435,
795,-0.00934720000000001,-0.498492399230599,-0.16080404818058,
796,-0.00929600000000001,-0.498492399230599,-0.16080404818058,
797,-0.0092448,-0.482411999255419,-0.16080404818058,
798,-0.0091936,-0.490452199243009,-0.16080404818058,
799,-0.0091424,-0.482411999255419,-0.201005060225725,
800,-0.00909120000000001,-0.490452199243009,-0.16080404818058,
801,-0.00904000000000001,-0.490452199243009,-0.201005060225725,
802,-0.00898880000000001,-0.490452199243009,-0.201005060225725,
803,-0.0089376,-0.498492399230599,-0.16080404818058,
804,-0.0088864,-0.490452199243009,-0.201005060225725,
805,-0.0088352,-0.482411999255419,-0.16080404818058,
806,-0.00878400000000001,-0.490452199243009,-0.201005060225725,
807,-0.00873280000000001,-0.482411999255419,-0.24120607227087,
808,-0.0086816,-0.482411999255419,-0.201005060225725,
809,-0.0086304,-0.474371799267828,-0.201005060225725,
810,-0.0085792,-0.474371799267828,-0.16080404818058,
811,-0.00852800000000001,-0.474371799267828,-0.201005060225725,
812,-0.00847680000000001,-0.474371799267828,-0.201005060225725,
813,-0.00842560000000001,-0.474371799267828,-0.201005060225725,
814,-0.0083744,-0.466331599280238,-0.201005060225725,
815,-0.0083232,-0.466331599280238,-0.201005060225725,
816,-0.008272,-0.458291399292648,-0.24120607227087,
817,-0.00822080000000001,-0.474371799267828,-0.201005060225725,
818,-0.00816960000000001,-0.466331599280238,-0.201005060225725,
819,-0.0081184,-0.466331599280238,-0.24120607227087,
820,-0.0080672,-0.466331599280238,-0.201005060225725,
821,-0.008016,-0.458291399292648,-0.24120607227087,
822,-0.00796480000000001,-0.458291399292648,-0.201005060225725,
823,-0.00791360000000001,-0.466331599280238,-0.24120607227087,
824,-0.00786240000000001,-0.458291399292648,-0.201005060225725,
825,-0.0078112,-0.450251199305058,-0.201005060225725,
826,-0.00776,-0.450251199305058,-0.24120607227087,
827,-0.0077088,-0.450251199305058,-0.201005060225725,
828,-0.00765760000000001,-0.442210999317467,-0.201005060225725,
829,-0.00760640000000001,-0.434170799329877,-0.201005060225725,
830,-0.00755520000000001,-0.442210999317467,-0.24120607227087,
831,-0.007504,-0.434170799329877,-0.24120607227087,
832,-0.0074528,-0.442210999317467,-0.24120607227087,
833,-0.00740160000000001,-0.426130599342287,-0.201005060225725,
834,-0.00735040000000001,-0.434170799329877,-0.24120607227087,
835,-0.00729920000000001,-0.434170799329877,-0.24120607227087,
836,-0.007248,-0.426130599342287,-0.24120607227087,
837,-0.0071968,-0.418090399354696,-0.24120607227087,
838,-0.0071456,-0.426130599342287,-0.24120607227087,
839,-0.00709440000000001,-0.410050199367106,-0.24120607227087,
840,-0.00704320000000001,-0.402009999379516,-0.24120607227087,
841,-0.00699200000000001,-0.410050199367106,-0.24120607227087,
842,-0.0069408,-0.410050199367106,-0.24120607227087,
843,-0.0068896,-0.410050199367106,-0.281407084316015,
844,-0.0068384,-0.402009999379516,-0.24120607227087,
845,-0.00678720000000001,-0.385929599404335,-0.281407084316015,
846,-0.00673600000000001,-0.393969799391925,-0.24120607227087,
847,-0.0066848,-0.393969799391925,-0.24120607227087,
848,-0.0066336,-0.393969799391925,-0.24120607227087,
849,-0.0065824,-0.385929599404335,-0.24120607227087,
850,-0.00653120000000001,-0.385929599404335,-0.24120607227087,
851,-0.00648000000000001,-0.377889399416745,-0.281407084316015,
852,-0.00642880000000001,-0.385929599404335,-0.281407084316015,
853,-0.0063776,-0.377889399416745,-0.281407084316015,
854,-0.0063264,-0.369849199429154,-0.24120607227087,
855,-0.0062752,-0.369849199429154,-0.281407084316015,
856,-0.00622400000000001,-0.361808999441564,-0.281407084316015,
857,-0.00617280000000001,-0.353768799453974,-0.24120607227087,
858,-0.0061216,-0.361808999441564,-0.24120607227087,
859,-0.0060704,-0.361808999441564,-0.32160809636116,
860,-0.0060192,-0.353768799453974,-0.24120607227087,
861,-0.00596800000000001,-0.345728599466383,-0.24120607227087,
862,-0.00591680000000001,-0.337688399478793,-0.281407084316015,
863,-0.00586560000000001,-0.345728599466383,-0.281407084316015,
864,-0.0058144,-0.337688399478793,-0.281407084316015,
865,-0.0057632,-0.337688399478793,-0.24120607227087,
866,-0.005712,-0.329648199491203,-0.24120607227087,
867,-0.00566080000000001,-0.329648199491203,-0.24120607227087,
868,-0.00560960000000001,-0.329648199491203,-0.281407084316015,
869,-0.00555840000000001,-0.321607999503613,-0.281407084316015,
870,-0.0055072,-0.313567799516022,-0.281407084316015,
871,-0.005456,-0.305527599528432,-0.24120607227087,
872,-0.00540480000000001,-0.313567799516022,-0.24120607227087,
873,-0.00535360000000001,-0.313567799516022,-0.281407084316015,
874,-0.00530240000000001,-0.297487399540842,-0.24120607227087,
875,-0.0052512,-0.297487399540842,-0.24120607227087,
876,-0.0052,-0.289447199553251,-0.24120607227087,
877,-0.0051488,-0.289447199553251,-0.24120607227087,
878,-0.00509760000000001,-0.289447199553251,-0.281407084316015,
879,-0.00504640000000001,-0.281406999565661,-0.281407084316015,
880,-0.00499520000000001,-0.273366799578071,-0.281407084316015,
881,-0.004944,-0.273366799578071,-0.281407084316015,
882,-0.0048928,-0.273366799578071,-0.24120607227087,
883,-0.0048416,-0.26532659959048,-0.281407084316015,
884,-0.00479040000000001,-0.26532659959048,-0.281407084316015,
885,-0.00473920000000001,-0.25728639960289,-0.24120607227087,
886,-0.004688,-0.2492461996153,-0.281407084316015,
887,-0.0046368,-0.2492461996153,-0.281407084316015,
888,-0.0045856,-0.2492461996153,-0.24120607227087,
889,-0.00453440000000001,-0.233165799640119,-0.281407084316015,
890,-0.00448320000000001,-0.233165799640119,-0.24120607227087,
891,-0.00443200000000001,-0.233165799640119,-0.24120607227087,
892,-0.0043808,-0.233165799640119,-0.281407084316015,
893,-0.0043296,-0.225125599652529,-0.281407084316015,
894,-0.0042784,-0.217085399664938,-0.281407084316015,
895,-0.00422720000000001,-0.209045199677348,-0.24120607227087,
896,-0.00417600000000001,-0.209045199677348,-0.281407084316015,
897,-0.0041248,-0.209045199677348,-0.24120607227087,
898,-0.0040736,-0.192964799702168,-0.24120607227087,
899,-0.0040224,-0.192964799702168,-0.24120607227087,
900,-0.00397120000000001,-0.184924599714577,-0.281407084316015,
901,-0.00392000000000001,-0.184924599714577,-0.281407084316015,
902,-0.00386880000000001,-0.176884399726987,-0.24120607227087,
903,-0.0038176,-0.176884399726987,-0.281407084316015,
904,-0.0037664,-0.168844199739397,-0.281407084316015,
905,-0.0037152,-0.168844199739397,-0.281407084316015,
906,-0.00366400000000001,-0.160803999751806,-0.281407084316015,
907,-0.00361280000000001,-0.152763799764216,-0.24120607227087,
908,-0.00356160000000001,-0.144723599776626,-0.24120607227087,
909,-0.0035104,-0.152763799764216,-0.281407084316015,
910,-0.0034592,-0.144723599776626,-0.24120607227087,
911,-0.00340800000000001,-0.136683399789035,-0.24120607227087,
912,-0.00335680000000001,-0.136683399789035,-0.281407084316015,
913,-0.00330560000000001,-0.136683399789035,-0.281407084316015,
914,-0.0032544,-0.120602999813855,-0.281407084316015,
915,-0.0032032,-0.120602999813855,-0.281407084316015,
916,-0.003152,-0.112562799826264,-0.24120607227087,
917,-0.00310080000000001,-0.104522599838674,-0.281407084316015,
918,-0.00304960000000001,-0.104522599838674,-0.281407084316015,
919,-0.00299840000000001,-0.104522599838674,-0.24120607227087,
920,-0.0029472,-0.0884421998634934,-0.281407084316015,
921,-0.002896,-0.0964823998510838,-0.24120607227087,
922,-0.0028448,-0.0964823998510838,-0.24120607227087,
923,-0.00279360000000001,-0.0884421998634934,-0.24120607227087,
924,-0.00274240000000001,-0.0723617998883128,-0.24120607227087,
925,-0.0026912,-0.0804019998759031,-0.24120607227087,
926,-0.00264,-0.0562813999131322,-0.24120607227087,
927,-0.0025888,-0.0562813999131322,-0.201005060225725,
928,-0.00253760000000001,-0.0562813999131322,-0.24120607227087,
929,-0.00248640000000001,-0.0562813999131322,-0.24120607227087,
930,-0.00243520000000001,-0.0482411999255419,-0.24120607227087,
931,-0.002384,-0.0402009999379516,-0.201005060225725,
932,-0.0023328,-0.0321607999503613,-0.24120607227087,
933,-0.0022816,-0.0402009999379516,-0.281407084316015,
934,-0.00223040000000001,-0.0321607999503613,-0.24120607227087,
935,-0.00217920000000001,-0.0241205999627709,-0.24120607227087,
936,-0.002128,-0.0241205999627709,-0.201005060225725,
937,-0.0020768,-0.0160803999751806,-0.24120607227087,
938,-0.0020256,-0.00804019998759031,-0.24120607227087,
939,-0.00197440000000001,-0.00804019998759031,-0.24120607227087,
940,-0.00192320000000001,0,-0.24120607227087,
941,-0.00187200000000001,0,-0.201005060225725,
942,-0.0018208,0.00804019998759031,-0.24120607227087,
943,-0.0017696,0,-0.24120607227087,
944,-0.0017184,0.0241205999627709,-0.24120607227087,
945,-0.00166720000000001,0.0241205999627709,-0.201005060225725,
946,-0.00161600000000001,0.0241205999627709,-0.24120607227087,
947,-0.00156480000000001,0.0321607999503613,-0.201005060225725,
948,-0.0015136,0.0321607999503613,-0.24120607227087,
949,-0.0014624,0.0402009999379516,-0.201005060225725,
950,-0.00141120000000001,0.0482411999255419,-0.201005060225725,
951,-0.00136000000000001,0.0482411999255419,-0.24120607227087,
952,-0.00130880000000001,0.0482411999255419,-0.201005060225725,
953,-0.0012576,0.0643215999007225,-0.24120607227087,
954,-0.0012064,0.0643215999007225,-0.201005060225725,
955,-0.0011552,0.0723617998883128,-0.24120607227087,
956,-0.00110400000000001,0.0804019998759031,-0.24120607227087,
957,-0.00105280000000001,0.0884421998634934,-0.24120607227087,
958,-0.00100160000000001,0.0884421998634934,-0.201005060225725,
959,-0.000950400000000004,0.0884421998634934,-0.201005060225725,
960,-0.000899200000000003,0.104522599838674,-0.201005060225725,
961,-0.000848000000000002,0.104522599838674,-0.24120607227087,
962,-0.000796800000000007,0.104522599838674,-0.201005060225725,
963,-0.000745600000000006,0.112562799826264,-0.201005060225725,
964,-0.000694400000000005,0.120602999813855,-0.24120607227087,
965,-0.000643200000000003,0.112562799826264,-0.201005060225725,
966,-0.000592000000000002,0.128643199801445,-0.24120607227087,
967,-0.000540800000000008,0.128643199801445,-0.201005060225725,
968,-0.000489600000000007,0.136683399789035,-0.201005060225725,
969,-0.000438400000000005,0.136683399789035,-0.201005060225725,
970,-0.000387200000000004,0.144723599776626,-0.201005060225725,
971,-0.000336000000000003,0.144723599776626,-0.201005060225725,
972,-0.000284800000000002,0.144723599776626,-0.201005060225725,
973,-0.000233600000000007,0.152763799764216,-0.201005060225725,
974,-0.000182400000000006,0.160803999751806,-0.16080404818058,
975,-0.000131200000000005,0.160803999751806,-0.201005060225725,
976,-8.00000000000037E-05,0.176884399726987,-0.201005060225725,
977,-2.88000000000024E-05,0.168844199739397,-0.201005060225725,
978,2.23999999999919E-05,0.176884399726987,-0.201005060225725,
979,7.35999999999931E-05,0.184924599714577,-0.201005060225725,
980,0.000124799999999994,0.184924599714577,-0.16080404818058,
981,0.000175999999999996,0.201004999689758,-0.201005060225725,
982,0.000227199999999997,0.201004999689758,-0.16080404818058,
983,0.000278399999999998,0.201004999689758,-0.16080404818058,
984,0.000329599999999992,0.201004999689758,-0.201005060225725,
985,0.000380799999999994,0.209045199677348,-0.16080404818058,
986,0.000431999999999995,0.209045199677348,-0.16080404818058,
987,0.000483199999999996,0.225125599652529,-0.201005060225725,
988,0.000534399999999997,0.217085399664938,-0.16080404818058,
989,0.000585599999999992,0.225125599652529,-0.201005060225725,
990,0.000636799999999993,0.225125599652529,-0.16080404818058,
991,0.000687999999999994,0.233165799640119,-0.16080404818058,
992,0.000739199999999995,0.241205999627709,-0.16080404818058,
993,0.000790399999999997,0.241205999627709,-0.16080404818058,
994,0.000841599999999998,0.2492461996153,-0.16080404818058,
995,0.000892799999999992,0.2492461996153,-0.120603036135435,
996,0.000943999999999993,0.25728639960289,-0.120603036135435,
997,0.000995199999999995,0.25728639960289,-0.16080404818058,
998,0.0010464,0.26532659959048,-0.120603036135435,
999,0.0010976,0.26532659959048,-0.16080404818058,
1000,0.00114879999999999,0.26532659959048,-0.120603036135435,
1001,0.00119999999999999,0.273366799578071,-0.120603036135435,
1002,0.00125119999999999,0.281406999565661,-0.16080404818058,
1003,0.0013024,0.289447199553251,-0.16080404818058,
1004,0.0013536,0.289447199553251,-0.120603036135435,
1005,0.0014048,0.297487399540842,-0.120603036135435,
1006,0.00145599999999999,0.289447199553251,-0.16080404818058,
1007,0.00150719999999999,0.289447199553251,-0.16080404818058,
1008,0.00155839999999999,0.305527599528432,-0.120603036135435,
1009,0.0016096,0.313567799516022,-0.0804020240902901,
1010,0.0016608,0.305527599528432,-0.120603036135435,
1011,0.001712,0.321607999503613,-0.16080404818058,
1012,0.00176319999999999,0.313567799516022,-0.0804020240902901,
1013,0.00181439999999999,0.329648199491203,-0.120603036135435,
1014,0.0018656,0.321607999503613,-0.120603036135435,
1015,0.0019168,0.329648199491203,-0.120603036135435,
1016,0.001968,0.337688399478793,-0.0804020240902901,
1017,0.00201919999999999,0.337688399478793,-0.0804020240902901,
1018,0.00207039999999999,0.337688399478793,-0.0804020240902901,
1019,0.00212159999999999,0.345728599466383,-0.120603036135435,
1020,0.0021728,0.337688399478793,-0.0804020240902901,
1021,0.002224,0.353768799453974,-0.120603036135435,
1022,0.0022752,0.353768799453974,-0.0804020240902901,
1023,0.00232639999999999,0.353768799453974,-0.0804020240902901,
1024,0.00237759999999999,0.361808999441564,-0.120603036135435,
1025,0.00242879999999999,0.369849199429154,-0.120603036135435,
1026,0.00248,0.361808999441564,-0.040201012045145,
1027,0.0025312,0.369849199429154,-0.0804020240902901,
1028,0.00258239999999999,0.369849199429154,-0.0804020240902901,
1029,0.00263359999999999,0.377889399416745,-0.0804020240902901,
1030,0.00268479999999999,0.377889399416745,-0.0804020240902901,
1031,0.002736,0.377889399416745,-0.040201012045145,
1032,0.0027872,0.393969799391925,-0.0804020240902901,
1033,0.0028384,0.393969799391925,-0.0804020240902901,
1034,0.00288959999999999,0.385929599404335,-0.120603036135435,
1035,0.00294079999999999,0.393969799391925,-0.0804020240902901,
1036,0.00299199999999999,0.393969799391925,-0.0804020240902901,
1037,0.0030432,0.402009999379516,-0.0804020240902901,
1038,0.0030944,0.410050199367106,-0.040201012045145,
1039,0.00314559999999999,0.410050199367106,-0.040201012045145,
1040,0.00319679999999999,0.402009999379516,-0.040201012045145,
1041,0.00324799999999999,0.418090399354696,-0.0804020240902901,
1042,0.0032992,0.418090399354696,-0.040201012045145,
1043,0.0033504,0.410050199367106,-0.040201012045145,
1044,0.0034016,0.426130599342287,-0.040201012045145,
1045,0.00345279999999999,0.418090399354696,-0.040201012045145,
1046,0.00350399999999999,0.418090399354696,-0.040201012045145,
1047,0.00355519999999999,0.418090399354696,-0.0804020240902901,
1048,0.0036064,0.426130599342287,-0.040201012045145,
1049,0.0036576,0.426130599342287,-0.0804020240902901,
1050,0.0037088,0.434170799329877,-0.040201012045145,
1051,0.00375999999999999,0.434170799329877,-0.040201012045145,
1052,0.00381119999999999,0.442210999317467,-0.0804020240902901,
1053,0.0038624,0.434170799329877,0,
1054,0.0039136,0.450251199305058,0,
1055,0.0039648,0.442210999317467,-0.040201012045145,
1056,0.00401599999999999,0.450251199305058,-0.040201012045145,
1057,0.00406719999999999,0.458291399292648,0,
1058,0.00411839999999999,0.450251199305058,0,
1059,0.0041696,0.450251199305058,-0.040201012045145,
1060,0.0042208,0.458291399292648,-0.040201012045145,
1061,0.004272,0.466331599280238,0,
1062,0.00432319999999999,0.450251199305058,0,
1063,0.00437439999999999,0.458291399292648,0,
1064,0.00442559999999999,0.458291399292648,-0.040201012045145,
1065,0.0044768,0.466331599280238,0,
1066,0.004528,0.466331599280238,0,
1067,0.00457919999999999,0.474371799267828,-0.040201012045145,
1068,0.00463039999999999,0.466331599280238,0,
1069,0.00468159999999999,0.466331599280238,0,
1070,0.0047328,0.474371799267828,0,
1071,0.004784,0.466331599280238,0,
1072,0.0048352,0.482411999255419,0,
1073,0.00488639999999999,0.474371799267828,0.040201012045145,
1074,0.00493759999999999,0.466331599280238,0.040201012045145,
1075,0.00498879999999999,0.474371799267828,0.040201012045145,
1076,0.00504,0.482411999255419,0,
1077,0.0050912,0.482411999255419,0,
1078,0.00514239999999999,0.482411999255419,0.040201012045145,
1079,0.00519359999999999,0.482411999255419,0.040201012045145,
1080,0.00524479999999999,0.482411999255419,0.040201012045145,
1081,0.005296,0.482411999255419,0,
1082,0.0053472,0.490452199243009,0.040201012045145,
1083,0.0053984,0.482411999255419,0.040201012045145,
1084,0.00544959999999999,0.490452199243009,0.040201012045145,
1085,0.00550079999999999,0.482411999255419,0.040201012045145,
1086,0.00555199999999999,0.482411999255419,0.040201012045145,
1087,0.0056032,0.490452199243009,0.040201012045145,
1088,0.0056544,0.490452199243009,0.040201012045145,
1089,0.00570559999999999,0.482411999255419,0.0804020240902901,
1090,0.00575679999999999,0.490452199243009,0.0804020240902901,
1091,0.00580799999999999,0.490452199243009,0.040201012045145,
1092,0.0058592,0.490452199243009,0.040201012045145,
1093,0.0059104,0.498492399230599,0.040201012045145,
1094,0.0059616,0.490452199243009,0.040201012045145,
1095,0.00601279999999999,0.490452199243009,0.0804020240902901,
1096,0.00606399999999999,0.498492399230599,0.040201012045145,
1097,0.00611519999999999,0.490452199243009,0.0804020240902901,
1098,0.0061664,0.498492399230599,0.0804020240902901,
1099,0.0062176,0.498492399230599,0.0804020240902901,
1100,0.0062688,0.490452199243009,0.0804020240902901,
1101,0.00631999999999999,0.490452199243009,0.120603036135435,
1102,0.00637119999999999,0.490452199243009,0.0804020240902901,
1103,0.00642239999999999,0.498492399230599,0.0804020240902901,
1104,0.0064736,0.490452199243009,0.040201012045145,
1105,0.0065248,0.490452199243009,0.0804020240902901,
1106,0.00657599999999999,0.498492399230599,0.0804020240902901,
1107,0.00662719999999999,0.498492399230599,0.0804020240902901,
1108,0.00667839999999999,0.490452199243009,0.040201012045145,
1109,0.0067296,0.490452199243009,0.0804020240902901,
1110,0.0067808,0.498492399230599,0.120603036135435,
1111,0.006832,0.498492399230599,0.120603036135435,
1112,0.00688319999999999,0.482411999255419,0.0804020240902901,
1113,0.00693439999999999,0.490452199243009,0.120603036135435,
1114,0.00698559999999999,0.490452199243009,0.0804020240902901,
1115,0.0070368,0.490452199243009,0.120603036135435,
1116,0.007088,0.490452199243009,0.120603036135435,
1117,0.00713919999999999,0.490452199243009,0.0804020240902901,
1118,0.00719039999999999,0.482411999255419,0.120603036135435,
1119,0.00724159999999999,0.482411999255419,0.0804020240902901,
1120,0.0072928,0.482411999255419,0.120603036135435,
1121,0.007344,0.482411999255419,0.120603036135435,
1122,0.0073952,0.482411999255419,0.0804020240902901,
1123,0.00744639999999999,0.482411999255419,0.120603036135435,
1124,0.00749759999999999,0.482411999255419,0.120603036135435,
1125,0.00754879999999999,0.482411999255419,0.120603036135435,
1126,0.0076,0.474371799267828,0.120603036135435,
1127,0.0076512,0.482411999255419,0.120603036135435,
1128,0.00770239999999999,0.482411999255419,0.120603036135435,
1129,0.00775359999999999,0.482411999255419,0.120603036135435,
1130,0.00780479999999999,0.474371799267828,0.120603036135435,
1131,0.00785599999999999,0.474371799267828,0.120603036135435,
1132,0.0079072,0.466331599280238,0.120603036135435,
1133,0.0079584,0.474371799267828,0.120603036135435,
1134,0.00800959999999999,0.466331599280238,0.120603036135435,
1135,0.00806079999999999,0.466331599280238,0.120603036135435,
1136,0.00811199999999999,0.474371799267828,0.120603036135435,
1137,0.0081632,0.474371799267828,0.120603036135435,
1138,0.0082144,0.466331599280238,0.120603036135435,
1139,0.0082656,0.466331599280238,0.16080404818058,
1140,0.00831679999999999,0.458291399292648,0.120603036135435,
1141,0.00836799999999999,0.466331599280238,0.16080404818058,
1142,0.00841919999999999,0.450251199305058,0.16080404818058,
1143,0.0084704,0.458291399292648,0.16080404818058,
1144,0.0085216,0.450251199305058,0.16080404818058,
1145,0.00857279999999999,0.450251199305058,0.120603036135435,
1146,0.00862399999999999,0.450251199305058,0.16080404818058,
1147,0.00867519999999999,0.458291399292648,0.120603036135435,
1148,0.0087264,0.442210999317467,0.120603036135435,
1149,0.0087776,0.450251199305058,0.16080404818058,
1150,0.0088288,0.442210999317467,0.16080404818058,
1151,0.00887999999999999,0.442210999317467,0.16080404818058,
1152,0.00893119999999999,0.434170799329877,0.16080404818058,
1153,0.00898239999999999,0.434170799329877,0.16080404818058,
1154,0.0090336,0.434170799329877,0.16080404818058,
1155,0.0090848,0.426130599342287,0.120603036135435,
1156,0.00913599999999999,0.426130599342287,0.16080404818058,
1157,0.00918719999999999,0.426130599342287,0.16080404818058,
1158,0.00923839999999999,0.418090399354696,0.16080404818058,
1159,0.0092896,0.418090399354696,0.16080404818058,
1160,0.0093408,0.410050199367106,0.16080404818058,
1161,0.009392,0.410050199367106,0.120603036135435,
1162,0.00944319999999999,0.410050199367106,0.16080404818058,
1163,0.00949439999999999,0.402009999379516,0.16080404818058,
1164,0.00954559999999999,0.410050199367106,0.16080404818058,
1165,0.0095968,0.402009999379516,0.16080404818058,
1166,0.009648,0.402009999379516,0.16080404818058,
1167,0.00969919999999999,0.402009999379516,0.201005060225725,
1168,0.00975039999999999,0.393969799391925,0.16080404818058,
1169,0.00980159999999999,0.385929599404335,0.201005060225725,
1170,0.00985279999999999,0.385929599404335,0.16080404818058,
1171,0.009904,0.385929599404335,0.201005060225725,
1172,0.0099552,0.385929599404335,0.16080404818058,
1173,0.0100064,0.385929599404335,0.201005060225725,
1174,0.0100576,0.377889399416745,0.16080404818058,
1175,0.0101088,0.377889399416745,0.201005060225725,
1176,0.01016,0.377889399416745,0.16080404818058,
1177,0.0102112,0.361808999441564,0.16080404818058,
1178,0.0102624,0.361808999441564,0.201005060225725,
1179,0.0103136,0.361808999441564,0.16080404818058,
1180,0.0103648,0.361808999441564,0.16080404818058,
1181,0.010416,0.353768799453974,0.201005060225725,
1182,0.0104672,0.353768799453974,0.16080404818058,
1183,0.0105184,0.345728599466383,0.16080404818058,
1184,0.0105696,0.353768799453974,0.16080404818058,
1185,0.0106208,0.337688399478793,0.16080404818058,
1186,0.010672,0.337688399478793,0.16080404818058,
1187,0.0107232,0.337688399478793,0.16080404818058,
1188,0.0107744,0.337688399478793,0.201005060225725,
1189,0.0108256,0.329648199491203,0.201005060225725,
1190,0.0108768,0.321607999503613,0.16080404818058,
1191,0.010928,0.321607999503613,0.16080404818058,
1192,0.0109792,0.321607999503613,0.201005060225725,
1193,0.0110304,0.313567799516022,0.16080404818058,
1194,0.0110816,0.313567799516022,0.201005060225725,
1195,0.0111328,0.305527599528432,0.201005060225725,
1196,0.011184,0.297487399540842,0.201005060225725,
1197,0.0112352,0.305527599528432,0.16080404818058,
1198,0.0112864,0.297487399540842,0.201005060225725,
1199,0.0113376,0.297487399540842,0.201005060225725,
1200,0.0113888,0.289447199553251,0.201005060225725,
1201,0.01144,0.289447199553251,0.16080404818058,
1202,0.0114912,0.281406999565661,0.201005060225725,
1203,0.0115424,0.273366799578071,0.16080404818058,
1204,0.0115936,0.26532659959048,0.201005060225725,
1205,0.0116448,0.273366799578071,0.16080404818058,
1206,0.011696,0.26532659959048,0.201005060225725,
1207,0.0117472,0.25728639960289,0.201005060225725,
1208,0.0117984,0.2492461996153,0.201005060225725,
1209,0.0118496,0.2492461996153,0.201005060225725,
1210,0.0119008,0.25728639960289,0.201005060225725,
1211,0.011952,0.241205999627709,0.16080404818058,
1212,0.0120032,0.241205999627709,0.201005060225725,
1213,0.0120544,0.241205999627709,0.201005060225725,
1214,0.0121056,0.225125599652529,0.16080404818058,
1215,0.0121568,0.225125599652529,0.201005060225725,
1216,0.012208,0.225125599652529,0.201005060225725,
1217,0.0122592,0.217085399664938,0.201005060225725,
1218,0.0123104,0.217085399664938,0.201005060225725,
1219,0.0123616,0.209045199677348,0.201005060225725,
1220,0.0124128,0.201004999689758,0.16080404818058,
1221,0.012464,0.192964799702168,0.16080404818058,
1222,0.0125152,0.192964799702168,0.201005060225725,
1223,0.0125664,0.192964799702168,0.201005060225725,
1224,0.0126176,0.192964799702168,0.16080404818058,
1225,0.0126688,0.176884399726987,0.201005060225725,
1226,0.01272,0.176884399726987,0.201005060225725,
1227,0.0127712,0.160803999751806,0.16080404818058,
1228,0.0128224,0.168844199739397,0.201005060225725,
1229,0.0128736,0.160803999751806,0.24120607227087,
1230,0.0129248,0.152763799764216,0.201005060225725,
1231,0.012976,0.152763799764216,0.16080404818058,
1232,0.0130272,0.152763799764216,0.201005060225725,
1233,0.0130784,0.144723599776626,0.201005060225725,
1234,0.0131296,0.136683399789035,0.201005060225725,
1235,0.0131808,0.128643199801445,0.201005060225725,
1236,0.013232,0.128643199801445,0.16080404818058,
1237,0.0132832,0.128643199801445,0.201005060225725,
1238,0.0133344,0.112562799826264,0.201005060225725,
1239,0.0133856,0.120602999813855,0.16080404818058,
1240,0.0134368,0.104522599838674,0.201005060225725,
1241,0.013488,0.112562799826264,0.16080404818058,
1242,0.0135392,0.0964823998510838,0.16080404818058,
1243,0.0135904,0.0964823998510838,0.16080404818058,
1244,0.0136416,0.0964823998510838,0.16080404818058,
1245,0.0136928,0.0804019998759031,0.201005060225725,
1246,0.013744,0.0804019998759031,0.201005060225725,
1247,0.0137952,0.0804019998759031,0.24120607227087,
1248,0.0138464,0.0723617998883128,0.16080404818058,
1249,0.0138976,0.0643215999007225,0.201005060225725,
1250,0.0139488,0.0643215999007225,0.201005060225725,
1251,0.014,0.0562813999131322,0.201005060225725,
1252,0.0140512,0.0562813999131322,0.201005060225725,
1253,0.0141024,0.0562813999131322,0.16080404818058,
1254,0.0141536,0.0402009999379516,0.16080404818058,
1255,0.0142048,0.0402009999379516,0.16080404818058,
1256,0.014256,0.0321607999503613,0.16080404818058,
1257,0.0143072,0.0321607999503613,0.16080404818058,
1258,0.0143584,0.0321607999503613,0.16080404818058,
1259,0.0144096,0.0160803999751806,0.16080404818058,
1260,0.0144608,0.0160803999751806,0.16080404818058,
1261,0.014512,0.0160803999751806,0.201005060225725,
1262,0.0145632,0,0.16080404818058,
1263,0.0146144,0,0.201005060225725,
1264,0.0146656,0,0.16080404818058,
1265,0.0147168,-0.00804019998759031,0.16080404818058,
1266,0.014768,-0.0160803999751806,0.16080404818058,
1267,0.0148192,-0.0241205999627709,0.16080404818058,
1268,0.0148704,-0.0241205999627709,0.16080404818058,
1269,0.0149216,-0.0241205999627709,0.16080404818058,
1270,0.0149728,-0.0321607999503613,0.16080404818058,
1271,0.015024,-0.0321607999503613,0.16080404818058,
1272,0.0150752,-0.0482411999255419,0.16080404818058,
1273,0.0151264,-0.0482411999255419,0.120603036135435,
1274,0.0151776,-0.0562813999131322,0.16080404818058,
1275,0.0152288,-0.0562813999131322,0.16080404818058,
1276,0.01528,-0.0643215999007225,0.120603036135435,
1277,0.0153312,-0.0643215999007225,0.16080404818058,
1278,0.0153824,-0.0643215999007225,0.120603036135435,
1279,0.0154336,-0.0723617998883128,0.16080404818058,
1280,0.0154848,-0.0723617998883128,0.120603036135435,
1281,0.015536,-0.0884421998634934,0.120603036135435,
1282,0.0155872,-0.0884421998634934,0.120603036135435,
1283,0.0156384,-0.0884421998634934,0.120603036135435,
1284,0.0156896,-0.104522599838674,0.120603036135435,
1285,0.0157408,-0.0964823998510838,0.16080404818058,
1286,0.015792,-0.0964823998510838,0.120603036135435,
1287,0.0158432,-0.104522599838674,0.120603036135435,
1288,0.0158944,-0.112562799826264,0.120603036135435,
1289,0.0159456,-0.128643199801445,0.120603036135435,
1290,0.0159968,-0.120602999813855,0.120603036135435,
1291,0.016048,-0.128643199801445,0.120603036135435,
1292,0.0160992,-0.136683399789035,0.16080404818058,
1293,0.0161504,-0.144723599776626,0.120603036135435,
1294,0.0162016,-0.144723599776626,0.120603036135435,
1295,0.0162528,-0.152763799764216,0.120603036135435,
1296,0.016304,-0.144723599776626,0.120603036135435,
1297,0.0163552,-0.152763799764216,0.16080404818058,
1298,0.0164064,-0.160803999751806,0.120603036135435,
1299,0.0164576,-0.176884399726987,0.120603036135435,
1300,0.0165088,-0.176884399726987,0.0804020240902901,
1301,0.01656,-0.176884399726987,0.120603036135435,
1302,0.0166112,-0.184924599714577,0.120603036135435,
1303,0.0166624,-0.184924599714577,0.120603036135435,
1304,0.0167136,-0.184924599714577,0.120603036135435,
1305,0.0167648,-0.201004999689758,0.0804020240902901,
1306,0.016816,-0.201004999689758,0.0804020240902901,
1307,0.0168672,-0.209045199677348,0.0804020240902901,
1308,0.0169184,-0.217085399664938,0.120603036135435,
1309,0.0169696,-0.217085399664938,0.0804020240902901,
1310,0.0170208,-0.217085399664938,0.0804020240902901,
1311,0.017072,-0.225125599652529,0.120603036135435,
1312,0.0171232,-0.225125599652529,0.0804020240902901,
1313,0.0171744,-0.233165799640119,0.120603036135435,
1314,0.0172256,-0.225125599652529,0.0804020240902901,
1315,0.0172768,-0.241205999627709,0.120603036135435,
1316,0.017328,-0.241205999627709,0.120603036135435,
1317,0.0173792,-0.241205999627709,0.0804020240902901,
1318,0.0174304,-0.2492461996153,0.040201012045145,
1319,0.0174816,-0.25728639960289,0.0804020240902901,
1320,0.0175328,-0.26532659959048,0.0804020240902901,
1321,0.017584,-0.273366799578071,0.0804020240902901,
1322,0.0176352,-0.25728639960289,0.0804020240902901,
1323,0.0176864,-0.273366799578071,0.040201012045145,
1324,0.0177376,-0.289447199553251,0.0804020240902901,
1325,0.0177888,-0.281406999565661,0.0804020240902901,
1326,0.01784,-0.281406999565661,0.040201012045145,
1327,0.0178912,-0.289447199553251,0.0804020240902901,
1328,0.0179424,-0.297487399540842,0.040201012045145,
1329,0.0179936,-0.297487399540842,0.0804020240902901,
1330,0.0180448,-0.305527599528432,0.040201012045145,
1331,0.018096,-0.297487399540842,0.0804020240902901,
1332,0.0181472,-0.305527599528432,0.040201012045145,
1333,0.0181984,-0.305527599528432,0.040201012045145,
1334,0.0182496,-0.321607999503613,0.040201012045145,
1335,0.0183008,-0.313567799516022,0.040201012045145,
1336,0.018352,-0.321607999503613,0.040201012045145,
1337,0.0184032,-0.329648199491203,0.040201012045145,
1338,0.0184544,-0.329648199491203,0.0804020240902901,
1339,0.0185056,-0.337688399478793,0.040201012045145,
1340,0.0185568,-0.337688399478793,0.0804020240902901,
1341,0.018608,-0.337688399478793,0.040201012045145,
1342,0.0186592,-0.345728599466383,0.040201012045145,
1343,0.0187104,-0.345728599466383,0.040201012045145,
1344,0.0187616,-0.361808999441564,0.040201012045145,
1345,0.0188128,-0.353768799453974,0.040201012045145,
1346,0.018864,-0.353768799453974,0.040201012045145,
1347,0.0189152,-0.369849199429154,0.040201012045145,
1348,0.0189664,-0.369849199429154,0,
1349,0.0190176,-0.369849199429154,0,
1350,0.0190688,-0.369849199429154,0,
1351,0.01912,-0.377889399416745,0,
1352,0.0191712,-0.377889399416745,0.040201012045145,
1353,0.0192224,-0.385929599404335,0.040201012045145,
1354,0.0192736,-0.393969799391925,0,
1355,0.0193248,-0.385929599404335,0,
1356,0.019376,-0.402009999379516,0,
1357,0.0194272,-0.393969799391925,0,
1358,0.0194784,-0.402009999379516,0,
1359,0.0195296,-0.402009999379516,-0.040201012045145,
1360,0.0195808,-0.402009999379516,-0.040201012045145,
1361,0.019632,-0.410050199367106,0,
1362,0.0196832,-0.402009999379516,-0.040201012045145,
1363,0.0197344,-0.418090399354696,0,
1364,0.0197856,-0.410050199367106,0,
1365,0.0198368,-0.418090399354696,0,
1366,0.019888,-0.410050199367106,0,
1367,0.0199392,-0.418090399354696,-0.040201012045145,
1368,0.0199904,-0.426130599342287,-0.040201012045145,
1369,0.0200416,-0.426130599342287,-0.040201012045145,
1370,0.0200928,-0.434170799329877,0,
1371,0.020144,-0.434170799329877,-0.040201012045145,
1372,0.0201952,-0.442210999317467,-0.040201012045145,
1373,0.0202464,-0.434170799329877,-0.040201012045145,
1374,0.0202976,-0.442210999317467,-0.040201012045145,
1375,0.0203488,-0.434170799329877,-0.040201012045145,
1376,0.0204,-0.450251199305058,-0.040201012045145,
1377,0.0204512,-0.450251199305058,-0.040201012045145,
1378,0.0205024,-0.450251199305058,-0.040201012045145,
1379,0.0205536,-0.450251199305058,-0.040201012045145,
1380,0.0206048,-0.450251199305058,-0.040201012045145,
1381,0.020656,-0.458291399292648,-0.040201012045145,
1382,0.0207072,-0.458291399292648,-0.040201012045145,
1383,0.0207584,-0.450251199305058,-0.040201012045145,
1384,0.0208096,-0.466331599280238,-0.040201012045145,
1385,0.0208608,-0.458291399292648,-0.0804020240902901,
1386,0.020912,-0.466331599280238,-0.040201012045145,
1387,0.0209632,-0.466331599280238,-0.040201012045145,
1388,0.0210144,-0.466331599280238,-0.0804020240902901,
1389,0.0210656,-0.474371799267828,-0.0804020240902901,
1390,0.0211168,-0.474371799267828,-0.0804020240902901,
1391,0.021168,-0.482411999255419,-0.0804020240902901,
1392,0.0212192,-0.474371799267828,-0.040201012045145,
1393,0.0212704,-0.482411999255419,-0.0804020240902901,
1394,0.0213216,-0.490452199243009,-0.0804020240902901,
1395,0.0213728,-0.482411999255419,-0.0804020240902901,
1396,0.021424,-0.482411999255419,-0.0804020240902901,
1397,0.0214752,-0.482411999255419,-0.0804020240902901,
1398,0.0215264,-0.482411999255419,-0.0804020240902901,
1399,0.0215776,-0.482411999255419,-0.120603036135435,
1400,0.0216288,-0.482411999255419,-0.0804020240902901,
1401,0.02168,-0.490452199243009,-0.120603036135435,
1402,0.0217312,-0.490452199243009,-0.0804020240902901,
1403,0.0217824,-0.490452199243009,-0.120603036135435,
1404,0.0218336,-0.490452199243009,-0.120603036135435,
1405,0.0218848,-0.490452199243009,-0.120603036135435,
1406,0.021936,-0.490452199243009,-0.120603036135435,
1407,0.0219872,-0.490452199243009,-0.0804020240902901,
1408,0.0220384,-0.498492399230599,-0.120603036135435,
1409,0.0220896,-0.498492399230599,-0.120603036135435,
1410,0.0221408,-0.498492399230599,-0.16080404818058,
1411,0.022192,-0.498492399230599,-0.120603036135435,
1412,0.0222432,-0.498492399230599,-0.120603036135435,
1413,0.0222944,-0.50653259921819,-0.120603036135435,
1414,0.0223456,-0.498492399230599,-0.120603036135435,
1415,0.0223968,-0.50653259921819,-0.120603036135435,
1416,0.022448,-0.51457279920578,-0.16080404818058,
1417,0.0224992,-0.498492399230599,-0.16080404818058,
1418,0.0225504,-0.498492399230599,-0.120603036135435,
1419,0.0226016,-0.50653259921819,-0.120603036135435,
1420,0.0226528,-0.50653259921819,-0.16080404818058,
1421,0.022704,-0.498492399230599,-0.120603036135435,
1422,0.0227552,-0.50653259921819,-0.120603036135435,
1423,0.0228064,-0.51457279920578,-0.120603036135435,
1424,0.0228576,-0.50653259921819,-0.120603036135435,
1425,0.0229088,-0.50653259921819,-0.120603036135435,
1426,0.02296,-0.50653259921819,-0.16080404818058,
1427,0.0230112,-0.50653259921819,-0.16080404818058,
1428,0.0230624,-0.498492399230599,-0.120603036135435,
1429,0.0231136,-0.50653259921819,-0.16080404818058,
1430,0.0231648,-0.50653259921819,-0.16080404818058,
1431,0.023216,-0.498492399230599,-0.16080404818058,
1432,0.0232672,-0.50653259921819,-0.16080404818058,
1433,0.0233184,-0.50653259921819,-0.120603036135435,
1434,0.0233696,-0.50653259921819,-0.120603036135435,
1435,0.0234208,-0.498492399230599,-0.201005060225725,
1436,0.023472,-0.50653259921819,-0.16080404818058,
1437,0.0235232,-0.50653259921819,-0.16080404818058,
1438,0.0235744,-0.50653259921819,-0.16080404818058,
1439,0.0236256,-0.50653259921819,-0.16080404818058,
1440,0.0236768,-0.498492399230599,-0.16080404818058,
1441,0.023728,-0.498492399230599,-0.16080404818058,
1442,0.0237792,-0.50653259921819,-0.201005060225725,
1443,0.0238304,-0.50653259921819,-0.201005060225725,
1444,0.0238816,-0.498492399230599,-0.16080404818058,
1445,0.0239328,-0.498492399230599,-0.16080404818058,
1446,0.023984,-0.498492399230599,-0.16080404818058,
1447,0.0240352,-0.498492399230599,-0.16080404818058,
1448,0.0240864,-0.490452199243009,-0.201005060225725,
1449,0.0241376,-0.498492399230599,-0.16080404818058,
1450,0.0241888,-0.498492399230599,-0.16080404818058,
1451,0.02424,-0.490452199243009,-0.16080404818058,
1452,0.0242912,-0.490452199243009,-0.16080404818058,
1453,0.0243424,-0.490452199243009,-0.16080404818058,
1454,0.0243936,-0.490452199243009,-0.201005060225725,
1455,0.0244448,-0.482411999255419,-0.201005060225725,
1456,0.024496,-0.482411999255419,-0.201005060225725,
1457,0.0245472,-0.482411999255419,-0.201005060225725,
1458,0.0245984,-0.482411999255419,-0.201005060225725,
1459,0.0246496,-0.482411999255419,-0.201005060225725,
1460,0.0247008,-0.474371799267828,-0.201005060225725,
1461,0.024752,-0.474371799267828,-0.24120607227087,
1462,0.0248032,-0.482411999255419,-0.201005060225725,
1463,0.0248544,-0.482411999255419,-0.201005060225725,
1464,0.0249056,-0.466331599280238,-0.201005060225725,
1465,0.0249568,-0.466331599280238,-0.24120607227087,
1466,0.025008,-0.474371799267828,-0.24120607227087,
1467,0.0250592,-0.474371799267828,-0.201005060225725,
1468,0.0251104,-0.466331599280238,-0.24120607227087,
1469,0.0251616,-0.466331599280238,-0.201005060225725,
1470,0.0252128,-0.458291399292648,-0.201005060225725,
1471,0.025264,-0.450251199305058,-0.201005060225725,
1472,0.0253152,-0.458291399292648,-0.201005060225725,
1473,0.0253664,-0.458291399292648,-0.201005060225725,
1474,0.0254176,-0.458291399292648,-0.201005060225725,
1475,0.0254688,-0.450251199305058,-0.24120607227087,
1476,0.02552,-0.450251199305058,-0.201005060225725,
1477,0.0255712,-0.450251199305058,-0.24120607227087,
1478,0.0256224,-0.450251199305058,-0.24120607227087,
1479,0.0256736,-0.426130599342287,-0.24120607227087,
1480,0.0257248,-0.450251199305058,-0.24120607227087,
1481,0.025776,-0.434170799329877,-0.281407084316015,
1482,0.0258272,-0.434170799329877,-0.281407084316015,
1483,0.0258784,-0.426130599342287,-0.24120607227087,
1484,0.0259296,-0.434170799329877,-0.24120607227087,
1485,0.0259808,-0.426130599342287,-0.201005060225725,
1486,0.026032,-0.426130599342287,-0.24120607227087,
1487,0.0260832,-0.426130599342287,-0.24120607227087,
1488,0.0261344,-0.418090399354696,-0.24120607227087,
1489,0.0261856,-0.418090399354696,-0.24120607227087,
1490,0.0262368,-0.418090399354696,-0.24120607227087,
1491,0.026288,-0.418090399354696,-0.201005060225725,
1492,0.0263392,-0.418090399354696,-0.281407084316015,
1493,0.0263904,-0.402009999379516,-0.24120607227087,
1494,0.0264416,-0.402009999379516,-0.281407084316015,
1495,0.0264928,-0.393969799391925,-0.24120607227087,
1496,0.026544,-0.393969799391925,-0.281407084316015,
1497,0.0265952,-0.393969799391925,-0.281407084316015,
1498,0.0266464,-0.393969799391925,-0.281407084316015,
1499,0.0266976,-0.385929599404335,-0.24120607227087,
1500,0.0267488,-0.385929599404335,-0.281407084316015,
1501,0.0268,-0.385929599404335,-0.24120607227087,
1502,0.0268512,-0.385929599404335,-0.24120607227087,
1503,0.0269024,-0.377889399416745,-0.281407084316015,
1504,0.0269536,-0.369849199429154,-0.281407084316015,
1505,0.0270048,-0.369849199429154,-0.24120607227087,
1506,0.027056,-0.369849199429154,-0.24120607227087,
1507,0.0271072,-0.361808999441564,-0.24120607227087,
1508,0.0271584,-0.353768799453974,-0.281407084316015,
1509,0.0272096,-0.361808999441564,-0.24120607227087,
1510,0.0272608,-0.361808999441564,-0.281407084316015,
1511,0.027312,-0.353768799453974,-0.24120607227087,
1512,0.0273632,-0.345728599466383,-0.24120607227087,
1513,0.0274144,-0.337688399478793,-0.24120607227087,
1514,0.0274656,-0.337688399478793,-0.24120607227087,
1515,0.0275168,-0.329648199491203,-0.24120607227087,
1516,0.027568,-0.337688399478793,-0.24120607227087,
1517,0.0276192,-0.329648199491203,-0.281407084316015,
1518,0.0276704,-0.321607999503613,-0.281407084316015,
1519,0.0277216,-0.329648199491203,-0.281407084316015,
1520,0.0277728,-0.321607999503613,-0.24120607227087,
1521,0.027824,-0.313567799516022,-0.24120607227087,
1522,0.0278752,-0.313567799516022,-0.281407084316015,
1523,0.0279264,-0.305527599528432,-0.24120607227087,
1524,0.0279776,-0.305527599528432,-0.281407084316015,
1525,0.0280288,-0.313567799516022,-0.281407084316015,
1526,0.02808,-0.297487399540842,-0.281407084316015,
1527,0.0281312,-0.289447199553251,-0.24120607227087,
1528,0.0281824,-0.289447199553251,-0.281407084316015,
1529,0.0282336,-0.281406999565661,-0.281407084316015,
1530,0.0282848,-0.281406999565661,-0.24120607227087,
1531,0.028336,-0.273366799578071,-0.281407084316015,
1532,0.0283872,-0.273366799578071,-0.24120607227087,
1533,0.0284384,-0.25728639960289,-0.281407084316015,
1534,0.0284896,-0.273366799578071,-0.32160809636116,
1535,0.0285408,-0.26532659959048,-0.24120607227087,
1536,0.028592,-0.2492461996153,-0.24120607227087,
1537,0.0286432,-0.2492461996153,-0.24120607227087,
1538,0.0286944,-0.241205999627709,-0.281407084316015,
1539,0.0287456,-0.241205999627709,-0.24120607227087,
1540,0.0287968,-0.241205999627709,-0.281407084316015,
1541,0.028848,-0.233165799640119,-0.281407084316015,
1542,0.0288992,-0.225125599652529,-0.281407084316015,
1543,0.0289504,-0.225125599652529,-0.281407084316015,
1544,0.0290016,-0.225125599652529,-0.281407084316015,
1545,0.0290528,-0.217085399664938,-0.281407084316015,
1546,0.029104,-0.209045199677348,-0.281407084316015,
1547,0.0291552,-0.201004999689758,-0.281407084316015,
1548,0.0292064,-0.209045199677348,-0.24120607227087,
1549,0.0292576,-0.192964799702168,-0.32160809636116,
1550,0.0293088,-0.201004999689758,-0.281407084316015,
1551,0.02936,-0.192964799702168,-0.24120607227087,
1552,0.0294112,-0.184924599714577,-0.281407084316015,
1553,0.0294624,-0.176884399726987,-0.24120607227087,
1554,0.0295136,-0.168844199739397,-0.24120607227087,
1555,0.0295648,-0.176884399726987,-0.24120607227087,
1556,0.029616,-0.160803999751806,-0.24120607227087,
1557,0.0296672,-0.160803999751806,-0.24120607227087,
1558,0.0297184,-0.152763799764216,-0.281407084316015,
1559,0.0297696,-0.152763799764216,-0.281407084316015,
1560,0.0298208,-0.152763799764216,-0.281407084316015,
1561,0.029872,-0.144723599776626,-0.281407084316015,
1562,0.0299232,-0.144723599776626,-0.281407084316015,
1563,0.0299744,-0.136683399789035,-0.24120607227087,
1564,0.0300256,-0.128643199801445,-0.24120607227087,
1565,0.0300768,-0.120602999813855,-0.281407084316015,
1566,0.030128,-0.120602999813855,-0.24120607227087,
1567,0.0301792,-0.120602999813855,-0.24120607227087,
1568,0.0302304,-0.112562799826264,-0.281407084316015,
1569,0.0302816,-0.104522599838674,-0.24120607227087,
1570,0.0303328,-0.104522599838674,-0.24120607227087,
1571,0.030384,-0.0964823998510838,-0.281407084316015,
1572,0.0304352,-0.0964823998510838,-0.281407084316015,
1573,0.0304864,-0.0884421998634934,-0.24120607227087,
1574,0.0305376,-0.0804019998759031,-0.24120607227087,
1575,0.0305888,-0.0804019998759031,-0.24120607227087,
1576,0.03064,-0.0804019998759031,-0.24120607227087,
1577,0.0306912,-0.0723617998883128,-0.281407084316015,
1578,0.0307424,-0.0643215999007225,-0.281407084316015,
1579,0.0307936,-0.0643215999007225,-0.24120607227087,
1580,0.0308448,-0.0562813999131322,-0.281407084316015,
1581,0.030896,-0.0402009999379516,-0.281407084316015,
1582,0.0309472,-0.0482411999255419,-0.24120607227087,
1583,0.0309984,-0.0402009999379516,-0.24120607227087,
1584,0.0310496,-0.0321607999503613,-0.24120607227087,
1585,0.0311008,-0.0241205999627709,-0.24120607227087,
1586,0.031152,-0.0321607999503613,-0.201005060225725,
1587,0.0312032,-0.0241205999627709,-0.24120607227087,
1588,0.0312544,-0.0160803999751806,-0.24120607227087,
1589,0.0313056,-0.0160803999751806,-0.24120607227087,
1590,0.0313568,-0.00804019998759031,-0.24120607227087,
1591,0.031408,0,-0.24120607227087,
1592,0.0314592,0.00804019998759031,-0.24120607227087,
1593,0.0315104,0.00804019998759031,-0.24120607227087,
1594,0.0315616,0.00804019998759031,-0.24120607227087,
1595,0.0316128,0.0241205999627709,-0.201005060225725,
1596,0.031664,0.0160803999751806,-0.24120607227087,
1597,0.0317152,0.0241205999627709,-0.24120607227087,
1598,0.0317664,0.0321607999503613,-0.24120607227087,
1599,0.0318176,0.0402009999379516,-0.24120607227087,
1600,0.0318688,0.0321607999503613,-0.24120607227087,
1601,0.03192,0.0562813999131322,-0.201005060225725,
1602,0.0319712,0.0482411999255419,-0.201005060225725,
1603,0.0320224,0.0562813999131322,-0.201005060225725,
1604,0.0320736,0.0562813999131322,-0.24120607227087,
1605,0.0321248,0.0643215999007225,-0.201005060225725,
1606,0.032176,0.0643215999007225,-0.24120607227087,
1607,0.0322272,0.0804019998759031,-0.201005060225725,
1608,0.0322784,0.0884421998634934,-0.201005060225725,
1609,0.0323296,0.0884421998634934,-0.201005060225725,
1610,0.0323808,0.0884421998634934,-0.201005060225725,
1611,0.032432,0.0884421998634934,-0.201005060225725,
1612,0.0324832,0.0964823998510838,-0.201005060225725,
1613,0.0325344,0.0964823998510838,-0.201005060225725,
1614,0.0325856,0.112562799826264,-0.201005060225725,
1615,0.0326368,0.104522599838674,-0.201005060225725,
1616,0.032688,0.112562799826264,-0.201005060225725,
1617,0.0327392,0.112562799826264,-0.16080404818058,
1618,0.0327904,0.136683399789035,-0.201005060225725,
1619,0.0328416,0.136683399789035,-0.201005060225725,
1620,0.0328928,0.136683399789035,-0.16080404818058,
1621,0.032944,0.136683399789035,-0.201005060225725,
1622,0.0329952,0.144723599776626,-0.201005060225725,
1623,0.0330464,0.152763799764216,-0.24120607227087,
1624,0.0330976,0.160803999751806,-0.16080404818058,
1625,0.0331488,0.160803999751806,-0.201005060225725,
1626,0.0332,0.168844199739397,-0.201005060225725,
1627,0.0332512,0.168844199739397,-0.16080404818058,
1628,0.0333024,0.176884399726987,-0.16080404818058,
1629,0.0333536,0.184924599714577,-0.16080404818058,
1630,0.0334048,0.176884399726987,-0.16080404818058,
1631,0.033456,0.184924599714577,-0.16080404818058,
1632,0.0335072,0.192964799702168,-0.201005060225725,
1633,0.0335584,0.192964799702168,-0.16080404818058,
1634,0.0336096,0.192964799702168,-0.120603036135435,
1635,0.0336608,0.201004999689758,-0.16080404818058,
1636,0.033712,0.201004999689758,-0.16080404818058,
1637,0.0337632,0.209045199677348,-0.16080404818058,
1638,0.0338144,0.217085399664938,-0.16080404818058,
1639,0.0338656,0.225125599652529,-0.16080404818058,
1640,0.0339168,0.233165799640119,-0.16080404818058,
1641,0.033968,0.233165799640119,-0.16080404818058,
1642,0.0340192,0.233165799640119,-0.201005060225725,
1643,0.0340704,0.241205999627709,-0.16080404818058,
1644,0.0341216,0.233165799640119,-0.120603036135435,
1645,0.0341728,0.241205999627709,-0.16080404818058,
1646,0.034224,0.25728639960289,-0.16080404818058,
1647,0.0342752,0.2492461996153,-0.16080404818058,
1648,0.0343264,0.26532659959048,-0.16080404818058,
1649,0.0343776,0.26532659959048,-0.16080404818058,
1650,0.0344288,0.26532659959048,-0.16080404818058,
1651,0.03448,0.273366799578071,-0.16080404818058,
1652,0.0345312,0.281406999565661,-0.120603036135435,
1653,0.0345824,0.289447199553251,-0.120603036135435,
1654,0.0346336,0.281406999565661,-0.16080404818058,
1655,0.0346848,0.289447199553251,-0.120603036135435,
1656,0.034736,0.297487399540842,-0.120603036135435,
1657,0.0347872,0.297487399540842,-0.16080404818058,
1658,0.0348384,0.289447199553251,-0.120603036135435,
1659,0.0348896,0.305527599528432,-0.16080404818058,
1660,0.0349408,0.305527599528432,-0.16080404818058,
1661,0.034992,0.313567799516022,-0.120603036135435,
1662,0.0350432,0.321607999503613,-0.0804020240902901,
1663,0.0350944,0.321607999503613,-0.120603036135435,
1664,0.0351456,0.329648199491203,-0.120603036135435,
1665,0.0351968,0.329648199491203,-0.120603036135435,
1666,0.035248,0.329648199491203,-0.120603036135435,
1667,0.0352992,0.337688399478793,-0.120603036135435,
1668,0.0353504,0.329648199491203,-0.0804020240902901,
1669,0.0354016,0.337688399478793,-0.0804020240902901,
1670,0.0354528,0.345728599466383,-0.0804020240902901,
1671,0.035504,0.345728599466383,-0.0804020240902901,
1672,0.0355552,0.353768799453974,-0.0804020240902901,
1673,0.0356064,0.353768799453974,-0.120603036135435,
1674,0.0356576,0.353768799453974,-0.0804020240902901,
1675,0.0357088,0.369849199429154,-0.0804020240902901,
1676,0.03576,0.361808999441564,-0.0804020240902901,
1677,0.0358112,0.361808999441564,-0.0804020240902901,
1678,0.0358624,0.369849199429154,-0.0804020240902901,
1679,0.0359136,0.361808999441564,-0.0804020240902901,
1680,0.0359648,0.377889399416745,-0.040201012045145,
1681,0.036016,0.369849199429154,-0.0804020240902901,
1682,0.0360672,0.377889399416745,-0.0804020240902901,
1683,0.0361184,0.385929599404335,-0.040201012045145,
1684,0.0361696,0.393969799391925,-0.0804020240902901,
1685,0.0362208,0.393969799391925,-0.0804020240902901,
1686,0.036272,0.393969799391925,-0.0804020240902901,
1687,0.0363232,0.402009999379516,-0.0804020240902901,
1688,0.0363744,0.393969799391925,-0.0804020240902901,
1689,0.0364256,0.402009999379516,-0.0804020240902901,
1690,0.0364768,0.410050199367106,-0.040201012045145,
1691,0.036528,0.410050199367106,-0.0804020240902901,
1692,0.0365792,0.410050199367106,-0.040201012045145,
1693,0.0366304,0.418090399354696,-0.0804020240902901,
1694,0.0366816,0.402009999379516,-0.040201012045145,
1695,0.0367328,0.410050199367106,-0.0804020240902901,
1696,0.036784,0.418090399354696,-0.040201012045145,
1697,0.0368352,0.426130599342287,-0.040201012045145,
1698,0.0368864,0.426130599342287,-0.0804020240902901,
1699,0.0369376,0.426130599342287,0,
1700,0.0369888,0.426130599342287,-0.040201012045145,
1701,0.03704,0.434170799329877,-0.040201012045145,
1702,0.0370912,0.442210999317467,-0.040201012045145,
1703,0.0371424,0.442210999317467,-0.040201012045145,
1704,0.0371936,0.442210999317467,0,
1705,0.0372448,0.442210999317467,0,
1706,0.037296,0.450251199305058,-0.040201012045145,
1707,0.0373472,0.442210999317467,0,
1708,0.0373984,0.450251199305058,0.040201012045145,
1709,0.0374496,0.450251199305058,-0.040201012045145,
1710,0.0375008,0.450251199305058,0,
1711,0.037552,0.458291399292648,-0.040201012045145,
1712,0.0376032,0.458291399292648,-0.040201012045145,
1713,0.0376544,0.450251199305058,0,
1714,0.0377056,0.458291399292648,0,
1715,0.0377568,0.450251199305058,0,
1716,0.037808,0.458291399292648,-0.040201012045145,
1717,0.0378592,0.466331599280238,-0.040201012045145,
1718,0.0379104,0.474371799267828,0,
1719,0.0379616,0.458291399292648,-0.040201012045145,
1720,0.0380128,0.466331599280238,0,
1721,0.038064,0.466331599280238,0,
1722,0.0381152,0.474371799267828,0.040201012045145,
1723,0.0381664,0.474371799267828,0,
1724,0.0382176,0.482411999255419,0.040201012045145,
1725,0.0382688,0.466331599280238,0,
1726,0.03832,0.474371799267828,0.040201012045145,
1727,0.0383712,0.474371799267828,0.040201012045145,
1728,0.0384224,0.482411999255419,0,
1729,0.0384736,0.474371799267828,0,
1730,0.0385248,0.482411999255419,0.040201012045145,
1731,0.038576,0.490452199243009,0.040201012045145,
1732,0.0386272,0.490452199243009,0.040201012045145,
1733,0.0386784,0.482411999255419,0,
1734,0.0387296,0.490452199243009,0,
1735,0.0387808,0.482411999255419,0.040201012045145,
1736,0.038832,0.482411999255419,0.040201012045145,
1737,0.0388832,0.490452199243009,0.040201012045145,
1738,0.0389344,0.498492399230599,0.0804020240902901,
1739,0.0389856,0.490452199243009,0.040201012045145,
1740,0.0390368,0.490452199243009,0.0804020240902901,
1741,0.039088,0.490452199243009,0.040201012045145,
1742,0.0391392,0.490452199243009,0.0804020240902901,
1743,0.0391904,0.498492399230599,0.040201012045145,
1744,0.0392416,0.490452199243009,0.040201012045145,
1745,0.0392928,0.490452199243009,0.040201012045145,
1746,0.039344,0.482411999255419,0.040201012045145,
1747,0.0393952,0.490452199243009,0.040201012045145,
1748,0.0394464,0.498492399230599,0.040201012045145,
1749,0.0394976,0.490452199243009,0.0804020240902901,
1750,0.0395488,0.490452199243009,0.0804020240902901,
1751,0.0396,0.490452199243009,0.040201012045145,
1752,0.0396512,0.490452199243009,0.0804020240902901,
1753,0.0397024,0.490452199243009,0.040201012045145,
1754,0.0397536,0.498492399230599,0.0804020240902901,
1755,0.0398048,0.498492399230599,0.0804020240902901,
1756,0.039856,0.482411999255419,0.0804020240902901,
1757,0.0399072,0.498492399230599,0.0804020240902901,
1758,0.0399584,0.490452199243009,0.0804020240902901,
1759,0.0400096,0.490452199243009,0.0804020240902901,
1760,0.0400608,0.498492399230599,0.0804020240902901,
1761,0.040112,0.490452199243009,0.0804020240902901,
1762,0.0401632,0.490452199243009,0.0804020240902901,
1763,0.0402144,0.498492399230599,0.120603036135435,
1764,0.0402656,0.498492399230599,0.0804020240902901,
1765,0.0403168,0.490452199243009,0.040201012045145,
1766,0.040368,0.490452199243009,0.120603036135435,
1767,0.0404192,0.482411999255419,0.0804020240902901,
1768,0.0404704,0.498492399230599,0.120603036135435,
1769,0.0405216,0.490452199243009,0.120603036135435,
1770,0.0405728,0.490452199243009,0.120603036135435,
1771,0.040624,0.482411999255419,0.0804020240902901,
1772,0.0406752,0.482411999255419,0.120603036135435,
1773,0.0407264,0.482411999255419,0.120603036135435,
1774,0.0407776,0.482411999255419,0.0804020240902901,
1775,0.0408288,0.482411999255419,0.120603036135435,
1776,0.04088,0.474371799267828,0.120603036135435,
1777,0.0409312,0.474371799267828,0.120603036135435,
1778,0.0409824,0.482411999255419,0.0804020240902901,
1779,0.0410336,0.482411999255419,0.120603036135435,
1780,0.0410848,0.482411999255419,0.16080404818058,
1781,0.041136,0.482411999255419,0.120603036135435,
1782,0.0411872,0.474371799267828,0.120603036135435,
1783,0.0412384,0.482411999255419,0.16080404818058,
1784,0.0412896,0.474371799267828,0.120603036135435,
1785,0.0413408,0.474371799267828,0.120603036135435,
1786,0.041392,0.466331599280238,0.120603036135435,
1787,0.0414432,0.458291399292648,0.120603036135435,
1788,0.0414944,0.466331599280238,0.120603036135435,
1789,0.0415456,0.458291399292648,0.120603036135435,
1790,0.0415968,0.458291399292648,0.120603036135435,
1791,0.041648,0.458291399292648,0.16080404818058,
1792,0.0416992,0.458291399292648,0.120603036135435,
1793,0.0417504,0.458291399292648,0.16080404818058,
1794,0.0418016,0.450251199305058,0.16080404818058,
1795,0.0418528,0.450251199305058,0.201005060225725,
1796,0.041904,0.458291399292648,0.16080404818058,
1797,0.0419552,0.450251199305058,0.120603036135435,
1798,0.0420064,0.450251199305058,0.120603036135435,
1799,0.0420576,0.450251199305058,0.16080404818058,
1800,0.0421088,0.450251199305058,0.16080404818058,
1801,0.04216,0.434170799329877,0.201005060225725,
1802,0.0422112,0.442210999317467,0.16080404818058,
1803,0.0422624,0.442210999317467,0.16080404818058,
1804,0.0423136,0.434170799329877,0.16080404818058,
1805,0.0423648,0.434170799329877,0.16080404818058,
1806,0.042416,0.434170799329877,0.120603036135435,
1807,0.0424672,0.434170799329877,0.201005060225725,
1808,0.0425184,0.426130599342287,0.16080404818058,
1809,0.0425696,0.426130599342287,0.16080404818058,
1810,0.0426208,0.418090399354696,0.16080404818058,
1811,0.042672,0.418090399354696,0.120603036135435,
1812,0.0427232,0.418090399354696,0.16080404818058,
1813,0.0427744,0.410050199367106,0.201005060225725,
1814,0.0428256,0.410050199367106,0.16080404818058,
1815,0.0428768,0.402009999379516,0.201005060225725,
1816,0.042928,0.402009999379516,0.16080404818058,
1817,0.0429792,0.402009999379516,0.16080404818058,
1818,0.0430304,0.393969799391925,0.16080404818058,
1819,0.0430816,0.402009999379516,0.16080404818058,
1820,0.0431328,0.385929599404335,0.16080404818058,
1821,0.043184,0.377889399416745,0.16080404818058,
1822,0.0432352,0.393969799391925,0.16080404818058,
1823,0.0432864,0.377889399416745,0.16080404818058,
1824,0.0433376,0.377889399416745,0.16080404818058,
1825,0.0433888,0.377889399416745,0.16080404818058,
1826,0.04344,0.369849199429154,0.16080404818058,
1827,0.0434912,0.369849199429154,0.16080404818058,
1828,0.0435424,0.369849199429154,0.16080404818058,
1829,0.0435936,0.369849199429154,0.16080404818058,
1830,0.0436448,0.353768799453974,0.201005060225725,
1831,0.043696,0.361808999441564,0.201005060225725,
1832,0.0437472,0.353768799453974,0.16080404818058,
1833,0.0437984,0.353768799453974,0.16080404818058,
1834,0.0438496,0.345728599466383,0.16080404818058,
1835,0.0439008,0.345728599466383,0.201005060225725,
1836,0.043952,0.345728599466383,0.201005060225725,
1837,0.0440032,0.337688399478793,0.201005060225725,
1838,0.0440544,0.337688399478793,0.16080404818058,
1839,0.0441056,0.329648199491203,0.16080404818058,
1840,0.0441568,0.329648199491203,0.16080404818058,
1841,0.044208,0.329648199491203,0.201005060225725,
1842,0.0442592,0.313567799516022,0.201005060225725,
1843,0.0443104,0.313567799516022,0.201005060225725,
1844,0.0443616,0.321607999503613,0.16080404818058,
1845,0.0444128,0.305527599528432,0.24120607227087,
1846,0.044464,0.305527599528432,0.201005060225725,
1847,0.0445152,0.313567799516022,0.16080404818058,
1848,0.0445664,0.297487399540842,0.201005060225725,
1849,0.0446176,0.289447199553251,0.16080404818058,
1850,0.0446688,0.289447199553251,0.16080404818058,
1851,0.04472,0.281406999565661,0.201005060225725,
1852,0.0447712,0.289447199553251,0.201005060225725,
1853,0.0448224,0.281406999565661,0.16080404818058,
1854,0.0448736,0.273366799578071,0.201005060225725,
1855,0.0449248,0.273366799578071,0.201005060225725,
1856,0.044976,0.25728639960289,0.16080404818058,
1857,0.0450272,0.26532659959048,0.201005060225725,
1858,0.0450784,0.25728639960289,0.201005060225725,
1859,0.0451296,0.2492461996153,0.16080404818058,
1860,0.0451808,0.25728639960289,0.201005060225725,
1861,0.045232,0.2492461996153,0.201005060225725,
1862,0.0452832,0.241205999627709,0.16080404818058,
1863,0.0453344,0.233165799640119,0.201005060225725,
1864,0.0453856,0.233165799640119,0.16080404818058,
1865,0.0454368,0.233165799640119,0.201005060225725,
1866,0.045488,0.225125599652529,0.201005060225725,
1867,0.0455392,0.217085399664938,0.16080404818058,
1868,0.0455904,0.217085399664938,0.201005060225725,
1869,0.0456416,0.209045199677348,0.201005060225725,
1870,0.0456928,0.209045199677348,0.16080404818058,
1871,0.045744,0.201004999689758,0.201005060225725,
1872,0.0457952,0.201004999689758,0.201005060225725,
1873,0.0458464,0.192964799702168,0.201005060225725,
1874,0.0458976,0.192964799702168,0.201005060225725,
1875,0.0459488,0.184924599714577,0.16080404818058,
1876,0.046,0.184924599714577,0.201005060225725,
1877,0.0460512,0.168844199739397,0.201005060225725,
1878,0.0461024,0.176884399726987,0.201005060225725,
1879,0.0461536,0.160803999751806,0.201005060225725,
1880,0.0462048,0.160803999751806,0.16080404818058,
1881,0.046256,0.152763799764216,0.201005060225725,
1882,0.0463072,0.152763799764216,0.16080404818058,
1883,0.0463584,0.144723599776626,0.201005060225725,
1884,0.0464096,0.136683399789035,0.201005060225725,
1885,0.0464608,0.136683399789035,0.16080404818058,
1886,0.046512,0.128643199801445,0.201005060225725,
1887,0.0465632,0.128643199801445,0.201005060225725,
1888,0.0466144,0.128643199801445,0.201005060225725,
1889,0.0466656,0.128643199801445,0.201005060225725,
1890,0.0467168,0.120602999813855,0.201005060225725,
1891,0.046768,0.112562799826264,0.16080404818058,
1892,0.0468192,0.104522599838674,0.201005060225725,
1893,0.0468704,0.112562799826264,0.16080404818058,
1894,0.0469216,0.104522599838674,0.16080404818058,
1895,0.0469728,0.0964823998510838,0.16080404818058,
1896,0.047024,0.0964823998510838,0.201005060225725,
1897,0.0470752,0.0964823998510838,0.201005060225725,
1898,0.0471264,0.0723617998883128,0.201005060225725,
1899,0.0471776,0.0643215999007225,0.16080404818058,
1900,0.0472288,0.0643215999007225,0.201005060225725,
1901,0.04728,0.0723617998883128,0.16080404818058,
1902,0.0473312,0.0643215999007225,0.16080404818058,
1903,0.0473824,0.0562813999131322,0.16080404818058,
1904,0.0474336,0.0482411999255419,0.201005060225725,
1905,0.0474848,0.0402009999379516,0.16080404818058,
1906,0.047536,0.0482411999255419,0.16080404818058,
1907,0.0475872,0.0402009999379516,0.16080404818058,
1908,0.0476384,0.0321607999503613,0.16080404818058,
1909,0.0476896,0.0241205999627709,0.16080404818058,
1910,0.0477408,0.0241205999627709,0.120603036135435,
1911,0.047792,0.0160803999751806,0.201005060225725,
1912,0.0478432,0.0160803999751806,0.16080404818058,
1913,0.0478944,0.00804019998759031,0.201005060225725,
1914,0.0479456,0.00804019998759031,0.120603036135435,
1915,0.0479968,0,0.16080404818058,
1916,0.048048,-0.00804019998759031,0.16080404818058,
1917,0.0480992,-0.0160803999751806,0.201005060225725,
1918,0.0481504,-0.0241205999627709,0.16080404818058,
1919,0.0482016,-0.0241205999627709,0.120603036135435,
1920,0.0482528,-0.0321607999503613,0.16080404818058,
1921,0.048304,-0.0321607999503613,0.16080404818058,
1922,0.0483552,-0.0321607999503613,0.201005060225725,
1923,0.0484064,-0.0402009999379516,0.16080404818058,
1924,0.0484576,-0.0482411999255419,0.16080404818058,
1925,0.0485088,-0.0482411999255419,0.16080404818058,
1926,0.04856,-0.0482411999255419,0.16080404818058,
1927,0.0486112,-0.0643215999007225,0.120603036135435,
1928,0.0486624,-0.0643215999007225,0.16080404818058,
1929,0.0487136,-0.0723617998883128,0.16080404818058,
1930,0.0487648,-0.0723617998883128,0.120603036135435,
1931,0.048816,-0.0804019998759031,0.120603036135435,
1932,0.0488672,-0.0804019998759031,0.16080404818058,
1933,0.0489184,-0.0884421998634934,0.16080404818058,
1934,0.0489696,-0.0964823998510838,0.16080404818058,
1935,0.0490208,-0.0964823998510838,0.120603036135435,
1936,0.049072,-0.0964823998510838,0.120603036135435,
1937,0.0491232,-0.104522599838674,0.120603036135435,
1938,0.0491744,-0.112562799826264,0.16080404818058,
1939,0.0492256,-0.120602999813855,0.120603036135435,
1940,0.0492768,-0.120602999813855,0.16080404818058,
1941,0.049328,-0.136683399789035,0.16080404818058,
1942,0.0493792,-0.128643199801445,0.120603036135435,
1943,0.0494304,-0.136683399789035,0.120603036135435,
1944,0.0494816,-0.136683399789035,0.16080404818058,
1945,0.0495328,-0.136683399789035,0.120603036135435,
1946,0.049584,-0.144723599776626,0.120603036135435,
1947,0.0496352,-0.152763799764216,0.120603036135435,
1948,0.0496864,-0.160803999751806,0.120603036135435,
1949,0.0497376,-0.168844199739397,0.120603036135435,
1950,0.0497888,-0.168844199739397,0.0804020240902901,
1951,0.04984,-0.176884399726987,0.120603036135435,
1952,0.0498912,-0.184924599714577,0.0804020240902901,
1953,0.0499424,-0.176884399726987,0.120603036135435,
