Model: ,Oscilloscope DSO-X 1102G
Serial Number:,CN57246464
Address: ,USBInstrument3
Date: ,2026-09-28 15:40:11

Sample Number,Time (s),1 (VOLT),2 (VOLT),
1,-0.5,-0.152763799764216,-0.104522599838674,
2,-0.499504,-0.160803999751806,-0.104522599838674,
3,-0.499008,-0.168844199739397,-0.112562799826264,
4,-0.498512,-0.176884399726987,-0.120602999813855,
5,-0.498016,-0.176884399726987,-0.136683399789035,
6,-0.49752,-0.192964799702168,-0.152763799764216,
7,-0.497024,-0.201004999689758,-0.160803999751806,
8,-0.496528,-0.201004999689758,-0.168844199739397,
9,-0.496032,-0.209045199677348,-0.176884399726987,
10,-0.495536,-0.217085399664938,-0.192964799702168,
11,-0.49504,-0.225125599652529,-0.201004999689758,
12,-0.494544,-0.233165799640119,-0.217085399664938,
13,-0.494048,-0.233165799640119,-0.233165799640119,
14,-0.493552,-0.2492461996153,-0.233165799640119,
15,-0.493056,-0.25728639960289,-0.241205999627709,
16,-0.49256,-0.25728639960289,-0.25728639960289,
17,-0.492064,-0.26532659959048,-0.273366799578071,
18,-0.491568,-0.281406999565661,-0.281406999565661,
19,-0.491072,-0.281406999565661,-0.281406999565661,
20,-0.490576,-0.281406999565661,-0.305527599528432,
21,-0.49008,-0.289447199553251,-0.313567799516022,
22,-0.489584,-0.297487399540842,-0.321607999503613,
23,-0.489088,-0.313567799516022,-0.329648199491203,
24,-0.488592,-0.305527599528432,-0.345728599466383,
25,-0.488096,-0.313567799516022,-0.345728599466383,
26,-0.4876,-0.321607999503613,-0.361808999441564,
27,-0.487104,-0.329648199491203,-0.369849199429154,
28,-0.486608,-0.337688399478793,-0.377889399416745,
29,-0.486112,-0.337688399478793,-0.385929599404335,
30,-0.485616,-0.361808999441564,-0.402009999379516,
31,-0.48512,-0.353768799453974,-0.410050199367106,
32,-0.484624,-0.353768799453974,-0.410050199367106,
33,-0.484128,-0.361808999441564,-0.426130599342287,
34,-0.483632,-0.369849199429154,-0.434170799329877,
35,-0.483136,-0.377889399416745,-0.442210999317467,
36,-0.48264,-0.377889399416745,-0.450251199305058,
37,-0.482144,-0.393969799391925,-0.458291399292648,
38,-0.481648,-0.393969799391925,-0.466331599280238,
39,-0.481152,-0.393969799391925,-0.474371799267828,
40,-0.480656,-0.402009999379516,-0.482411999255419,
41,-0.48016,-0.410050199367106,-0.50653259921819,
42,-0.479664,-0.410050199367106,-0.50653259921819,
43,-0.479168,-0.410050199367106,-0.50653259921819,
44,-0.478672,-0.426130599342287,-0.52261299919337,
45,-0.478176,-0.418090399354696,-0.51457279920578,
46,-0.47768,-0.426130599342287,-0.538693399168551,
47,-0.477184,-0.426130599342287,-0.538693399168551,
48,-0.476688,-0.434170799329877,-0.546733599156141,
49,-0.476192,-0.434170799329877,-0.554773799143732,
50,-0.475696,-0.450251199305058,-0.570854199118912,
51,-0.4752,-0.450251199305058,-0.578894399106503,
52,-0.474704,-0.450251199305058,-0.578894399106503,
53,-0.474208,-0.466331599280238,-0.594974799081683,
54,-0.473712,-0.458291399292648,-0.586934599094093,
55,-0.473216,-0.466331599280238,-0.603014999069273,
56,-0.47272,-0.458291399292648,-0.603014999069273,
57,-0.472224,-0.458291399292648,-0.611055199056864,
58,-0.471728,-0.466331599280238,-0.611055199056864,
59,-0.471232,-0.474371799267828,-0.627135599032044,
60,-0.470736,-0.474371799267828,-0.627135599032044,
61,-0.47024,-0.482411999255419,-0.635175799019635,
62,-0.469744,-0.482411999255419,-0.635175799019635,
63,-0.469248,-0.482411999255419,-0.643215999007225,
64,-0.468752,-0.482411999255419,-0.651256198994815,
65,-0.468256,-0.490452199243009,-0.651256198994815,
66,-0.46776,-0.490452199243009,-0.667336598969996,
67,-0.467264,-0.498492399230599,-0.667336598969996,
68,-0.466768,-0.498492399230599,-0.675376798957586,
69,-0.466272,-0.498492399230599,-0.675376798957586,
70,-0.465776,-0.498492399230599,-0.675376798957586,
71,-0.46528,-0.50653259921819,-0.683416998945177,
72,-0.464784,-0.498492399230599,-0.683416998945177,
73,-0.464288,-0.50653259921819,-0.691457198932767,
74,-0.463792,-0.490452199243009,-0.691457198932767,
75,-0.463296,-0.498492399230599,-0.699497398920357,
76,-0.4628,-0.498492399230599,-0.691457198932767,
77,-0.462304,-0.51457279920578,-0.707537598907948,
78,-0.461808,-0.50653259921819,-0.691457198932767,
79,-0.461312,-0.50653259921819,-0.707537598907948,
80,-0.460816,-0.50653259921819,-0.707537598907948,
81,-0.46032,-0.50653259921819,-0.707537598907948,
82,-0.459824,-0.498492399230599,-0.715577798895538,
83,-0.459328,-0.50653259921819,-0.715577798895538,
84,-0.458832,-0.51457279920578,-0.723617998883128,
85,-0.458336,-0.498492399230599,-0.715577798895538,
86,-0.45784,-0.50653259921819,-0.723617998883128,
87,-0.457344,-0.50653259921819,-0.715577798895538,
88,-0.456848,-0.50653259921819,-0.715577798895538,
89,-0.456352,-0.498492399230599,-0.723617998883128,
90,-0.455856,-0.498492399230599,-0.715577798895538,
91,-0.45536,-0.50653259921819,-0.723617998883128,
92,-0.454864,-0.490452199243009,-0.731658198870718,
93,-0.454368,-0.50653259921819,-0.723617998883128,
94,-0.453872,-0.498492399230599,-0.731658198870718,
95,-0.453376,-0.490452199243009,-0.731658198870718,
96,-0.45288,-0.490452199243009,-0.723617998883128,
97,-0.452384,-0.498492399230599,-0.731658198870718,
98,-0.451888,-0.490452199243009,-0.723617998883128,
99,-0.451392,-0.498492399230599,-0.723617998883128,
100,-0.450896,-0.490452199243009,-0.723617998883128,
101,-0.4504,-0.482411999255419,-0.731658198870718,
102,-0.449904,-0.482411999255419,-0.715577798895538,
103,-0.449408,-0.482411999255419,-0.715577798895538,
104,-0.448912,-0.482411999255419,-0.707537598907948,
105,-0.448416,-0.474371799267828,-0.723617998883128,
106,-0.44792,-0.474371799267828,-0.707537598907948,
107,-0.447424,-0.466331599280238,-0.707537598907948,
108,-0.446928,-0.466331599280238,-0.707537598907948,
109,-0.446432,-0.466331599280238,-0.707537598907948,
110,-0.445936,-0.474371799267828,-0.707537598907948,
111,-0.44544,-0.458291399292648,-0.691457198932767,
112,-0.444944,-0.466331599280238,-0.699497398920357,
113,-0.444448,-0.450251199305058,-0.699497398920357,
114,-0.443952,-0.442210999317467,-0.691457198932767,
115,-0.443456,-0.450251199305058,-0.691457198932767,
116,-0.44296,-0.434170799329877,-0.675376798957586,
117,-0.442464,-0.434170799329877,-0.683416998945177,
118,-0.441968,-0.426130599342287,-0.675376798957586,
119,-0.441472,-0.426130599342287,-0.667336598969996,
120,-0.440976,-0.426130599342287,-0.667336598969996,
121,-0.44048,-0.410050199367106,-0.659296398982406,
122,-0.439984,-0.418090399354696,-0.659296398982406,
123,-0.439488,-0.418090399354696,-0.659296398982406,
124,-0.438992,-0.402009999379516,-0.659296398982406,
125,-0.438496,-0.393969799391925,-0.643215999007225,
126,-0.438,-0.393969799391925,-0.635175799019635,
127,-0.437504,-0.393969799391925,-0.627135599032044,
128,-0.437008,-0.377889399416745,-0.635175799019635,
129,-0.436512,-0.377889399416745,-0.627135599032044,
130,-0.436016,-0.369849199429154,-0.611055199056864,
131,-0.43552,-0.369849199429154,-0.611055199056864,
132,-0.435024,-0.377889399416745,-0.611055199056864,
133,-0.434528,-0.361808999441564,-0.603014999069273,
134,-0.434032,-0.361808999441564,-0.586934599094093,
135,-0.433536,-0.353768799453974,-0.586934599094093,
136,-0.43304,-0.329648199491203,-0.578894399106503,
137,-0.432544,-0.329648199491203,-0.570854199118912,
138,-0.432048,-0.329648199491203,-0.570854199118912,
139,-0.431552,-0.321607999503613,-0.546733599156141,
140,-0.431056,-0.321607999503613,-0.546733599156141,
141,-0.43056,-0.313567799516022,-0.538693399168551,
142,-0.430064,-0.305527599528432,-0.530653199180961,
143,-0.429568,-0.297487399540842,-0.52261299919337,
144,-0.429072,-0.297487399540842,-0.51457279920578,
145,-0.428576,-0.281406999565661,-0.50653259921819,
146,-0.42808,-0.281406999565661,-0.498492399230599,
147,-0.427584,-0.273366799578071,-0.498492399230599,
148,-0.427088,-0.273366799578071,-0.482411999255419,
149,-0.426592,-0.25728639960289,-0.474371799267828,
150,-0.426096,-0.26532659959048,-0.466331599280238,
151,-0.4256,-0.2492461996153,-0.450251199305058,
152,-0.425104,-0.241205999627709,-0.450251199305058,
153,-0.424608,-0.233165799640119,-0.442210999317467,
154,-0.424112,-0.225125599652529,-0.426130599342287,
155,-0.423616,-0.225125599652529,-0.426130599342287,
156,-0.42312,-0.209045199677348,-0.410050199367106,
157,-0.422624,-0.209045199677348,-0.402009999379516,
158,-0.422128,-0.201004999689758,-0.402009999379516,
159,-0.421632,-0.192964799702168,-0.385929599404335,
160,-0.421136,-0.184924599714577,-0.377889399416745,
161,-0.42064,-0.168844199739397,-0.361808999441564,
162,-0.420144,-0.168844199739397,-0.361808999441564,
163,-0.419648,-0.160803999751806,-0.345728599466383,
164,-0.419152,-0.152763799764216,-0.329648199491203,
165,-0.418656,-0.152763799764216,-0.329648199491203,
166,-0.41816,-0.136683399789035,-0.313567799516022,
167,-0.417664,-0.136683399789035,-0.305527599528432,
168,-0.417168,-0.120602999813855,-0.297487399540842,
169,-0.416672,-0.112562799826264,-0.289447199553251,
170,-0.416176,-0.112562799826264,-0.281406999565661,
171,-0.41568,-0.0964823998510838,-0.26532659959048,
172,-0.415184,-0.0884421998634934,-0.25728639960289,
173,-0.414688,-0.0884421998634934,-0.241205999627709,
174,-0.414192,-0.0723617998883128,-0.233165799640119,
175,-0.413696,-0.0723617998883128,-0.217085399664938,
176,-0.4132,-0.0643215999007225,-0.209045199677348,
177,-0.412704,-0.0482411999255419,-0.201004999689758,
178,-0.412208,-0.0482411999255419,-0.184924599714577,
179,-0.411712,-0.0321607999503613,-0.176884399726987,
180,-0.411216,-0.0321607999503613,-0.160803999751806,
181,-0.41072,-0.0321607999503613,-0.160803999751806,
182,-0.410224,-0.00804019998759031,-0.152763799764216,
183,-0.409728,0,-0.128643199801445,
184,-0.409232,-0.00804019998759031,-0.112562799826264,
185,-0.408736,0.00804019998759031,-0.104522599838674,
186,-0.40824,0.00804019998759031,-0.0964823998510838,
187,-0.407744,0.0160803999751806,-0.0884421998634934,
188,-0.407248,0.0241205999627709,-0.0804019998759031,
189,-0.406752,0.0402009999379516,-0.0723617998883128,
190,-0.406256,0.0482411999255419,-0.0562813999131322,
191,-0.40576,0.0482411999255419,-0.0402009999379516,
192,-0.405264,0.0643215999007225,-0.0321607999503613,
193,-0.404768,0.0723617998883128,-0.0241205999627709,
194,-0.404272,0.0723617998883128,-0.00804019998759031,
195,-0.403776,0.0884421998634934,0,
196,-0.40328,0.0884421998634934,0.00804019998759031,
197,-0.402784,0.104522599838674,0.0241205999627709,
198,-0.402288,0.112562799826264,0.0402009999379516,
199,-0.401792,0.104522599838674,0.0482411999255419,
200,-0.401296,0.128643199801445,0.0482411999255419,
201,-0.4008,0.128643199801445,0.0562813999131322,
202,-0.400304,0.144723599776626,0.0884421998634934,
203,-0.399808,0.144723599776626,0.0884421998634934,
204,-0.399312,0.152763799764216,0.0964823998510838,
205,-0.398816,0.160803999751806,0.112562799826264,
206,-0.39832,0.168844199739397,0.120602999813855,
207,-0.397824,0.168844199739397,0.128643199801445,
208,-0.397328,0.176884399726987,0.144723599776626,
209,-0.396832,0.192964799702168,0.152763799764216,
210,-0.396336,0.201004999689758,0.160803999751806,
211,-0.39584,0.209045199677348,0.176884399726987,
212,-0.395344,0.209045199677348,0.184924599714577,
213,-0.394848,0.225125599652529,0.192964799702168,
214,-0.394352,0.225125599652529,0.209045199677348,
215,-0.393856,0.233165799640119,0.209045199677348,
216,-0.39336,0.241205999627709,0.233165799640119,
217,-0.392864,0.241205999627709,0.241205999627709,
218,-0.392368,0.25728639960289,0.2492461996153,
219,-0.391872,0.25728639960289,0.26532659959048,
220,-0.391376,0.273366799578071,0.273366799578071,
221,-0.39088,0.273366799578071,0.281406999565661,
222,-0.390384,0.281406999565661,0.297487399540842,
223,-0.389888,0.281406999565661,0.305527599528432,
224,-0.389392,0.281406999565661,0.321607999503613,
225,-0.388896,0.305527599528432,0.321607999503613,
226,-0.3884,0.305527599528432,0.337688399478793,
227,-0.387904,0.305527599528432,0.345728599466383,
228,-0.387408,0.313567799516022,0.353768799453974,
229,-0.386912,0.321607999503613,0.369849199429154,
230,-0.386416,0.321607999503613,0.377889399416745,
231,-0.38592,0.337688399478793,0.385929599404335,
232,-0.385424,0.337688399478793,0.393969799391925,
233,-0.384928,0.345728599466383,0.402009999379516,
234,-0.384432,0.345728599466383,0.418090399354696,
235,-0.383936,0.361808999441564,0.426130599342287,
236,-0.38344,0.361808999441564,0.434170799329877,
237,-0.382944,0.369849199429154,0.434170799329877,
238,-0.382448,0.377889399416745,0.450251199305058,
239,-0.381952,0.385929599404335,0.450251199305058,
240,-0.381456,0.377889399416745,0.458291399292648,
241,-0.38096,0.385929599404335,0.474371799267828,
242,-0.380464,0.393969799391925,0.482411999255419,
243,-0.379968,0.385929599404335,0.490452199243009,
244,-0.379472,0.402009999379516,0.490452199243009,
245,-0.378976,0.410050199367106,0.498492399230599,
246,-0.37848,0.410050199367106,0.51457279920578,
247,-0.377984,0.418090399354696,0.52261299919337,
248,-0.377488,0.426130599342287,0.530653199180961,
249,-0.376992,0.410050199367106,0.530653199180961,
250,-0.376496,0.434170799329877,0.546733599156141,
251,-0.376,0.426130599342287,0.546733599156141,
252,-0.375504,0.434170799329877,0.554773799143732,
253,-0.375008,0.442210999317467,0.570854199118912,
254,-0.374512,0.442210999317467,0.570854199118912,
255,-0.374016,0.442210999317467,0.586934599094093,
256,-0.37352,0.450251199305058,0.586934599094093,
257,-0.373024,0.450251199305058,0.586934599094093,
258,-0.372528,0.450251199305058,0.603014999069273,
259,-0.372032,0.458291399292648,0.603014999069273,
260,-0.371536,0.466331599280238,0.611055199056864,
261,-0.37104,0.474371799267828,0.619095399044454,
262,-0.370544,0.458291399292648,0.619095399044454,
263,-0.370048,0.474371799267828,0.627135599032044,
264,-0.369552,0.474371799267828,0.635175799019635,
265,-0.369056,0.466331599280238,0.635175799019635,
266,-0.36856,0.482411999255419,0.643215999007225,
267,-0.368064,0.474371799267828,0.651256198994815,
268,-0.367568,0.474371799267828,0.651256198994815,
269,-0.367072,0.490452199243009,0.659296398982406,
270,-0.366576,0.490452199243009,0.667336598969996,
271,-0.36608,0.490452199243009,0.667336598969996,
272,-0.365584,0.490452199243009,0.675376798957586,
273,-0.365088,0.482411999255419,0.675376798957586,
274,-0.364592,0.482411999255419,0.667336598969996,
275,-0.364096,0.498492399230599,0.675376798957586,
276,-0.3636,0.490452199243009,0.683416998945177,
277,-0.363104,0.490452199243009,0.683416998945177,
278,-0.362608,0.490452199243009,0.691457198932767,
279,-0.362112,0.490452199243009,0.699497398920357,
280,-0.361616,0.498492399230599,0.699497398920357,
281,-0.36112,0.490452199243009,0.707537598907948,
282,-0.360624,0.498492399230599,0.699497398920357,
283,-0.360128,0.498492399230599,0.699497398920357,
284,-0.359632,0.498492399230599,0.707537598907948,
285,-0.359136,0.498492399230599,0.699497398920357,
286,-0.35864,0.498492399230599,0.707537598907948,
287,-0.358144,0.490452199243009,0.715577798895538,
288,-0.357648,0.498492399230599,0.707537598907948,
289,-0.357152,0.490452199243009,0.707537598907948,
290,-0.356656,0.498492399230599,0.715577798895538,
291,-0.35616,0.498492399230599,0.715577798895538,
292,-0.355664,0.490452199243009,0.715577798895538,
293,-0.355168,0.490452199243009,0.707537598907948,
294,-0.354672,0.482411999255419,0.715577798895538,
295,-0.354176,0.490452199243009,0.715577798895538,
296,-0.35368,0.490452199243009,0.723617998883128,
297,-0.353184,0.482411999255419,0.707537598907948,
298,-0.352688,0.482411999255419,0.715577798895538,
299,-0.352192,0.482411999255419,0.715577798895538,
300,-0.351696,0.482411999255419,0.715577798895538,
301,-0.3512,0.474371799267828,0.715577798895538,
302,-0.350704,0.474371799267828,0.707537598907948,
303,-0.350208,0.474371799267828,0.715577798895538,
304,-0.349712,0.466331599280238,0.707537598907948,
305,-0.349216,0.474371799267828,0.707537598907948,
306,-0.34872,0.458291399292648,0.707537598907948,
307,-0.348224,0.466331599280238,0.699497398920357,
308,-0.347728,0.466331599280238,0.707537598907948,
309,-0.347232,0.450251199305058,0.699497398920357,
310,-0.346736,0.458291399292648,0.707537598907948,
311,-0.34624,0.450251199305058,0.691457198932767,
312,-0.345744,0.450251199305058,0.691457198932767,
313,-0.345248,0.442210999317467,0.691457198932767,
314,-0.344752,0.434170799329877,0.683416998945177,
315,-0.344256,0.442210999317467,0.683416998945177,
316,-0.34376,0.442210999317467,0.683416998945177,
317,-0.343264,0.434170799329877,0.683416998945177,
318,-0.342768,0.426130599342287,0.683416998945177,
319,-0.342272,0.426130599342287,0.667336598969996,
320,-0.341776,0.426130599342287,0.659296398982406,
321,-0.34128,0.426130599342287,0.651256198994815,
322,-0.340784,0.418090399354696,0.659296398982406,
323,-0.340288,0.410050199367106,0.651256198994815,
324,-0.339792,0.393969799391925,0.643215999007225,
325,-0.339296,0.385929599404335,0.643215999007225,
326,-0.3388,0.393969799391925,0.635175799019635,
327,-0.338304,0.385929599404335,0.635175799019635,
328,-0.337808,0.377889399416745,0.627135599032044,
329,-0.337312,0.377889399416745,0.611055199056864,
330,-0.336816,0.369849199429154,0.619095399044454,
331,-0.33632,0.361808999441564,0.619095399044454,
332,-0.335824,0.369849199429154,0.594974799081683,
333,-0.335328,0.361808999441564,0.603014999069273,
334,-0.334832,0.353768799453974,0.594974799081683,
335,-0.334336,0.337688399478793,0.586934599094093,
336,-0.33384,0.337688399478793,0.578894399106503,
337,-0.333344,0.329648199491203,0.570854199118912,
338,-0.332848,0.329648199491203,0.562813999131322,
339,-0.332352,0.329648199491203,0.562813999131322,
340,-0.331856,0.321607999503613,0.554773799143732,
341,-0.33136,0.313567799516022,0.546733599156141,
342,-0.330864,0.305527599528432,0.530653199180961,
343,-0.330368,0.297487399540842,0.530653199180961,
344,-0.329872,0.297487399540842,0.52261299919337,
345,-0.329376,0.289447199553251,0.51457279920578,
346,-0.32888,0.281406999565661,0.50653259921819,
347,-0.328384,0.281406999565661,0.498492399230599,
348,-0.327888,0.26532659959048,0.490452199243009,
349,-0.327392,0.25728639960289,0.474371799267828,
350,-0.326896,0.25728639960289,0.474371799267828,
351,-0.3264,0.2492461996153,0.466331599280238,
352,-0.325904,0.241205999627709,0.450251199305058,
353,-0.325408,0.217085399664938,0.442210999317467,
354,-0.324912,0.225125599652529,0.442210999317467,
355,-0.324416,0.225125599652529,0.434170799329877,
356,-0.32392,0.209045199677348,0.426130599342287,
357,-0.323424,0.209045199677348,0.402009999379516,
358,-0.322928,0.192964799702168,0.410050199367106,
359,-0.322432,0.184924599714577,0.393969799391925,
360,-0.321936,0.184924599714577,0.385929599404335,
361,-0.32144,0.184924599714577,0.377889399416745,
362,-0.320944,0.176884399726987,0.361808999441564,
363,-0.320448,0.160803999751806,0.353768799453974,
364,-0.319952,0.160803999751806,0.345728599466383,
365,-0.319456,0.144723599776626,0.329648199491203,
366,-0.31896,0.144723599776626,0.321607999503613,
367,-0.318464,0.128643199801445,0.313567799516022,
368,-0.317968,0.128643199801445,0.305527599528432,
369,-0.317472,0.112562799826264,0.297487399540842,
370,-0.316976,0.112562799826264,0.281406999565661,
371,-0.31648,0.0964823998510838,0.273366799578071,
372,-0.315984,0.0964823998510838,0.25728639960289,
373,-0.315488,0.0804019998759031,0.2492461996153,
374,-0.314992,0.0723617998883128,0.241205999627709,
375,-0.314496,0.0723617998883128,0.233165799640119,
376,-0.314,0.0643215999007225,0.225125599652529,
377,-0.313504,0.0562813999131322,0.201004999689758,
378,-0.313008,0.0402009999379516,0.192964799702168,
379,-0.312512,0.0402009999379516,0.192964799702168,
380,-0.312016,0.0241205999627709,0.176884399726987,
381,-0.31152,0.0321607999503613,0.168844199739397,
382,-0.311024,0.0241205999627709,0.160803999751806,
383,-0.310528,0.00804019998759031,0.144723599776626,
384,-0.310032,0,0.136683399789035,
385,-0.309536,-0.00804019998759031,0.112562799826264,
386,-0.30904,-0.0160803999751806,0.112562799826264,
387,-0.308544,-0.0160803999751806,0.104522599838674,
388,-0.308048,-0.0321607999503613,0.0884421998634934,
389,-0.307552,-0.0402009999379516,0.0723617998883128,
390,-0.307056,-0.0482411999255419,0.0643215999007225,
391,-0.30656,-0.0643215999007225,0.0562813999131322,
392,-0.306064,-0.0643215999007225,0.0402009999379516,
393,-0.305568,-0.0723617998883128,0.0321607999503613,
394,-0.305072,-0.0804019998759031,0.0160803999751806,
395,-0.304576,-0.0804019998759031,0.00804019998759031,
396,-0.30408,-0.0884421998634934,0,
397,-0.303584,-0.0964823998510838,-0.00804019998759031,
398,-0.303088,-0.112562799826264,-0.0160803999751806,
399,-0.302592,-0.112562799826264,-0.0321607999503613,
400,-0.302096,-0.112562799826264,-0.0402009999379516,
401,-0.3016,-0.128643199801445,-0.0562813999131322,
402,-0.301104,-0.144723599776626,-0.0643215999007225,
403,-0.300608,-0.144723599776626,-0.0804019998759031,
404,-0.300112,-0.152763799764216,-0.0884421998634934,
405,-0.299616,-0.160803999751806,-0.0964823998510838,
406,-0.29912,-0.168844199739397,-0.112562799826264,
407,-0.298624,-0.176884399726987,-0.120602999813855,
408,-0.298128,-0.184924599714577,-0.136683399789035,
409,-0.297632,-0.184924599714577,-0.144723599776626,
410,-0.297136,-0.201004999689758,-0.160803999751806,
411,-0.29664,-0.201004999689758,-0.168844199739397,
412,-0.296144,-0.217085399664938,-0.176884399726987,
413,-0.295648,-0.225125599652529,-0.184924599714577,
414,-0.295152,-0.217085399664938,-0.192964799702168,
415,-0.294656,-0.241205999627709,-0.209045199677348,
416,-0.29416,-0.241205999627709,-0.225125599652529,
417,-0.293664,-0.2492461996153,-0.233165799640119,
418,-0.293168,-0.2492461996153,-0.241205999627709,
419,-0.292672,-0.25728639960289,-0.25728639960289,
420,-0.292176,-0.273366799578071,-0.26532659959048,
421,-0.29168,-0.273366799578071,-0.281406999565661,
422,-0.291184,-0.273366799578071,-0.281406999565661,
423,-0.290688,-0.281406999565661,-0.297487399540842,
424,-0.290192,-0.297487399540842,-0.305527599528432,
425,-0.289696,-0.297487399540842,-0.321607999503613,
426,-0.2892,-0.297487399540842,-0.329648199491203,
427,-0.288704,-0.313567799516022,-0.345728599466383,
428,-0.288208,-0.313567799516022,-0.345728599466383,
429,-0.287712,-0.321607999503613,-0.353768799453974,
430,-0.287216,-0.321607999503613,-0.369849199429154,
431,-0.28672,-0.329648199491203,-0.377889399416745,
432,-0.286224,-0.345728599466383,-0.393969799391925,
433,-0.285728,-0.353768799453974,-0.402009999379516,
434,-0.285232,-0.345728599466383,-0.410050199367106,
435,-0.284736,-0.369849199429154,-0.410050199367106,
436,-0.28424,-0.361808999441564,-0.418090399354696,
437,-0.283744,-0.377889399416745,-0.426130599342287,
438,-0.283248,-0.369849199429154,-0.442210999317467,
439,-0.282752,-0.377889399416745,-0.450251199305058,
440,-0.282256,-0.385929599404335,-0.450251199305058,
441,-0.28176,-0.393969799391925,-0.466331599280238,
442,-0.281264,-0.385929599404335,-0.482411999255419,
443,-0.280768,-0.410050199367106,-0.490452199243009,
444,-0.280272,-0.393969799391925,-0.498492399230599,
445,-0.279776,-0.410050199367106,-0.50653259921819,
446,-0.27928,-0.418090399354696,-0.51457279920578,
447,-0.278784,-0.410050199367106,-0.51457279920578,
448,-0.278288,-0.418090399354696,-0.52261299919337,
449,-0.277792,-0.426130599342287,-0.538693399168551,
450,-0.277296,-0.442210999317467,-0.546733599156141,
451,-0.2768,-0.442210999317467,-0.546733599156141,
452,-0.276304,-0.442210999317467,-0.554773799143732,
453,-0.275808,-0.442210999317467,-0.562813999131322,
454,-0.275312,-0.442210999317467,-0.570854199118912,
455,-0.274816,-0.450251199305058,-0.578894399106503,
456,-0.27432,-0.450251199305058,-0.578894399106503,
457,-0.273824,-0.466331599280238,-0.594974799081683,
458,-0.273328,-0.458291399292648,-0.594974799081683,
459,-0.272832,-0.474371799267828,-0.603014999069273,
460,-0.272336,-0.474371799267828,-0.611055199056864,
461,-0.27184,-0.474371799267828,-0.611055199056864,
462,-0.271344,-0.482411999255419,-0.627135599032044,
463,-0.270848,-0.474371799267828,-0.627135599032044,
464,-0.270352,-0.482411999255419,-0.627135599032044,
465,-0.269856,-0.482411999255419,-0.643215999007225,
466,-0.26936,-0.482411999255419,-0.643215999007225,
467,-0.268864,-0.490452199243009,-0.651256198994815,
468,-0.268368,-0.482411999255419,-0.651256198994815,
469,-0.267872,-0.490452199243009,-0.667336598969996,
470,-0.267376,-0.490452199243009,-0.667336598969996,
471,-0.26688,-0.490452199243009,-0.667336598969996,
472,-0.266384,-0.498492399230599,-0.675376798957586,
473,-0.265888,-0.498492399230599,-0.683416998945177,
474,-0.265392,-0.498492399230599,-0.675376798957586,
475,-0.264896,-0.498492399230599,-0.691457198932767,
476,-0.2644,-0.50653259921819,-0.691457198932767,
477,-0.263904,-0.50653259921819,-0.691457198932767,
478,-0.263408,-0.50653259921819,-0.699497398920357,
479,-0.262912,-0.51457279920578,-0.699497398920357,
480,-0.262416,-0.50653259921819,-0.707537598907948,
481,-0.26192,-0.50653259921819,-0.699497398920357,
482,-0.261424,-0.498492399230599,-0.707537598907948,
483,-0.260928,-0.50653259921819,-0.715577798895538,
484,-0.260432,-0.50653259921819,-0.707537598907948,
485,-0.259936,-0.498492399230599,-0.715577798895538,
486,-0.25944,-0.498492399230599,-0.715577798895538,
487,-0.258944,-0.51457279920578,-0.715577798895538,
488,-0.258448,-0.51457279920578,-0.715577798895538,
489,-0.257952,-0.50653259921819,-0.723617998883128,
490,-0.257456,-0.498492399230599,-0.723617998883128,
491,-0.25696,-0.50653259921819,-0.723617998883128,
492,-0.256464,-0.498492399230599,-0.715577798895538,
493,-0.255968,-0.498492399230599,-0.731658198870718,
494,-0.255472,-0.498492399230599,-0.723617998883128,
495,-0.254976,-0.50653259921819,-0.723617998883128,
496,-0.25448,-0.498492399230599,-0.723617998883128,
497,-0.253984,-0.498492399230599,-0.723617998883128,
498,-0.253488,-0.490452199243009,-0.731658198870718,
499,-0.252992,-0.490452199243009,-0.731658198870718,
500,-0.252496,-0.490452199243009,-0.731658198870718,
501,-0.252,-0.498492399230599,-0.723617998883128,
502,-0.251504,-0.490452199243009,-0.723617998883128,
503,-0.251008,-0.490452199243009,-0.731658198870718,
504,-0.250512,-0.490452199243009,-0.723617998883128,
505,-0.250016,-0.490452199243009,-0.715577798895538,
506,-0.24952,-0.474371799267828,-0.715577798895538,
507,-0.249024,-0.474371799267828,-0.723617998883128,
508,-0.248528,-0.474371799267828,-0.723617998883128,
509,-0.248032,-0.474371799267828,-0.715577798895538,
510,-0.247536,-0.466331599280238,-0.715577798895538,
511,-0.24704,-0.466331599280238,-0.707537598907948,
512,-0.246544,-0.458291399292648,-0.699497398920357,
513,-0.246048,-0.466331599280238,-0.707537598907948,
514,-0.245552,-0.458291399292648,-0.699497398920357,
515,-0.245056,-0.458291399292648,-0.699497398920357,
516,-0.24456,-0.450251199305058,-0.699497398920357,
517,-0.244064,-0.458291399292648,-0.691457198932767,
518,-0.243568,-0.442210999317467,-0.683416998945177,
519,-0.243072,-0.442210999317467,-0.683416998945177,
520,-0.242576,-0.434170799329877,-0.683416998945177,
521,-0.24208,-0.434170799329877,-0.683416998945177,
522,-0.241584,-0.426130599342287,-0.667336598969996,
523,-0.241088,-0.426130599342287,-0.675376798957586,
524,-0.240592,-0.418090399354696,-0.659296398982406,
525,-0.240096,-0.418090399354696,-0.667336598969996,
526,-0.2396,-0.418090399354696,-0.651256198994815,
527,-0.239104,-0.410050199367106,-0.651256198994815,
528,-0.238608,-0.402009999379516,-0.643215999007225,
529,-0.238112,-0.393969799391925,-0.635175799019635,
530,-0.237616,-0.393969799391925,-0.627135599032044,
531,-0.23712,-0.385929599404335,-0.627135599032044,
532,-0.236624,-0.377889399416745,-0.627135599032044,
533,-0.236128,-0.377889399416745,-0.611055199056864,
534,-0.235632,-0.377889399416745,-0.611055199056864,
535,-0.235136,-0.369849199429154,-0.603014999069273,
536,-0.23464,-0.361808999441564,-0.594974799081683,
537,-0.234144,-0.361808999441564,-0.594974799081683,
538,-0.233648,-0.353768799453974,-0.586934599094093,
539,-0.233152,-0.337688399478793,-0.578894399106503,
540,-0.232656,-0.345728599466383,-0.578894399106503,
541,-0.23216,-0.329648199491203,-0.570854199118912,
542,-0.231664,-0.337688399478793,-0.546733599156141,
543,-0.231168,-0.321607999503613,-0.546733599156141,
544,-0.230672,-0.313567799516022,-0.554773799143732,
545,-0.230176,-0.313567799516022,-0.530653199180961,
546,-0.22968,-0.305527599528432,-0.530653199180961,
547,-0.229184,-0.297487399540842,-0.530653199180961,
548,-0.228688,-0.297487399540842,-0.51457279920578,
549,-0.228192,-0.273366799578071,-0.498492399230599,
550,-0.227696,-0.281406999565661,-0.490452199243009,
551,-0.2272,-0.26532659959048,-0.482411999255419,
552,-0.226704,-0.25728639960289,-0.482411999255419,
553,-0.226208,-0.2492461996153,-0.482411999255419,
554,-0.225712,-0.2492461996153,-0.458291399292648,
555,-0.225216,-0.2492461996153,-0.450251199305058,
556,-0.22472,-0.233165799640119,-0.442210999317467,
557,-0.224224,-0.233165799640119,-0.434170799329877,
558,-0.223728,-0.217085399664938,-0.426130599342287,
559,-0.223232,-0.217085399664938,-0.410050199367106,
560,-0.222736,-0.209045199677348,-0.410050199367106,
561,-0.22224,-0.192964799702168,-0.402009999379516,
562,-0.221744,-0.192964799702168,-0.393969799391925,
563,-0.221248,-0.184924599714577,-0.377889399416745,
564,-0.220752,-0.184924599714577,-0.361808999441564,
565,-0.220256,-0.168844199739397,-0.361808999441564,
566,-0.21976,-0.168844199739397,-0.353768799453974,
567,-0.219264,-0.152763799764216,-0.337688399478793,
568,-0.218768,-0.144723599776626,-0.329648199491203,
569,-0.218272,-0.136683399789035,-0.313567799516022,
570,-0.217776,-0.136683399789035,-0.305527599528432,
571,-0.21728,-0.128643199801445,-0.297487399540842,
572,-0.216784,-0.112562799826264,-0.281406999565661,
573,-0.216288,-0.104522599838674,-0.273366799578071,
574,-0.215792,-0.0964823998510838,-0.26532659959048,
575,-0.215296,-0.0964823998510838,-0.25728639960289,
576,-0.2148,-0.0964823998510838,-0.241205999627709,
577,-0.214304,-0.0723617998883128,-0.233165799640119,
578,-0.213808,-0.0643215999007225,-0.217085399664938,
579,-0.213312,-0.0723617998883128,-0.217085399664938,
580,-0.212816,-0.0482411999255419,-0.209045199677348,
581,-0.21232,-0.0482411999255419,-0.192964799702168,
582,-0.211824,-0.0402009999379516,-0.176884399726987,
583,-0.211328,-0.0321607999503613,-0.176884399726987,
584,-0.210832,-0.0321607999503613,-0.160803999751806,
585,-0.210336,-0.0160803999751806,-0.144723599776626,
586,-0.20984,-0.0160803999751806,-0.136683399789035,
587,-0.209344,0,-0.128643199801445,
588,-0.208848,0,-0.112562799826264,
589,-0.208352,0.00804019998759031,-0.104522599838674,
590,-0.207856,0.0160803999751806,-0.0884421998634934,
591,-0.20736,0.0321607999503613,-0.0804019998759031,
592,-0.206864,0.0321607999503613,-0.0723617998883128,
593,-0.206368,0.0402009999379516,-0.0562813999131322,
594,-0.205872,0.0562813999131322,-0.0482411999255419,
595,-0.205376,0.0562813999131322,-0.0321607999503613,
596,-0.20488,0.0643215999007225,-0.0160803999751806,
597,-0.204384,0.0723617998883128,-0.0160803999751806,
598,-0.203888,0.0804019998759031,0,
599,-0.203392,0.0884421998634934,0.00804019998759031,
600,-0.202896,0.104522599838674,0.0160803999751806,
601,-0.2024,0.112562799826264,0.0321607999503613,
602,-0.201904,0.120602999813855,0.0402009999379516,
603,-0.201408,0.120602999813855,0.0562813999131322,
604,-0.200912,0.128643199801445,0.0643215999007225,
605,-0.200416,0.136683399789035,0.0723617998883128,
606,-0.19992,0.144723599776626,0.0884421998634934,
607,-0.199424,0.152763799764216,0.104522599838674,
608,-0.198928,0.160803999751806,0.104522599838674,
609,-0.198432,0.168844199739397,0.120602999813855,
610,-0.197936,0.176884399726987,0.136683399789035,
611,-0.19744,0.184924599714577,0.136683399789035,
612,-0.196944,0.192964799702168,0.152763799764216,
613,-0.196448,0.184924599714577,0.160803999751806,
614,-0.195952,0.201004999689758,0.176884399726987,
615,-0.195456,0.209045199677348,0.184924599714577,
616,-0.19496,0.217085399664938,0.201004999689758,
617,-0.194464,0.217085399664938,0.217085399664938,
618,-0.193968,0.233165799640119,0.225125599652529,
619,-0.193472,0.241205999627709,0.233165799640119,
620,-0.192976,0.241205999627709,0.241205999627709,
621,-0.19248,0.2492461996153,0.25728639960289,
622,-0.191984,0.25728639960289,0.25728639960289,
623,-0.191488,0.26532659959048,0.273366799578071,
624,-0.190992,0.26532659959048,0.281406999565661,
625,-0.190496,0.273366799578071,0.297487399540842,
626,-0.19,0.281406999565661,0.305527599528432,
627,-0.189504,0.289447199553251,0.313567799516022,
628,-0.189008,0.297487399540842,0.321607999503613,
629,-0.188512,0.305527599528432,0.337688399478793,
630,-0.188016,0.313567799516022,0.345728599466383,
631,-0.18752,0.321607999503613,0.353768799453974,
632,-0.187024,0.313567799516022,0.361808999441564,
633,-0.186528,0.321607999503613,0.369849199429154,
634,-0.186032,0.337688399478793,0.385929599404335,
635,-0.185536,0.337688399478793,0.385929599404335,
636,-0.18504,0.345728599466383,0.393969799391925,
637,-0.184544,0.353768799453974,0.410050199367106,
638,-0.184048,0.353768799453974,0.418090399354696,
639,-0.183552,0.361808999441564,0.434170799329877,
640,-0.183056,0.369849199429154,0.434170799329877,
641,-0.18256,0.369849199429154,0.450251199305058,
642,-0.182064,0.377889399416745,0.458291399292648,
643,-0.181568,0.385929599404335,0.458291399292648,
644,-0.181072,0.385929599404335,0.466331599280238,
645,-0.180576,0.385929599404335,0.482411999255419,
646,-0.18008,0.393969799391925,0.482411999255419,
647,-0.179584,0.402009999379516,0.498492399230599,
648,-0.179088,0.410050199367106,0.50653259921819,
649,-0.178592,0.410050199367106,0.51457279920578,
650,-0.178096,0.410050199367106,0.51457279920578,
651,-0.1776,0.418090399354696,0.52261299919337,
652,-0.177104,0.418090399354696,0.530653199180961,
653,-0.176608,0.426130599342287,0.538693399168551,
654,-0.176112,0.434170799329877,0.546733599156141,
655,-0.175616,0.442210999317467,0.554773799143732,
656,-0.17512,0.434170799329877,0.562813999131322,
657,-0.174624,0.434170799329877,0.578894399106503,
658,-0.174128,0.450251199305058,0.578894399106503,
659,-0.173632,0.450251199305058,0.586934599094093,
660,-0.173136,0.450251199305058,0.586934599094093,
661,-0.17264,0.450251199305058,0.594974799081683,
662,-0.172144,0.458291399292648,0.603014999069273,
663,-0.171648,0.466331599280238,0.603014999069273,
664,-0.171152,0.458291399292648,0.611055199056864,
665,-0.170656,0.458291399292648,0.619095399044454,
666,-0.17016,0.474371799267828,0.619095399044454,
667,-0.169664,0.474371799267828,0.627135599032044,
668,-0.169168,0.466331599280238,0.635175799019635,
669,-0.168672,0.474371799267828,0.635175799019635,
670,-0.168176,0.482411999255419,0.651256198994815,
671,-0.16768,0.474371799267828,0.651256198994815,
672,-0.167184,0.474371799267828,0.659296398982406,
673,-0.166688,0.482411999255419,0.659296398982406,
674,-0.166192,0.482411999255419,0.659296398982406,
675,-0.165696,0.482411999255419,0.675376798957586,
676,-0.1652,0.498492399230599,0.675376798957586,
677,-0.164704,0.490452199243009,0.675376798957586,
678,-0.164208,0.490452199243009,0.667336598969996,
679,-0.163712,0.490452199243009,0.683416998945177,
680,-0.163216,0.498492399230599,0.691457198932767,
681,-0.16272,0.490452199243009,0.691457198932767,
682,-0.162224,0.498492399230599,0.691457198932767,
683,-0.161728,0.490452199243009,0.691457198932767,
684,-0.161232,0.490452199243009,0.691457198932767,
685,-0.160736,0.50653259921819,0.699497398920357,
686,-0.16024,0.498492399230599,0.699497398920357,
687,-0.159744,0.498492399230599,0.707537598907948,
688,-0.159248,0.498492399230599,0.707537598907948,
689,-0.158752,0.498492399230599,0.707537598907948,
690,-0.158256,0.498492399230599,0.715577798895538,
691,-0.15776,0.498492399230599,0.715577798895538,
692,-0.157264,0.490452199243009,0.723617998883128,
693,-0.156768,0.490452199243009,0.715577798895538,
694,-0.156272,0.498492399230599,0.715577798895538,
695,-0.155776,0.490452199243009,0.723617998883128,
696,-0.15528,0.490452199243009,0.707537598907948,
697,-0.154784,0.490452199243009,0.723617998883128,
698,-0.154288,0.490452199243009,0.715577798895538,
699,-0.153792,0.490452199243009,0.715577798895538,
700,-0.153296,0.490452199243009,0.715577798895538,
701,-0.1528,0.490452199243009,0.707537598907948,
702,-0.152304,0.490452199243009,0.707537598907948,
703,-0.151808,0.474371799267828,0.715577798895538,
704,-0.151312,0.482411999255419,0.715577798895538,
705,-0.150816,0.474371799267828,0.723617998883128,
706,-0.15032,0.474371799267828,0.707537598907948,
707,-0.149824,0.466331599280238,0.715577798895538,
708,-0.149328,0.466331599280238,0.707537598907948,
709,-0.148832,0.466331599280238,0.715577798895538,
710,-0.148336,0.466331599280238,0.699497398920357,
711,-0.14784,0.458291399292648,0.699497398920357,
712,-0.147344,0.458291399292648,0.699497398920357,
713,-0.146848,0.450251199305058,0.699497398920357,
714,-0.146352,0.458291399292648,0.691457198932767,
715,-0.145856,0.450251199305058,0.691457198932767,
716,-0.14536,0.450251199305058,0.699497398920357,
717,-0.144864,0.442210999317467,0.699497398920357,
718,-0.144368,0.434170799329877,0.683416998945177,
719,-0.143872,0.434170799329877,0.683416998945177,
720,-0.143376,0.434170799329877,0.683416998945177,
721,-0.14288,0.434170799329877,0.675376798957586,
722,-0.142384,0.426130599342287,0.675376798957586,
723,-0.141888,0.426130599342287,0.667336598969996,
724,-0.141392,0.402009999379516,0.659296398982406,
725,-0.140896,0.410050199367106,0.651256198994815,
726,-0.1404,0.410050199367106,0.659296398982406,
727,-0.139904,0.393969799391925,0.643215999007225,
728,-0.139408,0.402009999379516,0.635175799019635,
729,-0.138912,0.393969799391925,0.635175799019635,
730,-0.138416,0.393969799391925,0.627135599032044,
731,-0.13792,0.377889399416745,0.627135599032044,
732,-0.137424,0.377889399416745,0.619095399044454,
733,-0.136928,0.377889399416745,0.611055199056864,
734,-0.136432,0.369849199429154,0.603014999069273,
735,-0.135936,0.361808999441564,0.611055199056864,
736,-0.13544,0.353768799453974,0.603014999069273,
737,-0.134944,0.353768799453974,0.594974799081683,
738,-0.134448,0.345728599466383,0.586934599094093,
739,-0.133952,0.345728599466383,0.578894399106503,
740,-0.133456,0.329648199491203,0.570854199118912,
741,-0.13296,0.337688399478793,0.562813999131322,
742,-0.132464,0.329648199491203,0.562813999131322,
743,-0.131968,0.321607999503613,0.546733599156141,
744,-0.131472,0.321607999503613,0.538693399168551,
745,-0.130976,0.305527599528432,0.538693399168551,
746,-0.13048,0.305527599528432,0.530653199180961,
747,-0.129984,0.297487399540842,0.51457279920578,
748,-0.129488,0.289447199553251,0.51457279920578,
749,-0.128992,0.289447199553251,0.50653259921819,
750,-0.128496,0.273366799578071,0.498492399230599,
751,-0.128,0.26532659959048,0.490452199243009,
752,-0.127504,0.26532659959048,0.482411999255419,
753,-0.127008,0.2492461996153,0.474371799267828,
754,-0.126512,0.2492461996153,0.474371799267828,
755,-0.126016,0.233165799640119,0.458291399292648,
756,-0.12552,0.233165799640119,0.442210999317467,
757,-0.125024,0.225125599652529,0.434170799329877,
758,-0.124528,0.225125599652529,0.434170799329877,
759,-0.124032,0.209045199677348,0.418090399354696,
760,-0.123536,0.209045199677348,0.410050199367106,
761,-0.12304,0.217085399664938,0.410050199367106,
762,-0.122544,0.192964799702168,0.393969799391925,
763,-0.122048,0.184924599714577,0.385929599404335,
764,-0.121552,0.160803999751806,0.377889399416745,
765,-0.121056,0.176884399726987,0.369849199429154,
766,-0.12056,0.168844199739397,0.353768799453974,
767,-0.120064,0.160803999751806,0.345728599466383,
768,-0.119568,0.152763799764216,0.337688399478793,
769,-0.119072,0.136683399789035,0.329648199491203,
770,-0.118576,0.128643199801445,0.305527599528432,
771,-0.11808,0.120602999813855,0.305527599528432,
772,-0.117584,0.128643199801445,0.289447199553251,
773,-0.117088,0.112562799826264,0.281406999565661,
774,-0.116592,0.104522599838674,0.26532659959048,
775,-0.116096,0.0964823998510838,0.26532659959048,
776,-0.1156,0.0884421998634934,0.2492461996153,
777,-0.115104,0.0804019998759031,0.2492461996153,
778,-0.114608,0.0723617998883128,0.233165799640119,
779,-0.114112,0.0723617998883128,0.225125599652529,
780,-0.113616,0.0482411999255419,0.209045199677348,
781,-0.11312,0.0482411999255419,0.201004999689758,
782,-0.112624,0.0402009999379516,0.184924599714577,
783,-0.112128,0.0321607999503613,0.176884399726987,
784,-0.111632,0.0241205999627709,0.160803999751806,
785,-0.111136,0.00804019998759031,0.152763799764216,
786,-0.11064,0.0160803999751806,0.144723599776626,
787,-0.110144,0,0.136683399789035,
788,-0.109648,-0.00804019998759031,0.120602999813855,
789,-0.109152,-0.00804019998759031,0.112562799826264,
790,-0.108656,-0.0241205999627709,0.104522599838674,
791,-0.10816,-0.0241205999627709,0.0884421998634934,
792,-0.107664,-0.0402009999379516,0.0804019998759031,
793,-0.107168,-0.0321607999503613,0.0723617998883128,
794,-0.106672,-0.0482411999255419,0.0562813999131322,
795,-0.106176,-0.0562813999131322,0.0402009999379516,
796,-0.10568,-0.0723617998883128,0.0321607999503613,
797,-0.105184,-0.0804019998759031,0.0321607999503613,
798,-0.104688,-0.0804019998759031,0.00804019998759031,
799,-0.104192,-0.0884421998634934,0,
800,-0.103696,-0.0964823998510838,-0.0160803999751806,
801,-0.1032,-0.104522599838674,-0.0160803999751806,
802,-0.102704,-0.112562799826264,-0.0241205999627709,
803,-0.102208,-0.120602999813855,-0.0402009999379516,
804,-0.101712,-0.128643199801445,-0.0562813999131322,
805,-0.101216,-0.136683399789035,-0.0643215999007225,
806,-0.10072,-0.144723599776626,-0.0804019998759031,
807,-0.100224,-0.152763799764216,-0.0884421998634934,
808,-0.099728,-0.160803999751806,-0.0964823998510838,
809,-0.099232,-0.168844199739397,-0.112562799826264,
810,-0.098736,-0.168844199739397,-0.120602999813855,
811,-0.09824,-0.184924599714577,-0.128643199801445,
812,-0.097744,-0.184924599714577,-0.144723599776626,
813,-0.097248,-0.192964799702168,-0.160803999751806,
814,-0.096752,-0.201004999689758,-0.168844199739397,
815,-0.096256,-0.209045199677348,-0.176884399726987,
816,-0.09576,-0.217085399664938,-0.192964799702168,
817,-0.095264,-0.225125599652529,-0.201004999689758,
818,-0.094768,-0.241205999627709,-0.209045199677348,
819,-0.094272,-0.233165799640119,-0.225125599652529,
820,-0.093776,-0.241205999627709,-0.233165799640119,
821,-0.09328,-0.25728639960289,-0.241205999627709,
822,-0.092784,-0.26532659959048,-0.2492461996153,
823,-0.092288,-0.26532659959048,-0.25728639960289,
824,-0.091792,-0.273366799578071,-0.281406999565661,
825,-0.091296,-0.273366799578071,-0.281406999565661,
826,-0.0908,-0.281406999565661,-0.289447199553251,
827,-0.090304,-0.297487399540842,-0.297487399540842,
828,-0.089808,-0.297487399540842,-0.313567799516022,
829,-0.089312,-0.305527599528432,-0.321607999503613,
830,-0.088816,-0.313567799516022,-0.337688399478793,
831,-0.08832,-0.313567799516022,-0.345728599466383,
832,-0.087824,-0.321607999503613,-0.361808999441564,
833,-0.087328,-0.321607999503613,-0.369849199429154,
834,-0.086832,-0.337688399478793,-0.369849199429154,
835,-0.086336,-0.337688399478793,-0.385929599404335,
836,-0.08584,-0.337688399478793,-0.393969799391925,
837,-0.085344,-0.353768799453974,-0.402009999379516,
838,-0.084848,-0.353768799453974,-0.418090399354696,
839,-0.084352,-0.361808999441564,-0.418090399354696,
840,-0.083856,-0.369849199429154,-0.434170799329877,
841,-0.08336,-0.369849199429154,-0.442210999317467,
842,-0.082864,-0.385929599404335,-0.450251199305058,
843,-0.082368,-0.385929599404335,-0.458291399292648,
844,-0.081872,-0.393969799391925,-0.466331599280238,
845,-0.081376,-0.393969799391925,-0.474371799267828,
846,-0.08088,-0.402009999379516,-0.482411999255419,
847,-0.080384,-0.410050199367106,-0.490452199243009,
848,-0.079888,-0.418090399354696,-0.498492399230599,
849,-0.079392,-0.402009999379516,-0.50653259921819,
850,-0.078896,-0.418090399354696,-0.51457279920578,
851,-0.0784,-0.418090399354696,-0.52261299919337,
852,-0.077904,-0.418090399354696,-0.530653199180961,
853,-0.077408,-0.426130599342287,-0.530653199180961,
854,-0.076912,-0.434170799329877,-0.546733599156141,
855,-0.076416,-0.434170799329877,-0.554773799143732,
856,-0.07592,-0.442210999317467,-0.562813999131322,
857,-0.075424,-0.450251199305058,-0.570854199118912,
858,-0.074928,-0.450251199305058,-0.578894399106503,
859,-0.074432,-0.466331599280238,-0.578894399106503,
860,-0.073936,-0.458291399292648,-0.586934599094093,
861,-0.07344,-0.458291399292648,-0.586934599094093,
862,-0.072944,-0.466331599280238,-0.603014999069273,
863,-0.072448,-0.466331599280238,-0.611055199056864,
864,-0.071952,-0.466331599280238,-0.611055199056864,
865,-0.071456,-0.466331599280238,-0.627135599032044,
866,-0.07096,-0.466331599280238,-0.627135599032044,
867,-0.070464,-0.482411999255419,-0.627135599032044,
868,-0.069968,-0.482411999255419,-0.635175799019635,
869,-0.069472,-0.474371799267828,-0.635175799019635,
870,-0.068976,-0.482411999255419,-0.643215999007225,
871,-0.06848,-0.490452199243009,-0.659296398982406,
872,-0.067984,-0.490452199243009,-0.659296398982406,
873,-0.067488,-0.490452199243009,-0.667336598969996,
874,-0.066992,-0.490452199243009,-0.667336598969996,
875,-0.066496,-0.498492399230599,-0.675376798957586,
876,-0.066,-0.490452199243009,-0.675376798957586,
877,-0.065504,-0.490452199243009,-0.683416998945177,
878,-0.065008,-0.498492399230599,-0.699497398920357,
879,-0.064512,-0.50653259921819,-0.691457198932767,
880,-0.064016,-0.498492399230599,-0.699497398920357,
881,-0.06352,-0.498492399230599,-0.691457198932767,
882,-0.063024,-0.50653259921819,-0.699497398920357,
883,-0.062528,-0.50653259921819,-0.707537598907948,
884,-0.062032,-0.50653259921819,-0.707537598907948,
885,-0.061536,-0.51457279920578,-0.699497398920357,
886,-0.06104,-0.50653259921819,-0.699497398920357,
887,-0.060544,-0.50653259921819,-0.707537598907948,
888,-0.060048,-0.498492399230599,-0.715577798895538,
889,-0.059552,-0.50653259921819,-0.715577798895538,
890,-0.059056,-0.50653259921819,-0.707537598907948,
891,-0.05856,-0.498492399230599,-0.715577798895538,
892,-0.058064,-0.50653259921819,-0.723617998883128,
893,-0.057568,-0.50653259921819,-0.723617998883128,
894,-0.057072,-0.50653259921819,-0.723617998883128,
895,-0.056576,-0.50653259921819,-0.731658198870718,
896,-0.05608,-0.50653259921819,-0.715577798895538,
897,-0.055584,-0.50653259921819,-0.723617998883128,
898,-0.055088,-0.498492399230599,-0.731658198870718,
899,-0.054592,-0.50653259921819,-0.723617998883128,
900,-0.054096,-0.498492399230599,-0.731658198870718,
901,-0.0536,-0.50653259921819,-0.731658198870718,
902,-0.053104,-0.490452199243009,-0.723617998883128,
903,-0.052608,-0.498492399230599,-0.723617998883128,
904,-0.052112,-0.490452199243009,-0.731658198870718,
905,-0.051616,-0.490452199243009,-0.723617998883128,
906,-0.05112,-0.482411999255419,-0.723617998883128,
907,-0.050624,-0.482411999255419,-0.723617998883128,
908,-0.050128,-0.490452199243009,-0.715577798895538,
909,-0.049632,-0.482411999255419,-0.723617998883128,
910,-0.049136,-0.466331599280238,-0.715577798895538,
911,-0.04864,-0.474371799267828,-0.715577798895538,
912,-0.048144,-0.466331599280238,-0.715577798895538,
913,-0.047648,-0.466331599280238,-0.707537598907948,
914,-0.047152,-0.466331599280238,-0.715577798895538,
915,-0.046656,-0.466331599280238,-0.707537598907948,
916,-0.04616,-0.466331599280238,-0.699497398920357,
917,-0.045664,-0.458291399292648,-0.707537598907948,
918,-0.045168,-0.458291399292648,-0.691457198932767,
919,-0.044672,-0.458291399292648,-0.699497398920357,
920,-0.044176,-0.458291399292648,-0.691457198932767,
921,-0.04368,-0.450251199305058,-0.691457198932767,
922,-0.043184,-0.442210999317467,-0.691457198932767,
923,-0.042688,-0.442210999317467,-0.683416998945177,
924,-0.042192,-0.426130599342287,-0.683416998945177,
925,-0.041696,-0.426130599342287,-0.675376798957586,
926,-0.0412,-0.426130599342287,-0.667336598969996,
927,-0.040704,-0.418090399354696,-0.659296398982406,
928,-0.040208,-0.418090399354696,-0.667336598969996,
929,-0.039712,-0.402009999379516,-0.659296398982406,
930,-0.039216,-0.410050199367106,-0.651256198994815,
931,-0.03872,-0.393969799391925,-0.651256198994815,
932,-0.038224,-0.393969799391925,-0.643215999007225,
933,-0.037728,-0.393969799391925,-0.627135599032044,
934,-0.037232,-0.393969799391925,-0.627135599032044,
935,-0.036736,-0.377889399416745,-0.635175799019635,
936,-0.03624,-0.377889399416745,-0.619095399044454,
937,-0.035744,-0.377889399416745,-0.611055199056864,
938,-0.035248,-0.369849199429154,-0.603014999069273,
939,-0.034752,-0.361808999441564,-0.603014999069273,
940,-0.034256,-0.353768799453974,-0.586934599094093,
941,-0.03376,-0.345728599466383,-0.586934599094093,
942,-0.033264,-0.345728599466383,-0.586934599094093,
943,-0.032768,-0.345728599466383,-0.562813999131322,
944,-0.032272,-0.329648199491203,-0.570854199118912,
945,-0.031776,-0.329648199491203,-0.554773799143732,
946,-0.03128,-0.321607999503613,-0.546733599156141,
947,-0.030784,-0.313567799516022,-0.538693399168551,
948,-0.030288,-0.313567799516022,-0.530653199180961,
949,-0.029792,-0.305527599528432,-0.530653199180961,
950,-0.029296,-0.297487399540842,-0.51457279920578,
951,-0.0288,-0.289447199553251,-0.51457279920578,
952,-0.028304,-0.289447199553251,-0.50653259921819,
953,-0.027808,-0.273366799578071,-0.498492399230599,
954,-0.027312,-0.26532659959048,-0.482411999255419,
955,-0.026816,-0.273366799578071,-0.474371799267828,
956,-0.02632,-0.2492461996153,-0.474371799267828,
957,-0.025824,-0.25728639960289,-0.458291399292648,
958,-0.025328,-0.233165799640119,-0.458291399292648,
959,-0.024832,-0.233165799640119,-0.442210999317467,
960,-0.024336,-0.225125599652529,-0.442210999317467,
961,-0.02384,-0.225125599652529,-0.426130599342287,
962,-0.023344,-0.217085399664938,-0.418090399354696,
963,-0.022848,-0.209045199677348,-0.402009999379516,
964,-0.022352,-0.192964799702168,-0.393969799391925,
965,-0.021856,-0.192964799702168,-0.393969799391925,
966,-0.02136,-0.184924599714577,-0.385929599404335,
967,-0.020864,-0.176884399726987,-0.369849199429154,
968,-0.020368,-0.176884399726987,-0.361808999441564,
969,-0.019872,-0.160803999751806,-0.345728599466383,
970,-0.019376,-0.160803999751806,-0.345728599466383,
971,-0.01888,-0.160803999751806,-0.329648199491203,
972,-0.018384,-0.144723599776626,-0.321607999503613,
973,-0.017888,-0.128643199801445,-0.313567799516022,
974,-0.017392,-0.128643199801445,-0.297487399540842,
975,-0.016896,-0.120602999813855,-0.297487399540842,
976,-0.0164,-0.104522599838674,-0.289447199553251,
977,-0.015904,-0.104522599838674,-0.26532659959048,
978,-0.015408,-0.0964823998510838,-0.26532659959048,
979,-0.014912,-0.0804019998759031,-0.25728639960289,
980,-0.014416,-0.0804019998759031,-0.233165799640119,
981,-0.01392,-0.0723617998883128,-0.233165799640119,
982,-0.013424,-0.0643215999007225,-0.217085399664938,
983,-0.012928,-0.0562813999131322,-0.201004999689758,
984,-0.012432,-0.0482411999255419,-0.192964799702168,
985,-0.011936,-0.0482411999255419,-0.184924599714577,
986,-0.01144,-0.0402009999379516,-0.168844199739397,
987,-0.010944,-0.0241205999627709,-0.160803999751806,
988,-0.010448,-0.0160803999751806,-0.152763799764216,
989,-0.00995199999999996,-0.00804019998759031,-0.136683399789035,
990,-0.00945599999999996,-0.00804019998759031,-0.128643199801445,
991,-0.00895999999999997,0.00804019998759031,-0.120602999813855,
992,-0.00846399999999997,0.00804019998759031,-0.104522599838674,
993,-0.00796799999999998,0.0241205999627709,-0.0964823998510838,
994,-0.00747199999999998,0.0241205999627709,-0.0804019998759031,
995,-0.00697599999999998,0.0402009999379516,-0.0643215999007225,
996,-0.00647999999999999,0.0402009999379516,-0.0562813999131322,
997,-0.00598399999999999,0.0562813999131322,-0.0482411999255419,
998,-0.00548799999999999,0.0562813999131322,-0.0402009999379516,
999,-0.004992,0.0804019998759031,-0.0241205999627709,
1000,-0.004496,0.0723617998883128,-0.0160803999751806,
1001,-0.004,0.0804019998759031,-0.00804019998759031,
1002,-0.00350399999999995,0.0884421998634934,0.00804019998759031,
1003,-0.00300799999999996,0.0964823998510838,0.0160803999751806,
1004,-0.00251199999999996,0.104522599838674,0.0241205999627709,
1005,-0.00201599999999996,0.112562799826264,0.0321607999503613,
1006,-0.00151999999999997,0.112562799826264,0.0482411999255419,
1007,-0.00102399999999997,0.128643199801445,0.0562813999131322,
1008,-0.000527999999999973,0.136683399789035,0.0723617998883128,
1009,-3.19999999999765E-05,0.136683399789035,0.0804019998759031,
1010,0.00046400000000002,0.144723599776626,0.0884421998634934,
1011,0.000960000000000072,0.152763799764216,0.112562799826264,
1012,0.00145600000000001,0.160803999751806,0.120602999813855,
1013,0.00195200000000006,0.176884399726987,0.128643199801445,
1014,0.00244800000000001,0.176884399726987,0.136683399789035,
1015,0.00294400000000006,0.184924599714577,0.144723599776626,
1016,0.00344,0.201004999689758,0.152763799764216,
1017,0.00393600000000005,0.201004999689758,0.168844199739397,
1018,0.00443199999999999,0.209045199677348,0.176884399726987,
1019,0.00492800000000004,0.217085399664938,0.192964799702168,
1020,0.00542399999999998,0.225125599652529,0.209045199677348,
1021,0.00592000000000004,0.233165799640119,0.217085399664938,
1022,0.00641599999999998,0.233165799640119,0.233165799640119,
1023,0.00691200000000003,0.2492461996153,0.241205999627709,
1024,0.00740799999999997,0.2492461996153,0.241205999627709,
1025,0.00790400000000002,0.25728639960289,0.25728639960289,
1026,0.00840000000000007,0.26532659959048,0.273366799578071,
1027,0.00889600000000002,0.281406999565661,0.281406999565661,
1028,0.00939200000000007,0.281406999565661,0.281406999565661,
1029,0.00988800000000001,0.281406999565661,0.297487399540842,
1030,0.0103840000000001,0.289447199553251,0.313567799516022,
1031,0.01088,0.289447199553251,0.321607999503613,
1032,0.0113760000000001,0.297487399540842,0.337688399478793,
1033,0.011872,0.305527599528432,0.345728599466383,
1034,0.012368,0.313567799516022,0.353768799453974,
1035,0.012864,0.313567799516022,0.353768799453974,
1036,0.01336,0.313567799516022,0.369849199429154,
1037,0.013856,0.313567799516022,0.385929599404335,
1038,0.014352,0.329648199491203,0.402009999379516,
1039,0.014848,0.345728599466383,0.393969799391925,
1040,0.015344,0.337688399478793,0.410050199367106,
1041,0.0158400000000001,0.353768799453974,0.418090399354696,
1042,0.016336,0.353768799453974,0.426130599342287,
1043,0.0168320000000001,0.369849199429154,0.434170799329877,
1044,0.017328,0.369849199429154,0.450251199305058,
1045,0.0178240000000001,0.377889399416745,0.458291399292648,
1046,0.01832,0.377889399416745,0.458291399292648,
1047,0.0188160000000001,0.377889399416745,0.474371799267828,
1048,0.019312,0.385929599404335,0.474371799267828,
1049,0.019808,0.402009999379516,0.490452199243009,
1050,0.020304,0.393969799391925,0.498492399230599,
1051,0.0208,0.410050199367106,0.498492399230599,
1052,0.021296,0.418090399354696,0.50653259921819,
1053,0.021792,0.410050199367106,0.52261299919337,
1054,0.022288,0.418090399354696,0.52261299919337,
1055,0.022784,0.426130599342287,0.530653199180961,
1056,0.02328,0.426130599342287,0.538693399168551,
1057,0.023776,0.434170799329877,0.546733599156141,
1058,0.0242720000000001,0.434170799329877,0.554773799143732,
1059,0.024768,0.434170799329877,0.562813999131322,
1060,0.0252640000000001,0.434170799329877,0.570854199118912,
1061,0.02576,0.450251199305058,0.586934599094093,
1062,0.0262560000000001,0.442210999317467,0.586934599094093,
1063,0.026752,0.450251199305058,0.586934599094093,
1064,0.0272480000000001,0.450251199305058,0.594974799081683,
1065,0.027744,0.450251199305058,0.594974799081683,
1066,0.02824,0.458291399292648,0.611055199056864,
1067,0.028736,0.458291399292648,0.619095399044454,
1068,0.029232,0.466331599280238,0.619095399044454,
1069,0.029728,0.474371799267828,0.627135599032044,
1070,0.030224,0.474371799267828,0.627135599032044,
1071,0.03072,0.474371799267828,0.643215999007225,
1072,0.031216,0.474371799267828,0.643215999007225,
1073,0.0317120000000001,0.474371799267828,0.643215999007225,
1074,0.032208,0.474371799267828,0.659296398982406,
1075,0.0327040000000001,0.474371799267828,0.651256198994815,
1076,0.0332,0.482411999255419,0.659296398982406,
1077,0.0336960000000001,0.482411999255419,0.667336598969996,
1078,0.034192,0.474371799267828,0.667336598969996,
1079,0.0346880000000001,0.490452199243009,0.667336598969996,
1080,0.035184,0.490452199243009,0.675376798957586,
1081,0.03568,0.498492399230599,0.683416998945177,
1082,0.036176,0.490452199243009,0.675376798957586,
1083,0.036672,0.490452199243009,0.691457198932767,
1084,0.037168,0.498492399230599,0.691457198932767,
1085,0.037664,0.490452199243009,0.691457198932767,
1086,0.03816,0.490452199243009,0.691457198932767,
1087,0.038656,0.498492399230599,0.699497398920357,
1088,0.0391520000000001,0.490452199243009,0.699497398920357,
1089,0.039648,0.498492399230599,0.715577798895538,
1090,0.0401440000000001,0.498492399230599,0.707537598907948,
1091,0.04064,0.498492399230599,0.707537598907948,
1092,0.0411360000000001,0.490452199243009,0.707537598907948,
1093,0.041632,0.498492399230599,0.715577798895538,
1094,0.0421280000000001,0.490452199243009,0.707537598907948,
1095,0.042624,0.498492399230599,0.715577798895538,
1096,0.04312,0.50653259921819,0.715577798895538,
1097,0.043616,0.498492399230599,0.715577798895538,
1098,0.044112,0.498492399230599,0.715577798895538,
1099,0.044608,0.490452199243009,0.715577798895538,
1100,0.045104,0.498492399230599,0.715577798895538,
1101,0.0456,0.490452199243009,0.723617998883128,
1102,0.046096,0.482411999255419,0.715577798895538,
1103,0.0465920000000001,0.482411999255419,0.723617998883128,
1104,0.047088,0.498492399230599,0.715577798895538,
1105,0.0475840000000001,0.482411999255419,0.715577798895538,
1106,0.04808,0.490452199243009,0.707537598907948,
1107,0.0485760000000001,0.482411999255419,0.715577798895538,
1108,0.049072,0.474371799267828,0.715577798895538,
1109,0.0495680000000001,0.474371799267828,0.715577798895538,
1110,0.050064,0.474371799267828,0.723617998883128,
1111,0.05056,0.474371799267828,0.707537598907948,
1112,0.051056,0.466331599280238,0.707537598907948,
1113,0.051552,0.466331599280238,0.699497398920357,
1114,0.052048,0.458291399292648,0.707537598907948,
1115,0.052544,0.458291399292648,0.699497398920357,
1116,0.05304,0.458291399292648,0.699497398920357,
1117,0.053536,0.458291399292648,0.691457198932767,
1118,0.054032,0.442210999317467,0.699497398920357,
1119,0.054528,0.442210999317467,0.691457198932767,
1120,0.0550240000000001,0.442210999317467,0.683416998945177,
1121,0.05552,0.442210999317467,0.691457198932767,
1122,0.0560160000000001,0.434170799329877,0.675376798957586,
1123,0.056512,0.434170799329877,0.675376798957586,
1124,0.0570080000000001,0.434170799329877,0.667336598969996,
1125,0.057504,0.426130599342287,0.667336598969996,
1126,0.0580000000000001,0.426130599342287,0.659296398982406,
1127,0.058496,0.418090399354696,0.659296398982406,
1128,0.058992,0.418090399354696,0.651256198994815,
1129,0.059488,0.418090399354696,0.651256198994815,
1130,0.059984,0.402009999379516,0.643215999007225,
1131,0.06048,0.402009999379516,0.643215999007225,
1132,0.060976,0.393969799391925,0.627135599032044,
1133,0.061472,0.393969799391925,0.635175799019635,
1134,0.061968,0.393969799391925,0.627135599032044,
1135,0.0624640000000001,0.385929599404335,0.619095399044454,
1136,0.06296,0.369849199429154,0.619095399044454,
1137,0.0634560000000001,0.369849199429154,0.603014999069273,
1138,0.063952,0.369849199429154,0.603014999069273,
1139,0.0644480000000001,0.361808999441564,0.603014999069273,
1140,0.064944,0.353768799453974,0.586934599094093,
1141,0.0654400000000001,0.345728599466383,0.586934599094093,
1142,0.065936,0.329648199491203,0.586934599094093,
1143,0.066432,0.337688399478793,0.570854199118912,
1144,0.066928,0.329648199491203,0.570854199118912,
1145,0.067424,0.321607999503613,0.562813999131322,
1146,0.06792,0.321607999503613,0.546733599156141,
1147,0.068416,0.313567799516022,0.546733599156141,
1148,0.068912,0.313567799516022,0.546733599156141,
1149,0.069408,0.305527599528432,0.530653199180961,
1150,0.0699040000000001,0.297487399540842,0.52261299919337,
1151,0.0704,0.289447199553251,0.51457279920578,
1152,0.0708960000000001,0.281406999565661,0.50653259921819,
1153,0.071392,0.273366799578071,0.498492399230599,
1154,0.0718880000000001,0.281406999565661,0.498492399230599,
1155,0.072384,0.26532659959048,0.490452199243009,
1156,0.0728800000000001,0.25728639960289,0.474371799267828,
1157,0.073376,0.2492461996153,0.466331599280238,
1158,0.073872,0.241205999627709,0.466331599280238,
1159,0.074368,0.241205999627709,0.450251199305058,
1160,0.074864,0.233165799640119,0.442210999317467,
1161,0.07536,0.225125599652529,0.434170799329877,
1162,0.075856,0.217085399664938,0.426130599342287,
1163,0.076352,0.201004999689758,0.418090399354696,
1164,0.076848,0.209045199677348,0.402009999379516,
1165,0.0773440000000001,0.192964799702168,0.393969799391925,
1166,0.07784,0.184924599714577,0.393969799391925,
1167,0.0783360000000001,0.184924599714577,0.385929599404335,
1168,0.078832,0.176884399726987,0.369849199429154,
1169,0.0793280000000001,0.160803999751806,0.353768799453974,
1170,0.079824,0.160803999751806,0.345728599466383,
1171,0.0803200000000001,0.160803999751806,0.345728599466383,
1172,0.080816,0.136683399789035,0.321607999503613,
1173,0.0813120000000001,0.144723599776626,0.321607999503613,
1174,0.081808,0.128643199801445,0.313567799516022,
1175,0.082304,0.120602999813855,0.305527599528432,
1176,0.0828,0.112562799826264,0.281406999565661,
1177,0.083296,0.0964823998510838,0.273366799578071,
1178,0.083792,0.0964823998510838,0.26532659959048,
1179,0.084288,0.0884421998634934,0.25728639960289,
1180,0.084784,0.0804019998759031,0.241205999627709,
1181,0.08528,0.0723617998883128,0.233165799640119,
1182,0.0857760000000001,0.0643215999007225,0.225125599652529,
1183,0.086272,0.0562813999131322,0.225125599652529,
1184,0.0867680000000001,0.0482411999255419,0.201004999689758,
1185,0.087264,0.0402009999379516,0.192964799702168,
1186,0.0877600000000001,0.0402009999379516,0.184924599714577,
1187,0.088256,0.0241205999627709,0.168844199739397,
1188,0.0887520000000001,0.0241205999627709,0.160803999751806,
1189,0.089248,0.00804019998759031,0.144723599776626,
1190,0.089744,0,0.136683399789035,
1191,0.09024,0,0.128643199801445,
1192,0.090736,-0.0160803999751806,0.112562799826264,
1193,0.091232,-0.0160803999751806,0.104522599838674,
1194,0.091728,-0.0321607999503613,0.0884421998634934,
1195,0.092224,-0.0402009999379516,0.0804019998759031,
1196,0.09272,-0.0482411999255419,0.0723617998883128,
1197,0.0932160000000001,-0.0482411999255419,0.0562813999131322,
1198,0.093712,-0.0482411999255419,0.0562813999131322,
1199,0.0942080000000001,-0.0643215999007225,0.0402009999379516,
1200,0.094704,-0.0643215999007225,0.0241205999627709,
1201,0.0952000000000001,-0.0804019998759031,0.00804019998759031,
1202,0.095696,-0.0884421998634934,0,
1203,0.0961920000000001,-0.0884421998634934,-0.00804019998759031,
1204,0.096688,-0.104522599838674,-0.0160803999751806,
1205,0.097184,-0.112562799826264,-0.0321607999503613,
1206,0.09768,-0.112562799826264,-0.0402009999379516,
1207,0.098176,-0.120602999813855,-0.0482411999255419,
1208,0.098672,-0.128643199801445,-0.0562813999131322,
1209,0.099168,-0.136683399789035,-0.0804019998759031,
1210,0.099664,-0.160803999751806,-0.0804019998759031,
1211,0.10016,-0.152763799764216,-0.0964823998510838,
1212,0.100656,-0.160803999751806,-0.104522599838674,
1213,0.101152,-0.176884399726987,-0.120602999813855,
1214,0.101648,-0.184924599714577,-0.120602999813855,
1215,0.102144,-0.184924599714577,-0.136683399789035,
1216,0.10264,-0.201004999689758,-0.152763799764216,
1217,0.103136,-0.192964799702168,-0.160803999751806,
1218,0.103632,-0.209045199677348,-0.176884399726987,
1219,0.104128,-0.217085399664938,-0.184924599714577,
1220,0.104624,-0.225125599652529,-0.192964799702168,
1221,0.10512,-0.225125599652529,-0.201004999689758,
1222,0.105616,-0.2492461996153,-0.225125599652529,
1223,0.106112,-0.241205999627709,-0.225125599652529,
1224,0.106608,-0.2492461996153,-0.241205999627709,
1225,0.107104,-0.25728639960289,-0.241205999627709,
1226,0.1076,-0.25728639960289,-0.26532659959048,
1227,0.108096,-0.273366799578071,-0.273366799578071,
1228,0.108592,-0.281406999565661,-0.281406999565661,
1229,0.109088,-0.281406999565661,-0.289447199553251,
1230,0.109584,-0.281406999565661,-0.305527599528432,
1231,0.11008,-0.297487399540842,-0.313567799516022,
1232,0.110576,-0.305527599528432,-0.321607999503613,
1233,0.111072,-0.313567799516022,-0.329648199491203,
1234,0.111568,-0.313567799516022,-0.337688399478793,
1235,0.112064,-0.321607999503613,-0.353768799453974,
1236,0.11256,-0.329648199491203,-0.361808999441564,
1237,0.113056,-0.329648199491203,-0.369849199429154,
1238,0.113552,-0.337688399478793,-0.385929599404335,
1239,0.114048,-0.337688399478793,-0.393969799391925,
1240,0.114544,-0.345728599466383,-0.402009999379516,
1241,0.11504,-0.361808999441564,-0.410050199367106,
1242,0.115536,-0.361808999441564,-0.418090399354696,
1243,0.116032,-0.369849199429154,-0.434170799329877,
1244,0.116528,-0.369849199429154,-0.450251199305058,
1245,0.117024,-0.385929599404335,-0.450251199305058,
1246,0.11752,-0.377889399416745,-0.458291399292648,
1247,0.118016,-0.385929599404335,-0.458291399292648,
1248,0.118512,-0.385929599404335,-0.474371799267828,
1249,0.119008,-0.402009999379516,-0.482411999255419,
1250,0.119504,-0.402009999379516,-0.490452199243009,
1251,0.12,-0.402009999379516,-0.498492399230599,
1252,0.120496,-0.410050199367106,-0.50653259921819,
1253,0.120992,-0.418090399354696,-0.51457279920578,
1254,0.121488,-0.426130599342287,-0.52261299919337,
1255,0.121984,-0.434170799329877,-0.530653199180961,
1256,0.12248,-0.434170799329877,-0.538693399168551,
1257,0.122976,-0.434170799329877,-0.546733599156141,
1258,0.123472,-0.434170799329877,-0.546733599156141,
1259,0.123968,-0.442210999317467,-0.554773799143732,
1260,0.124464,-0.442210999317467,-0.570854199118912,
1261,0.12496,-0.450251199305058,-0.578894399106503,
1262,0.125456,-0.450251199305058,-0.578894399106503,
1263,0.125952,-0.458291399292648,-0.586934599094093,
1264,0.126448,-0.466331599280238,-0.586934599094093,
1265,0.126944,-0.458291399292648,-0.603014999069273,
1266,0.12744,-0.466331599280238,-0.603014999069273,
1267,0.127936,-0.466331599280238,-0.603014999069273,
1268,0.128432,-0.466331599280238,-0.619095399044454,
1269,0.128928,-0.474371799267828,-0.619095399044454,
1270,0.129424,-0.482411999255419,-0.627135599032044,
1271,0.12992,-0.474371799267828,-0.635175799019635,
1272,0.130416,-0.474371799267828,-0.643215999007225,
1273,0.130912,-0.482411999255419,-0.643215999007225,
1274,0.131408,-0.490452199243009,-0.659296398982406,
1275,0.131904,-0.490452199243009,-0.651256198994815,
1276,0.1324,-0.498492399230599,-0.659296398982406,
1277,0.132896,-0.490452199243009,-0.667336598969996,
1278,0.133392,-0.498492399230599,-0.667336598969996,
1279,0.133888,-0.498492399230599,-0.667336598969996,
1280,0.134384,-0.490452199243009,-0.675376798957586,
1281,0.13488,-0.490452199243009,-0.683416998945177,
1282,0.135376,-0.490452199243009,-0.683416998945177,
1283,0.135872,-0.51457279920578,-0.691457198932767,
1284,0.136368,-0.51457279920578,-0.691457198932767,
1285,0.136864,-0.50653259921819,-0.699497398920357,
1286,0.13736,-0.498492399230599,-0.699497398920357,
1287,0.137856,-0.498492399230599,-0.699497398920357,
1288,0.138352,-0.51457279920578,-0.707537598907948,
1289,0.138848,-0.498492399230599,-0.707537598907948,
1290,0.139344,-0.498492399230599,-0.715577798895538,
1291,0.13984,-0.50653259921819,-0.707537598907948,
1292,0.140336,-0.50653259921819,-0.707537598907948,
1293,0.140832,-0.50653259921819,-0.723617998883128,
1294,0.141328,-0.50653259921819,-0.715577798895538,
1295,0.141824,-0.50653259921819,-0.723617998883128,
1296,0.14232,-0.50653259921819,-0.723617998883128,
1297,0.142816,-0.51457279920578,-0.715577798895538,
1298,0.143312,-0.50653259921819,-0.715577798895538,
1299,0.143808,-0.50653259921819,-0.723617998883128,
1300,0.144304,-0.50653259921819,-0.723617998883128,
1301,0.1448,-0.498492399230599,-0.723617998883128,
1302,0.145296,-0.490452199243009,-0.731658198870718,
1303,0.145792,-0.50653259921819,-0.723617998883128,
1304,0.146288,-0.498492399230599,-0.731658198870718,
1305,0.146784,-0.490452199243009,-0.715577798895538,
1306,0.14728,-0.482411999255419,-0.723617998883128,
1307,0.147776,-0.490452199243009,-0.731658198870718,
1308,0.148272,-0.490452199243009,-0.723617998883128,
1309,0.148768,-0.490452199243009,-0.723617998883128,
1310,0.149264,-0.490452199243009,-0.723617998883128,
1311,0.14976,-0.490452199243009,-0.715577798895538,
1312,0.150256,-0.482411999255419,-0.723617998883128,
1313,0.150752,-0.482411999255419,-0.715577798895538,
1314,0.151248,-0.474371799267828,-0.715577798895538,
1315,0.151744,-0.474371799267828,-0.707537598907948,
1316,0.15224,-0.466331599280238,-0.723617998883128,
1317,0.152736,-0.466331599280238,-0.715577798895538,
1318,0.153232,-0.466331599280238,-0.707537598907948,
1319,0.153728,-0.466331599280238,-0.707537598907948,
1320,0.154224,-0.466331599280238,-0.699497398920357,
1321,0.15472,-0.450251199305058,-0.707537598907948,
1322,0.155216,-0.450251199305058,-0.699497398920357,
1323,0.155712,-0.450251199305058,-0.691457198932767,
1324,0.156208,-0.434170799329877,-0.691457198932767,
1325,0.156704,-0.442210999317467,-0.683416998945177,
1326,0.1572,-0.442210999317467,-0.691457198932767,
1327,0.157696,-0.434170799329877,-0.683416998945177,
1328,0.158192,-0.434170799329877,-0.675376798957586,
1329,0.158688,-0.426130599342287,-0.667336598969996,
1330,0.159184,-0.426130599342287,-0.667336598969996,
1331,0.15968,-0.418090399354696,-0.667336598969996,
1332,0.160176,-0.402009999379516,-0.651256198994815,
1333,0.160672,-0.410050199367106,-0.651256198994815,
1334,0.161168,-0.410050199367106,-0.651256198994815,
1335,0.161664,-0.402009999379516,-0.643215999007225,
1336,0.16216,-0.385929599404335,-0.635175799019635,
1337,0.162656,-0.393969799391925,-0.635175799019635,
1338,0.163152,-0.377889399416745,-0.627135599032044,
1339,0.163648,-0.377889399416745,-0.611055199056864,
1340,0.164144,-0.369849199429154,-0.611055199056864,
1341,0.16464,-0.369849199429154,-0.603014999069273,
1342,0.165136,-0.361808999441564,-0.594974799081683,
1343,0.165632,-0.361808999441564,-0.594974799081683,
1344,0.166128,-0.353768799453974,-0.594974799081683,
1345,0.166624,-0.345728599466383,-0.578894399106503,
1346,0.16712,-0.337688399478793,-0.570854199118912,
1347,0.167616,-0.337688399478793,-0.570854199118912,
1348,0.168112,-0.321607999503613,-0.562813999131322,
1349,0.168608,-0.329648199491203,-0.546733599156141,
1350,0.169104,-0.313567799516022,-0.546733599156141,
1351,0.1696,-0.305527599528432,-0.538693399168551,
1352,0.170096,-0.305527599528432,-0.530653199180961,
1353,0.170592,-0.297487399540842,-0.52261299919337,
1354,0.171088,-0.289447199553251,-0.50653259921819,
1355,0.171584,-0.281406999565661,-0.50653259921819,
1356,0.17208,-0.273366799578071,-0.498492399230599,
1357,0.172576,-0.26532659959048,-0.498492399230599,
1358,0.173072,-0.26532659959048,-0.474371799267828,
1359,0.173568,-0.26532659959048,-0.466331599280238,
1360,0.174064,-0.25728639960289,-0.466331599280238,
1361,0.17456,-0.241205999627709,-0.458291399292648,
1362,0.175056,-0.241205999627709,-0.450251199305058,
1363,0.175552,-0.233165799640119,-0.434170799329877,
1364,0.176048,-0.233165799640119,-0.426130599342287,
1365,0.176544,-0.217085399664938,-0.426130599342287,
1366,0.17704,-0.217085399664938,-0.418090399354696,
1367,0.177536,-0.209045199677348,-0.402009999379516,
1368,0.178032,-0.201004999689758,-0.393969799391925,
1369,0.178528,-0.176884399726987,-0.377889399416745,
1370,0.179024,-0.176884399726987,-0.369849199429154,
1371,0.17952,-0.176884399726987,-0.361808999441564,
1372,0.180016,-0.168844199739397,-0.361808999441564,
1373,0.180512,-0.160803999751806,-0.337688399478793,
1374,0.181008,-0.144723599776626,-0.337688399478793,
1375,0.181504,-0.144723599776626,-0.321607999503613,
1376,0.182,-0.144723599776626,-0.321607999503613,
1377,0.182496,-0.128643199801445,-0.297487399540842,
1378,0.182992,-0.120602999813855,-0.289447199553251,
1379,0.183488,-0.112562799826264,-0.281406999565661,
1380,0.183984,-0.104522599838674,-0.273366799578071,
1381,0.18448,-0.104522599838674,-0.25728639960289,
1382,0.184976,-0.0884421998634934,-0.2492461996153,
1383,0.185472,-0.0804019998759031,-0.2492461996153,
1384,0.185968,-0.0804019998759031,-0.233165799640119,
1385,0.186464,-0.0643215999007225,-0.217085399664938,
1386,0.18696,-0.0482411999255419,-0.209045199677348,
1387,0.187456,-0.0482411999255419,-0.192964799702168,
1388,0.187952,-0.0321607999503613,-0.184924599714577,
1389,0.188448,-0.0402009999379516,-0.168844199739397,
1390,0.188944,-0.0321607999503613,-0.168844199739397,
1391,0.18944,-0.0241205999627709,-0.152763799764216,
1392,0.189936,-0.00804019998759031,-0.144723599776626,
1393,0.190432,0,-0.128643199801445,
1394,0.190928,0,-0.120602999813855,
1395,0.191424,0.00804019998759031,-0.112562799826264,
1396,0.19192,0.0241205999627709,-0.0964823998510838,
1397,0.192416,0.0241205999627709,-0.0804019998759031,
1398,0.192912,0.0321607999503613,-0.0723617998883128,
1399,0.193408,0.0402009999379516,-0.0643215999007225,
1400,0.193904,0.0402009999379516,-0.0562813999131322,
1401,0.1944,0.0562813999131322,-0.0482411999255419,
1402,0.194896,0.0643215999007225,-0.0321607999503613,
1403,0.195392,0.0723617998883128,-0.0241205999627709,
1404,0.195888,0.0723617998883128,-0.0160803999751806,
1405,0.196384,0.0884421998634934,0.00804019998759031,
1406,0.19688,0.0884421998634934,0.0160803999751806,
1407,0.197376,0.0964823998510838,0.0241205999627709,
1408,0.197872,0.104522599838674,0.0321607999503613,
1409,0.198368,0.112562799826264,0.0482411999255419,
1410,0.198864,0.120602999813855,0.0562813999131322,
1411,0.19936,0.128643199801445,0.0723617998883128,
1412,0.199856,0.144723599776626,0.0804019998759031,
1413,0.200352,0.144723599776626,0.0964823998510838,
1414,0.200848,0.160803999751806,0.104522599838674,
1415,0.201344,0.160803999751806,0.120602999813855,
1416,0.20184,0.168844199739397,0.120602999813855,
1417,0.202336,0.184924599714577,0.136683399789035,
1418,0.202832,0.176884399726987,0.152763799764216,
1419,0.203328,0.192964799702168,0.160803999751806,
1420,0.203824,0.201004999689758,0.176884399726987,
1421,0.20432,0.201004999689758,0.184924599714577,
1422,0.204816,0.209045199677348,0.201004999689758,
1423,0.205312,0.217085399664938,0.201004999689758,
1424,0.205808,0.217085399664938,0.217085399664938,
1425,0.206304,0.233165799640119,0.225125599652529,
1426,0.2068,0.241205999627709,0.233165799640119,
1427,0.207296,0.2492461996153,0.2492461996153,
1428,0.207792,0.25728639960289,0.25728639960289,
1429,0.208288,0.25728639960289,0.26532659959048,
1430,0.208784,0.26532659959048,0.281406999565661,
1431,0.20928,0.273366799578071,0.297487399540842,
1432,0.209776,0.281406999565661,0.297487399540842,
1433,0.210272,0.297487399540842,0.305527599528432,
1434,0.210768,0.289447199553251,0.321607999503613,
1435,0.211264,0.297487399540842,0.329648199491203,
1436,0.21176,0.313567799516022,0.337688399478793,
1437,0.212256,0.305527599528432,0.345728599466383,
1438,0.212752,0.321607999503613,0.369849199429154,
1439,0.213248,0.329648199491203,0.369849199429154,
1440,0.213744,0.337688399478793,0.377889399416745,
1441,0.21424,0.337688399478793,0.385929599404335,
1442,0.214736,0.337688399478793,0.402009999379516,
1443,0.215232,0.345728599466383,0.410050199367106,
1444,0.215728,0.345728599466383,0.410050199367106,
1445,0.216224,0.361808999441564,0.418090399354696,
1446,0.21672,0.361808999441564,0.434170799329877,
1447,0.217216,0.385929599404335,0.442210999317467,
1448,0.217712,0.369849199429154,0.450251199305058,
1449,0.218208,0.369849199429154,0.458291399292648,
1450,0.218704,0.385929599404335,0.466331599280238,
1451,0.2192,0.385929599404335,0.474371799267828,
1452,0.219696,0.402009999379516,0.490452199243009,
1453,0.220192,0.393969799391925,0.498492399230599,
1454,0.220688,0.402009999379516,0.498492399230599,
1455,0.221184,0.410050199367106,0.51457279920578,
1456,0.22168,0.410050199367106,0.51457279920578,
1457,0.222176,0.418090399354696,0.52261299919337,
1458,0.222672,0.426130599342287,0.538693399168551,
1459,0.223168,0.426130599342287,0.538693399168551,
1460,0.223664,0.426130599342287,0.546733599156141,
1461,0.22416,0.434170799329877,0.546733599156141,
1462,0.224656,0.434170799329877,0.562813999131322,
1463,0.225152,0.450251199305058,0.562813999131322,
1464,0.225648,0.434170799329877,0.578894399106503,
1465,0.226144,0.450251199305058,0.586934599094093,
1466,0.22664,0.450251199305058,0.586934599094093,
1467,0.227136,0.450251199305058,0.594974799081683,
1468,0.227632,0.458291399292648,0.594974799081683,
1469,0.228128,0.458291399292648,0.603014999069273,
1470,0.228624,0.458291399292648,0.619095399044454,
1471,0.22912,0.466331599280238,0.619095399044454,
1472,0.229616,0.466331599280238,0.627135599032044,
1473,0.230112,0.474371799267828,0.627135599032044,
1474,0.230608,0.474371799267828,0.635175799019635,
1475,0.231104,0.474371799267828,0.635175799019635,
1476,0.2316,0.482411999255419,0.643215999007225,
1477,0.232096,0.482411999255419,0.643215999007225,
1478,0.232592,0.482411999255419,0.651256198994815,
1479,0.233088,0.482411999255419,0.659296398982406,
1480,0.233584,0.490452199243009,0.659296398982406,
1481,0.23408,0.482411999255419,0.659296398982406,
1482,0.234576,0.490452199243009,0.675376798957586,
1483,0.235072,0.482411999255419,0.675376798957586,
1484,0.235568,0.490452199243009,0.675376798957586,
1485,0.236064,0.490452199243009,0.683416998945177,
1486,0.23656,0.498492399230599,0.683416998945177,
1487,0.237056,0.490452199243009,0.683416998945177,
1488,0.237552,0.490452199243009,0.691457198932767,
1489,0.238048,0.498492399230599,0.699497398920357,
1490,0.238544,0.490452199243009,0.699497398920357,
1491,0.23904,0.498492399230599,0.707537598907948,
1492,0.239536,0.490452199243009,0.707537598907948,
1493,0.240032,0.490452199243009,0.707537598907948,
1494,0.240528,0.490452199243009,0.707537598907948,
1495,0.241024,0.50653259921819,0.715577798895538,
1496,0.24152,0.498492399230599,0.715577798895538,
1497,0.242016,0.498492399230599,0.715577798895538,
1498,0.242512,0.490452199243009,0.715577798895538,
1499,0.243008,0.490452199243009,0.715577798895538,
1500,0.243504,0.498492399230599,0.715577798895538,
1501,0.244,0.490452199243009,0.715577798895538,
1502,0.244496,0.490452199243009,0.715577798895538,
1503,0.244992,0.490452199243009,0.715577798895538,
1504,0.245488,0.482411999255419,0.715577798895538,
1505,0.245984,0.490452199243009,0.715577798895538,
1506,0.24648,0.482411999255419,0.715577798895538,
1507,0.246976,0.482411999255419,0.715577798895538,
1508,0.247472,0.482411999255419,0.715577798895538,
1509,0.247968,0.482411999255419,0.715577798895538,
1510,0.248464,0.482411999255419,0.723617998883128,
1511,0.24896,0.482411999255419,0.707537598907948,
1512,0.249456,0.474371799267828,0.715577798895538,
1513,0.249952,0.482411999255419,0.715577798895538,
1514,0.250448,0.474371799267828,0.707537598907948,
1515,0.250944,0.466331599280238,0.707537598907948,
1516,0.25144,0.466331599280238,0.699497398920357,
1517,0.251936,0.458291399292648,0.707537598907948,
1518,0.252432,0.458291399292648,0.707537598907948,
1519,0.252928,0.458291399292648,0.699497398920357,
1520,0.253424,0.458291399292648,0.699497398920357,
1521,0.25392,0.442210999317467,0.691457198932767,
1522,0.254416,0.442210999317467,0.691457198932767,
1523,0.254912,0.450251199305058,0.683416998945177,
1524,0.255408,0.442210999317467,0.691457198932767,
1525,0.255904,0.434170799329877,0.683416998945177,
1526,0.2564,0.434170799329877,0.683416998945177,
1527,0.256896,0.426130599342287,0.675376798957586,
1528,0.257392,0.418090399354696,0.667336598969996,
1529,0.257888,0.426130599342287,0.667336598969996,
1530,0.258384,0.418090399354696,0.659296398982406,
1531,0.25888,0.410050199367106,0.651256198994815,
1532,0.259376,0.402009999379516,0.643215999007225,
1533,0.259872,0.410050199367106,0.651256198994815,
1534,0.260368,0.402009999379516,0.643215999007225,
1535,0.260864,0.393969799391925,0.635175799019635,
1536,0.26136,0.385929599404335,0.635175799019635,
1537,0.261856,0.393969799391925,0.627135599032044,
1538,0.262352,0.377889399416745,0.627135599032044,
1539,0.262848,0.377889399416745,0.619095399044454,
1540,0.263344,0.369849199429154,0.611055199056864,
1541,0.26384,0.361808999441564,0.603014999069273,
1542,0.264336,0.361808999441564,0.603014999069273,
1543,0.264832,0.353768799453974,0.603014999069273,
1544,0.265328,0.353768799453974,0.586934599094093,
1545,0.265824,0.345728599466383,0.586934599094093,
1546,0.26632,0.345728599466383,0.570854199118912,
1547,0.266816,0.329648199491203,0.570854199118912,
1548,0.267312,0.329648199491203,0.562813999131322,
1549,0.267808,0.321607999503613,0.546733599156141,
1550,0.268304,0.321607999503613,0.546733599156141,
1551,0.2688,0.305527599528432,0.538693399168551,
1552,0.269296,0.305527599528432,0.538693399168551,
1553,0.269792,0.297487399540842,0.530653199180961,
1554,0.270288,0.281406999565661,0.51457279920578,
1555,0.270784,0.289447199553251,0.50653259921819,
1556,0.27128,0.281406999565661,0.50653259921819,
1557,0.271776,0.273366799578071,0.498492399230599,
1558,0.272272,0.26532659959048,0.490452199243009,
1559,0.272768,0.26532659959048,0.474371799267828,
1560,0.273264,0.241205999627709,0.466331599280238,
1561,0.27376,0.2492461996153,0.458291399292648,
1562,0.274256,0.241205999627709,0.458291399292648,
1563,0.274752,0.233165799640119,0.442210999317467,
1564,0.275248,0.225125599652529,0.442210999317467,
1565,0.275744,0.225125599652529,0.426130599342287,
1566,0.27624,0.217085399664938,0.418090399354696,
1567,0.276736,0.201004999689758,0.418090399354696,
1568,0.277232,0.201004999689758,0.402009999379516,
1569,0.277728,0.201004999689758,0.393969799391925,
1570,0.278224,0.176884399726987,0.377889399416745,
1571,0.27872,0.176884399726987,0.369849199429154,
1572,0.279216,0.160803999751806,0.353768799453974,
1573,0.279712,0.160803999751806,0.353768799453974,
1574,0.280208,0.152763799764216,0.337688399478793,
1575,0.280704,0.152763799764216,0.329648199491203,
1576,0.2812,0.136683399789035,0.321607999503613,
1577,0.281696,0.136683399789035,0.313567799516022,
1578,0.282192,0.120602999813855,0.305527599528432,
1579,0.282688,0.112562799826264,0.289447199553251,
1580,0.283184,0.104522599838674,0.281406999565661,
1581,0.28368,0.0964823998510838,0.273366799578071,
1582,0.284176,0.0884421998634934,0.25728639960289,
1583,0.284672,0.0804019998759031,0.241205999627709,
1584,0.285168,0.0804019998759031,0.233165799640119,
1585,0.285664,0.0643215999007225,0.233165799640119,
1586,0.28616,0.0562813999131322,0.217085399664938,
1587,0.286656,0.0643215999007225,0.209045199677348,
1588,0.287152,0.0402009999379516,0.192964799702168,
1589,0.287648,0.0321607999503613,0.176884399726987,
1590,0.288144,0.0321607999503613,0.176884399726987,
1591,0.28864,0.0241205999627709,0.160803999751806,
1592,0.289136,0.0160803999751806,0.152763799764216,
1593,0.289632,0.00804019998759031,0.136683399789035,
1594,0.290128,0,0.128643199801445,
1595,0.290624,-0.00804019998759031,0.120602999813855,
1596,0.29112,-0.0160803999751806,0.112562799826264,
1597,0.291616,-0.0241205999627709,0.0964823998510838,
1598,0.292112,-0.0241205999627709,0.0884421998634934,
1599,0.292608,-0.0402009999379516,0.0723617998883128,
1600,0.293104,-0.0482411999255419,0.0643215999007225,
1601,0.2936,-0.0643215999007225,0.0562813999131322,
1602,0.294096,-0.0643215999007225,0.0402009999379516,
1603,0.294592,-0.0643215999007225,0.0321607999503613,
1604,0.295088,-0.0884421998634934,0.00804019998759031,
1605,0.295584,-0.0884421998634934,0.00804019998759031,
1606,0.29608,-0.0884421998634934,-0.00804019998759031,
1607,0.296576,-0.104522599838674,-0.0160803999751806,
1608,0.297072,-0.112562799826264,-0.0241205999627709,
1609,0.297568,-0.112562799826264,-0.0402009999379516,
1610,0.298064,-0.128643199801445,-0.0482411999255419,
1611,0.29856,-0.128643199801445,-0.0562813999131322,
1612,0.299056,-0.144723599776626,-0.0723617998883128,
1613,0.299552,-0.144723599776626,-0.0723617998883128,
1614,0.300048,-0.144723599776626,-0.0964823998510838,
1615,0.300544,-0.160803999751806,-0.112562799826264,
1616,0.30104,-0.168844199739397,-0.112562799826264,
1617,0.301536,-0.176884399726987,-0.120602999813855,
1618,0.302032,-0.184924599714577,-0.144723599776626,
1619,0.302528,-0.184924599714577,-0.152763799764216,
1620,0.303024,-0.209045199677348,-0.152763799764216,
1621,0.30352,-0.209045199677348,-0.168844199739397,
1622,0.304016,-0.209045199677348,-0.184924599714577,
1623,0.304512,-0.217085399664938,-0.192964799702168,
1624,0.305008,-0.217085399664938,-0.209045199677348,
1625,0.305504,-0.225125599652529,-0.217085399664938,
1626,0.306,-0.241205999627709,-0.225125599652529,
1627,0.306496,-0.2492461996153,-0.241205999627709,
1628,0.306992,-0.25728639960289,-0.2492461996153,
1629,0.307488,-0.25728639960289,-0.26532659959048,
1630,0.307984,-0.26532659959048,-0.273366799578071,
1631,0.30848,-0.26532659959048,-0.273366799578071,
1632,0.308976,-0.281406999565661,-0.289447199553251,
1633,0.309472,-0.289447199553251,-0.305527599528432,
1634,0.309968,-0.289447199553251,-0.305527599528432,
1635,0.310464,-0.305527599528432,-0.329648199491203,
1636,0.31096,-0.313567799516022,-0.329648199491203,
1637,0.311456,-0.305527599528432,-0.337688399478793,
1638,0.311952,-0.321607999503613,-0.361808999441564,
1639,0.312448,-0.321607999503613,-0.361808999441564,
1640,0.312944,-0.329648199491203,-0.369849199429154,
1641,0.31344,-0.337688399478793,-0.377889399416745,
1642,0.313936,-0.337688399478793,-0.385929599404335,
1643,0.314432,-0.337688399478793,-0.402009999379516,
1644,0.314928,-0.353768799453974,-0.410050199367106,
1645,0.315424,-0.369849199429154,-0.418090399354696,
1646,0.31592,-0.361808999441564,-0.426130599342287,
1647,0.316416,-0.369849199429154,-0.434170799329877,
1648,0.316912,-0.369849199429154,-0.442210999317467,
1649,0.317408,-0.377889399416745,-0.450251199305058,
1650,0.317904,-0.385929599404335,-0.458291399292648,
1651,0.3184,-0.385929599404335,-0.474371799267828,
1652,0.318896,-0.393969799391925,-0.482411999255419,
1653,0.319392,-0.402009999379516,-0.490452199243009,
1654,0.319888,-0.410050199367106,-0.490452199243009,
1655,0.320384,-0.402009999379516,-0.50653259921819,
1656,0.32088,-0.418090399354696,-0.51457279920578,
1657,0.321376,-0.418090399354696,-0.52261299919337,
1658,0.321872,-0.426130599342287,-0.530653199180961,
1659,0.322368,-0.418090399354696,-0.538693399168551,
1660,0.322864,-0.434170799329877,-0.538693399168551,
1661,0.32336,-0.442210999317467,-0.554773799143732,
1662,0.323856,-0.442210999317467,-0.562813999131322,
1663,0.324352,-0.450251199305058,-0.562813999131322,
1664,0.324848,-0.450251199305058,-0.570854199118912,
1665,0.325344,-0.458291399292648,-0.578894399106503,
1666,0.32584,-0.458291399292648,-0.586934599094093,
1667,0.326336,-0.458291399292648,-0.594974799081683,
1668,0.326832,-0.458291399292648,-0.603014999069273,
1669,0.327328,-0.466331599280238,-0.603014999069273,
1670,0.327824,-0.466331599280238,-0.603014999069273,
1671,0.32832,-0.466331599280238,-0.627135599032044,
1672,0.328816,-0.482411999255419,-0.619095399044454,
1673,0.329312,-0.474371799267828,-0.627135599032044,
1674,0.329808,-0.466331599280238,-0.635175799019635,
1675,0.330304,-0.490452199243009,-0.635175799019635,
1676,0.3308,-0.482411999255419,-0.651256198994815,
1677,0.331296,-0.482411999255419,-0.643215999007225,
1678,0.331792,-0.490452199243009,-0.659296398982406,
1679,0.332288,-0.482411999255419,-0.667336598969996,
1680,0.332784,-0.490452199243009,-0.667336598969996,
1681,0.33328,-0.498492399230599,-0.675376798957586,
1682,0.333776,-0.498492399230599,-0.675376798957586,
1683,0.334272,-0.498492399230599,-0.683416998945177,
1684,0.334768,-0.498492399230599,-0.683416998945177,
1685,0.335264,-0.50653259921819,-0.691457198932767,
1686,0.33576,-0.498492399230599,-0.683416998945177,
1687,0.336256,-0.498492399230599,-0.699497398920357,
1688,0.336752,-0.498492399230599,-0.699497398920357,
1689,0.337248,-0.50653259921819,-0.699497398920357,
1690,0.337744,-0.50653259921819,-0.699497398920357,
1691,0.33824,-0.50653259921819,-0.707537598907948,
1692,0.338736,-0.51457279920578,-0.707537598907948,
1693,0.339232,-0.498492399230599,-0.707537598907948,
1694,0.339728,-0.50653259921819,-0.715577798895538,
1695,0.340224,-0.50653259921819,-0.715577798895538,
1696,0.34072,-0.50653259921819,-0.715577798895538,
1697,0.341216,-0.50653259921819,-0.723617998883128,
1698,0.341712,-0.498492399230599,-0.715577798895538,
1699,0.342208,-0.50653259921819,-0.715577798895538,
1700,0.342704,-0.50653259921819,-0.723617998883128,
1701,0.3432,-0.51457279920578,-0.715577798895538,
1702,0.343696,-0.498492399230599,-0.723617998883128,
1703,0.344192,-0.50653259921819,-0.723617998883128,
1704,0.344688,-0.50653259921819,-0.723617998883128,
1705,0.345184,-0.498492399230599,-0.723617998883128,
1706,0.34568,-0.51457279920578,-0.723617998883128,
1707,0.346176,-0.50653259921819,-0.723617998883128,
1708,0.346672,-0.50653259921819,-0.723617998883128,
1709,0.347168,-0.490452199243009,-0.731658198870718,
1710,0.347664,-0.498492399230599,-0.723617998883128,
1711,0.34816,-0.482411999255419,-0.731658198870718,
1712,0.348656,-0.490452199243009,-0.723617998883128,
1713,0.349152,-0.482411999255419,-0.731658198870718,
1714,0.349648,-0.482411999255419,-0.715577798895538,
1715,0.350144,-0.490452199243009,-0.715577798895538,
1716,0.35064,-0.474371799267828,-0.715577798895538,
1717,0.351136,-0.482411999255419,-0.715577798895538,
1718,0.351632,-0.474371799267828,-0.715577798895538,
1719,0.352128,-0.474371799267828,-0.715577798895538,
1720,0.352624,-0.474371799267828,-0.707537598907948,
1721,0.35312,-0.458291399292648,-0.707537598907948,
1722,0.353616,-0.466331599280238,-0.707537598907948,
1723,0.354112,-0.458291399292648,-0.699497398920357,
1724,0.354608,-0.458291399292648,-0.699497398920357,
1725,0.355104,-0.458291399292648,-0.691457198932767,
1726,0.3556,-0.442210999317467,-0.691457198932767,
1727,0.356096,-0.458291399292648,-0.691457198932767,
1728,0.356592,-0.442210999317467,-0.683416998945177,
1729,0.357088,-0.434170799329877,-0.691457198932767,
1730,0.357584,-0.434170799329877,-0.675376798957586,
1731,0.35808,-0.434170799329877,-0.683416998945177,
1732,0.358576,-0.426130599342287,-0.667336598969996,
1733,0.359072,-0.418090399354696,-0.667336598969996,
1734,0.359568,-0.426130599342287,-0.667336598969996,
1735,0.360064,-0.410050199367106,-0.659296398982406,
1736,0.36056,-0.410050199367106,-0.651256198994815,
1737,0.361056,-0.402009999379516,-0.643215999007225,
1738,0.361552,-0.402009999379516,-0.643215999007225,
1739,0.362048,-0.402009999379516,-0.643215999007225,
1740,0.362544,-0.385929599404335,-0.627135599032044,
1741,0.36304,-0.385929599404335,-0.627135599032044,
1742,0.363536,-0.377889399416745,-0.619095399044454,
1743,0.364032,-0.377889399416745,-0.619095399044454,
1744,0.364528,-0.369849199429154,-0.603014999069273,
1745,0.365024,-0.369849199429154,-0.594974799081683,
1746,0.36552,-0.361808999441564,-0.594974799081683,
1747,0.366016,-0.361808999441564,-0.594974799081683,
1748,0.366512,-0.337688399478793,-0.578894399106503,
1749,0.367008,-0.345728599466383,-0.570854199118912,
1750,0.367504,-0.337688399478793,-0.562813999131322,
1751,0.368,-0.329648199491203,-0.570854199118912,
1752,0.368496,-0.329648199491203,-0.546733599156141,
1753,0.368992,-0.321607999503613,-0.546733599156141,
1754,0.369488,-0.313567799516022,-0.546733599156141,
1755,0.369984,-0.305527599528432,-0.530653199180961,
1756,0.37048,-0.289447199553251,-0.52261299919337,
1757,0.370976,-0.297487399540842,-0.52261299919337,
1758,0.371472,-0.297487399540842,-0.50653259921819,
1759,0.371968,-0.273366799578071,-0.498492399230599,
1760,0.372464,-0.281406999565661,-0.490452199243009,
1761,0.37296,-0.273366799578071,-0.474371799267828,
1762,0.373456,-0.25728639960289,-0.466331599280238,
1763,0.373952,-0.2492461996153,-0.466331599280238,
1764,0.374448,-0.2492461996153,-0.458291399292648,
1765,0.374944,-0.2492461996153,-0.450251199305058,
1766,0.37544,-0.233165799640119,-0.442210999317467,
1767,0.375936,-0.217085399664938,-0.434170799329877,
1768,0.376432,-0.209045199677348,-0.418090399354696,
1769,0.376928,-0.209045199677348,-0.410050199367106,
1770,0.377424,-0.209045199677348,-0.418090399354696,
1771,0.37792,-0.184924599714577,-0.393969799391925,
1772,0.378416,-0.192964799702168,-0.377889399416745,
1773,0.378912,-0.176884399726987,-0.369849199429154,
1774,0.379408,-0.168844199739397,-0.369849199429154,
1775,0.379904,-0.168844199739397,-0.353768799453974,
1776,0.3804,-0.160803999751806,-0.345728599466383,
1777,0.380896,-0.144723599776626,-0.337688399478793,
1778,0.381392,-0.136683399789035,-0.321607999503613,
1779,0.381888,-0.144723599776626,-0.313567799516022,
1780,0.382384,-0.128643199801445,-0.305527599528432,
1781,0.38288,-0.120602999813855,-0.305527599528432,
1782,0.383376,-0.112562799826264,-0.289447199553251,
1783,0.383872,-0.112562799826264,-0.273366799578071,
1784,0.384368,-0.104522599838674,-0.26532659959048,
1785,0.384864,-0.0884421998634934,-0.2492461996153,
1786,0.38536,-0.0804019998759031,-0.241205999627709,
1787,0.385856,-0.0723617998883128,-0.233165799640119,
1788,0.386352,-0.0643215999007225,-0.225125599652529,
1789,0.386848,-0.0643215999007225,-0.209045199677348,
1790,0.387344,-0.0562813999131322,-0.201004999689758,
1791,0.38784,-0.0402009999379516,-0.184924599714577,
1792,0.388336,-0.0402009999379516,-0.176884399726987,
1793,0.388832,-0.0321607999503613,-0.160803999751806,
1794,0.389328,-0.0241205999627709,-0.152763799764216,
1795,0.389824,-0.0160803999751806,-0.144723599776626,
1796,0.39032,-0.00804019998759031,-0.136683399789035,
1797,0.390816,0,-0.120602999813855,
1798,0.391312,0.00804019998759031,-0.112562799826264,
1799,0.391808,0.0160803999751806,-0.0964823998510838,
1800,0.392304,0.0241205999627709,-0.0884421998634934,
1801,0.3928,0.0241205999627709,-0.0723617998883128,
1802,0.393296,0.0402009999379516,-0.0643215999007225,
1803,0.393792,0.0482411999255419,-0.0643215999007225,
1804,0.394288,0.0562813999131322,-0.0402009999379516,
1805,0.394784,0.0643215999007225,-0.0321607999503613,
1806,0.39528,0.0643215999007225,-0.0160803999751806,
1807,0.395776,0.0723617998883128,-0.0160803999751806,
1808,0.396272,0.0804019998759031,0,
1809,0.396768,0.0964823998510838,0.0160803999751806,
1810,0.397264,0.104522599838674,0.0241205999627709,
1811,0.39776,0.104522599838674,0.0321607999503613,
1812,0.398256,0.120602999813855,0.0402009999379516,
1813,0.398752,0.136683399789035,0.0482411999255419,
1814,0.399248,0.144723599776626,0.0723617998883128,
1815,0.399744,0.136683399789035,0.0804019998759031,
1816,0.40024,0.136683399789035,0.0884421998634934,
1817,0.400736,0.152763799764216,0.0964823998510838,
1818,0.401232,0.160803999751806,0.112562799826264,
1819,0.401728,0.168844199739397,0.120602999813855,
1820,0.402224,0.184924599714577,0.136683399789035,
1821,0.40272,0.184924599714577,0.144723599776626,
1822,0.403216,0.184924599714577,0.152763799764216,
1823,0.403712,0.201004999689758,0.168844199739397,
1824,0.404208,0.201004999689758,0.168844199739397,
1825,0.404704,0.209045199677348,0.192964799702168,
1826,0.4052,0.217085399664938,0.201004999689758,
1827,0.405696,0.217085399664938,0.201004999689758,
1828,0.406192,0.2492461996153,0.225125599652529,
1829,0.406688,0.2492461996153,0.233165799640119,
1830,0.407184,0.241205999627709,0.241205999627709,
1831,0.40768,0.25728639960289,0.2492461996153,
1832,0.408176,0.26532659959048,0.26532659959048,
1833,0.408672,0.26532659959048,0.273366799578071,
1834,0.409168,0.273366799578071,0.289447199553251,
1835,0.409664,0.273366799578071,0.297487399540842,
1836,0.41016,0.281406999565661,0.305527599528432,
1837,0.410656,0.289447199553251,0.313567799516022,
1838,0.411152,0.297487399540842,0.321607999503613,
1839,0.411648,0.305527599528432,0.337688399478793,
1840,0.412144,0.313567799516022,0.345728599466383,
1841,0.41264,0.321607999503613,0.353768799453974,
1842,0.413136,0.321607999503613,0.361808999441564,
1843,0.413632,0.329648199491203,0.377889399416745,
1844,0.414128,0.337688399478793,0.385929599404335,
1845,0.414624,0.337688399478793,0.402009999379516,
1846,0.41512,0.337688399478793,0.402009999379516,
1847,0.415616,0.353768799453974,0.410050199367106,
1848,0.416112,0.353768799453974,0.418090399354696,
1849,0.416608,0.361808999441564,0.426130599342287,
1850,0.417104,0.361808999441564,0.442210999317467,
1851,0.4176,0.369849199429154,0.442210999317467,
1852,0.418096,0.377889399416745,0.458291399292648,
1853,0.418592,0.385929599404335,0.466331599280238,
1854,0.419088,0.385929599404335,0.474371799267828,
1855,0.419584,0.393969799391925,0.474371799267828,
1856,0.42008,0.402009999379516,0.490452199243009,
1857,0.420576,0.393969799391925,0.498492399230599,
1858,0.421072,0.410050199367106,0.51457279920578,
1859,0.421568,0.418090399354696,0.51457279920578,
1860,0.422064,0.410050199367106,0.52261299919337,
1861,0.42256,0.410050199367106,0.530653199180961,
1862,0.423056,0.426130599342287,0.530653199180961,
1863,0.423552,0.434170799329877,0.538693399168551,
1864,0.424048,0.434170799329877,0.554773799143732,
1865,0.424544,0.434170799329877,0.562813999131322,
1866,0.42504,0.426130599342287,0.562813999131322,
1867,0.425536,0.442210999317467,0.570854199118912,
1868,0.426032,0.442210999317467,0.578894399106503,
1869,0.426528,0.450251199305058,0.586934599094093,
1870,0.427024,0.450251199305058,0.594974799081683,
1871,0.42752,0.450251199305058,0.603014999069273,
1872,0.428016,0.458291399292648,0.611055199056864,
1873,0.428512,0.450251199305058,0.611055199056864,
1874,0.429008,0.458291399292648,0.611055199056864,
1875,0.429504,0.466331599280238,0.627135599032044,
1876,0.43,0.474371799267828,0.635175799019635,
1877,0.430496,0.474371799267828,0.635175799019635,
1878,0.430992,0.474371799267828,0.635175799019635,
1879,0.431488,0.474371799267828,0.643215999007225,
1880,0.431984,0.490452199243009,0.651256198994815,
1881,0.43248,0.482411999255419,0.643215999007225,
1882,0.432976,0.474371799267828,0.651256198994815,
1883,0.433472,0.482411999255419,0.667336598969996,
1884,0.433968,0.482411999255419,0.659296398982406,
1885,0.434464,0.474371799267828,0.675376798957586,
1886,0.43496,0.482411999255419,0.667336598969996,
1887,0.435456,0.498492399230599,0.675376798957586,
1888,0.435952,0.498492399230599,0.683416998945177,
1889,0.436448,0.490452199243009,0.683416998945177,
1890,0.436944,0.498492399230599,0.683416998945177,
1891,0.43744,0.498492399230599,0.691457198932767,
1892,0.437936,0.482411999255419,0.691457198932767,
1893,0.438432,0.490452199243009,0.699497398920357,
1894,0.438928,0.498492399230599,0.707537598907948,
1895,0.439424,0.490452199243009,0.691457198932767,
1896,0.43992,0.490452199243009,0.707537598907948,
1897,0.440416,0.498492399230599,0.699497398920357,
1898,0.440912,0.490452199243009,0.699497398920357,
1899,0.441408,0.498492399230599,0.707537598907948,
1900,0.441904,0.490452199243009,0.699497398920357,
1901,0.4424,0.498492399230599,0.707537598907948,
1902,0.442896,0.50653259921819,0.715577798895538,
1903,0.443392,0.498492399230599,0.715577798895538,
1904,0.443888,0.490452199243009,0.715577798895538,
1905,0.444384,0.490452199243009,0.715577798895538,
1906,0.44488,0.490452199243009,0.715577798895538,
1907,0.445376,0.482411999255419,0.723617998883128,
1908,0.445872,0.490452199243009,0.723617998883128,
1909,0.446368,0.482411999255419,0.715577798895538,
1910,0.446864,0.490452199243009,0.723617998883128,
1911,0.44736,0.474371799267828,0.715577798895538,
1912,0.447856,0.490452199243009,0.723617998883128,
1913,0.448352,0.482411999255419,0.707537598907948,
1914,0.448848,0.474371799267828,0.715577798895538,
1915,0.449344,0.466331599280238,0.707537598907948,
1916,0.44984,0.474371799267828,0.707537598907948,
1917,0.450336,0.466331599280238,0.715577798895538,
1918,0.450832,0.466331599280238,0.707537598907948,
1919,0.451328,0.466331599280238,0.707537598907948,
1920,0.451824,0.466331599280238,0.699497398920357,
1921,0.45232,0.458291399292648,0.699497398920357,
1922,0.452816,0.458291399292648,0.707537598907948,
1923,0.453312,0.458291399292648,0.699497398920357,
1924,0.453808,0.450251199305058,0.691457198932767,
1925,0.454304,0.442210999317467,0.683416998945177,
1926,0.4548,0.442210999317467,0.691457198932767,
1927,0.455296,0.442210999317467,0.691457198932767,
1928,0.455792,0.434170799329877,0.683416998945177,
1929,0.456288,0.442210999317467,0.675376798957586,
1930,0.456784,0.426130599342287,0.675376798957586,
1931,0.45728,0.418090399354696,0.675376798957586,
1932,0.457776,0.426130599342287,0.675376798957586,
1933,0.458272,0.410050199367106,0.667336598969996,
1934,0.458768,0.418090399354696,0.651256198994815,
1935,0.459264,0.410050199367106,0.651256198994815,
1936,0.45976,0.410050199367106,0.651256198994815,
1937,0.460256,0.393969799391925,0.651256198994815,
1938,0.460752,0.402009999379516,0.643215999007225,
1939,0.461248,0.385929599404335,0.635175799019635,
1940,0.461744,0.385929599404335,0.635175799019635,
1941,0.46224,0.369849199429154,0.619095399044454,
1942,0.462736,0.377889399416745,0.627135599032044,
1943,0.463232,0.369849199429154,0.611055199056864,
1944,0.463728,0.369849199429154,0.603014999069273,
1945,0.464224,0.369849199429154,0.594974799081683,
1946,0.46472,0.353768799453974,0.603014999069273,
1947,0.465216,0.353768799453974,0.586934599094093,
1948,0.465712,0.353768799453974,0.586934599094093,
1949,0.466208,0.337688399478793,0.570854199118912,
1950,0.466704,0.329648199491203,0.570854199118912,
1951,0.4672,0.329648199491203,0.562813999131322,
1952,0.467696,0.329648199491203,0.562813999131322,
1953,0.468192,0.313567799516022,0.554773799143732,
1954,0.468688,0.313567799516022,0.538693399168551,
1955,0.469184,0.305527599528432,0.530653199180961,
1956,0.46968,0.297487399540842,0.530653199180961,
1957,0.470176,0.289447199553251,0.52261299919337,
1958,0.470672,0.289447199553251,0.50653259921819,
1959,0.471168,0.273366799578071,0.50653259921819,
1960,0.471664,0.273366799578071,0.490452199243009,
1961,0.47216,0.26532659959048,0.490452199243009,
1962,0.472656,0.26532659959048,0.482411999255419,
1963,0.473152,0.25728639960289,0.474371799267828,
1964,0.473648,0.2492461996153,0.458291399292648,
1965,0.474144,0.241205999627709,0.450251199305058,
1966,0.47464,0.233165799640119,0.442210999317467,
1967,0.475136,0.225125599652529,0.442210999317467,
1968,0.475632,0.217085399664938,0.434170799329877,
1969,0.476128,0.209045199677348,0.410050199367106,
1970,0.476624,0.201004999689758,0.402009999379516,
1971,0.47712,0.201004999689758,0.402009999379516,
1972,0.477616,0.201004999689758,0.393969799391925,
1973,0.478112,0.176884399726987,0.377889399416745,
1974,0.478608,0.184924599714577,0.369849199429154,
1975,0.479104,0.168844199739397,0.369849199429154,
1976,0.4796,0.152763799764216,0.353768799453974,
1977,0.480096,0.144723599776626,0.353768799453974,
1978,0.480592,0.144723599776626,0.337688399478793,
1979,0.481088,0.136683399789035,0.329648199491203,
1980,0.481584,0.128643199801445,0.305527599528432,
1981,0.48208,0.120602999813855,0.305527599528432,
1982,0.482576,0.120602999813855,0.289447199553251,
1983,0.483072,0.104522599838674,0.281406999565661,
1984,0.483568,0.0964823998510838,0.281406999565661,
1985,0.484064,0.0884421998634934,0.25728639960289,
1986,0.48456,0.0804019998759031,0.25728639960289,
1987,0.485056,0.0804019998759031,0.2492461996153,
1988,0.485552,0.0643215999007225,0.233165799640119,
1989,0.486048,0.0562813999131322,0.209045199677348,
1990,0.486544,0.0482411999255419,0.209045199677348,
