Model: ,Oscilloscope DSO-X 1102G
Serial Number:,CN57246464
Address: ,USBInstrument3
Date: ,2026-09-28 15:54:11

Sample Number,Time (s),1 (VOLT),2 (VOLT),
1,-0.5,0.369849199429154,0.402009999379516,
2,-0.499488,0.353768799453974,0.393969799391925,
3,-0.498976,0.345728599466383,0.377889399416745,
4,-0.498464,0.321607999503613,0.369849199429154,
5,-0.497952,0.313567799516022,0.353768799453974,
6,-0.49744,0.313567799516022,0.329648199491203,
7,-0.496928,0.273366799578071,0.321607999503613,
8,-0.496416,0.2492461996153,0.297487399540842,
9,-0.495904,0.233165799640119,0.26532659959048,
10,-0.495392,0.209045199677348,0.25728639960289,
11,-0.49488,0.192964799702168,0.233165799640119,
12,-0.494368,0.168844199739397,0.201004999689758,
13,-0.493856,0.136683399789035,0.184924599714577,
14,-0.493344,0.120602999813855,0.168844199739397,
15,-0.492832,0.0884421998634934,0.144723599776626,
16,-0.49232,0.0723617998883128,0.112562799826264,
17,-0.491808,0.0402009999379516,0.0964823998510838,
18,-0.491296,0.0160803999751806,0.0723617998883128,
19,-0.490784,-0.00804019998759031,0.0402009999379516,
20,-0.490272,-0.0241205999627709,0.0321607999503613,
21,-0.48976,-0.0482411999255419,0.00804019998759031,
22,-0.489248,-0.0723617998883128,-0.0241205999627709,
23,-0.488736,-0.0964823998510838,-0.0482411999255419,
24,-0.488224,-0.120602999813855,-0.0723617998883128,
25,-0.487712,-0.144723599776626,-0.0964823998510838,
26,-0.4872,-0.168844199739397,-0.112562799826264,
27,-0.486688,-0.192964799702168,-0.136683399789035,
28,-0.486176,-0.225125599652529,-0.160803999751806,
29,-0.485664,-0.233165799640119,-0.192964799702168,
30,-0.485152,-0.25728639960289,-0.217085399664938,
31,-0.48464,-0.273366799578071,-0.225125599652529,
32,-0.484128,-0.297487399540842,-0.2492461996153,
33,-0.483616,-0.321607999503613,-0.273366799578071,
34,-0.483104,-0.345728599466383,-0.281406999565661,
35,-0.482592,-0.353768799453974,-0.313567799516022,
36,-0.48208,-0.369849199429154,-0.329648199491203,
37,-0.481568,-0.385929599404335,-0.353768799453974,
38,-0.481056,-0.402009999379516,-0.369849199429154,
39,-0.480544,-0.410050199367106,-0.377889399416745,
40,-0.480032,-0.434170799329877,-0.402009999379516,
41,-0.47952,-0.442210999317467,-0.410050199367106,
42,-0.479008,-0.450251199305058,-0.426130599342287,
43,-0.478496,-0.458291399292648,-0.434170799329877,
44,-0.477984,-0.474371799267828,-0.450251199305058,
45,-0.477472,-0.474371799267828,-0.450251199305058,
46,-0.47696,-0.490452199243009,-0.458291399292648,
47,-0.476448,-0.498492399230599,-0.474371799267828,
48,-0.475936,-0.498492399230599,-0.474371799267828,
49,-0.475424,-0.50653259921819,-0.482411999255419,
50,-0.474912,-0.498492399230599,-0.490452199243009,
51,-0.4744,-0.50653259921819,-0.490452199243009,
52,-0.473888,-0.50653259921819,-0.498492399230599,
53,-0.473376,-0.50653259921819,-0.50653259921819,
54,-0.472864,-0.498492399230599,-0.498492399230599,
55,-0.472352,-0.50653259921819,-0.498492399230599,
56,-0.47184,-0.498492399230599,-0.498492399230599,
57,-0.471328,-0.490452199243009,-0.498492399230599,
58,-0.470816,-0.490452199243009,-0.490452199243009,
59,-0.470304,-0.474371799267828,-0.490452199243009,
60,-0.469792,-0.466331599280238,-0.474371799267828,
61,-0.46928,-0.450251199305058,-0.474371799267828,
62,-0.468768,-0.442210999317467,-0.466331599280238,
63,-0.468256,-0.434170799329877,-0.450251199305058,
64,-0.467744,-0.426130599342287,-0.442210999317467,
65,-0.467232,-0.410050199367106,-0.434170799329877,
66,-0.46672,-0.393969799391925,-0.410050199367106,
67,-0.466208,-0.369849199429154,-0.402009999379516,
68,-0.465696,-0.353768799453974,-0.385929599404335,
69,-0.465184,-0.337688399478793,-0.369849199429154,
70,-0.464672,-0.321607999503613,-0.353768799453974,
71,-0.46416,-0.305527599528432,-0.337688399478793,
72,-0.463648,-0.289447199553251,-0.321607999503613,
73,-0.463136,-0.25728639960289,-0.305527599528432,
74,-0.462624,-0.241205999627709,-0.281406999565661,
75,-0.462112,-0.233165799640119,-0.26532659959048,
76,-0.4616,-0.192964799702168,-0.233165799640119,
77,-0.461088,-0.168844199739397,-0.217085399664938,
78,-0.460576,-0.152763799764216,-0.184924599714577,
79,-0.460064,-0.120602999813855,-0.176884399726987,
80,-0.459552,-0.104522599838674,-0.152763799764216,
81,-0.45904,-0.0804019998759031,-0.120602999813855,
82,-0.458528,-0.0562813999131322,-0.104522599838674,
83,-0.458016,-0.0321607999503613,-0.0723617998883128,
84,-0.457504,-0.00804019998759031,-0.0562813999131322,
85,-0.456992,0.0160803999751806,-0.0321607999503613,
86,-0.45648,0.0321607999503613,-0.00804019998759031,
87,-0.455968,0.0562813999131322,0.0160803999751806,
88,-0.455456,0.0884421998634934,0.0402009999379516,
89,-0.454944,0.104522599838674,0.0643215999007225,
90,-0.454432,0.136683399789035,0.0884421998634934,
91,-0.45392,0.160803999751806,0.112562799826264,
92,-0.453408,0.184924599714577,0.136683399789035,
93,-0.452896,0.201004999689758,0.160803999751806,
94,-0.452384,0.225125599652529,0.176884399726987,
95,-0.451872,0.241205999627709,0.201004999689758,
96,-0.45136,0.26532659959048,0.225125599652529,
97,-0.450848,0.289447199553251,0.241205999627709,
98,-0.450336,0.313567799516022,0.26532659959048,
99,-0.449824,0.321607999503613,0.289447199553251,
100,-0.449312,0.345728599466383,0.297487399540842,
101,-0.4488,0.361808999441564,0.321607999503613,
102,-0.448288,0.369849199429154,0.337688399478793,
103,-0.447776,0.393969799391925,0.369849199429154,
104,-0.447264,0.402009999379516,0.377889399416745,
105,-0.446752,0.426130599342287,0.393969799391925,
106,-0.44624,0.426130599342287,0.402009999379516,
107,-0.445728,0.442210999317467,0.418090399354696,
108,-0.445216,0.458291399292648,0.426130599342287,
109,-0.444704,0.458291399292648,0.450251199305058,
110,-0.444192,0.474371799267828,0.450251199305058,
111,-0.44368,0.474371799267828,0.458291399292648,
112,-0.443168,0.482411999255419,0.466331599280238,
113,-0.442656,0.498492399230599,0.474371799267828,
114,-0.442144,0.498492399230599,0.482411999255419,
115,-0.441632,0.490452199243009,0.490452199243009,
116,-0.44112,0.498492399230599,0.490452199243009,
117,-0.440608,0.482411999255419,0.498492399230599,
118,-0.440096,0.490452199243009,0.498492399230599,
119,-0.439584,0.482411999255419,0.498492399230599,
120,-0.439072,0.490452199243009,0.498492399230599,
121,-0.43856,0.490452199243009,0.498492399230599,
122,-0.438048,0.482411999255419,0.482411999255419,
123,-0.437536,0.482411999255419,0.482411999255419,
124,-0.437024,0.466331599280238,0.474371799267828,
125,-0.436512,0.458291399292648,0.474371799267828,
126,-0.436,0.450251199305058,0.466331599280238,
127,-0.435488,0.434170799329877,0.458291399292648,
128,-0.434976,0.426130599342287,0.450251199305058,
129,-0.434464,0.410050199367106,0.434170799329877,
130,-0.433952,0.393969799391925,0.426130599342287,
131,-0.43344,0.377889399416745,0.410050199367106,
132,-0.432928,0.369849199429154,0.385929599404335,
133,-0.432416,0.353768799453974,0.393969799391925,
134,-0.431904,0.329648199491203,0.369849199429154,
135,-0.431392,0.321607999503613,0.353768799453974,
136,-0.43088,0.289447199553251,0.329648199491203,
137,-0.430368,0.281406999565661,0.313567799516022,
138,-0.429856,0.2492461996153,0.297487399540842,
139,-0.429344,0.233165799640119,0.273366799578071,
140,-0.428832,0.209045199677348,0.25728639960289,
141,-0.42832,0.192964799702168,0.241205999627709,
142,-0.427808,0.160803999751806,0.209045199677348,
143,-0.427296,0.144723599776626,0.184924599714577,
144,-0.426784,0.120602999813855,0.176884399726987,
145,-0.426272,0.104522599838674,0.144723599776626,
146,-0.42576,0.0723617998883128,0.120602999813855,
147,-0.425248,0.0402009999379516,0.104522599838674,
148,-0.424736,0.0241205999627709,0.0804019998759031,
149,-0.424224,-0.0160803999751806,0.0482411999255419,
150,-0.423712,-0.0241205999627709,0.0321607999503613,
151,-0.4232,-0.0402009999379516,0.00804019998759031,
152,-0.422688,-0.0723617998883128,-0.0160803999751806,
153,-0.422176,-0.0884421998634934,-0.0482411999255419,
154,-0.421664,-0.112562799826264,-0.0562813999131322,
155,-0.421152,-0.144723599776626,-0.0884421998634934,
156,-0.42064,-0.168844199739397,-0.112562799826264,
157,-0.420128,-0.184924599714577,-0.136683399789035,
158,-0.419616,-0.209045199677348,-0.152763799764216,
159,-0.419104,-0.225125599652529,-0.176884399726987,
160,-0.418592,-0.25728639960289,-0.201004999689758,
161,-0.41808,-0.273366799578071,-0.225125599652529,
162,-0.417568,-0.289447199553251,-0.25728639960289,
163,-0.417056,-0.313567799516022,-0.273366799578071,
164,-0.416544,-0.329648199491203,-0.289447199553251,
165,-0.416032,-0.353768799453974,-0.313567799516022,
166,-0.41552,-0.369849199429154,-0.321607999503613,
167,-0.415008,-0.377889399416745,-0.337688399478793,
168,-0.414496,-0.393969799391925,-0.361808999441564,
169,-0.413984,-0.418090399354696,-0.385929599404335,
170,-0.413472,-0.426130599342287,-0.393969799391925,
171,-0.41296,-0.434170799329877,-0.402009999379516,
172,-0.412448,-0.450251199305058,-0.426130599342287,
173,-0.411936,-0.458291399292648,-0.434170799329877,
174,-0.411424,-0.466331599280238,-0.442210999317467,
175,-0.410912,-0.474371799267828,-0.450251199305058,
176,-0.4104,-0.482411999255419,-0.466331599280238,
177,-0.409888,-0.490452199243009,-0.474371799267828,
178,-0.409376,-0.498492399230599,-0.474371799267828,
179,-0.408864,-0.498492399230599,-0.490452199243009,
180,-0.408352,-0.50653259921819,-0.498492399230599,
181,-0.40784,-0.498492399230599,-0.498492399230599,
182,-0.407328,-0.50653259921819,-0.50653259921819,
183,-0.406816,-0.51457279920578,-0.498492399230599,
184,-0.406304,-0.498492399230599,-0.50653259921819,
185,-0.405792,-0.50653259921819,-0.498492399230599,
186,-0.40528,-0.498492399230599,-0.50653259921819,
187,-0.404768,-0.490452199243009,-0.50653259921819,
188,-0.404256,-0.482411999255419,-0.490452199243009,
189,-0.403744,-0.482411999255419,-0.490452199243009,
190,-0.403232,-0.466331599280238,-0.482411999255419,
191,-0.40272,-0.458291399292648,-0.474371799267828,
192,-0.402208,-0.450251199305058,-0.458291399292648,
193,-0.401696,-0.442210999317467,-0.450251199305058,
194,-0.401184,-0.418090399354696,-0.442210999317467,
195,-0.400672,-0.418090399354696,-0.434170799329877,
196,-0.40016,-0.402009999379516,-0.418090399354696,
197,-0.399648,-0.377889399416745,-0.418090399354696,
198,-0.399136,-0.361808999441564,-0.393969799391925,
199,-0.398624,-0.337688399478793,-0.377889399416745,
200,-0.398112,-0.321607999503613,-0.353768799453974,
201,-0.3976,-0.305527599528432,-0.353768799453974,
202,-0.397088,-0.289447199553251,-0.321607999503613,
203,-0.396576,-0.26532659959048,-0.305527599528432,
204,-0.396064,-0.2492461996153,-0.281406999565661,
205,-0.395552,-0.217085399664938,-0.25728639960289,
206,-0.39504,-0.201004999689758,-0.241205999627709,
207,-0.394528,-0.184924599714577,-0.217085399664938,
208,-0.394016,-0.152763799764216,-0.192964799702168,
209,-0.393504,-0.136683399789035,-0.184924599714577,
210,-0.392992,-0.112562799826264,-0.152763799764216,
211,-0.39248,-0.0964823998510838,-0.136683399789035,
212,-0.391968,-0.0562813999131322,-0.112562799826264,
213,-0.391456,-0.0402009999379516,-0.0804019998759031,
214,-0.390944,-0.0160803999751806,-0.0643215999007225,
215,-0.390432,0.00804019998759031,-0.0402009999379516,
216,-0.38992,0.0321607999503613,-0.0160803999751806,
217,-0.389408,0.0562813999131322,0.00804019998759031,
218,-0.388896,0.0723617998883128,0.0402009999379516,
219,-0.388384,0.104522599838674,0.0562813999131322,
220,-0.387872,0.136683399789035,0.0804019998759031,
221,-0.38736,0.152763799764216,0.104522599838674,
222,-0.386848,0.168844199739397,0.128643199801445,
223,-0.386336,0.201004999689758,0.144723599776626,
224,-0.385824,0.225125599652529,0.168844199739397,
225,-0.385312,0.233165799640119,0.192964799702168,
226,-0.3848,0.26532659959048,0.225125599652529,
227,-0.384288,0.281406999565661,0.241205999627709,
228,-0.383776,0.297487399540842,0.25728639960289,
229,-0.383264,0.313567799516022,0.289447199553251,
230,-0.382752,0.345728599466383,0.305527599528432,
231,-0.38224,0.353768799453974,0.313567799516022,
232,-0.381728,0.377889399416745,0.337688399478793,
233,-0.381216,0.393969799391925,0.361808999441564,
234,-0.380704,0.402009999379516,0.369849199429154,
235,-0.380192,0.410050199367106,0.385929599404335,
236,-0.37968,0.426130599342287,0.402009999379516,
237,-0.379168,0.442210999317467,0.410050199367106,
238,-0.378656,0.442210999317467,0.434170799329877,
239,-0.378144,0.458291399292648,0.442210999317467,
240,-0.377632,0.466331599280238,0.450251199305058,
241,-0.37712,0.474371799267828,0.458291399292648,
242,-0.376608,0.482411999255419,0.466331599280238,
243,-0.376096,0.490452199243009,0.474371799267828,
244,-0.375584,0.490452199243009,0.490452199243009,
245,-0.375072,0.490452199243009,0.482411999255419,
246,-0.37456,0.498492399230599,0.490452199243009,
247,-0.374048,0.490452199243009,0.490452199243009,
248,-0.373536,0.490452199243009,0.490452199243009,
249,-0.373024,0.482411999255419,0.490452199243009,
250,-0.372512,0.482411999255419,0.498492399230599,
251,-0.372,0.490452199243009,0.50653259921819,
252,-0.371488,0.482411999255419,0.490452199243009,
253,-0.370976,0.474371799267828,0.482411999255419,
254,-0.370464,0.466331599280238,0.482411999255419,
255,-0.369952,0.458291399292648,0.474371799267828,
256,-0.36944,0.458291399292648,0.466331599280238,
257,-0.368928,0.434170799329877,0.450251199305058,
258,-0.368416,0.426130599342287,0.450251199305058,
259,-0.367904,0.410050199367106,0.442210999317467,
260,-0.367392,0.393969799391925,0.426130599342287,
261,-0.36688,0.385929599404335,0.418090399354696,
262,-0.366368,0.377889399416745,0.402009999379516,
263,-0.365856,0.353768799453974,0.385929599404335,
264,-0.365344,0.337688399478793,0.377889399416745,
265,-0.364832,0.313567799516022,0.353768799453974,
266,-0.36432,0.297487399540842,0.337688399478793,
267,-0.363808,0.281406999565661,0.321607999503613,
268,-0.363296,0.25728639960289,0.281406999565661,
269,-0.362784,0.241205999627709,0.273366799578071,
270,-0.362272,0.201004999689758,0.25728639960289,
271,-0.36176,0.192964799702168,0.233165799640119,
272,-0.361248,0.168844199739397,0.225125599652529,
273,-0.360736,0.144723599776626,0.192964799702168,
274,-0.360224,0.136683399789035,0.168844199739397,
275,-0.359712,0.0964823998510838,0.152763799764216,
276,-0.3592,0.0723617998883128,0.128643199801445,
277,-0.358688,0.0562813999131322,0.104522599838674,
278,-0.358176,0.0321607999503613,0.0804019998759031,
279,-0.357664,0,0.0562813999131322,
280,-0.357152,-0.0160803999751806,0.0321607999503613,
281,-0.35664,-0.0402009999379516,0.00804019998759031,
282,-0.356128,-0.0643215999007225,-0.00804019998759031,
283,-0.355616,-0.0884421998634934,-0.0402009999379516,
284,-0.355104,-0.112562799826264,-0.0643215999007225,
285,-0.354592,-0.136683399789035,-0.0884421998634934,
286,-0.35408,-0.160803999751806,-0.112562799826264,
287,-0.353568,-0.168844199739397,-0.136683399789035,
288,-0.353056,-0.209045199677348,-0.152763799764216,
289,-0.352544,-0.225125599652529,-0.176884399726987,
290,-0.352032,-0.2492461996153,-0.201004999689758,
291,-0.35152,-0.26532659959048,-0.225125599652529,
292,-0.351008,-0.289447199553251,-0.241205999627709,
293,-0.350496,-0.305527599528432,-0.273366799578071,
294,-0.349984,-0.329648199491203,-0.289447199553251,
295,-0.349472,-0.337688399478793,-0.305527599528432,
296,-0.34896,-0.361808999441564,-0.321607999503613,
297,-0.348448,-0.369849199429154,-0.337688399478793,
298,-0.347936,-0.393969799391925,-0.353768799453974,
299,-0.347424,-0.410050199367106,-0.369849199429154,
300,-0.346912,-0.426130599342287,-0.385929599404335,
301,-0.3464,-0.434170799329877,-0.410050199367106,
302,-0.345888,-0.442210999317467,-0.418090399354696,
303,-0.345376,-0.458291399292648,-0.442210999317467,
304,-0.344864,-0.466331599280238,-0.442210999317467,
305,-0.344352,-0.474371799267828,-0.458291399292648,
306,-0.34384,-0.490452199243009,-0.458291399292648,
307,-0.343328,-0.498492399230599,-0.474371799267828,
308,-0.342816,-0.498492399230599,-0.474371799267828,
309,-0.342304,-0.50653259921819,-0.490452199243009,
310,-0.341792,-0.50653259921819,-0.490452199243009,
311,-0.34128,-0.50653259921819,-0.490452199243009,
312,-0.340768,-0.498492399230599,-0.50653259921819,
313,-0.340256,-0.498492399230599,-0.50653259921819,
314,-0.339744,-0.50653259921819,-0.50653259921819,
315,-0.339232,-0.50653259921819,-0.498492399230599,
316,-0.33872,-0.498492399230599,-0.50653259921819,
317,-0.338208,-0.490452199243009,-0.498492399230599,
318,-0.337696,-0.482411999255419,-0.482411999255419,
319,-0.337184,-0.474371799267828,-0.490452199243009,
320,-0.336672,-0.466331599280238,-0.474371799267828,
321,-0.33616,-0.450251199305058,-0.474371799267828,
322,-0.335648,-0.442210999317467,-0.474371799267828,
323,-0.335136,-0.442210999317467,-0.450251199305058,
324,-0.334624,-0.434170799329877,-0.442210999317467,
325,-0.334112,-0.410050199367106,-0.434170799329877,
326,-0.3336,-0.393969799391925,-0.418090399354696,
327,-0.333088,-0.377889399416745,-0.402009999379516,
328,-0.332576,-0.369849199429154,-0.393969799391925,
329,-0.332064,-0.345728599466383,-0.369849199429154,
330,-0.331552,-0.329648199491203,-0.361808999441564,
331,-0.33104,-0.313567799516022,-0.353768799453974,
332,-0.330528,-0.297487399540842,-0.321607999503613,
333,-0.330016,-0.273366799578071,-0.313567799516022,
334,-0.329504,-0.25728639960289,-0.289447199553251,
335,-0.328992,-0.225125599652529,-0.273366799578071,
336,-0.32848,-0.209045199677348,-0.2492461996153,
337,-0.327968,-0.184924599714577,-0.233165799640119,
338,-0.327456,-0.160803999751806,-0.209045199677348,
339,-0.326944,-0.144723599776626,-0.184924599714577,
340,-0.326432,-0.112562799826264,-0.168844199739397,
341,-0.32592,-0.0884421998634934,-0.144723599776626,
342,-0.325408,-0.0643215999007225,-0.104522599838674,
343,-0.324896,-0.0482411999255419,-0.0804019998759031,
344,-0.324384,-0.0241205999627709,-0.0723617998883128,
345,-0.323872,0.00804019998759031,-0.0402009999379516,
346,-0.32336,0.0241205999627709,-0.0160803999751806,
347,-0.322848,0.0562813999131322,0.00804019998759031,
348,-0.322336,0.0723617998883128,0.0241205999627709,
349,-0.321824,0.112562799826264,0.0482411999255419,
350,-0.321312,0.120602999813855,0.0804019998759031,
351,-0.3208,0.144723599776626,0.0964823998510838,
352,-0.320288,0.176884399726987,0.112562799826264,
353,-0.319776,0.201004999689758,0.152763799764216,
354,-0.319264,0.217085399664938,0.168844199739397,
355,-0.318752,0.233165799640119,0.192964799702168,
356,-0.31824,0.25728639960289,0.217085399664938,
357,-0.317728,0.281406999565661,0.233165799640119,
358,-0.317216,0.297487399540842,0.25728639960289,
359,-0.316704,0.313567799516022,0.281406999565661,
360,-0.316192,0.337688399478793,0.297487399540842,
361,-0.31568,0.353768799453974,0.321607999503613,
362,-0.315168,0.369849199429154,0.337688399478793,
363,-0.314656,0.385929599404335,0.353768799453974,
364,-0.314144,0.402009999379516,0.369849199429154,
365,-0.313632,0.410050199367106,0.385929599404335,
366,-0.31312,0.426130599342287,0.402009999379516,
367,-0.312608,0.442210999317467,0.410050199367106,
368,-0.312096,0.442210999317467,0.426130599342287,
369,-0.311584,0.466331599280238,0.434170799329877,
370,-0.311072,0.466331599280238,0.450251199305058,
371,-0.31056,0.474371799267828,0.466331599280238,
372,-0.310048,0.482411999255419,0.466331599280238,
373,-0.309536,0.482411999255419,0.482411999255419,
374,-0.309024,0.490452199243009,0.482411999255419,
375,-0.308512,0.490452199243009,0.490452199243009,
376,-0.308,0.498492399230599,0.490452199243009,
377,-0.307488,0.498492399230599,0.498492399230599,
378,-0.306976,0.490452199243009,0.490452199243009,
379,-0.306464,0.490452199243009,0.498492399230599,
380,-0.305952,0.498492399230599,0.490452199243009,
381,-0.30544,0.490452199243009,0.490452199243009,
382,-0.304928,0.482411999255419,0.498492399230599,
383,-0.304416,0.482411999255419,0.482411999255419,
384,-0.303904,0.458291399292648,0.482411999255419,
385,-0.303392,0.458291399292648,0.474371799267828,
386,-0.30288,0.450251199305058,0.474371799267828,
387,-0.302368,0.426130599342287,0.466331599280238,
388,-0.301856,0.434170799329877,0.450251199305058,
389,-0.301344,0.426130599342287,0.442210999317467,
390,-0.300832,0.393969799391925,0.426130599342287,
391,-0.30032,0.393969799391925,0.418090399354696,
392,-0.299808,0.369849199429154,0.393969799391925,
393,-0.299296,0.361808999441564,0.393969799391925,
394,-0.298784,0.337688399478793,0.369849199429154,
395,-0.298272,0.329648199491203,0.353768799453974,
396,-0.29776,0.305527599528432,0.337688399478793,
397,-0.297248,0.289447199553251,0.329648199491203,
398,-0.296736,0.26532659959048,0.305527599528432,
399,-0.296224,0.241205999627709,0.289447199553251,
400,-0.295712,0.217085399664938,0.26532659959048,
401,-0.2952,0.184924599714577,0.241205999627709,
402,-0.294688,0.176884399726987,0.233165799640119,
403,-0.294176,0.152763799764216,0.201004999689758,
404,-0.293664,0.128643199801445,0.184924599714577,
405,-0.293152,0.104522599838674,0.152763799764216,
406,-0.29264,0.0884421998634934,0.128643199801445,
407,-0.292128,0.0562813999131322,0.104522599838674,
408,-0.291616,0.0402009999379516,0.0964823998510838,
409,-0.291104,0.00804019998759031,0.0643215999007225,
410,-0.290592,-0.0160803999751806,0.0402009999379516,
411,-0.29008,-0.0402009999379516,0.0160803999751806,
412,-0.289568,-0.0562813999131322,-0.00804019998759031,
413,-0.289056,-0.0804019998759031,-0.0241205999627709,
414,-0.288544,-0.104522599838674,-0.0562813999131322,
415,-0.288032,-0.120602999813855,-0.0723617998883128,
416,-0.28752,-0.160803999751806,-0.0964823998510838,
417,-0.287008,-0.168844199739397,-0.120602999813855,
418,-0.286496,-0.209045199677348,-0.152763799764216,
419,-0.285984,-0.225125599652529,-0.176884399726987,
420,-0.285472,-0.241205999627709,-0.192964799702168,
421,-0.28496,-0.26532659959048,-0.217085399664938,
422,-0.284448,-0.281406999565661,-0.233165799640119,
423,-0.283936,-0.305527599528432,-0.2492461996153,
424,-0.283424,-0.321607999503613,-0.281406999565661,
425,-0.282912,-0.345728599466383,-0.305527599528432,
426,-0.2824,-0.361808999441564,-0.321607999503613,
427,-0.281888,-0.369849199429154,-0.337688399478793,
428,-0.281376,-0.393969799391925,-0.353768799453974,
429,-0.280864,-0.410050199367106,-0.369849199429154,
430,-0.280352,-0.410050199367106,-0.385929599404335,
431,-0.27984,-0.434170799329877,-0.402009999379516,
432,-0.279328,-0.450251199305058,-0.418090399354696,
433,-0.278816,-0.458291399292648,-0.426130599342287,
434,-0.278304,-0.466331599280238,-0.442210999317467,
435,-0.277792,-0.482411999255419,-0.450251199305058,
436,-0.27728,-0.482411999255419,-0.458291399292648,
437,-0.276768,-0.490452199243009,-0.474371799267828,
438,-0.276256,-0.498492399230599,-0.482411999255419,
439,-0.275744,-0.498492399230599,-0.482411999255419,
440,-0.275232,-0.498492399230599,-0.490452199243009,
441,-0.27472,-0.498492399230599,-0.490452199243009,
442,-0.274208,-0.498492399230599,-0.490452199243009,
443,-0.273696,-0.490452199243009,-0.50653259921819,
444,-0.273184,-0.50653259921819,-0.50653259921819,
445,-0.272672,-0.51457279920578,-0.498492399230599,
446,-0.27216,-0.490452199243009,-0.490452199243009,
447,-0.271648,-0.490452199243009,-0.490452199243009,
448,-0.271136,-0.490452199243009,-0.490452199243009,
449,-0.270624,-0.474371799267828,-0.498492399230599,
450,-0.270112,-0.482411999255419,-0.482411999255419,
451,-0.2696,-0.458291399292648,-0.474371799267828,
452,-0.269088,-0.458291399292648,-0.474371799267828,
453,-0.268576,-0.442210999317467,-0.458291399292648,
454,-0.268064,-0.426130599342287,-0.450251199305058,
455,-0.267552,-0.418090399354696,-0.434170799329877,
456,-0.26704,-0.410050199367106,-0.426130599342287,
457,-0.266528,-0.377889399416745,-0.410050199367106,
458,-0.266016,-0.369849199429154,-0.402009999379516,
459,-0.265504,-0.353768799453974,-0.377889399416745,
460,-0.264992,-0.329648199491203,-0.369849199429154,
461,-0.26448,-0.313567799516022,-0.353768799453974,
462,-0.263968,-0.297487399540842,-0.329648199491203,
463,-0.263456,-0.273366799578071,-0.313567799516022,
464,-0.262944,-0.2492461996153,-0.289447199553251,
465,-0.262432,-0.233165799640119,-0.273366799578071,
466,-0.26192,-0.209045199677348,-0.25728639960289,
467,-0.261408,-0.184924599714577,-0.233165799640119,
468,-0.260896,-0.160803999751806,-0.209045199677348,
469,-0.260384,-0.136683399789035,-0.184924599714577,
470,-0.259872,-0.120602999813855,-0.168844199739397,
471,-0.25936,-0.0964823998510838,-0.136683399789035,
472,-0.258848,-0.0723617998883128,-0.120602999813855,
473,-0.258336,-0.0402009999379516,-0.0964823998510838,
474,-0.257824,-0.0160803999751806,-0.0723617998883128,
475,-0.257312,0,-0.0482411999255419,
476,-0.2568,0.0241205999627709,-0.0160803999751806,
477,-0.256288,0.0482411999255419,0,
478,-0.255776,0.0723617998883128,0.0241205999627709,
479,-0.255264,0.0964823998510838,0.0482411999255419,
480,-0.254752,0.120602999813855,0.0804019998759031,
481,-0.25424,0.136683399789035,0.0964823998510838,
482,-0.253728,0.160803999751806,0.112562799826264,
483,-0.253216,0.192964799702168,0.144723599776626,
484,-0.252704,0.217085399664938,0.160803999751806,
485,-0.252192,0.225125599652529,0.184924599714577,
486,-0.25168,0.25728639960289,0.209045199677348,
487,-0.251168,0.273366799578071,0.241205999627709,
488,-0.250656,0.297487399540842,0.25728639960289,
489,-0.250144,0.313567799516022,0.281406999565661,
490,-0.249632,0.329648199491203,0.289447199553251,
491,-0.24912,0.353768799453974,0.313567799516022,
492,-0.248608,0.361808999441564,0.337688399478793,
493,-0.248096,0.377889399416745,0.353768799453974,
494,-0.247584,0.402009999379516,0.361808999441564,
495,-0.247072,0.410050199367106,0.385929599404335,
496,-0.24656,0.426130599342287,0.393969799391925,
497,-0.246048,0.434170799329877,0.410050199367106,
498,-0.245536,0.442210999317467,0.418090399354696,
499,-0.245024,0.450251199305058,0.434170799329877,
500,-0.244512,0.466331599280238,0.442210999317467,
501,-0.244,0.466331599280238,0.458291399292648,
502,-0.243488,0.490452199243009,0.458291399292648,
503,-0.242976,0.482411999255419,0.458291399292648,
504,-0.242464,0.490452199243009,0.482411999255419,
505,-0.241952,0.498492399230599,0.482411999255419,
506,-0.24144,0.490452199243009,0.490452199243009,
507,-0.240928,0.498492399230599,0.490452199243009,
508,-0.240416,0.498492399230599,0.490452199243009,
509,-0.239904,0.490452199243009,0.498492399230599,
510,-0.239392,0.490452199243009,0.490452199243009,
511,-0.23888,0.482411999255419,0.482411999255419,
512,-0.238368,0.482411999255419,0.490452199243009,
513,-0.237856,0.474371799267828,0.490452199243009,
514,-0.237344,0.474371799267828,0.490452199243009,
515,-0.236832,0.458291399292648,0.482411999255419,
516,-0.23632,0.458291399292648,0.474371799267828,
517,-0.235808,0.442210999317467,0.458291399292648,
518,-0.235296,0.426130599342287,0.450251199305058,
519,-0.234784,0.426130599342287,0.434170799329877,
520,-0.234272,0.410050199367106,0.434170799329877,
521,-0.23376,0.385929599404335,0.418090399354696,
522,-0.233248,0.377889399416745,0.402009999379516,
523,-0.232736,0.353768799453974,0.393969799391925,
524,-0.232224,0.345728599466383,0.369849199429154,
525,-0.231712,0.321607999503613,0.361808999441564,
526,-0.2312,0.313567799516022,0.329648199491203,
527,-0.230688,0.289447199553251,0.321607999503613,
528,-0.230176,0.26532659959048,0.305527599528432,
529,-0.229664,0.2492461996153,0.281406999565661,
530,-0.229152,0.225125599652529,0.273366799578071,
531,-0.22864,0.201004999689758,0.2492461996153,
532,-0.228128,0.184924599714577,0.217085399664938,
533,-0.227616,0.152763799764216,0.209045199677348,
534,-0.227104,0.128643199801445,0.176884399726987,
535,-0.226592,0.112562799826264,0.160803999751806,
536,-0.22608,0.0884421998634934,0.136683399789035,
537,-0.225568,0.0643215999007225,0.112562799826264,
538,-0.225056,0.0321607999503613,0.0884421998634934,
539,-0.224544,0.0160803999751806,0.0643215999007225,
540,-0.224032,0,0.0402009999379516,
541,-0.22352,-0.0321607999503613,0.0160803999751806,
542,-0.223008,-0.0562813999131322,0,
543,-0.222496,-0.0804019998759031,-0.0321607999503613,
544,-0.221984,-0.104522599838674,-0.0562813999131322,
545,-0.221472,-0.128643199801445,-0.0723617998883128,
546,-0.22096,-0.144723599776626,-0.0964823998510838,
547,-0.220448,-0.176884399726987,-0.120602999813855,
548,-0.219936,-0.192964799702168,-0.136683399789035,
549,-0.219424,-0.217085399664938,-0.168844199739397,
550,-0.218912,-0.241205999627709,-0.192964799702168,
551,-0.2184,-0.2492461996153,-0.217085399664938,
552,-0.217888,-0.289447199553251,-0.241205999627709,
553,-0.217376,-0.313567799516022,-0.25728639960289,
554,-0.216864,-0.321607999503613,-0.273366799578071,
555,-0.216352,-0.345728599466383,-0.289447199553251,
556,-0.21584,-0.353768799453974,-0.305527599528432,
557,-0.215328,-0.369849199429154,-0.337688399478793,
558,-0.214816,-0.385929599404335,-0.361808999441564,
559,-0.214304,-0.418090399354696,-0.369849199429154,
560,-0.213792,-0.410050199367106,-0.385929599404335,
561,-0.21328,-0.434170799329877,-0.402009999379516,
562,-0.212768,-0.442210999317467,-0.418090399354696,
563,-0.212256,-0.450251199305058,-0.426130599342287,
564,-0.211744,-0.466331599280238,-0.434170799329877,
565,-0.211232,-0.474371799267828,-0.466331599280238,
566,-0.21072,-0.490452199243009,-0.458291399292648,
567,-0.210208,-0.490452199243009,-0.466331599280238,
568,-0.209696,-0.490452199243009,-0.474371799267828,
569,-0.209184,-0.50653259921819,-0.482411999255419,
570,-0.208672,-0.51457279920578,-0.490452199243009,
571,-0.20816,-0.498492399230599,-0.490452199243009,
572,-0.207648,-0.498492399230599,-0.498492399230599,
573,-0.207136,-0.50653259921819,-0.498492399230599,
574,-0.206624,-0.498492399230599,-0.498492399230599,
575,-0.206112,-0.498492399230599,-0.498492399230599,
576,-0.2056,-0.50653259921819,-0.490452199243009,
577,-0.205088,-0.490452199243009,-0.498492399230599,
578,-0.204576,-0.490452199243009,-0.498492399230599,
579,-0.204064,-0.482411999255419,-0.498492399230599,
580,-0.203552,-0.474371799267828,-0.482411999255419,
581,-0.20304,-0.466331599280238,-0.474371799267828,
582,-0.202528,-0.458291399292648,-0.466331599280238,
583,-0.202016,-0.442210999317467,-0.458291399292648,
584,-0.201504,-0.426130599342287,-0.450251199305058,
585,-0.200992,-0.418090399354696,-0.442210999317467,
586,-0.20048,-0.393969799391925,-0.434170799329877,
587,-0.199968,-0.393969799391925,-0.402009999379516,
588,-0.199456,-0.369849199429154,-0.393969799391925,
589,-0.198944,-0.345728599466383,-0.385929599404335,
590,-0.198432,-0.337688399478793,-0.369849199429154,
591,-0.19792,-0.313567799516022,-0.353768799453974,
592,-0.197408,-0.305527599528432,-0.337688399478793,
593,-0.196896,-0.289447199553251,-0.313567799516022,
594,-0.196384,-0.26532659959048,-0.297487399540842,
595,-0.195872,-0.241205999627709,-0.273366799578071,
596,-0.19536,-0.209045199677348,-0.26532659959048,
597,-0.194848,-0.192964799702168,-0.233165799640119,
598,-0.194336,-0.176884399726987,-0.209045199677348,
599,-0.193824,-0.152763799764216,-0.184924599714577,
600,-0.193312,-0.128643199801445,-0.168844199739397,
601,-0.1928,-0.0964823998510838,-0.144723599776626,
602,-0.192288,-0.0723617998883128,-0.128643199801445,
603,-0.191776,-0.0482411999255419,-0.104522599838674,
604,-0.191264,-0.0321607999503613,-0.0804019998759031,
605,-0.190752,-0.00804019998759031,-0.0482411999255419,
606,-0.19024,0.0160803999751806,-0.0241205999627709,
607,-0.189728,0.0402009999379516,-0.00804019998759031,
608,-0.189216,0.0643215999007225,0.0321607999503613,
609,-0.188704,0.0884421998634934,0.0402009999379516,
610,-0.188192,0.112562799826264,0.0723617998883128,
611,-0.18768,0.136683399789035,0.0884421998634934,
612,-0.187168,0.152763799764216,0.120602999813855,
613,-0.186656,0.184924599714577,0.144723599776626,
614,-0.186144,0.209045199677348,0.152763799764216,
615,-0.185632,0.225125599652529,0.176884399726987,
616,-0.18512,0.2492461996153,0.201004999689758,
617,-0.184608,0.26532659959048,0.233165799640119,
618,-0.184096,0.289447199553251,0.2492461996153,
619,-0.183584,0.305527599528432,0.26532659959048,
620,-0.183072,0.329648199491203,0.289447199553251,
621,-0.18256,0.345728599466383,0.305527599528432,
622,-0.182048,0.353768799453974,0.329648199491203,
623,-0.181536,0.377889399416745,0.337688399478793,
624,-0.181024,0.393969799391925,0.361808999441564,
625,-0.180512,0.410050199367106,0.369849199429154,
626,-0.18,0.418090399354696,0.393969799391925,
627,-0.179488,0.434170799329877,0.402009999379516,
628,-0.178976,0.434170799329877,0.418090399354696,
629,-0.178464,0.450251199305058,0.434170799329877,
630,-0.177952,0.466331599280238,0.442210999317467,
631,-0.17744,0.474371799267828,0.458291399292648,
632,-0.176928,0.474371799267828,0.466331599280238,
633,-0.176416,0.474371799267828,0.474371799267828,
634,-0.175904,0.482411999255419,0.482411999255419,
635,-0.175392,0.490452199243009,0.490452199243009,
636,-0.17488,0.490452199243009,0.490452199243009,
637,-0.174368,0.490452199243009,0.490452199243009,
638,-0.173856,0.498492399230599,0.498492399230599,
639,-0.173344,0.498492399230599,0.498492399230599,
640,-0.172832,0.490452199243009,0.490452199243009,
641,-0.17232,0.490452199243009,0.490452199243009,
642,-0.171808,0.490452199243009,0.482411999255419,
643,-0.171296,0.474371799267828,0.490452199243009,
644,-0.170784,0.474371799267828,0.490452199243009,
645,-0.170272,0.466331599280238,0.474371799267828,
646,-0.16976,0.458291399292648,0.466331599280238,
647,-0.169248,0.442210999317467,0.466331599280238,
648,-0.168736,0.434170799329877,0.458291399292648,
649,-0.168224,0.426130599342287,0.442210999317467,
650,-0.167712,0.410050199367106,0.434170799329877,
651,-0.1672,0.385929599404335,0.426130599342287,
652,-0.166688,0.385929599404335,0.410050199367106,
653,-0.166176,0.361808999441564,0.393969799391925,
654,-0.165664,0.345728599466383,0.385929599404335,
655,-0.165152,0.329648199491203,0.353768799453974,
656,-0.16464,0.321607999503613,0.345728599466383,
657,-0.164128,0.297487399540842,0.329648199491203,
658,-0.163616,0.273366799578071,0.305527599528432,
659,-0.163104,0.25728639960289,0.289447199553251,
660,-0.162592,0.225125599652529,0.26532659959048,
661,-0.16208,0.209045199677348,0.2492461996153,
662,-0.161568,0.184924599714577,0.225125599652529,
663,-0.161056,0.160803999751806,0.209045199677348,
664,-0.160544,0.144723599776626,0.184924599714577,
665,-0.160032,0.112562799826264,0.152763799764216,
666,-0.15952,0.0884421998634934,0.144723599776626,
667,-0.159008,0.0643215999007225,0.120602999813855,
668,-0.158496,0.0402009999379516,0.0884421998634934,
669,-0.157984,0.0160803999751806,0.0804019998759031,
670,-0.157472,0,0.0482411999255419,
671,-0.15696,-0.0241205999627709,0.0241205999627709,
672,-0.156448,-0.0562813999131322,-0.00804019998759031,
673,-0.155936,-0.0643215999007225,-0.0241205999627709,
674,-0.155424,-0.104522599838674,-0.0482411999255419,
675,-0.154912,-0.120602999813855,-0.0723617998883128,
676,-0.1544,-0.144723599776626,-0.0964823998510838,
677,-0.153888,-0.168844199739397,-0.120602999813855,
678,-0.153376,-0.192964799702168,-0.144723599776626,
679,-0.152864,-0.217085399664938,-0.160803999751806,
680,-0.152352,-0.241205999627709,-0.192964799702168,
681,-0.15184,-0.26532659959048,-0.209045199677348,
682,-0.151328,-0.273366799578071,-0.233165799640119,
683,-0.150816,-0.297487399540842,-0.2492461996153,
684,-0.150304,-0.321607999503613,-0.273366799578071,
685,-0.149792,-0.345728599466383,-0.297487399540842,
686,-0.14928,-0.353768799453974,-0.313567799516022,
687,-0.148768,-0.369849199429154,-0.329648199491203,
688,-0.148256,-0.369849199429154,-0.361808999441564,
689,-0.147744,-0.402009999379516,-0.369849199429154,
690,-0.147232,-0.418090399354696,-0.385929599404335,
691,-0.14672,-0.426130599342287,-0.393969799391925,
692,-0.146208,-0.442210999317467,-0.418090399354696,
693,-0.145696,-0.450251199305058,-0.434170799329877,
694,-0.145184,-0.466331599280238,-0.434170799329877,
695,-0.144672,-0.466331599280238,-0.450251199305058,
696,-0.14416,-0.482411999255419,-0.450251199305058,
697,-0.143648,-0.490452199243009,-0.466331599280238,
698,-0.143136,-0.498492399230599,-0.474371799267828,
699,-0.142624,-0.498492399230599,-0.490452199243009,
700,-0.142112,-0.50653259921819,-0.482411999255419,
701,-0.1416,-0.50653259921819,-0.490452199243009,
702,-0.141088,-0.50653259921819,-0.498492399230599,
703,-0.140576,-0.51457279920578,-0.50653259921819,
704,-0.140064,-0.50653259921819,-0.50653259921819,
705,-0.139552,-0.498492399230599,-0.498492399230599,
706,-0.13904,-0.498492399230599,-0.498492399230599,
707,-0.138528,-0.490452199243009,-0.498492399230599,
708,-0.138016,-0.490452199243009,-0.498492399230599,
709,-0.137504,-0.482411999255419,-0.490452199243009,
710,-0.136992,-0.474371799267828,-0.482411999255419,
711,-0.13648,-0.474371799267828,-0.482411999255419,
712,-0.135968,-0.450251199305058,-0.482411999255419,
713,-0.135456,-0.442210999317467,-0.474371799267828,
714,-0.134944,-0.434170799329877,-0.458291399292648,
715,-0.134432,-0.434170799329877,-0.426130599342287,
716,-0.13392,-0.410050199367106,-0.434170799329877,
717,-0.133408,-0.385929599404335,-0.418090399354696,
718,-0.132896,-0.377889399416745,-0.402009999379516,
719,-0.132384,-0.361808999441564,-0.393969799391925,
720,-0.131872,-0.337688399478793,-0.369849199429154,
721,-0.13136,-0.321607999503613,-0.361808999441564,
722,-0.130848,-0.305527599528432,-0.337688399478793,
723,-0.130336,-0.281406999565661,-0.313567799516022,
724,-0.129824,-0.26532659959048,-0.297487399540842,
725,-0.129312,-0.241205999627709,-0.281406999565661,
726,-0.1288,-0.217085399664938,-0.26532659959048,
727,-0.128288,-0.201004999689758,-0.241205999627709,
728,-0.127776,-0.176884399726987,-0.225125599652529,
729,-0.127264,-0.152763799764216,-0.201004999689758,
730,-0.126752,-0.136683399789035,-0.176884399726987,
731,-0.12624,-0.104522599838674,-0.152763799764216,
732,-0.125728,-0.0804019998759031,-0.128643199801445,
733,-0.125216,-0.0643215999007225,-0.112562799826264,
734,-0.124704,-0.0402009999379516,-0.0804019998759031,
735,-0.124192,-0.00804019998759031,-0.0562813999131322,
736,-0.12368,0.0160803999751806,-0.0321607999503613,
737,-0.123168,0.0402009999379516,-0.00804019998759031,
738,-0.122656,0.0562813999131322,0.0160803999751806,
739,-0.122144,0.0804019998759031,0.0402009999379516,
740,-0.121632,0.104522599838674,0.0643215999007225,
741,-0.12112,0.128643199801445,0.0884421998634934,
742,-0.120608,0.152763799764216,0.112562799826264,
743,-0.120096,0.176884399726987,0.136683399789035,
744,-0.119584,0.201004999689758,0.160803999751806,
745,-0.119072,0.217085399664938,0.184924599714577,
746,-0.11856,0.241205999627709,0.201004999689758,
747,-0.118048,0.26532659959048,0.225125599652529,
748,-0.117536,0.289447199553251,0.2492461996153,
749,-0.117024,0.305527599528432,0.26532659959048,
750,-0.116512,0.321607999503613,0.281406999565661,
751,-0.116,0.337688399478793,0.297487399540842,
752,-0.115488,0.361808999441564,0.321607999503613,
753,-0.114976,0.377889399416745,0.337688399478793,
754,-0.114464,0.393969799391925,0.361808999441564,
755,-0.113952,0.410050199367106,0.385929599404335,
756,-0.11344,0.418090399354696,0.393969799391925,
757,-0.112928,0.434170799329877,0.402009999379516,
758,-0.112416,0.442210999317467,0.418090399354696,
759,-0.111904,0.450251199305058,0.426130599342287,
760,-0.111392,0.458291399292648,0.442210999317467,
761,-0.11088,0.466331599280238,0.450251199305058,
762,-0.110368,0.482411999255419,0.458291399292648,
763,-0.109856,0.474371799267828,0.466331599280238,
764,-0.109344,0.482411999255419,0.474371799267828,
765,-0.108832,0.498492399230599,0.490452199243009,
766,-0.10832,0.490452199243009,0.482411999255419,
767,-0.107808,0.490452199243009,0.498492399230599,
768,-0.107296,0.490452199243009,0.490452199243009,
769,-0.106784,0.490452199243009,0.498492399230599,
770,-0.106272,0.490452199243009,0.50653259921819,
771,-0.10576,0.498492399230599,0.490452199243009,
772,-0.105248,0.490452199243009,0.490452199243009,
773,-0.104736,0.482411999255419,0.490452199243009,
774,-0.104224,0.466331599280238,0.482411999255419,
775,-0.103712,0.466331599280238,0.482411999255419,
776,-0.1032,0.458291399292648,0.474371799267828,
777,-0.102688,0.450251199305058,0.466331599280238,
778,-0.102176,0.434170799329877,0.458291399292648,
779,-0.101664,0.418090399354696,0.450251199305058,
780,-0.101152,0.418090399354696,0.442210999317467,
781,-0.10064,0.393969799391925,0.426130599342287,
782,-0.100128,0.393969799391925,0.402009999379516,
783,-0.099616,0.361808999441564,0.402009999379516,
784,-0.099104,0.353768799453974,0.393969799391925,
785,-0.098592,0.329648199491203,0.377889399416745,
786,-0.09808,0.313567799516022,0.353768799453974,
787,-0.097568,0.289447199553251,0.337688399478793,
788,-0.097056,0.273366799578071,0.313567799516022,
789,-0.096544,0.25728639960289,0.313567799516022,
790,-0.096032,0.225125599652529,0.281406999565661,
791,-0.09552,0.217085399664938,0.25728639960289,
792,-0.095008,0.184924599714577,0.233165799640119,
793,-0.094496,0.168844199739397,0.209045199677348,
794,-0.093984,0.144723599776626,0.192964799702168,
795,-0.093472,0.120602999813855,0.168844199739397,
796,-0.09296,0.104522599838674,0.144723599776626,
797,-0.092448,0.0723617998883128,0.128643199801445,
798,-0.091936,0.0482411999255419,0.0964823998510838,
799,-0.091424,0.0241205999627709,0.0804019998759031,
800,-0.090912,0,0.0562813999131322,
801,-0.0904,-0.0241205999627709,0.0241205999627709,
802,-0.089888,-0.0482411999255419,0.00804019998759031,
803,-0.089376,-0.0643215999007225,-0.0241205999627709,
804,-0.088864,-0.0884421998634934,-0.0402009999379516,
805,-0.088352,-0.112562799826264,-0.0643215999007225,
806,-0.08784,-0.136683399789035,-0.0884421998634934,
807,-0.087328,-0.160803999751806,-0.112562799826264,
808,-0.086816,-0.176884399726987,-0.136683399789035,
809,-0.086304,-0.209045199677348,-0.160803999751806,
810,-0.085792,-0.217085399664938,-0.184924599714577,
811,-0.08528,-0.2492461996153,-0.201004999689758,
812,-0.084768,-0.273366799578071,-0.225125599652529,
813,-0.084256,-0.297487399540842,-0.2492461996153,
814,-0.083744,-0.305527599528432,-0.26532659959048,
815,-0.083232,-0.329648199491203,-0.281406999565661,
816,-0.08272,-0.345728599466383,-0.305527599528432,
817,-0.082208,-0.369849199429154,-0.321607999503613,
818,-0.081696,-0.385929599404335,-0.345728599466383,
819,-0.081184,-0.402009999379516,-0.353768799453974,
820,-0.080672,-0.410050199367106,-0.369849199429154,
821,-0.08016,-0.426130599342287,-0.393969799391925,
822,-0.079648,-0.442210999317467,-0.410050199367106,
823,-0.079136,-0.442210999317467,-0.418090399354696,
824,-0.078624,-0.466331599280238,-0.434170799329877,
825,-0.078112,-0.466331599280238,-0.450251199305058,
826,-0.0776,-0.482411999255419,-0.458291399292648,
827,-0.077088,-0.490452199243009,-0.466331599280238,
828,-0.076576,-0.490452199243009,-0.474371799267828,
829,-0.076064,-0.498492399230599,-0.474371799267828,
830,-0.075552,-0.498492399230599,-0.490452199243009,
831,-0.07504,-0.50653259921819,-0.490452199243009,
832,-0.074528,-0.50653259921819,-0.498492399230599,
833,-0.074016,-0.50653259921819,-0.498492399230599,
834,-0.073504,-0.50653259921819,-0.498492399230599,
835,-0.072992,-0.498492399230599,-0.50653259921819,
836,-0.07248,-0.50653259921819,-0.498492399230599,
837,-0.071968,-0.490452199243009,-0.50653259921819,
838,-0.071456,-0.482411999255419,-0.490452199243009,
839,-0.070944,-0.482411999255419,-0.490452199243009,
840,-0.070432,-0.482411999255419,-0.490452199243009,
841,-0.06992,-0.466331599280238,-0.482411999255419,
842,-0.069408,-0.458291399292648,-0.474371799267828,
843,-0.068896,-0.442210999317467,-0.466331599280238,
844,-0.068384,-0.434170799329877,-0.458291399292648,
845,-0.067872,-0.418090399354696,-0.442210999317467,
846,-0.06736,-0.402009999379516,-0.434170799329877,
847,-0.066848,-0.402009999379516,-0.418090399354696,
848,-0.066336,-0.377889399416745,-0.410050199367106,
849,-0.065824,-0.361808999441564,-0.393969799391925,
850,-0.065312,-0.345728599466383,-0.377889399416745,
851,-0.0648,-0.337688399478793,-0.361808999441564,
852,-0.064288,-0.305527599528432,-0.337688399478793,
853,-0.063776,-0.289447199553251,-0.329648199491203,
854,-0.063264,-0.26532659959048,-0.297487399540842,
855,-0.062752,-0.241205999627709,-0.289447199553251,
856,-0.06224,-0.225125599652529,-0.26532659959048,
857,-0.061728,-0.201004999689758,-0.241205999627709,
858,-0.061216,-0.176884399726987,-0.217085399664938,
859,-0.060704,-0.152763799764216,-0.201004999689758,
860,-0.060192,-0.136683399789035,-0.176884399726987,
861,-0.05968,-0.112562799826264,-0.152763799764216,
862,-0.059168,-0.0964823998510838,-0.128643199801445,
863,-0.058656,-0.0562813999131322,-0.104522599838674,
864,-0.058144,-0.0482411999255419,-0.0804019998759031,
865,-0.057632,-0.0160803999751806,-0.0723617998883128,
866,-0.05712,0.00804019998759031,-0.0321607999503613,
867,-0.056608,0.0241205999627709,-0.0160803999751806,
868,-0.056096,0.0562813999131322,0,
869,-0.055584,0.0723617998883128,0.0321607999503613,
870,-0.055072,0.112562799826264,0.0643215999007225,
871,-0.05456,0.112562799826264,0.0723617998883128,
872,-0.054048,0.152763799764216,0.112562799826264,
873,-0.053536,0.168844199739397,0.120602999813855,
874,-0.053024,0.192964799702168,0.152763799764216,
875,-0.052512,0.217085399664938,0.176884399726987,
876,-0.052,0.241205999627709,0.201004999689758,
877,-0.051488,0.26532659959048,0.217085399664938,
878,-0.050976,0.281406999565661,0.241205999627709,
879,-0.050464,0.297487399540842,0.26532659959048,
880,-0.049952,0.313567799516022,0.281406999565661,
881,-0.04944,0.337688399478793,0.297487399540842,
882,-0.048928,0.353768799453974,0.321607999503613,
883,-0.048416,0.369849199429154,0.337688399478793,
884,-0.047904,0.393969799391925,0.345728599466383,
885,-0.047392,0.393969799391925,0.369849199429154,
886,-0.04688,0.418090399354696,0.385929599404335,
887,-0.046368,0.434170799329877,0.402009999379516,
888,-0.045856,0.442210999317467,0.418090399354696,
889,-0.045344,0.442210999317467,0.426130599342287,
890,-0.044832,0.450251199305058,0.442210999317467,
891,-0.04432,0.466331599280238,0.450251199305058,
892,-0.043808,0.482411999255419,0.466331599280238,
893,-0.043296,0.482411999255419,0.466331599280238,
894,-0.042784,0.482411999255419,0.474371799267828,
895,-0.042272,0.482411999255419,0.482411999255419,
896,-0.04176,0.490452199243009,0.490452199243009,
897,-0.041248,0.490452199243009,0.490452199243009,
898,-0.040736,0.490452199243009,0.482411999255419,
899,-0.040224,0.490452199243009,0.50653259921819,
900,-0.039712,0.490452199243009,0.490452199243009,
901,-0.0392,0.482411999255419,0.490452199243009,
902,-0.038688,0.490452199243009,0.482411999255419,
903,-0.038176,0.474371799267828,0.490452199243009,
904,-0.037664,0.474371799267828,0.490452199243009,
905,-0.037152,0.474371799267828,0.482411999255419,
906,-0.03664,0.458291399292648,0.474371799267828,
907,-0.036128,0.450251199305058,0.458291399292648,
908,-0.035616,0.434170799329877,0.458291399292648,
909,-0.035104,0.426130599342287,0.442210999317467,
910,-0.034592,0.418090399354696,0.442210999317467,
911,-0.03408,0.393969799391925,0.434170799329877,
912,-0.033568,0.385929599404335,0.418090399354696,
913,-0.033056,0.369849199429154,0.402009999379516,
914,-0.032544,0.353768799453974,0.385929599404335,
915,-0.032032,0.337688399478793,0.369849199429154,
916,-0.03152,0.321607999503613,0.361808999441564,
917,-0.031008,0.297487399540842,0.337688399478793,
918,-0.030496,0.281406999565661,0.321607999503613,
919,-0.029984,0.26532659959048,0.289447199553251,
920,-0.029472,0.241205999627709,0.273366799578071,
921,-0.02896,0.217085399664938,0.25728639960289,
922,-0.028448,0.192964799702168,0.241205999627709,
923,-0.027936,0.176884399726987,0.217085399664938,
924,-0.027424,0.144723599776626,0.201004999689758,
925,-0.026912,0.128643199801445,0.168844199739397,
926,-0.0264,0.0884421998634934,0.152763799764216,
927,-0.025888,0.0723617998883128,0.128643199801445,
928,-0.025376,0.0562813999131322,0.104522599838674,
929,-0.024864,0.0241205999627709,0.0723617998883128,
930,-0.024352,0.00804019998759031,0.0562813999131322,
931,-0.02384,-0.0241205999627709,0.0321607999503613,
932,-0.023328,-0.0402009999379516,0.00804019998759031,
933,-0.022816,-0.0643215999007225,-0.00804019998759031,
934,-0.022304,-0.0804019998759031,-0.0402009999379516,
935,-0.021792,-0.112562799826264,-0.0562813999131322,
936,-0.02128,-0.128643199801445,-0.0723617998883128,
937,-0.020768,-0.168844199739397,-0.112562799826264,
938,-0.020256,-0.168844199739397,-0.136683399789035,
939,-0.019744,-0.192964799702168,-0.152763799764216,
940,-0.019232,-0.225125599652529,-0.176884399726987,
941,-0.01872,-0.2492461996153,-0.201004999689758,
942,-0.018208,-0.26532659959048,-0.217085399664938,
943,-0.017696,-0.289447199553251,-0.2492461996153,
944,-0.017184,-0.305527599528432,-0.273366799578071,
945,-0.016672,-0.329648199491203,-0.281406999565661,
946,-0.01616,-0.345728599466383,-0.313567799516022,
947,-0.015648,-0.361808999441564,-0.329648199491203,
948,-0.015136,-0.377889399416745,-0.353768799453974,
949,-0.014624,-0.393969799391925,-0.353768799453974,
950,-0.014112,-0.410050199367106,-0.377889399416745,
951,-0.0136,-0.426130599342287,-0.393969799391925,
952,-0.013088,-0.442210999317467,-0.418090399354696,
953,-0.012576,-0.450251199305058,-0.426130599342287,
954,-0.012064,-0.458291399292648,-0.434170799329877,
955,-0.011552,-0.458291399292648,-0.450251199305058,
956,-0.01104,-0.482411999255419,-0.450251199305058,
957,-0.010528,-0.482411999255419,-0.466331599280238,
958,-0.010016,-0.482411999255419,-0.466331599280238,
959,-0.00950400000000001,-0.490452199243009,-0.482411999255419,
960,-0.008992,-0.50653259921819,-0.490452199243009,
961,-0.00848000000000004,-0.50653259921819,-0.482411999255419,
962,-0.00796800000000003,-0.498492399230599,-0.498492399230599,
963,-0.00745600000000002,-0.50653259921819,-0.498492399230599,
964,-0.00694400000000001,-0.50653259921819,-0.50653259921819,
965,-0.00643200000000005,-0.498492399230599,-0.498492399230599,
966,-0.00592000000000004,-0.50653259921819,-0.498492399230599,
967,-0.00540800000000002,-0.498492399230599,-0.50653259921819,
968,-0.00489600000000001,-0.490452199243009,-0.498492399230599,
969,-0.004384,-0.490452199243009,-0.498492399230599,
970,-0.00387200000000004,-0.474371799267828,-0.490452199243009,
971,-0.00336000000000003,-0.474371799267828,-0.482411999255419,
972,-0.00284800000000002,-0.466331599280238,-0.466331599280238,
973,-0.002336,-0.450251199305058,-0.466331599280238,
974,-0.00182400000000005,-0.442210999317467,-0.458291399292648,
975,-0.00131200000000004,-0.418090399354696,-0.450251199305058,
976,-0.000800000000000023,-0.410050199367106,-0.434170799329877,
977,-0.00028800000000001,-0.402009999379516,-0.418090399354696,
978,0.000224000000000002,-0.377889399416745,-0.410050199367106,
979,0.000735999999999959,-0.361808999441564,-0.393969799391925,
980,0.00124800000000003,-0.345728599466383,-0.377889399416745,
981,0.00175999999999998,-0.329648199491203,-0.361808999441564,
982,0.00227199999999994,-0.313567799516022,-0.345728599466383,
983,0.00278400000000001,-0.289447199553251,-0.329648199491203,
984,0.00329599999999997,-0.273366799578071,-0.305527599528432,
985,0.00380799999999992,-0.25728639960289,-0.297487399540842,
986,0.00431999999999999,-0.233165799640119,-0.26532659959048,
987,0.00483199999999995,-0.209045199677348,-0.241205999627709,
988,0.00534400000000002,-0.192964799702168,-0.225125599652529,
989,0.00585599999999997,-0.168844199739397,-0.209045199677348,
990,0.00636799999999993,-0.144723599776626,-0.176884399726987,
991,0.00688,-0.120602999813855,-0.160803999751806,
992,0.00739199999999995,-0.0804019998759031,-0.136683399789035,
993,0.00790400000000002,-0.0643215999007225,-0.120602999813855,
994,0.00841599999999998,-0.0482411999255419,-0.0964823998510838,
995,0.00892799999999994,-0.0241205999627709,-0.0643215999007225,
996,0.00944,0,-0.0402009999379516,
997,0.00995199999999996,0.0241205999627709,-0.0241205999627709,
998,0.010464,0.0482411999255419,0.00804019998759031,
999,0.010976,0.0804019998759031,0.0321607999503613,
1000,0.0114879999999999,0.104522599838674,0.0562813999131322,
1001,0.012,0.128643199801445,0.0723617998883128,
1002,0.012512,0.136683399789035,0.0964823998510838,
1003,0.0130239999999999,0.160803999751806,0.128643199801445,
1004,0.013536,0.192964799702168,0.144723599776626,
1005,0.0140479999999999,0.217085399664938,0.168844199739397,
1006,0.01456,0.233165799640119,0.192964799702168,
1007,0.015072,0.25728639960289,0.225125599652529,
1008,0.0155839999999999,0.273366799578071,0.233165799640119,
1009,0.016096,0.305527599528432,0.2492461996153,
1010,0.016608,0.313567799516022,0.273366799578071,
1011,0.01712,0.329648199491203,0.289447199553251,
1012,0.017632,0.353768799453974,0.313567799516022,
1013,0.0181439999999999,0.361808999441564,0.345728599466383,
1014,0.018656,0.377889399416745,0.345728599466383,
1015,0.019168,0.393969799391925,0.361808999441564,
1016,0.01968,0.410050199367106,0.385929599404335,
1017,0.020192,0.426130599342287,0.402009999379516,
1018,0.0207039999999999,0.434170799329877,0.410050199367106,
1019,0.021216,0.458291399292648,0.418090399354696,
1020,0.021728,0.458291399292648,0.442210999317467,
1021,0.0222399999999999,0.458291399292648,0.450251199305058,
1022,0.022752,0.474371799267828,0.450251199305058,
1023,0.023264,0.474371799267828,0.466331599280238,
1024,0.023776,0.482411999255419,0.474371799267828,
1025,0.024288,0.490452199243009,0.482411999255419,
1026,0.0247999999999999,0.498492399230599,0.490452199243009,
1027,0.025312,0.498492399230599,0.490452199243009,
1028,0.025824,0.498492399230599,0.490452199243009,
1029,0.026336,0.498492399230599,0.490452199243009,
1030,0.026848,0.498492399230599,0.498492399230599,
1031,0.0273599999999999,0.498492399230599,0.498492399230599,
1032,0.027872,0.482411999255419,0.498492399230599,
1033,0.028384,0.482411999255419,0.490452199243009,
1034,0.0288959999999999,0.490452199243009,0.482411999255419,
1035,0.029408,0.466331599280238,0.490452199243009,
1036,0.0299199999999999,0.466331599280238,0.474371799267828,
1037,0.030432,0.450251199305058,0.466331599280238,
1038,0.030944,0.442210999317467,0.458291399292648,
1039,0.0314559999999999,0.434170799329877,0.450251199305058,
1040,0.031968,0.426130599342287,0.442210999317467,
1041,0.03248,0.402009999379516,0.426130599342287,
1042,0.032992,0.385929599404335,0.426130599342287,
1043,0.033504,0.377889399416745,0.402009999379516,
1044,0.0340159999999999,0.345728599466383,0.393969799391925,
1045,0.034528,0.329648199491203,0.377889399416745,
1046,0.03504,0.321607999503613,0.361808999441564,
1047,0.035552,0.305527599528432,0.345728599466383,
1048,0.036064,0.281406999565661,0.321607999503613,
1049,0.0365759999999999,0.26532659959048,0.305527599528432,
1050,0.037088,0.2492461996153,0.281406999565661,
1051,0.0376,0.217085399664938,0.26532659959048,
1052,0.0381119999999999,0.201004999689758,0.233165799640119,
1053,0.038624,0.176884399726987,0.225125599652529,
1054,0.0391359999999999,0.160803999751806,0.201004999689758,
1055,0.039648,0.128643199801445,0.176884399726987,
1056,0.04016,0.104522599838674,0.152763799764216,
1057,0.0406719999999999,0.0804019998759031,0.136683399789035,
1058,0.041184,0.0643215999007225,0.104522599838674,
1059,0.041696,0.0402009999379516,0.0884421998634934,
1060,0.042208,0.00804019998759031,0.0562813999131322,
1061,0.04272,-0.00804019998759031,0.0402009999379516,
1062,0.0432319999999999,-0.0402009999379516,0.0160803999751806,
1063,0.043744,-0.0643215999007225,-0.00804019998759031,
1064,0.044256,-0.0884421998634934,-0.0321607999503613,
1065,0.044768,-0.104522599838674,-0.0562813999131322,
1066,0.04528,-0.120602999813855,-0.0804019998759031,
1067,0.0457919999999999,-0.152763799764216,-0.0964823998510838,
1068,0.046304,-0.176884399726987,-0.128643199801445,
1069,0.046816,-0.209045199677348,-0.144723599776626,
1070,0.0473279999999999,-0.225125599652529,-0.176884399726987,
1071,0.04784,-0.241205999627709,-0.201004999689758,
1072,0.048352,-0.273366799578071,-0.209045199677348,
1073,0.048864,-0.281406999565661,-0.225125599652529,
1074,0.049376,-0.305527599528432,-0.25728639960289,
1075,0.0498879999999999,-0.321607999503613,-0.281406999565661,
1076,0.0504,-0.337688399478793,-0.297487399540842,
1077,0.050912,-0.361808999441564,-0.321607999503613,
1078,0.051424,-0.369849199429154,-0.345728599466383,
1079,0.051936,-0.393969799391925,-0.353768799453974,
1080,0.0524479999999999,-0.410050199367106,-0.369849199429154,
1081,0.05296,-0.418090399354696,-0.385929599404335,
1082,0.053472,-0.434170799329877,-0.402009999379516,
1083,0.0539839999999999,-0.442210999317467,-0.410050199367106,
1084,0.054496,-0.450251199305058,-0.426130599342287,
1085,0.0550079999999999,-0.458291399292648,-0.434170799329877,
1086,0.05552,-0.482411999255419,-0.450251199305058,
1087,0.056032,-0.482411999255419,-0.458291399292648,
1088,0.0565439999999999,-0.482411999255419,-0.466331599280238,
1089,0.057056,-0.490452199243009,-0.474371799267828,
1090,0.057568,-0.50653259921819,-0.482411999255419,
1091,0.05808,-0.50653259921819,-0.490452199243009,
1092,0.058592,-0.50653259921819,-0.490452199243009,
1093,0.0591039999999999,-0.50653259921819,-0.498492399230599,
1094,0.059616,-0.50653259921819,-0.50653259921819,
1095,0.060128,-0.498492399230599,-0.50653259921819,
1096,0.06064,-0.498492399230599,-0.498492399230599,
1097,0.061152,-0.498492399230599,-0.50653259921819,
1098,0.0616639999999999,-0.490452199243009,-0.498492399230599,
1099,0.062176,-0.482411999255419,-0.490452199243009,
1100,0.062688,-0.482411999255419,-0.490452199243009,
1101,0.0631999999999999,-0.474371799267828,-0.490452199243009,
1102,0.063712,-0.450251199305058,-0.482411999255419,
1103,0.0642239999999999,-0.458291399292648,-0.466331599280238,
1104,0.064736,-0.442210999317467,-0.458291399292648,
1105,0.065248,-0.434170799329877,-0.450251199305058,
1106,0.0657599999999999,-0.410050199367106,-0.434170799329877,
1107,0.066272,-0.393969799391925,-0.418090399354696,
1108,0.066784,-0.393969799391925,-0.410050199367106,
1109,0.067296,-0.369849199429154,-0.402009999379516,
1110,0.067808,-0.353768799453974,-0.377889399416745,
1111,0.0683199999999999,-0.329648199491203,-0.369849199429154,
1112,0.068832,-0.313567799516022,-0.345728599466383,
1113,0.069344,-0.297487399540842,-0.329648199491203,
1114,0.069856,-0.273366799578071,-0.321607999503613,
1115,0.070368,-0.25728639960289,-0.289447199553251,
1116,0.0708799999999999,-0.233165799640119,-0.281406999565661,
1117,0.071392,-0.209045199677348,-0.25728639960289,
1118,0.071904,-0.192964799702168,-0.233165799640119,
1119,0.0724159999999999,-0.160803999751806,-0.209045199677348,
1120,0.072928,-0.136683399789035,-0.176884399726987,
1121,0.07344,-0.128643199801445,-0.168844199739397,
1122,0.073952,-0.0964823998510838,-0.144723599776626,
1123,0.074464,-0.0723617998883128,-0.120602999813855,
1124,0.0749759999999999,-0.0482411999255419,-0.0964823998510838,
1125,0.075488,-0.0241205999627709,-0.0723617998883128,
1126,0.076,0,-0.0562813999131322,
1127,0.076512,0.0241205999627709,-0.0241205999627709,
1128,0.077024,0.0482411999255419,0,
1129,0.0775359999999999,0.0723617998883128,0.0241205999627709,
1130,0.078048,0.0884421998634934,0.0562813999131322,
1131,0.07856,0.112562799826264,0.0723617998883128,
1132,0.0790719999999999,0.144723599776626,0.0964823998510838,
1133,0.079584,0.168844199739397,0.112562799826264,
1134,0.0800959999999999,0.184924599714577,0.144723599776626,
1135,0.080608,0.201004999689758,0.160803999751806,
1136,0.08112,0.225125599652529,0.192964799702168,
1137,0.0816319999999999,0.2492461996153,0.209045199677348,
1138,0.082144,0.26532659959048,0.233165799640119,
1139,0.082656,0.297487399540842,0.25728639960289,
1140,0.083168,0.321607999503613,0.273366799578071,
1141,0.08368,0.329648199491203,0.289447199553251,
1142,0.0841919999999999,0.345728599466383,0.305527599528432,
1143,0.084704,0.361808999441564,0.321607999503613,
1144,0.085216,0.377889399416745,0.345728599466383,
1145,0.085728,0.385929599404335,0.369849199429154,
1146,0.08624,0.418090399354696,0.377889399416745,
1147,0.0867519999999999,0.434170799329877,0.385929599404335,
1148,0.087264,0.434170799329877,0.402009999379516,
1149,0.087776,0.442210999317467,0.426130599342287,
1150,0.0882879999999999,0.458291399292648,0.434170799329877,
1151,0.0888,0.474371799267828,0.434170799329877,
1152,0.0893119999999999,0.474371799267828,0.458291399292648,
1153,0.089824,0.482411999255419,0.466331599280238,
1154,0.090336,0.490452199243009,0.466331599280238,
1155,0.0908479999999999,0.482411999255419,0.474371799267828,
1156,0.09136,0.490452199243009,0.482411999255419,
1157,0.091872,0.498492399230599,0.482411999255419,
1158,0.092384,0.490452199243009,0.490452199243009,
1159,0.092896,0.498492399230599,0.490452199243009,
1160,0.0934079999999999,0.498492399230599,0.498492399230599,
1161,0.09392,0.498492399230599,0.498492399230599,
1162,0.094432,0.490452199243009,0.498492399230599,
1163,0.094944,0.490452199243009,0.490452199243009,
1164,0.095456,0.482411999255419,0.498492399230599,
1165,0.0959679999999999,0.474371799267828,0.482411999255419,
1166,0.09648,0.458291399292648,0.482411999255419,
1167,0.096992,0.450251199305058,0.466331599280238,
1168,0.0975039999999999,0.450251199305058,0.458291399292648,
1169,0.098016,0.426130599342287,0.458291399292648,
1170,0.0985279999999999,0.418090399354696,0.442210999317467,
1171,0.09904,0.410050199367106,0.442210999317467,
1172,0.099552,0.393969799391925,0.418090399354696,
1173,0.100064,0.369849199429154,0.410050199367106,
1174,0.100576,0.361808999441564,0.393969799391925,
1175,0.101088,0.329648199491203,0.377889399416745,
1176,0.1016,0.329648199491203,0.361808999441564,
1177,0.102112,0.305527599528432,0.345728599466383,
1178,0.102624,0.289447199553251,0.337688399478793,
1179,0.103136,0.26532659959048,0.313567799516022,
1180,0.103648,0.2492461996153,0.289447199553251,
1181,0.10416,0.241205999627709,0.26532659959048,
1182,0.104672,0.209045199677348,0.2492461996153,
1183,0.105184,0.184924599714577,0.233165799640119,
1184,0.105696,0.160803999751806,0.209045199677348,
1185,0.106208,0.136683399789035,0.184924599714577,
1186,0.10672,0.112562799826264,0.160803999751806,
1187,0.107232,0.0884421998634934,0.144723599776626,
1188,0.107744,0.0643215999007225,0.120602999813855,
1189,0.108256,0.0402009999379516,0.0964823998510838,
1190,0.108768,0.0241205999627709,0.0723617998883128,
1191,0.10928,-0.00804019998759031,0.0482411999255419,
1192,0.109792,-0.0482411999255419,0.0241205999627709,
1193,0.110304,-0.0562813999131322,-0.00804019998759031,
1194,0.110816,-0.0804019998759031,-0.0241205999627709,
1195,0.111328,-0.104522599838674,-0.0562813999131322,
1196,0.11184,-0.128643199801445,-0.0723617998883128,
1197,0.112352,-0.152763799764216,-0.0964823998510838,
1198,0.112864,-0.168844199739397,-0.120602999813855,
1199,0.113376,-0.201004999689758,-0.144723599776626,
1200,0.113888,-0.217085399664938,-0.176884399726987,
1201,0.1144,-0.241205999627709,-0.192964799702168,
1202,0.114912,-0.26532659959048,-0.209045199677348,
1203,0.115424,-0.281406999565661,-0.225125599652529,
1204,0.115936,-0.305527599528432,-0.25728639960289,
1205,0.116448,-0.321607999503613,-0.273366799578071,
1206,0.11696,-0.329648199491203,-0.305527599528432,
1207,0.117472,-0.353768799453974,-0.313567799516022,
1208,0.117984,-0.377889399416745,-0.329648199491203,
1209,0.118496,-0.385929599404335,-0.345728599466383,
1210,0.119008,-0.410050199367106,-0.369849199429154,
1211,0.11952,-0.418090399354696,-0.385929599404335,
1212,0.120032,-0.426130599342287,-0.402009999379516,
1213,0.120544,-0.442210999317467,-0.410050199367106,
1214,0.121056,-0.450251199305058,-0.418090399354696,
1215,0.121568,-0.466331599280238,-0.434170799329877,
1216,0.12208,-0.474371799267828,-0.442210999317467,
1217,0.122592,-0.482411999255419,-0.458291399292648,
1218,0.123104,-0.490452199243009,-0.474371799267828,
1219,0.123616,-0.490452199243009,-0.474371799267828,
1220,0.124128,-0.498492399230599,-0.482411999255419,
1221,0.12464,-0.498492399230599,-0.490452199243009,
1222,0.125152,-0.50653259921819,-0.50653259921819,
1223,0.125664,-0.50653259921819,-0.498492399230599,
1224,0.126176,-0.50653259921819,-0.498492399230599,
1225,0.126688,-0.50653259921819,-0.498492399230599,
1226,0.1272,-0.490452199243009,-0.50653259921819,
1227,0.127712,-0.498492399230599,-0.498492399230599,
1228,0.128224,-0.498492399230599,-0.50653259921819,
1229,0.128736,-0.490452199243009,-0.498492399230599,
1230,0.129248,-0.474371799267828,-0.490452199243009,
1231,0.12976,-0.474371799267828,-0.482411999255419,
1232,0.130272,-0.466331599280238,-0.482411999255419,
1233,0.130784,-0.458291399292648,-0.466331599280238,
1234,0.131296,-0.442210999317467,-0.466331599280238,
1235,0.131808,-0.426130599342287,-0.450251199305058,
1236,0.13232,-0.418090399354696,-0.442210999317467,
1237,0.132832,-0.393969799391925,-0.426130599342287,
1238,0.133344,-0.385929599404335,-0.418090399354696,
1239,0.133856,-0.377889399416745,-0.393969799391925,
1240,0.134368,-0.361808999441564,-0.385929599404335,
1241,0.13488,-0.337688399478793,-0.369849199429154,
1242,0.135392,-0.321607999503613,-0.345728599466383,
1243,0.135904,-0.297487399540842,-0.337688399478793,
1244,0.136416,-0.281406999565661,-0.305527599528432,
1245,0.136928,-0.25728639960289,-0.289447199553251,
1246,0.13744,-0.233165799640119,-0.289447199553251,
1247,0.137952,-0.217085399664938,-0.26532659959048,
1248,0.138464,-0.192964799702168,-0.241205999627709,
1249,0.138976,-0.168844199739397,-0.217085399664938,
1250,0.139488,-0.152763799764216,-0.184924599714577,
1251,0.14,-0.128643199801445,-0.168844199739397,
1252,0.140512,-0.104522599838674,-0.144723599776626,
1253,0.141024,-0.0804019998759031,-0.120602999813855,
1254,0.141536,-0.0482411999255419,-0.0964823998510838,
1255,0.142048,-0.0321607999503613,-0.0723617998883128,
1256,0.14256,-0.00804019998759031,-0.0482411999255419,
1257,0.143072,0.0160803999751806,-0.0241205999627709,
1258,0.143584,0.0402009999379516,-0.00804019998759031,
1259,0.144096,0.0643215999007225,0.0160803999751806,
1260,0.144608,0.0884421998634934,0.0402009999379516,
1261,0.14512,0.104522599838674,0.0643215999007225,
1262,0.145632,0.144723599776626,0.0884421998634934,
1263,0.146144,0.160803999751806,0.112562799826264,
1264,0.146656,0.176884399726987,0.136683399789035,
1265,0.147168,0.201004999689758,0.152763799764216,
1266,0.14768,0.225125599652529,0.184924599714577,
1267,0.148192,0.25728639960289,0.201004999689758,
1268,0.148704,0.26532659959048,0.217085399664938,
1269,0.149216,0.297487399540842,0.241205999627709,
1270,0.149728,0.305527599528432,0.273366799578071,
1271,0.15024,0.329648199491203,0.289447199553251,
1272,0.150752,0.337688399478793,0.305527599528432,
1273,0.151264,0.361808999441564,0.329648199491203,
1274,0.151776,0.377889399416745,0.337688399478793,
1275,0.152288,0.385929599404335,0.361808999441564,
1276,0.1528,0.402009999379516,0.385929599404335,
1277,0.153312,0.418090399354696,0.385929599404335,
1278,0.153824,0.434170799329877,0.410050199367106,
1279,0.154336,0.434170799329877,0.418090399354696,
1280,0.154848,0.450251199305058,0.426130599342287,
1281,0.15536,0.466331599280238,0.434170799329877,
1282,0.155872,0.466331599280238,0.450251199305058,
1283,0.156384,0.474371799267828,0.458291399292648,
1284,0.156896,0.482411999255419,0.466331599280238,
1285,0.157408,0.490452199243009,0.474371799267828,
1286,0.15792,0.490452199243009,0.482411999255419,
1287,0.158432,0.498492399230599,0.490452199243009,
1288,0.158944,0.498492399230599,0.490452199243009,
1289,0.159456,0.498492399230599,0.482411999255419,
1290,0.159968,0.490452199243009,0.498492399230599,
1291,0.16048,0.490452199243009,0.498492399230599,
1292,0.160992,0.498492399230599,0.498492399230599,
1293,0.161504,0.482411999255419,0.498492399230599,
1294,0.162016,0.474371799267828,0.490452199243009,
1295,0.162528,0.474371799267828,0.490452199243009,
1296,0.16304,0.466331599280238,0.474371799267828,
1297,0.163552,0.450251199305058,0.474371799267828,
1298,0.164064,0.450251199305058,0.458291399292648,
1299,0.164576,0.434170799329877,0.466331599280238,
1300,0.165088,0.426130599342287,0.442210999317467,
1301,0.1656,0.410050199367106,0.426130599342287,
1302,0.166112,0.385929599404335,0.434170799329877,
1303,0.166624,0.377889399416745,0.410050199367106,
1304,0.167136,0.361808999441564,0.393969799391925,
1305,0.167648,0.345728599466383,0.385929599404335,
1306,0.16816,0.329648199491203,0.369849199429154,
1307,0.168672,0.313567799516022,0.337688399478793,
1308,0.169184,0.289447199553251,0.321607999503613,
1309,0.169696,0.281406999565661,0.313567799516022,
1310,0.170208,0.2492461996153,0.289447199553251,
1311,0.17072,0.233165799640119,0.273366799578071,
1312,0.171232,0.209045199677348,0.25728639960289,
1313,0.171744,0.184924599714577,0.233165799640119,
1314,0.172256,0.168844199739397,0.217085399664938,
1315,0.172768,0.144723599776626,0.192964799702168,
1316,0.17328,0.120602999813855,0.168844199739397,
1317,0.173792,0.0884421998634934,0.144723599776626,
1318,0.174304,0.0804019998759031,0.128643199801445,
1319,0.174816,0.0482411999255419,0.0964823998510838,
1320,0.175328,0.0160803999751806,0.0723617998883128,
1321,0.17584,0,0.0482411999255419,
1322,0.176352,-0.0241205999627709,0.0241205999627709,
1323,0.176864,-0.0402009999379516,0,
1324,0.177376,-0.0643215999007225,-0.0160803999751806,
1325,0.177888,-0.0964823998510838,-0.0402009999379516,
1326,0.1784,-0.120602999813855,-0.0723617998883128,
1327,0.178912,-0.144723599776626,-0.0964823998510838,
1328,0.179424,-0.168844199739397,-0.112562799826264,
1329,0.179936,-0.184924599714577,-0.136683399789035,
1330,0.180448,-0.217085399664938,-0.152763799764216,
1331,0.18096,-0.233165799640119,-0.192964799702168,
1332,0.181472,-0.2492461996153,-0.209045199677348,
1333,0.181984,-0.273366799578071,-0.241205999627709,
1334,0.182496,-0.289447199553251,-0.25728639960289,
1335,0.183008,-0.321607999503613,-0.281406999565661,
1336,0.18352,-0.329648199491203,-0.289447199553251,
1337,0.184032,-0.353768799453974,-0.305527599528432,
1338,0.184544,-0.377889399416745,-0.329648199491203,
1339,0.185056,-0.385929599404335,-0.345728599466383,
1340,0.185568,-0.402009999379516,-0.361808999441564,
1341,0.18608,-0.418090399354696,-0.377889399416745,
1342,0.186592,-0.434170799329877,-0.402009999379516,
1343,0.187104,-0.442210999317467,-0.410050199367106,
1344,0.187616,-0.450251199305058,-0.426130599342287,
1345,0.188128,-0.466331599280238,-0.442210999317467,
1346,0.18864,-0.474371799267828,-0.450251199305058,
1347,0.189152,-0.482411999255419,-0.450251199305058,
1348,0.189664,-0.498492399230599,-0.458291399292648,
1349,0.190176,-0.490452199243009,-0.466331599280238,
1350,0.190688,-0.498492399230599,-0.482411999255419,
1351,0.1912,-0.498492399230599,-0.482411999255419,
1352,0.191712,-0.498492399230599,-0.490452199243009,
1353,0.192224,-0.50653259921819,-0.490452199243009,
1354,0.192736,-0.50653259921819,-0.498492399230599,
1355,0.193248,-0.498492399230599,-0.498492399230599,
1356,0.19376,-0.498492399230599,-0.50653259921819,
1357,0.194272,-0.50653259921819,-0.498492399230599,
1358,0.194784,-0.498492399230599,-0.498492399230599,
1359,0.195296,-0.490452199243009,-0.498492399230599,
1360,0.195808,-0.482411999255419,-0.498492399230599,
1361,0.19632,-0.474371799267828,-0.482411999255419,
1362,0.196832,-0.466331599280238,-0.474371799267828,
1363,0.197344,-0.458291399292648,-0.474371799267828,
1364,0.197856,-0.442210999317467,-0.466331599280238,
1365,0.198368,-0.434170799329877,-0.450251199305058,
1366,0.19888,-0.426130599342287,-0.442210999317467,
1367,0.199392,-0.410050199367106,-0.426130599342287,
1368,0.199904,-0.385929599404335,-0.410050199367106,
1369,0.200416,-0.377889399416745,-0.402009999379516,
1370,0.200928,-0.361808999441564,-0.393969799391925,
1371,0.20144,-0.337688399478793,-0.369849199429154,
1372,0.201952,-0.321607999503613,-0.353768799453974,
1373,0.202464,-0.305527599528432,-0.345728599466383,
1374,0.202976,-0.289447199553251,-0.321607999503613,
1375,0.203488,-0.25728639960289,-0.305527599528432,
1376,0.204,-0.241205999627709,-0.281406999565661,
1377,0.204512,-0.217085399664938,-0.25728639960289,
1378,0.205024,-0.192964799702168,-0.241205999627709,
1379,0.205536,-0.184924599714577,-0.217085399664938,
1380,0.206048,-0.144723599776626,-0.192964799702168,
1381,0.20656,-0.136683399789035,-0.184924599714577,
1382,0.207072,-0.112562799826264,-0.152763799764216,
1383,0.207584,-0.0884421998634934,-0.120602999813855,
1384,0.208096,-0.0643215999007225,-0.104522599838674,
1385,0.208608,-0.0321607999503613,-0.0804019998759031,
1386,0.20912,-0.0160803999751806,-0.0562813999131322,
1387,0.209632,0,-0.0321607999503613,
1388,0.210144,0.0402009999379516,-0.0160803999751806,
1389,0.210656,0.0562813999131322,0.00804019998759031,
1390,0.211168,0.0804019998759031,0.0321607999503613,
1391,0.21168,0.104522599838674,0.0643215999007225,
1392,0.212192,0.136683399789035,0.0884421998634934,
1393,0.212704,0.160803999751806,0.104522599838674,
1394,0.213216,0.184924599714577,0.128643199801445,
1395,0.213728,0.201004999689758,0.152763799764216,
1396,0.21424,0.225125599652529,0.176884399726987,
1397,0.214752,0.2492461996153,0.201004999689758,
1398,0.215264,0.25728639960289,0.225125599652529,
1399,0.215776,0.289447199553251,0.241205999627709,
1400,0.216288,0.305527599528432,0.25728639960289,
1401,0.2168,0.321607999503613,0.281406999565661,
1402,0.217312,0.337688399478793,0.297487399540842,
1403,0.217824,0.361808999441564,0.329648199491203,
1404,0.218336,0.377889399416745,0.337688399478793,
1405,0.218848,0.385929599404335,0.361808999441564,
1406,0.21936,0.402009999379516,0.369849199429154,
1407,0.219872,0.410050199367106,0.385929599404335,
1408,0.220384,0.426130599342287,0.402009999379516,
1409,0.220896,0.434170799329877,0.418090399354696,
1410,0.221408,0.458291399292648,0.434170799329877,
1411,0.22192,0.458291399292648,0.434170799329877,
1412,0.222432,0.474371799267828,0.442210999317467,
1413,0.222944,0.482411999255419,0.458291399292648,
1414,0.223456,0.482411999255419,0.466331599280238,
1415,0.223968,0.482411999255419,0.482411999255419,
1416,0.22448,0.498492399230599,0.482411999255419,
1417,0.224992,0.490452199243009,0.490452199243009,
1418,0.225504,0.498492399230599,0.490452199243009,
1419,0.226016,0.498492399230599,0.498492399230599,
1420,0.226528,0.490452199243009,0.498492399230599,
1421,0.22704,0.490452199243009,0.50653259921819,
1422,0.227552,0.490452199243009,0.498492399230599,
1423,0.228064,0.482411999255419,0.498492399230599,
1424,0.228576,0.474371799267828,0.490452199243009,
1425,0.229088,0.466331599280238,0.490452199243009,
1426,0.2296,0.466331599280238,0.474371799267828,
1427,0.230112,0.450251199305058,0.474371799267828,
1428,0.230624,0.450251199305058,0.466331599280238,
1429,0.231136,0.434170799329877,0.458291399292648,
1430,0.231648,0.434170799329877,0.450251199305058,
1431,0.23216,0.410050199367106,0.434170799329877,
1432,0.232672,0.393969799391925,0.418090399354696,
1433,0.233184,0.385929599404335,0.418090399354696,
1434,0.233696,0.369849199429154,0.402009999379516,
1435,0.234208,0.353768799453974,0.385929599404335,
1436,0.23472,0.337688399478793,0.369849199429154,
1437,0.235232,0.321607999503613,0.353768799453974,
1438,0.235744,0.297487399540842,0.337688399478793,
1439,0.236256,0.281406999565661,0.321607999503613,
1440,0.236768,0.25728639960289,0.297487399540842,
1441,0.23728,0.225125599652529,0.281406999565661,
1442,0.237792,0.209045199677348,0.26532659959048,
1443,0.238304,0.192964799702168,0.233165799640119,
1444,0.238816,0.168844199739397,0.217085399664938,
1445,0.239328,0.144723599776626,0.192964799702168,
1446,0.23984,0.128643199801445,0.176884399726987,
1447,0.240352,0.0964823998510838,0.152763799764216,
1448,0.240864,0.0723617998883128,0.136683399789035,
1449,0.241376,0.0482411999255419,0.104522599838674,
1450,0.241888,0.0241205999627709,0.0804019998759031,
1451,0.2424,0.00804019998759031,0.0643215999007225,
1452,0.242912,-0.0241205999627709,0.0321607999503613,
1453,0.243424,-0.0402009999379516,0,
1454,0.243936,-0.0723617998883128,-0.0160803999751806,
1455,0.244448,-0.0884421998634934,-0.0402009999379516,
1456,0.24496,-0.104522599838674,-0.0643215999007225,
1457,0.245472,-0.136683399789035,-0.0804019998759031,
1458,0.245984,-0.160803999751806,-0.112562799826264,
1459,0.246496,-0.192964799702168,-0.128643199801445,
1460,0.247008,-0.217085399664938,-0.152763799764216,
1461,0.24752,-0.225125599652529,-0.176884399726987,
1462,0.248032,-0.2492461996153,-0.201004999689758,
1463,0.248544,-0.273366799578071,-0.225125599652529,
1464,0.249056,-0.281406999565661,-0.241205999627709,
1465,0.249568,-0.313567799516022,-0.26532659959048,
1466,0.25008,-0.329648199491203,-0.281406999565661,
1467,0.250592,-0.345728599466383,-0.313567799516022,
1468,0.251104,-0.361808999441564,-0.329648199491203,
1469,0.251616,-0.385929599404335,-0.337688399478793,
1470,0.252128,-0.393969799391925,-0.361808999441564,
1471,0.25264,-0.410050199367106,-0.377889399416745,
1472,0.253152,-0.426130599342287,-0.393969799391925,
1473,0.253664,-0.442210999317467,-0.410050199367106,
1474,0.254176,-0.458291399292648,-0.410050199367106,
1475,0.254688,-0.458291399292648,-0.426130599342287,
1476,0.2552,-0.474371799267828,-0.442210999317467,
1477,0.255712,-0.482411999255419,-0.458291399292648,
1478,0.256224,-0.482411999255419,-0.466331599280238,
1479,0.256736,-0.490452199243009,-0.474371799267828,
1480,0.257248,-0.490452199243009,-0.482411999255419,
1481,0.25776,-0.498492399230599,-0.490452199243009,
1482,0.258272,-0.50653259921819,-0.482411999255419,
1483,0.258784,-0.498492399230599,-0.498492399230599,
1484,0.259296,-0.50653259921819,-0.498492399230599,
1485,0.259808,-0.498492399230599,-0.498492399230599,
1486,0.26032,-0.498492399230599,-0.498492399230599,
1487,0.260832,-0.50653259921819,-0.490452199243009,
1488,0.261344,-0.490452199243009,-0.498492399230599,
1489,0.261856,-0.490452199243009,-0.498492399230599,
1490,0.262368,-0.482411999255419,-0.490452199243009,
1491,0.26288,-0.474371799267828,-0.490452199243009,
1492,0.263392,-0.466331599280238,-0.474371799267828,
1493,0.263904,-0.466331599280238,-0.474371799267828,
1494,0.264416,-0.458291399292648,-0.466331599280238,
1495,0.264928,-0.434170799329877,-0.450251199305058,
1496,0.26544,-0.426130599342287,-0.442210999317467,
1497,0.265952,-0.410050199367106,-0.434170799329877,
1498,0.266464,-0.393969799391925,-0.418090399354696,
1499,0.266976,-0.377889399416745,-0.410050199367106,
1500,0.267488,-0.361808999441564,-0.393969799391925,
1501,0.268,-0.345728599466383,-0.377889399416745,
1502,0.268512,-0.329648199491203,-0.361808999441564,
1503,0.269024,-0.313567799516022,-0.345728599466383,
1504,0.269536,-0.297487399540842,-0.329648199491203,
1505,0.270048,-0.26532659959048,-0.313567799516022,
1506,0.27056,-0.2492461996153,-0.297487399540842,
1507,0.271072,-0.225125599652529,-0.26532659959048,
1508,0.271584,-0.201004999689758,-0.241205999627709,
1509,0.272096,-0.176884399726987,-0.225125599652529,
1510,0.272608,-0.160803999751806,-0.192964799702168,
1511,0.27312,-0.136683399789035,-0.176884399726987,
1512,0.273632,-0.104522599838674,-0.160803999751806,
1513,0.274144,-0.0804019998759031,-0.136683399789035,
1514,0.274656,-0.0562813999131322,-0.112562799826264,
1515,0.275168,-0.0402009999379516,-0.0884421998634934,
1516,0.27568,-0.0160803999751806,-0.0643215999007225,
1517,0.276192,0.00804019998759031,-0.0402009999379516,
1518,0.276704,0.0321607999503613,-0.0160803999751806,
1519,0.277216,0.0562813999131322,0.00804019998759031,
1520,0.277728,0.0804019998759031,0.0321607999503613,
1521,0.27824,0.0964823998510838,0.0562813999131322,
1522,0.278752,0.128643199801445,0.0723617998883128,
1523,0.279264,0.144723599776626,0.104522599838674,
1524,0.279776,0.168844199739397,0.128643199801445,
1525,0.280288,0.201004999689758,0.144723599776626,
1526,0.2808,0.217085399664938,0.168844199739397,
1527,0.281312,0.241205999627709,0.192964799702168,
1528,0.281824,0.26532659959048,0.225125599652529,
1529,0.282336,0.289447199553251,0.241205999627709,
1530,0.282848,0.297487399540842,0.25728639960289,
1531,0.28336,0.321607999503613,0.289447199553251,
1532,0.283872,0.337688399478793,0.297487399540842,
1533,0.284384,0.353768799453974,0.313567799516022,
1534,0.284896,0.369849199429154,0.329648199491203,
1535,0.285408,0.385929599404335,0.353768799453974,
1536,0.28592,0.402009999379516,0.369849199429154,
1537,0.286432,0.418090399354696,0.393969799391925,
1538,0.286944,0.434170799329877,0.402009999379516,
1539,0.287456,0.434170799329877,0.410050199367106,
1540,0.287968,0.450251199305058,0.426130599342287,
1541,0.28848,0.458291399292648,0.442210999317467,
1542,0.288992,0.466331599280238,0.450251199305058,
1543,0.289504,0.474371799267828,0.458291399292648,
1544,0.290016,0.490452199243009,0.466331599280238,
1545,0.290528,0.482411999255419,0.474371799267828,
1546,0.29104,0.490452199243009,0.474371799267828,
1547,0.291552,0.490452199243009,0.482411999255419,
1548,0.292064,0.490452199243009,0.490452199243009,
1549,0.292576,0.498492399230599,0.490452199243009,
1550,0.293088,0.498492399230599,0.498492399230599,
1551,0.2936,0.498492399230599,0.498492399230599,
1552,0.294112,0.498492399230599,0.498492399230599,
1553,0.294624,0.482411999255419,0.490452199243009,
1554,0.295136,0.482411999255419,0.490452199243009,
1555,0.295648,0.474371799267828,0.482411999255419,
1556,0.29616,0.466331599280238,0.490452199243009,
1557,0.296672,0.450251199305058,0.474371799267828,
1558,0.297184,0.450251199305058,0.474371799267828,
1559,0.297696,0.442210999317467,0.458291399292648,
1560,0.298208,0.434170799329877,0.450251199305058,
1561,0.29872,0.418090399354696,0.442210999317467,
1562,0.299232,0.393969799391925,0.434170799329877,
1563,0.299744,0.385929599404335,0.410050199367106,
1564,0.300256,0.377889399416745,0.402009999379516,
1565,0.300768,0.353768799453974,0.385929599404335,
1566,0.30128,0.337688399478793,0.361808999441564,
1567,0.301792,0.321607999503613,0.369849199429154,
1568,0.302304,0.305527599528432,0.345728599466383,
1569,0.302816,0.273366799578071,0.321607999503613,
1570,0.303328,0.25728639960289,0.297487399540842,
1571,0.30384,0.241205999627709,0.281406999565661,
1572,0.304352,0.217085399664938,0.25728639960289,
1573,0.304864,0.192964799702168,0.233165799640119,
1574,0.305376,0.168844199739397,0.217085399664938,
1575,0.305888,0.144723599776626,0.201004999689758,
1576,0.3064,0.128643199801445,0.176884399726987,
1577,0.306912,0.112562799826264,0.160803999751806,
1578,0.307424,0.0804019998759031,0.128643199801445,
1579,0.307936,0.0482411999255419,0.104522599838674,
1580,0.308448,0.0321607999503613,0.0884421998634934,
1581,0.30896,0,0.0562813999131322,
1582,0.309472,-0.0241205999627709,0.0321607999503613,
1583,0.309984,-0.0321607999503613,0.00804019998759031,
1584,0.310496,-0.0562813999131322,-0.0160803999751806,
1585,0.311008,-0.0804019998759031,-0.0482411999255419,
1586,0.31152,-0.120602999813855,-0.0562813999131322,
1587,0.312032,-0.128643199801445,-0.0804019998759031,
1588,0.312544,-0.152763799764216,-0.104522599838674,
1589,0.313056,-0.184924599714577,-0.128643199801445,
1590,0.313568,-0.201004999689758,-0.152763799764216,
1591,0.31408,-0.225125599652529,-0.176884399726987,
1592,0.314592,-0.25728639960289,-0.201004999689758,
1593,0.315104,-0.2492461996153,-0.225125599652529,
1594,0.315616,-0.281406999565661,-0.241205999627709,
1595,0.316128,-0.313567799516022,-0.273366799578071,
1596,0.31664,-0.329648199491203,-0.281406999565661,
1597,0.317152,-0.353768799453974,-0.297487399540842,
1598,0.317664,-0.361808999441564,-0.321607999503613,
1599,0.318176,-0.385929599404335,-0.329648199491203,
1600,0.318688,-0.393969799391925,-0.353768799453974,
1601,0.3192,-0.410050199367106,-0.369849199429154,
1602,0.319712,-0.418090399354696,-0.385929599404335,
1603,0.320224,-0.434170799329877,-0.402009999379516,
1604,0.320736,-0.450251199305058,-0.402009999379516,
1605,0.321248,-0.458291399292648,-0.426130599342287,
1606,0.32176,-0.466331599280238,-0.442210999317467,
1607,0.322272,-0.474371799267828,-0.450251199305058,
1608,0.322784,-0.490452199243009,-0.466331599280238,
1609,0.323296,-0.482411999255419,-0.474371799267828,
1610,0.323808,-0.498492399230599,-0.474371799267828,
1611,0.32432,-0.498492399230599,-0.482411999255419,
1612,0.324832,-0.50653259921819,-0.498492399230599,
1613,0.325344,-0.498492399230599,-0.498492399230599,
1614,0.325856,-0.50653259921819,-0.498492399230599,
1615,0.326368,-0.50653259921819,-0.498492399230599,
1616,0.32688,-0.50653259921819,-0.50653259921819,
1617,0.327392,-0.498492399230599,-0.490452199243009,
1618,0.327904,-0.498492399230599,-0.498492399230599,
1619,0.328416,-0.490452199243009,-0.490452199243009,
1620,0.328928,-0.482411999255419,-0.498492399230599,
1621,0.32944,-0.474371799267828,-0.498492399230599,
1622,0.329952,-0.466331599280238,-0.482411999255419,
1623,0.330464,-0.466331599280238,-0.474371799267828,
1624,0.330976,-0.450251199305058,-0.466331599280238,
1625,0.331488,-0.442210999317467,-0.458291399292648,
1626,0.332,-0.426130599342287,-0.450251199305058,
1627,0.332512,-0.418090399354696,-0.426130599342287,
1628,0.333024,-0.393969799391925,-0.426130599342287,
1629,0.333536,-0.385929599404335,-0.410050199367106,
1630,0.334048,-0.369849199429154,-0.393969799391925,
1631,0.33456,-0.353768799453974,-0.385929599404335,
1632,0.335072,-0.337688399478793,-0.361808999441564,
1633,0.335584,-0.313567799516022,-0.345728599466383,
1634,0.336096,-0.289447199553251,-0.329648199491203,
1635,0.336608,-0.273366799578071,-0.313567799516022,
1636,0.33712,-0.25728639960289,-0.289447199553251,
1637,0.337632,-0.233165799640119,-0.273366799578071,
1638,0.338144,-0.209045199677348,-0.2492461996153,
1639,0.338656,-0.184924599714577,-0.225125599652529,
1640,0.339168,-0.168844199739397,-0.201004999689758,
1641,0.33968,-0.136683399789035,-0.184924599714577,
1642,0.340192,-0.112562799826264,-0.160803999751806,
1643,0.340704,-0.0964823998510838,-0.136683399789035,
1644,0.341216,-0.0723617998883128,-0.120602999813855,
1645,0.341728,-0.0482411999255419,-0.0884421998634934,
1646,0.34224,-0.0160803999751806,-0.0723617998883128,
1647,0.342752,0,-0.0402009999379516,
1648,0.343264,0.0241205999627709,-0.0241205999627709,
1649,0.343776,0.0562813999131322,0.00804019998759031,
1650,0.344288,0.0723617998883128,0.0241205999627709,
1651,0.3448,0.0964823998510838,0.0482411999255419,
1652,0.345312,0.120602999813855,0.0804019998759031,
1653,0.345824,0.152763799764216,0.0964823998510838,
1654,0.346336,0.168844199739397,0.120602999813855,
1655,0.346848,0.192964799702168,0.144723599776626,
1656,0.34736,0.209045199677348,0.168844199739397,
1657,0.347872,0.233165799640119,0.184924599714577,
1658,0.348384,0.25728639960289,0.217085399664938,
1659,0.348896,0.273366799578071,0.233165799640119,
1660,0.349408,0.297487399540842,0.2492461996153,
1661,0.34992,0.305527599528432,0.281406999565661,
1662,0.350432,0.337688399478793,0.289447199553251,
1663,0.350944,0.353768799453974,0.313567799516022,
1664,0.351456,0.369849199429154,0.337688399478793,
1665,0.351968,0.385929599404335,0.345728599466383,
1666,0.35248,0.393969799391925,0.369849199429154,
1667,0.352992,0.410050199367106,0.393969799391925,
1668,0.353504,0.426130599342287,0.402009999379516,
1669,0.354016,0.442210999317467,0.410050199367106,
1670,0.354528,0.450251199305058,0.418090399354696,
1671,0.35504,0.450251199305058,0.442210999317467,
1672,0.355552,0.466331599280238,0.450251199305058,
1673,0.356064,0.482411999255419,0.466331599280238,
1674,0.356576,0.490452199243009,0.474371799267828,
1675,0.357088,0.482411999255419,0.474371799267828,
1676,0.3576,0.490452199243009,0.474371799267828,
1677,0.358112,0.490452199243009,0.490452199243009,
1678,0.358624,0.498492399230599,0.490452199243009,
1679,0.359136,0.490452199243009,0.490452199243009,
1680,0.359648,0.490452199243009,0.498492399230599,
1681,0.36016,0.498492399230599,0.490452199243009,
1682,0.360672,0.490452199243009,0.498492399230599,
1683,0.361184,0.482411999255419,0.498492399230599,
1684,0.361696,0.482411999255419,0.490452199243009,
1685,0.362208,0.474371799267828,0.490452199243009,
1686,0.36272,0.466331599280238,0.482411999255419,
1687,0.363232,0.458291399292648,0.474371799267828,
1688,0.363744,0.458291399292648,0.474371799267828,
1689,0.364256,0.434170799329877,0.458291399292648,
1690,0.364768,0.434170799329877,0.458291399292648,
1691,0.36528,0.426130599342287,0.442210999317467,
1692,0.365792,0.410050199367106,0.426130599342287,
1693,0.366304,0.393969799391925,0.410050199367106,
1694,0.366816,0.369849199429154,0.410050199367106,
1695,0.367328,0.353768799453974,0.385929599404335,
1696,0.36784,0.337688399478793,0.377889399416745,
1697,0.368352,0.321607999503613,0.361808999441564,
1698,0.368864,0.297487399540842,0.345728599466383,
1699,0.369376,0.289447199553251,0.321607999503613,
1700,0.369888,0.25728639960289,0.297487399540842,
1701,0.3704,0.241205999627709,0.289447199553251,
1702,0.370912,0.225125599652529,0.26532659959048,
1703,0.371424,0.192964799702168,0.233165799640119,
1704,0.371936,0.184924599714577,0.217085399664938,
1705,0.372448,0.152763799764216,0.201004999689758,
1706,0.37296,0.144723599776626,0.176884399726987,
1707,0.373472,0.104522599838674,0.160803999751806,
1708,0.373984,0.0884421998634934,0.136683399789035,
1709,0.374496,0.0643215999007225,0.112562799826264,
1710,0.375008,0.0321607999503613,0.0964823998510838,
1711,0.37552,0.00804019998759031,0.0643215999007225,
1712,0.376032,-0.00804019998759031,0.0402009999379516,
1713,0.376544,-0.0321607999503613,0.0241205999627709,
1714,0.377056,-0.0643215999007225,0,
1715,0.377568,-0.0804019998759031,-0.0241205999627709,
1716,0.37808,-0.0964823998510838,-0.0562813999131322,
1717,0.378592,-0.128643199801445,-0.0804019998759031,
1718,0.379104,-0.160803999751806,-0.0964823998510838,
1719,0.379616,-0.168844199739397,-0.128643199801445,
1720,0.380128,-0.192964799702168,-0.144723599776626,
1721,0.38064,-0.217085399664938,-0.184924599714577,
1722,0.381152,-0.241205999627709,-0.184924599714577,
1723,0.381664,-0.26532659959048,-0.209045199677348,
1724,0.382176,-0.289447199553251,-0.241205999627709,
1725,0.382688,-0.305527599528432,-0.25728639960289,
1726,0.3832,-0.321607999503613,-0.273366799578071,
1727,0.383712,-0.337688399478793,-0.297487399540842,
1728,0.384224,-0.361808999441564,-0.313567799516022,
1729,0.384736,-0.369849199429154,-0.329648199491203,
1730,0.385248,-0.377889399416745,-0.353768799453974,
1731,0.38576,-0.402009999379516,-0.377889399416745,
1732,0.386272,-0.418090399354696,-0.377889399416745,
1733,0.386784,-0.434170799329877,-0.402009999379516,
1734,0.387296,-0.442210999317467,-0.418090399354696,
1735,0.387808,-0.458291399292648,-0.426130599342287,
1736,0.38832,-0.466331599280238,-0.442210999317467,
1737,0.388832,-0.474371799267828,-0.450251199305058,
1738,0.389344,-0.482411999255419,-0.466331599280238,
1739,0.389856,-0.490452199243009,-0.466331599280238,
1740,0.390368,-0.490452199243009,-0.474371799267828,
1741,0.39088,-0.50653259921819,-0.474371799267828,
1742,0.391392,-0.51457279920578,-0.490452199243009,
1743,0.391904,-0.51457279920578,-0.490452199243009,
1744,0.392416,-0.50653259921819,-0.490452199243009,
1745,0.392928,-0.50653259921819,-0.50653259921819,
1746,0.39344,-0.498492399230599,-0.51457279920578,
1747,0.393952,-0.498492399230599,-0.498492399230599,
1748,0.394464,-0.498492399230599,-0.498492399230599,
1749,0.394976,-0.490452199243009,-0.498492399230599,
1750,0.395488,-0.490452199243009,-0.51457279920578,
1751,0.396,-0.474371799267828,-0.490452199243009,
1752,0.396512,-0.474371799267828,-0.474371799267828,
1753,0.397024,-0.466331599280238,-0.466331599280238,
1754,0.397536,-0.450251199305058,-0.466331599280238,
1755,0.398048,-0.434170799329877,-0.450251199305058,
1756,0.39856,-0.426130599342287,-0.450251199305058,
1757,0.399072,-0.410050199367106,-0.442210999317467,
1758,0.399584,-0.393969799391925,-0.426130599342287,
1759,0.400096,-0.385929599404335,-0.410050199367106,
1760,0.400608,-0.369849199429154,-0.402009999379516,
1761,0.40112,-0.353768799453974,-0.377889399416745,
1762,0.401632,-0.337688399478793,-0.369849199429154,
1763,0.402144,-0.313567799516022,-0.353768799453974,
1764,0.402656,-0.297487399540842,-0.337688399478793,
1765,0.403168,-0.281406999565661,-0.313567799516022,
1766,0.40368,-0.25728639960289,-0.289447199553251,
1767,0.404192,-0.241205999627709,-0.273366799578071,
1768,0.404704,-0.209045199677348,-0.2492461996153,
1769,0.405216,-0.184924599714577,-0.233165799640119,
1770,0.405728,-0.168844199739397,-0.209045199677348,
1771,0.40624,-0.136683399789035,-0.192964799702168,
1772,0.406752,-0.120602999813855,-0.168844199739397,
1773,0.407264,-0.0964823998510838,-0.152763799764216,
1774,0.407776,-0.0723617998883128,-0.120602999813855,
1775,0.408288,-0.0562813999131322,-0.0964823998510838,
1776,0.4088,-0.0321607999503613,-0.0643215999007225,
1777,0.409312,0,-0.0482411999255419,
1778,0.409824,0.0241205999627709,-0.0241205999627709,
1779,0.410336,0.0482411999255419,-0.00804019998759031,
1780,0.410848,0.0723617998883128,0.0241205999627709,
1781,0.41136,0.104522599838674,0.0482411999255419,
1782,0.411872,0.112562799826264,0.0723617998883128,
1783,0.412384,0.136683399789035,0.0884421998634934,
1784,0.412896,0.168844199739397,0.112562799826264,
1785,0.413408,0.192964799702168,0.136683399789035,
1786,0.41392,0.209045199677348,0.160803999751806,
1787,0.414432,0.233165799640119,0.184924599714577,
1788,0.414944,0.2492461996153,0.209045199677348,
1789,0.415456,0.273366799578071,0.225125599652529,
1790,0.415968,0.289447199553251,0.2492461996153,
1791,0.41648,0.313567799516022,0.273366799578071,
1792,0.416992,0.321607999503613,0.289447199553251,
1793,0.417504,0.345728599466383,0.313567799516022,
1794,0.418016,0.369849199429154,0.329648199491203,
1795,0.418528,0.377889399416745,0.345728599466383,
1796,0.41904,0.393969799391925,0.369849199429154,
1797,0.419552,0.410050199367106,0.377889399416745,
1798,0.420064,0.426130599342287,0.393969799391925,
1799,0.420576,0.434170799329877,0.402009999379516,
1800,0.421088,0.442210999317467,0.418090399354696,
1801,0.4216,0.458291399292648,0.434170799329877,
1802,0.422112,0.466331599280238,0.442210999317467,
1803,0.422624,0.466331599280238,0.458291399292648,
1804,0.423136,0.482411999255419,0.458291399292648,
1805,0.423648,0.490452199243009,0.466331599280238,
1806,0.42416,0.490452199243009,0.482411999255419,
1807,0.424672,0.490452199243009,0.482411999255419,
1808,0.425184,0.50653259921819,0.490452199243009,
1809,0.425696,0.490452199243009,0.490452199243009,
1810,0.426208,0.498492399230599,0.490452199243009,
1811,0.42672,0.490452199243009,0.498492399230599,
1812,0.427232,0.490452199243009,0.498492399230599,
1813,0.427744,0.482411999255419,0.498492399230599,
1814,0.428256,0.482411999255419,0.490452199243009,
1815,0.428768,0.482411999255419,0.490452199243009,
1816,0.42928,0.474371799267828,0.490452199243009,
1817,0.429792,0.458291399292648,0.482411999255419,
1818,0.430304,0.450251199305058,0.474371799267828,
1819,0.430816,0.450251199305058,0.466331599280238,
1820,0.431328,0.434170799329877,0.450251199305058,
1821,0.43184,0.418090399354696,0.450251199305058,
1822,0.432352,0.410050199367106,0.426130599342287,
1823,0.432864,0.385929599404335,0.418090399354696,
1824,0.433376,0.377889399416745,0.410050199367106,
1825,0.433888,0.361808999441564,0.393969799391925,
1826,0.4344,0.345728599466383,0.385929599404335,
1827,0.434912,0.329648199491203,0.361808999441564,
1828,0.435424,0.305527599528432,0.353768799453974,
1829,0.435936,0.289447199553251,0.329648199491203,
1830,0.436448,0.26532659959048,0.313567799516022,
1831,0.43696,0.2492461996153,0.297487399540842,
1832,0.437472,0.233165799640119,0.26532659959048,
1833,0.437984,0.217085399664938,0.2492461996153,
1834,0.438496,0.176884399726987,0.225125599652529,
1835,0.439008,0.160803999751806,0.209045199677348,
1836,0.43952,0.144723599776626,0.184924599714577,
1837,0.440032,0.120602999813855,0.168844199739397,
1838,0.440544,0.0884421998634934,0.144723599776626,
1839,0.441056,0.0562813999131322,0.120602999813855,
1840,0.441568,0.0321607999503613,0.0964823998510838,
1841,0.44208,0.0241205999627709,0.0723617998883128,
1842,0.442592,-0.00804019998759031,0.0482411999255419,
1843,0.443104,-0.0321607999503613,0.0321607999503613,
1844,0.443616,-0.0562813999131322,0,
1845,0.444128,-0.0723617998883128,-0.0321607999503613,
1846,0.44464,-0.0964823998510838,-0.0482411999255419,
1847,0.445152,-0.128643199801445,-0.0723617998883128,
1848,0.445664,-0.152763799764216,-0.0884421998634934,
1849,0.446176,-0.168844199739397,-0.120602999813855,
1850,0.446688,-0.192964799702168,-0.144723599776626,
1851,0.4472,-0.217085399664938,-0.168844199739397,
1852,0.447712,-0.225125599652529,-0.201004999689758,
1853,0.448224,-0.25728639960289,-0.209045199677348,
1854,0.448736,-0.281406999565661,-0.233165799640119,
1855,0.449248,-0.289447199553251,-0.25728639960289,
1856,0.44976,-0.321607999503613,-0.273366799578071,
1857,0.450272,-0.337688399478793,-0.289447199553251,
1858,0.450784,-0.361808999441564,-0.305527599528432,
1859,0.451296,-0.377889399416745,-0.321607999503613,
1860,0.451808,-0.377889399416745,-0.353768799453974,
1861,0.45232,-0.402009999379516,-0.361808999441564,
1862,0.452832,-0.418090399354696,-0.377889399416745,
1863,0.453344,-0.426130599342287,-0.402009999379516,
1864,0.453856,-0.442210999317467,-0.410050199367106,
1865,0.454368,-0.458291399292648,-0.426130599342287,
1866,0.45488,-0.458291399292648,-0.434170799329877,
1867,0.455392,-0.466331599280238,-0.450251199305058,
1868,0.455904,-0.474371799267828,-0.458291399292648,
1869,0.456416,-0.490452199243009,-0.466331599280238,
1870,0.456928,-0.490452199243009,-0.474371799267828,
1871,0.45744,-0.50653259921819,-0.482411999255419,
1872,0.457952,-0.50653259921819,-0.482411999255419,
1873,0.458464,-0.498492399230599,-0.498492399230599,
1874,0.458976,-0.498492399230599,-0.490452199243009,
1875,0.459488,-0.498492399230599,-0.490452199243009,
1876,0.46,-0.50653259921819,-0.498492399230599,
1877,0.460512,-0.498492399230599,-0.498492399230599,
1878,0.461024,-0.498492399230599,-0.498492399230599,
1879,0.461536,-0.498492399230599,-0.498492399230599,
1880,0.462048,-0.490452199243009,-0.498492399230599,
1881,0.46256,-0.482411999255419,-0.498492399230599,
1882,0.463072,-0.474371799267828,-0.482411999255419,
1883,0.463584,-0.466331599280238,-0.474371799267828,
1884,0.464096,-0.450251199305058,-0.466331599280238,
1885,0.464608,-0.442210999317467,-0.458291399292648,
1886,0.46512,-0.434170799329877,-0.458291399292648,
1887,0.465632,-0.410050199367106,-0.442210999317467,
1888,0.466144,-0.402009999379516,-0.426130599342287,
1889,0.466656,-0.385929599404335,-0.410050199367106,
1890,0.467168,-0.369849199429154,-0.402009999379516,
1891,0.46768,-0.353768799453974,-0.393969799391925,
1892,0.468192,-0.329648199491203,-0.369849199429154,
1893,0.468704,-0.313567799516022,-0.353768799453974,
1894,0.469216,-0.297487399540842,-0.337688399478793,
1895,0.469728,-0.273366799578071,-0.305527599528432,
1896,0.47024,-0.25728639960289,-0.297487399540842,
1897,0.470752,-0.2492461996153,-0.281406999565661,
1898,0.471264,-0.217085399664938,-0.25728639960289,
1899,0.471776,-0.201004999689758,-0.233165799640119,
1900,0.472288,-0.176884399726987,-0.225125599652529,
1901,0.4728,-0.152763799764216,-0.192964799702168,
1902,0.473312,-0.128643199801445,-0.176884399726987,
1903,0.473824,-0.0964823998510838,-0.144723599776626,
1904,0.474336,-0.0884421998634934,-0.120602999813855,
1905,0.474848,-0.0562813999131322,-0.104522599838674,
1906,0.47536,-0.0241205999627709,-0.0804019998759031,
1907,0.475872,-0.0160803999751806,-0.0562813999131322,
1908,0.476384,0.00804019998759031,-0.0321607999503613,
1909,0.476896,0.0402009999379516,-0.00804019998759031,
1910,0.477408,0.0723617998883128,0.0160803999751806,
1911,0.47792,0.0884421998634934,0.0402009999379516,
1912,0.478432,0.112562799826264,0.0643215999007225,
1913,0.478944,0.136683399789035,0.0884421998634934,
1914,0.479456,0.160803999751806,0.112562799826264,
1915,0.479968,0.184924599714577,0.136683399789035,
1916,0.48048,0.201004999689758,0.160803999751806,
1917,0.480992,0.225125599652529,0.168844199739397,
1918,0.481504,0.241205999627709,0.201004999689758,
1919,0.482016,0.273366799578071,0.225125599652529,
1920,0.482528,0.281406999565661,0.2492461996153,
1921,0.48304,0.305527599528432,0.26532659959048,
1922,0.483552,0.329648199491203,0.289447199553251,
1923,0.484064,0.337688399478793,0.297487399540842,
1924,0.484576,0.361808999441564,0.321607999503613,
1925,0.485088,0.377889399416745,0.345728599466383,
1926,0.4856,0.393969799391925,0.361808999441564,
1927,0.486112,0.402009999379516,0.377889399416745,
1928,0.486624,0.418090399354696,0.393969799391925,
1929,0.487136,0.434170799329877,0.410050199367106,
1930,0.487648,0.450251199305058,0.410050199367106,
1931,0.48816,0.458291399292648,0.434170799329877,
1932,0.488672,0.458291399292648,0.442210999317467,
1933,0.489184,0.466331599280238,0.450251199305058,
1934,0.489696,0.482411999255419,0.466331599280238,
1935,0.490208,0.474371799267828,0.466331599280238,
1936,0.49072,0.482411999255419,0.466331599280238,
1937,0.491232,0.482411999255419,0.490452199243009,
1938,0.491744,0.498492399230599,0.482411999255419,
1939,0.492256,0.498492399230599,0.498492399230599,
1940,0.492768,0.498492399230599,0.498492399230599,
1941,0.49328,0.498492399230599,0.490452199243009,
1942,0.493792,0.498492399230599,0.498492399230599,
1943,0.494304,0.490452199243009,0.498492399230599,
1944,0.494816,0.490452199243009,0.498492399230599,
1945,0.495328,0.474371799267828,0.490452199243009,
1946,0.49584,0.474371799267828,0.490452199243009,
1947,0.496352,0.466331599280238,0.482411999255419,
1948,0.496864,0.450251199305058,0.474371799267828,
1949,0.497376,0.450251199305058,0.458291399292648,
1950,0.497888,0.434170799329877,0.458291399292648,
1951,0.4984,0.426130599342287,0.442210999317467,
1952,0.498912,0.410050199367106,0.434170799329877,
1953,0.499424,0.393969799391925,0.426130599342287,
