Model: ,Oscilloscope DSO-X 1102G
Serial Number:,CN57246464
Address: ,USBInstrument3
Date: ,2026-09-28 15:54:52

Sample Number,Time (s),1 (VOLT),2 (VOLT),
1,-0.1,-0.393969799391925,-0.442210999317467,
2,-0.0998976,-0.393969799391925,-0.434170799329877,
3,-0.0997952,-0.377889399416745,-0.434170799329877,
4,-0.0996928,-0.385929599404335,-0.426130599342287,
5,-0.0995904,-0.369849199429154,-0.418090399354696,
6,-0.099488,-0.361808999441564,-0.426130599342287,
7,-0.0993856,-0.361808999441564,-0.410050199367106,
8,-0.0992832,-0.345728599466383,-0.410050199367106,
9,-0.0991808,-0.345728599466383,-0.402009999379516,
10,-0.0990784,-0.337688399478793,-0.402009999379516,
11,-0.098976,-0.329648199491203,-0.393969799391925,
12,-0.0988736,-0.329648199491203,-0.385929599404335,
13,-0.0987712,-0.321607999503613,-0.377889399416745,
14,-0.0986688,-0.313567799516022,-0.377889399416745,
15,-0.0985664,-0.297487399540842,-0.361808999441564,
16,-0.098464,-0.297487399540842,-0.353768799453974,
17,-0.0983616,-0.289447199553251,-0.353768799453974,
18,-0.0982592,-0.281406999565661,-0.345728599466383,
19,-0.0981568,-0.26532659959048,-0.337688399478793,
20,-0.0980544,-0.25728639960289,-0.337688399478793,
21,-0.097952,-0.25728639960289,-0.329648199491203,
22,-0.0978496,-0.2492461996153,-0.313567799516022,
23,-0.0977472,-0.241205999627709,-0.313567799516022,
24,-0.0976448,-0.233165799640119,-0.305527599528432,
25,-0.0975424,-0.217085399664938,-0.297487399540842,
26,-0.09744,-0.209045199677348,-0.281406999565661,
27,-0.0973376,-0.201004999689758,-0.281406999565661,
28,-0.0972352,-0.192964799702168,-0.273366799578071,
29,-0.0971328,-0.184924599714577,-0.25728639960289,
30,-0.0970304,-0.176884399726987,-0.25728639960289,
31,-0.096928,-0.160803999751806,-0.2492461996153,
32,-0.0968256,-0.160803999751806,-0.241205999627709,
33,-0.0967232,-0.144723599776626,-0.225125599652529,
34,-0.0966208,-0.136683399789035,-0.225125599652529,
35,-0.0965184,-0.136683399789035,-0.217085399664938,
36,-0.096416,-0.120602999813855,-0.209045199677348,
37,-0.0963136,-0.112562799826264,-0.201004999689758,
38,-0.0962112,-0.104522599838674,-0.192964799702168,
39,-0.0961088,-0.0884421998634934,-0.184924599714577,
40,-0.0960064,-0.0723617998883128,-0.176884399726987,
41,-0.095904,-0.0723617998883128,-0.160803999751806,
42,-0.0958016,-0.0643215999007225,-0.152763799764216,
43,-0.0956992,-0.0562813999131322,-0.152763799764216,
44,-0.0955968,-0.0402009999379516,-0.136683399789035,
45,-0.0954944,-0.0321607999503613,-0.128643199801445,
46,-0.095392,-0.0241205999627709,-0.112562799826264,
47,-0.0952896,-0.0160803999751806,-0.104522599838674,
48,-0.0951872,0,-0.0964823998510838,
49,-0.0950848,0,-0.0884421998634934,
50,-0.0949824,0.00804019998759031,-0.0723617998883128,
51,-0.09488,0.0241205999627709,-0.0723617998883128,
52,-0.0947776,0.0241205999627709,-0.0562813999131322,
53,-0.0946752,0.0402009999379516,-0.0562813999131322,
54,-0.0945728,0.0562813999131322,-0.0482411999255419,
55,-0.0944704,0.0643215999007225,-0.0402009999379516,
56,-0.094368,0.0723617998883128,-0.0241205999627709,
57,-0.0942656,0.0804019998759031,-0.00804019998759031,
58,-0.0941632,0.0884421998634934,0,
59,-0.0940608,0.104522599838674,0,
60,-0.0939584,0.104522599838674,0.00804019998759031,
61,-0.093856,0.120602999813855,0.0241205999627709,
62,-0.0937536,0.128643199801445,0.0241205999627709,
63,-0.0936512,0.136683399789035,0.0402009999379516,
64,-0.0935488,0.144723599776626,0.0482411999255419,
65,-0.0934464,0.152763799764216,0.0643215999007225,
66,-0.093344,0.168844199739397,0.0643215999007225,
67,-0.0932416,0.176884399726987,0.0723617998883128,
68,-0.0931392,0.192964799702168,0.0884421998634934,
69,-0.0930368,0.192964799702168,0.104522599838674,
70,-0.0929344,0.201004999689758,0.0964823998510838,
71,-0.092832,0.209045199677348,0.112562799826264,
72,-0.0927296,0.225125599652529,0.120602999813855,
73,-0.0926272,0.225125599652529,0.128643199801445,
74,-0.0925248,0.233165799640119,0.144723599776626,
75,-0.0924224,0.2492461996153,0.144723599776626,
76,-0.09232,0.2492461996153,0.168844199739397,
77,-0.0922176,0.25728639960289,0.168844199739397,
78,-0.0921152,0.273366799578071,0.176884399726987,
79,-0.0920128,0.273366799578071,0.192964799702168,
80,-0.0919104,0.289447199553251,0.192964799702168,
81,-0.091808,0.305527599528432,0.209045199677348,
82,-0.0917056,0.297487399540842,0.217085399664938,
83,-0.0916032,0.305527599528432,0.225125599652529,
84,-0.0915008,0.321607999503613,0.233165799640119,
85,-0.0913984,0.321607999503613,0.241205999627709,
86,-0.091296,0.337688399478793,0.241205999627709,
87,-0.0911936,0.337688399478793,0.25728639960289,
88,-0.0910912,0.345728599466383,0.25728639960289,
89,-0.0909888,0.353768799453974,0.26532659959048,
90,-0.0908864,0.353768799453974,0.281406999565661,
91,-0.090784,0.361808999441564,0.281406999565661,
92,-0.0906816,0.369849199429154,0.297487399540842,
93,-0.0905792,0.385929599404335,0.305527599528432,
94,-0.0904768,0.377889399416745,0.313567799516022,
95,-0.0903744,0.393969799391925,0.321607999503613,
96,-0.090272,0.393969799391925,0.329648199491203,
97,-0.0901696,0.393969799391925,0.329648199491203,
98,-0.0900672,0.410050199367106,0.337688399478793,
99,-0.0899648,0.410050199367106,0.345728599466383,
100,-0.0898624,0.410050199367106,0.361808999441564,
101,-0.08976,0.426130599342287,0.361808999441564,
102,-0.0896576,0.426130599342287,0.353768799453974,
103,-0.0895552,0.434170799329877,0.369849199429154,
104,-0.0894528,0.442210999317467,0.377889399416745,
105,-0.0893504,0.442210999317467,0.385929599404335,
106,-0.089248,0.450251199305058,0.393969799391925,
107,-0.0891456,0.442210999317467,0.385929599404335,
108,-0.0890432,0.458291399292648,0.402009999379516,
109,-0.0889408,0.458291399292648,0.402009999379516,
110,-0.0888384,0.450251199305058,0.410050199367106,
111,-0.088736,0.466331599280238,0.418090399354696,
112,-0.0886336,0.474371799267828,0.418090399354696,
113,-0.0885312,0.474371799267828,0.426130599342287,
114,-0.0884288,0.474371799267828,0.426130599342287,
115,-0.0883264,0.474371799267828,0.426130599342287,
116,-0.088224,0.466331599280238,0.442210999317467,
117,-0.0881216,0.482411999255419,0.450251199305058,
118,-0.0880192,0.498492399230599,0.450251199305058,
119,-0.0879168,0.474371799267828,0.458291399292648,
120,-0.0878144,0.498492399230599,0.450251199305058,
121,-0.087712,0.482411999255419,0.466331599280238,
122,-0.0876096,0.482411999255419,0.458291399292648,
123,-0.0875072,0.490452199243009,0.466331599280238,
124,-0.0874048,0.498492399230599,0.458291399292648,
125,-0.0873024,0.490452199243009,0.466331599280238,
126,-0.0872,0.490452199243009,0.466331599280238,
127,-0.0870976,0.498492399230599,0.474371799267828,
128,-0.0869952,0.498492399230599,0.482411999255419,
129,-0.0868928,0.490452199243009,0.482411999255419,
130,-0.0867904,0.50653259921819,0.482411999255419,
131,-0.086688,0.490452199243009,0.482411999255419,
132,-0.0865856,0.482411999255419,0.482411999255419,
133,-0.0864832,0.490452199243009,0.482411999255419,
134,-0.0863808,0.498492399230599,0.482411999255419,
135,-0.0862784,0.490452199243009,0.490452199243009,
136,-0.086176,0.490452199243009,0.490452199243009,
137,-0.0860736,0.490452199243009,0.490452199243009,
138,-0.0859712,0.490452199243009,0.482411999255419,
139,-0.0858688,0.490452199243009,0.490452199243009,
140,-0.0857664,0.482411999255419,0.490452199243009,
141,-0.085664,0.474371799267828,0.490452199243009,
142,-0.0855616,0.474371799267828,0.482411999255419,
143,-0.0854592,0.474371799267828,0.482411999255419,
144,-0.0853568,0.474371799267828,0.482411999255419,
145,-0.0852544,0.466331599280238,0.482411999255419,
146,-0.085152,0.474371799267828,0.490452199243009,
147,-0.0850496,0.458291399292648,0.482411999255419,
148,-0.0849472,0.458291399292648,0.482411999255419,
149,-0.0848448,0.450251199305058,0.474371799267828,
150,-0.0847424,0.458291399292648,0.482411999255419,
151,-0.08464,0.458291399292648,0.474371799267828,
152,-0.0845376,0.442210999317467,0.474371799267828,
153,-0.0844352,0.442210999317467,0.466331599280238,
154,-0.0843328,0.434170799329877,0.458291399292648,
155,-0.0842304,0.434170799329877,0.466331599280238,
156,-0.084128,0.434170799329877,0.458291399292648,
157,-0.0840256,0.426130599342287,0.458291399292648,
158,-0.0839232,0.418090399354696,0.458291399292648,
159,-0.0838208,0.418090399354696,0.458291399292648,
160,-0.0837184,0.410050199367106,0.450251199305058,
161,-0.083616,0.402009999379516,0.450251199305058,
162,-0.0835136,0.402009999379516,0.442210999317467,
163,-0.0834112,0.393969799391925,0.434170799329877,
164,-0.0833088,0.385929599404335,0.434170799329877,
165,-0.0832064,0.377889399416745,0.426130599342287,
166,-0.083104,0.377889399416745,0.434170799329877,
167,-0.0830016,0.361808999441564,0.434170799329877,
168,-0.0828992,0.361808999441564,0.418090399354696,
169,-0.0827968,0.345728599466383,0.410050199367106,
170,-0.0826944,0.345728599466383,0.410050199367106,
171,-0.082592,0.345728599466383,0.402009999379516,
172,-0.0824896,0.329648199491203,0.385929599404335,
173,-0.0823872,0.337688399478793,0.393969799391925,
174,-0.0822848,0.321607999503613,0.385929599404335,
175,-0.0821824,0.313567799516022,0.377889399416745,
176,-0.08208,0.305527599528432,0.369849199429154,
177,-0.0819776,0.305527599528432,0.361808999441564,
178,-0.0818752,0.289447199553251,0.361808999441564,
179,-0.0817728,0.289447199553251,0.353768799453974,
180,-0.0816704,0.273366799578071,0.353768799453974,
181,-0.081568,0.26532659959048,0.345728599466383,
182,-0.0814656,0.25728639960289,0.337688399478793,
183,-0.0813632,0.2492461996153,0.321607999503613,
184,-0.0812608,0.2492461996153,0.321607999503613,
185,-0.0811584,0.225125599652529,0.313567799516022,
186,-0.081056,0.225125599652529,0.305527599528432,
187,-0.0809536,0.217085399664938,0.297487399540842,
188,-0.0808512,0.209045199677348,0.289447199553251,
189,-0.0807488,0.201004999689758,0.281406999565661,
190,-0.0806464,0.192964799702168,0.273366799578071,
191,-0.080544,0.176884399726987,0.26532659959048,
192,-0.0804416,0.168844199739397,0.25728639960289,
193,-0.0803392,0.152763799764216,0.2492461996153,
194,-0.0802368,0.152763799764216,0.241205999627709,
195,-0.0801344,0.144723599776626,0.233165799640119,
196,-0.080032,0.136683399789035,0.225125599652529,
197,-0.0799296,0.128643199801445,0.209045199677348,
198,-0.0798272,0.120602999813855,0.209045199677348,
199,-0.0797248,0.104522599838674,0.192964799702168,
200,-0.0796224,0.0804019998759031,0.192964799702168,
201,-0.07952,0.0884421998634934,0.184924599714577,
202,-0.0794176,0.0804019998759031,0.160803999751806,
203,-0.0793152,0.0643215999007225,0.152763799764216,
204,-0.0792128,0.0643215999007225,0.152763799764216,
205,-0.0791104,0.0482411999255419,0.136683399789035,
206,-0.079008,0.0402009999379516,0.136683399789035,
207,-0.0789056,0.0241205999627709,0.128643199801445,
208,-0.0788032,0.0241205999627709,0.112562799826264,
209,-0.0787008,0.0160803999751806,0.112562799826264,
210,-0.0785984,0,0.0964823998510838,
211,-0.078496,0,0.0964823998510838,
212,-0.0783936,-0.0160803999751806,0.0804019998759031,
213,-0.0782912,-0.0160803999751806,0.0723617998883128,
214,-0.0781888,-0.0402009999379516,0.0643215999007225,
215,-0.0780864,-0.0482411999255419,0.0482411999255419,
216,-0.077984,-0.0482411999255419,0.0402009999379516,
217,-0.0778816,-0.0723617998883128,0.0402009999379516,
218,-0.0777792,-0.0723617998883128,0.0321607999503613,
219,-0.0776768,-0.0964823998510838,0.0160803999751806,
220,-0.0775744,-0.0964823998510838,0,
221,-0.077472,-0.0964823998510838,0,
222,-0.0773696,-0.112562799826264,-0.0241205999627709,
223,-0.0772672,-0.112562799826264,-0.0160803999751806,
224,-0.0771648,-0.136683399789035,-0.0321607999503613,
225,-0.0770624,-0.144723599776626,-0.0402009999379516,
226,-0.07696,-0.152763799764216,-0.0562813999131322,
227,-0.0768576,-0.152763799764216,-0.0643215999007225,
228,-0.0767552,-0.168844199739397,-0.0643215999007225,
229,-0.0766528,-0.176884399726987,-0.0804019998759031,
230,-0.0765504,-0.184924599714577,-0.0964823998510838,
231,-0.076448,-0.192964799702168,-0.0964823998510838,
232,-0.0763456,-0.201004999689758,-0.104522599838674,
233,-0.0762432,-0.217085399664938,-0.112562799826264,
234,-0.0761408,-0.225125599652529,-0.128643199801445,
235,-0.0760384,-0.233165799640119,-0.128643199801445,
236,-0.075936,-0.241205999627709,-0.136683399789035,
237,-0.0758336,-0.241205999627709,-0.152763799764216,
238,-0.0757312,-0.25728639960289,-0.168844199739397,
239,-0.0756288,-0.26532659959048,-0.168844199739397,
240,-0.0755264,-0.281406999565661,-0.176884399726987,
241,-0.075424,-0.289447199553251,-0.184924599714577,
242,-0.0753216,-0.289447199553251,-0.192964799702168,
243,-0.0752192,-0.297487399540842,-0.201004999689758,
244,-0.0751168,-0.305527599528432,-0.217085399664938,
245,-0.0750144,-0.305527599528432,-0.217085399664938,
246,-0.074912,-0.329648199491203,-0.225125599652529,
247,-0.0748096,-0.329648199491203,-0.233165799640119,
248,-0.0747072,-0.337688399478793,-0.2492461996153,
249,-0.0746048,-0.345728599466383,-0.25728639960289,
250,-0.0745024,-0.353768799453974,-0.26532659959048,
251,-0.0744,-0.353768799453974,-0.26532659959048,
252,-0.0742976,-0.361808999441564,-0.281406999565661,
253,-0.0741952,-0.369849199429154,-0.281406999565661,
254,-0.0740928,-0.377889399416745,-0.297487399540842,
255,-0.0739904,-0.385929599404335,-0.305527599528432,
256,-0.073888,-0.385929599404335,-0.313567799516022,
257,-0.0737856,-0.393969799391925,-0.313567799516022,
258,-0.0736832,-0.402009999379516,-0.321607999503613,
259,-0.0735808,-0.402009999379516,-0.321607999503613,
260,-0.0734784,-0.418090399354696,-0.337688399478793,
261,-0.073376,-0.418090399354696,-0.337688399478793,
262,-0.0732736,-0.426130599342287,-0.353768799453974,
263,-0.0731712,-0.426130599342287,-0.369849199429154,
264,-0.0730688,-0.426130599342287,-0.361808999441564,
265,-0.0729664,-0.434170799329877,-0.369849199429154,
266,-0.072864,-0.442210999317467,-0.377889399416745,
267,-0.0727616,-0.450251199305058,-0.377889399416745,
268,-0.0726592,-0.458291399292648,-0.385929599404335,
269,-0.0725568,-0.450251199305058,-0.385929599404335,
270,-0.0724544,-0.466331599280238,-0.393969799391925,
271,-0.072352,-0.466331599280238,-0.402009999379516,
272,-0.0722496,-0.466331599280238,-0.418090399354696,
273,-0.0721472,-0.474371799267828,-0.418090399354696,
274,-0.0720448,-0.474371799267828,-0.418090399354696,
275,-0.0719424,-0.474371799267828,-0.434170799329877,
276,-0.07184,-0.490452199243009,-0.434170799329877,
277,-0.0717376,-0.482411999255419,-0.434170799329877,
278,-0.0716352,-0.482411999255419,-0.434170799329877,
279,-0.0715328,-0.490452199243009,-0.442210999317467,
280,-0.0714304,-0.490452199243009,-0.442210999317467,
281,-0.071328,-0.490452199243009,-0.450251199305058,
282,-0.0712256,-0.498492399230599,-0.442210999317467,
283,-0.0711232,-0.498492399230599,-0.466331599280238,
284,-0.0710208,-0.498492399230599,-0.458291399292648,
285,-0.0709184,-0.498492399230599,-0.466331599280238,
286,-0.070816,-0.498492399230599,-0.466331599280238,
287,-0.0707136,-0.498492399230599,-0.474371799267828,
288,-0.0706112,-0.498492399230599,-0.474371799267828,
289,-0.0705088,-0.51457279920578,-0.474371799267828,
290,-0.0704064,-0.50653259921819,-0.474371799267828,
291,-0.070304,-0.51457279920578,-0.482411999255419,
292,-0.0702016,-0.50653259921819,-0.482411999255419,
293,-0.0700992,-0.50653259921819,-0.482411999255419,
294,-0.0699968,-0.498492399230599,-0.474371799267828,
295,-0.0698944,-0.50653259921819,-0.490452199243009,
296,-0.069792,-0.498492399230599,-0.482411999255419,
297,-0.0696896,-0.50653259921819,-0.490452199243009,
298,-0.0695872,-0.498492399230599,-0.490452199243009,
299,-0.0694848,-0.490452199243009,-0.498492399230599,
300,-0.0693824,-0.498492399230599,-0.498492399230599,
301,-0.06928,-0.498492399230599,-0.490452199243009,
302,-0.0691776,-0.498492399230599,-0.490452199243009,
303,-0.0690752,-0.498492399230599,-0.490452199243009,
304,-0.0689728,-0.490452199243009,-0.490452199243009,
305,-0.0688704,-0.482411999255419,-0.490452199243009,
306,-0.068768,-0.482411999255419,-0.498492399230599,
307,-0.0686656,-0.482411999255419,-0.490452199243009,
308,-0.0685632,-0.474371799267828,-0.482411999255419,
309,-0.0684608,-0.482411999255419,-0.482411999255419,
310,-0.0683584,-0.474371799267828,-0.490452199243009,
311,-0.068256,-0.474371799267828,-0.490452199243009,
312,-0.0681536,-0.466331599280238,-0.482411999255419,
313,-0.0680512,-0.466331599280238,-0.490452199243009,
314,-0.0679488,-0.466331599280238,-0.482411999255419,
315,-0.0678464,-0.450251199305058,-0.474371799267828,
316,-0.067744,-0.458291399292648,-0.482411999255419,
317,-0.0676416,-0.442210999317467,-0.474371799267828,
318,-0.0675392,-0.450251199305058,-0.474371799267828,
319,-0.0674368,-0.450251199305058,-0.466331599280238,
320,-0.0673344,-0.434170799329877,-0.466331599280238,
321,-0.067232,-0.418090399354696,-0.458291399292648,
322,-0.0671296,-0.434170799329877,-0.466331599280238,
323,-0.0670272,-0.418090399354696,-0.458291399292648,
324,-0.0669248,-0.418090399354696,-0.450251199305058,
325,-0.0668224,-0.410050199367106,-0.450251199305058,
326,-0.06672,-0.402009999379516,-0.450251199305058,
327,-0.0666176,-0.402009999379516,-0.434170799329877,
328,-0.0665152,-0.393969799391925,-0.434170799329877,
329,-0.0664128,-0.377889399416745,-0.434170799329877,
330,-0.0663104,-0.377889399416745,-0.426130599342287,
331,-0.066208,-0.377889399416745,-0.418090399354696,
332,-0.0661056,-0.361808999441564,-0.418090399354696,
333,-0.0660032,-0.361808999441564,-0.410050199367106,
334,-0.0659008,-0.353768799453974,-0.402009999379516,
335,-0.0657984,-0.345728599466383,-0.393969799391925,
336,-0.065696,-0.345728599466383,-0.385929599404335,
337,-0.0655936,-0.329648199491203,-0.393969799391925,
338,-0.0654912,-0.329648199491203,-0.377889399416745,
339,-0.0653888,-0.313567799516022,-0.369849199429154,
340,-0.0652864,-0.305527599528432,-0.369849199429154,
341,-0.065184,-0.305527599528432,-0.361808999441564,
342,-0.0650816,-0.289447199553251,-0.361808999441564,
343,-0.0649792,-0.281406999565661,-0.345728599466383,
344,-0.0648768,-0.26532659959048,-0.345728599466383,
345,-0.0647744,-0.26532659959048,-0.337688399478793,
346,-0.064672,-0.25728639960289,-0.337688399478793,
347,-0.0645696,-0.25728639960289,-0.321607999503613,
348,-0.0644672,-0.241205999627709,-0.313567799516022,
349,-0.0643648,-0.233165799640119,-0.305527599528432,
350,-0.0642624,-0.225125599652529,-0.305527599528432,
351,-0.06416,-0.217085399664938,-0.289447199553251,
352,-0.0640576,-0.209045199677348,-0.289447199553251,
353,-0.0639552,-0.192964799702168,-0.281406999565661,
354,-0.0638528,-0.184924599714577,-0.26532659959048,
355,-0.0637504,-0.184924599714577,-0.26532659959048,
356,-0.063648,-0.168844199739397,-0.2492461996153,
357,-0.0635456,-0.168844199739397,-0.241205999627709,
358,-0.0634432,-0.152763799764216,-0.241205999627709,
359,-0.0633408,-0.144723599776626,-0.233165799640119,
360,-0.0632384,-0.136683399789035,-0.217085399664938,
361,-0.063136,-0.128643199801445,-0.209045199677348,
362,-0.0630336,-0.104522599838674,-0.209045199677348,
363,-0.0629312,-0.0964823998510838,-0.192964799702168,
364,-0.0628288,-0.0964823998510838,-0.176884399726987,
365,-0.0627264,-0.0884421998634934,-0.176884399726987,
366,-0.062624,-0.0723617998883128,-0.160803999751806,
367,-0.0625216,-0.0643215999007225,-0.152763799764216,
368,-0.0624192,-0.0562813999131322,-0.152763799764216,
369,-0.0623168,-0.0482411999255419,-0.136683399789035,
370,-0.0622144,-0.0321607999503613,-0.136683399789035,
371,-0.062112,-0.0321607999503613,-0.112562799826264,
372,-0.0620096,-0.0241205999627709,-0.112562799826264,
373,-0.0619072,-0.0160803999751806,-0.0964823998510838,
374,-0.0618048,0,-0.0884421998634934,
375,-0.0617024,0.00804019998759031,-0.0884421998634934,
376,-0.0616,0.0160803999751806,-0.0723617998883128,
377,-0.0614976,0.0321607999503613,-0.0643215999007225,
378,-0.0613952,0.0402009999379516,-0.0643215999007225,
379,-0.0612928,0.0482411999255419,-0.0482411999255419,
380,-0.0611904,0.0562813999131322,-0.0402009999379516,
381,-0.061088,0.0643215999007225,-0.0241205999627709,
382,-0.0609856,0.0723617998883128,-0.0160803999751806,
383,-0.0608832,0.0884421998634934,-0.00804019998759031,
384,-0.0607808,0.0964823998510838,0,
385,-0.0606784,0.104522599838674,0,
386,-0.060576,0.112562799826264,0.0160803999751806,
387,-0.0604736,0.112562799826264,0.0241205999627709,
388,-0.0603712,0.128643199801445,0.0321607999503613,
389,-0.0602688,0.136683399789035,0.0482411999255419,
390,-0.0601664,0.152763799764216,0.0562813999131322,
391,-0.060064,0.160803999751806,0.0643215999007225,
392,-0.0599616,0.176884399726987,0.0723617998883128,
393,-0.0598592,0.176884399726987,0.0884421998634934,
394,-0.0597568,0.184924599714577,0.0884421998634934,
395,-0.0596544,0.192964799702168,0.104522599838674,
396,-0.059552,0.209045199677348,0.112562799826264,
397,-0.0594496,0.217085399664938,0.112562799826264,
398,-0.0593472,0.217085399664938,0.128643199801445,
399,-0.0592448,0.225125599652529,0.136683399789035,
400,-0.0591424,0.241205999627709,0.152763799764216,
401,-0.05904,0.2492461996153,0.152763799764216,
402,-0.0589376,0.25728639960289,0.168844199739397,
403,-0.0588352,0.26532659959048,0.176884399726987,
404,-0.0587328,0.281406999565661,0.184924599714577,
405,-0.0586304,0.281406999565661,0.192964799702168,
406,-0.058528,0.297487399540842,0.201004999689758,
407,-0.0584256,0.297487399540842,0.209045199677348,
408,-0.0583232,0.305527599528432,0.217085399664938,
409,-0.0582208,0.313567799516022,0.225125599652529,
410,-0.0581184,0.313567799516022,0.241205999627709,
411,-0.058016,0.329648199491203,0.2492461996153,
412,-0.0579136,0.329648199491203,0.2492461996153,
413,-0.0578112,0.353768799453974,0.26532659959048,
414,-0.0577088,0.353768799453974,0.26532659959048,
415,-0.0576064,0.361808999441564,0.273366799578071,
416,-0.057504,0.353768799453974,0.289447199553251,
417,-0.0574016,0.369849199429154,0.289447199553251,
418,-0.0572992,0.377889399416745,0.297487399540842,
419,-0.0571968,0.385929599404335,0.297487399540842,
420,-0.0570944,0.393969799391925,0.313567799516022,
421,-0.056992,0.385929599404335,0.321607999503613,
422,-0.0568896,0.410050199367106,0.337688399478793,
423,-0.0567872,0.402009999379516,0.337688399478793,
424,-0.0566848,0.410050199367106,0.337688399478793,
425,-0.0565824,0.410050199367106,0.345728599466383,
426,-0.05648,0.418090399354696,0.353768799453974,
427,-0.0563776,0.434170799329877,0.361808999441564,
428,-0.0562752,0.426130599342287,0.377889399416745,
429,-0.0561728,0.434170799329877,0.369849199429154,
430,-0.0560704,0.442210999317467,0.377889399416745,
431,-0.055968,0.442210999317467,0.385929599404335,
432,-0.0558656,0.442210999317467,0.385929599404335,
433,-0.0557632,0.458291399292648,0.402009999379516,
434,-0.0556608,0.450251199305058,0.402009999379516,
435,-0.0555584,0.466331599280238,0.418090399354696,
436,-0.055456,0.458291399292648,0.418090399354696,
437,-0.0553536,0.466331599280238,0.418090399354696,
438,-0.0552512,0.474371799267828,0.418090399354696,
439,-0.0551488,0.474371799267828,0.426130599342287,
440,-0.0550464,0.474371799267828,0.426130599342287,
441,-0.054944,0.482411999255419,0.442210999317467,
442,-0.0548416,0.474371799267828,0.442210999317467,
443,-0.0547392,0.482411999255419,0.450251199305058,
444,-0.0546368,0.482411999255419,0.450251199305058,
445,-0.0545344,0.490452199243009,0.450251199305058,
446,-0.054432,0.490452199243009,0.458291399292648,
447,-0.0543296,0.490452199243009,0.450251199305058,
448,-0.0542272,0.498492399230599,0.458291399292648,
449,-0.0541248,0.490452199243009,0.466331599280238,
450,-0.0540224,0.490452199243009,0.458291399292648,
451,-0.05392,0.490452199243009,0.474371799267828,
452,-0.0538176,0.490452199243009,0.466331599280238,
453,-0.0537152,0.498492399230599,0.482411999255419,
454,-0.0536128,0.498492399230599,0.474371799267828,
455,-0.0535104,0.490452199243009,0.482411999255419,
456,-0.053408,0.498492399230599,0.482411999255419,
457,-0.0533056,0.498492399230599,0.490452199243009,
458,-0.0532032,0.498492399230599,0.482411999255419,
459,-0.0531008,0.498492399230599,0.490452199243009,
460,-0.0529984,0.498492399230599,0.482411999255419,
461,-0.052896,0.490452199243009,0.482411999255419,
462,-0.0527936,0.482411999255419,0.490452199243009,
463,-0.0526912,0.490452199243009,0.482411999255419,
464,-0.0525888,0.482411999255419,0.482411999255419,
465,-0.0524864,0.490452199243009,0.490452199243009,
466,-0.052384,0.490452199243009,0.498492399230599,
467,-0.0522816,0.474371799267828,0.482411999255419,
468,-0.0521792,0.474371799267828,0.482411999255419,
469,-0.0520768,0.474371799267828,0.482411999255419,
470,-0.0519744,0.466331599280238,0.490452199243009,
471,-0.051872,0.474371799267828,0.482411999255419,
472,-0.0517696,0.466331599280238,0.482411999255419,
473,-0.0516672,0.458291399292648,0.482411999255419,
474,-0.0515648,0.458291399292648,0.482411999255419,
475,-0.0514624,0.466331599280238,0.482411999255419,
476,-0.05136,0.450251199305058,0.474371799267828,
477,-0.0512576,0.450251199305058,0.474371799267828,
478,-0.0511552,0.450251199305058,0.474371799267828,
479,-0.0510528,0.434170799329877,0.466331599280238,
480,-0.0509504,0.442210999317467,0.482411999255419,
481,-0.050848,0.442210999317467,0.466331599280238,
482,-0.0507456,0.426130599342287,0.458291399292648,
483,-0.0506432,0.426130599342287,0.450251199305058,
484,-0.0505408,0.418090399354696,0.458291399292648,
485,-0.0504384,0.418090399354696,0.450251199305058,
486,-0.050336,0.402009999379516,0.450251199305058,
487,-0.0502336,0.402009999379516,0.442210999317467,
488,-0.0501312,0.402009999379516,0.442210999317467,
489,-0.0500288,0.385929599404335,0.434170799329877,
490,-0.0499264,0.393969799391925,0.434170799329877,
491,-0.049824,0.377889399416745,0.426130599342287,
492,-0.0497216,0.361808999441564,0.418090399354696,
493,-0.0496192,0.369849199429154,0.418090399354696,
494,-0.0495168,0.361808999441564,0.418090399354696,
495,-0.0494144,0.345728599466383,0.402009999379516,
496,-0.049312,0.345728599466383,0.402009999379516,
497,-0.0492096,0.345728599466383,0.393969799391925,
498,-0.0491072,0.329648199491203,0.402009999379516,
499,-0.0490048,0.329648199491203,0.385929599404335,
500,-0.0489024,0.313567799516022,0.385929599404335,
501,-0.0488,0.313567799516022,0.369849199429154,
502,-0.0486976,0.297487399540842,0.369849199429154,
503,-0.0485952,0.289447199553251,0.361808999441564,
504,-0.0484928,0.289447199553251,0.361808999441564,
505,-0.0483904,0.281406999565661,0.353768799453974,
506,-0.048288,0.273366799578071,0.337688399478793,
507,-0.0481856,0.25728639960289,0.337688399478793,
508,-0.0480832,0.25728639960289,0.329648199491203,
509,-0.0479808,0.2492461996153,0.321607999503613,
510,-0.0478784,0.241205999627709,0.313567799516022,
511,-0.047776,0.233165799640119,0.305527599528432,
512,-0.0476736,0.217085399664938,0.297487399540842,
513,-0.0475712,0.217085399664938,0.289447199553251,
514,-0.0474688,0.209045199677348,0.289447199553251,
515,-0.0473664,0.192964799702168,0.273366799578071,
516,-0.047264,0.192964799702168,0.26532659959048,
517,-0.0471616,0.176884399726987,0.25728639960289,
518,-0.0470592,0.160803999751806,0.25728639960289,
519,-0.0469568,0.152763799764216,0.2492461996153,
520,-0.0468544,0.144723599776626,0.241205999627709,
521,-0.046752,0.136683399789035,0.233165799640119,
522,-0.0466496,0.128643199801445,0.217085399664938,
523,-0.0465472,0.112562799826264,0.209045199677348,
524,-0.0464448,0.104522599838674,0.201004999689758,
525,-0.0463424,0.104522599838674,0.201004999689758,
526,-0.04624,0.0964823998510838,0.184924599714577,
527,-0.0461376,0.0804019998759031,0.184924599714577,
528,-0.0460352,0.0723617998883128,0.160803999751806,
529,-0.0459328,0.0723617998883128,0.160803999751806,
530,-0.0458304,0.0402009999379516,0.152763799764216,
531,-0.045728,0.0402009999379516,0.144723599776626,
532,-0.0456256,0.0321607999503613,0.128643199801445,
533,-0.0455232,0.0321607999503613,0.120602999813855,
534,-0.0454208,0.0160803999751806,0.120602999813855,
535,-0.0453184,0.00804019998759031,0.104522599838674,
536,-0.045216,-0.00804019998759031,0.0964823998510838,
537,-0.0451136,-0.0160803999751806,0.0804019998759031,
538,-0.0450112,-0.0321607999503613,0.0884421998634934,
539,-0.0449088,-0.0241205999627709,0.0562813999131322,
540,-0.0448064,-0.0482411999255419,0.0562813999131322,
541,-0.044704,-0.0482411999255419,0.0482411999255419,
542,-0.0446016,-0.0643215999007225,0.0402009999379516,
543,-0.0444992,-0.0723617998883128,0.0321607999503613,
544,-0.0443968,-0.0723617998883128,0.0241205999627709,
545,-0.0442944,-0.0884421998634934,0.0160803999751806,
546,-0.044192,-0.0964823998510838,0.00804019998759031,
547,-0.0440896,-0.112562799826264,0,
548,-0.0439872,-0.120602999813855,-0.0160803999751806,
549,-0.0438848,-0.128643199801445,-0.0241205999627709,
550,-0.0437824,-0.136683399789035,-0.0321607999503613,
551,-0.04368,-0.144723599776626,-0.0482411999255419,
552,-0.0435776,-0.152763799764216,-0.0562813999131322,
553,-0.0434752,-0.168844199739397,-0.0562813999131322,
554,-0.0433728,-0.176884399726987,-0.0723617998883128,
555,-0.0432704,-0.176884399726987,-0.0884421998634934,
556,-0.043168,-0.184924599714577,-0.0884421998634934,
557,-0.0430656,-0.192964799702168,-0.0964823998510838,
558,-0.0429632,-0.201004999689758,-0.104522599838674,
559,-0.0428608,-0.217085399664938,-0.112562799826264,
560,-0.0427584,-0.217085399664938,-0.128643199801445,
561,-0.042656,-0.225125599652529,-0.144723599776626,
562,-0.0425536,-0.2492461996153,-0.144723599776626,
563,-0.0424512,-0.25728639960289,-0.152763799764216,
564,-0.0423488,-0.26532659959048,-0.160803999751806,
565,-0.0422464,-0.273366799578071,-0.176884399726987,
566,-0.042144,-0.273366799578071,-0.176884399726987,
567,-0.0420416,-0.281406999565661,-0.192964799702168,
568,-0.0419392,-0.289447199553251,-0.201004999689758,
569,-0.0418368,-0.297487399540842,-0.209045199677348,
570,-0.0417344,-0.313567799516022,-0.217085399664938,
571,-0.041632,-0.321607999503613,-0.225125599652529,
572,-0.0415296,-0.321607999503613,-0.233165799640119,
573,-0.0414272,-0.329648199491203,-0.241205999627709,
574,-0.0413248,-0.345728599466383,-0.2492461996153,
575,-0.0412224,-0.345728599466383,-0.25728639960289,
576,-0.04112,-0.345728599466383,-0.26532659959048,
577,-0.0410176,-0.361808999441564,-0.26532659959048,
578,-0.0409152,-0.369849199429154,-0.281406999565661,
579,-0.0408128,-0.377889399416745,-0.289447199553251,
580,-0.0407104,-0.385929599404335,-0.297487399540842,
581,-0.040608,-0.385929599404335,-0.305527599528432,
582,-0.0405056,-0.393969799391925,-0.305527599528432,
583,-0.0404032,-0.402009999379516,-0.321607999503613,
584,-0.0403008,-0.402009999379516,-0.329648199491203,
585,-0.0401984,-0.402009999379516,-0.337688399478793,
586,-0.040096,-0.410050199367106,-0.337688399478793,
587,-0.0399936,-0.418090399354696,-0.353768799453974,
588,-0.0398912,-0.426130599342287,-0.361808999441564,
589,-0.0397888,-0.434170799329877,-0.361808999441564,
590,-0.0396864,-0.426130599342287,-0.361808999441564,
591,-0.039584,-0.442210999317467,-0.369849199429154,
592,-0.0394816,-0.442210999317467,-0.369849199429154,
593,-0.0393792,-0.450251199305058,-0.393969799391925,
594,-0.0392768,-0.450251199305058,-0.385929599404335,
595,-0.0391744,-0.458291399292648,-0.393969799391925,
596,-0.039072,-0.466331599280238,-0.402009999379516,
597,-0.0389696,-0.474371799267828,-0.402009999379516,
598,-0.0388672,-0.466331599280238,-0.410050199367106,
599,-0.0387648,-0.474371799267828,-0.426130599342287,
600,-0.0386624,-0.474371799267828,-0.426130599342287,
601,-0.03856,-0.482411999255419,-0.418090399354696,
602,-0.0384576,-0.482411999255419,-0.434170799329877,
603,-0.0383552,-0.482411999255419,-0.434170799329877,
604,-0.0382528,-0.490452199243009,-0.442210999317467,
605,-0.0381504,-0.498492399230599,-0.442210999317467,
606,-0.038048,-0.498492399230599,-0.450251199305058,
607,-0.0379456,-0.490452199243009,-0.450251199305058,
608,-0.0378432,-0.498492399230599,-0.458291399292648,
609,-0.0377408,-0.498492399230599,-0.466331599280238,
610,-0.0376384,-0.498492399230599,-0.466331599280238,
611,-0.037536,-0.50653259921819,-0.474371799267828,
612,-0.0374336,-0.50653259921819,-0.466331599280238,
613,-0.0373312,-0.498492399230599,-0.474371799267828,
614,-0.0372288,-0.50653259921819,-0.474371799267828,
615,-0.0371264,-0.50653259921819,-0.474371799267828,
616,-0.037024,-0.50653259921819,-0.474371799267828,
617,-0.0369216,-0.50653259921819,-0.474371799267828,
618,-0.0368192,-0.51457279920578,-0.474371799267828,
619,-0.0367168,-0.50653259921819,-0.490452199243009,
620,-0.0366144,-0.50653259921819,-0.490452199243009,
621,-0.036512,-0.50653259921819,-0.490452199243009,
622,-0.0364096,-0.498492399230599,-0.482411999255419,
623,-0.0363072,-0.50653259921819,-0.498492399230599,
624,-0.0362048,-0.50653259921819,-0.490452199243009,
625,-0.0361024,-0.50653259921819,-0.490452199243009,
626,-0.036,-0.50653259921819,-0.482411999255419,
627,-0.0358976,-0.498492399230599,-0.490452199243009,
628,-0.0357952,-0.498492399230599,-0.490452199243009,
629,-0.0356928,-0.498492399230599,-0.490452199243009,
630,-0.0355904,-0.490452199243009,-0.490452199243009,
631,-0.035488,-0.482411999255419,-0.490452199243009,
632,-0.0353856,-0.490452199243009,-0.498492399230599,
633,-0.0352832,-0.482411999255419,-0.490452199243009,
634,-0.0351808,-0.474371799267828,-0.490452199243009,
635,-0.0350784,-0.482411999255419,-0.490452199243009,
636,-0.034976,-0.474371799267828,-0.482411999255419,
637,-0.0348736,-0.474371799267828,-0.482411999255419,
638,-0.0347712,-0.474371799267828,-0.482411999255419,
639,-0.0346688,-0.466331599280238,-0.482411999255419,
640,-0.0345664,-0.458291399292648,-0.482411999255419,
641,-0.034464,-0.450251199305058,-0.474371799267828,
642,-0.0343616,-0.458291399292648,-0.474371799267828,
643,-0.0342592,-0.442210999317467,-0.466331599280238,
644,-0.0341568,-0.442210999317467,-0.466331599280238,
645,-0.0340544,-0.450251199305058,-0.466331599280238,
646,-0.033952,-0.434170799329877,-0.466331599280238,
647,-0.0338496,-0.426130599342287,-0.458291399292648,
648,-0.0337472,-0.426130599342287,-0.450251199305058,
649,-0.0336448,-0.418090399354696,-0.442210999317467,
650,-0.0335424,-0.410050199367106,-0.450251199305058,
651,-0.03344,-0.410050199367106,-0.442210999317467,
652,-0.0333376,-0.393969799391925,-0.442210999317467,
653,-0.0332352,-0.402009999379516,-0.434170799329877,
654,-0.0331328,-0.385929599404335,-0.434170799329877,
655,-0.0330304,-0.369849199429154,-0.418090399354696,
656,-0.032928,-0.377889399416745,-0.418090399354696,
657,-0.0328256,-0.361808999441564,-0.418090399354696,
658,-0.0327232,-0.361808999441564,-0.418090399354696,
659,-0.0326208,-0.353768799453974,-0.402009999379516,
660,-0.0325184,-0.337688399478793,-0.402009999379516,
661,-0.032416,-0.337688399478793,-0.393969799391925,
662,-0.0323136,-0.337688399478793,-0.393969799391925,
663,-0.0322112,-0.321607999503613,-0.385929599404335,
664,-0.0321088,-0.321607999503613,-0.369849199429154,
665,-0.0320064,-0.313567799516022,-0.377889399416745,
666,-0.031904,-0.297487399540842,-0.369849199429154,
667,-0.0318016,-0.297487399540842,-0.353768799453974,
668,-0.0316992,-0.281406999565661,-0.353768799453974,
669,-0.0315968,-0.273366799578071,-0.353768799453974,
670,-0.0314944,-0.273366799578071,-0.345728599466383,
671,-0.031392,-0.26532659959048,-0.337688399478793,
672,-0.0312896,-0.2492461996153,-0.329648199491203,
673,-0.0311872,-0.241205999627709,-0.329648199491203,
674,-0.0310848,-0.233165799640119,-0.313567799516022,
675,-0.0309824,-0.217085399664938,-0.297487399540842,
676,-0.03088,-0.217085399664938,-0.305527599528432,
677,-0.0307776,-0.209045199677348,-0.289447199553251,
678,-0.0306752,-0.201004999689758,-0.281406999565661,
679,-0.0305728,-0.201004999689758,-0.273366799578071,
680,-0.0304704,-0.184924599714577,-0.26532659959048,
681,-0.030368,-0.168844199739397,-0.2492461996153,
682,-0.0302656,-0.168844199739397,-0.25728639960289,
683,-0.0301632,-0.160803999751806,-0.2492461996153,
684,-0.0300608,-0.152763799764216,-0.233165799640119,
685,-0.0299584,-0.136683399789035,-0.225125599652529,
686,-0.029856,-0.128643199801445,-0.209045199677348,
687,-0.0297536,-0.128643199801445,-0.209045199677348,
688,-0.0296512,-0.112562799826264,-0.192964799702168,
689,-0.0295488,-0.0964823998510838,-0.192964799702168,
690,-0.0294464,-0.0884421998634934,-0.184924599714577,
691,-0.029344,-0.0884421998634934,-0.168844199739397,
692,-0.0292416,-0.0723617998883128,-0.160803999751806,
693,-0.0291392,-0.0562813999131322,-0.152763799764216,
694,-0.0290368,-0.0562813999131322,-0.144723599776626,
695,-0.0289344,-0.0402009999379516,-0.136683399789035,
696,-0.028832,-0.0321607999503613,-0.128643199801445,
697,-0.0287296,-0.0241205999627709,-0.112562799826264,
698,-0.0286272,-0.0160803999751806,-0.104522599838674,
699,-0.0285248,-0.00804019998759031,-0.104522599838674,
700,-0.0284224,0.00804019998759031,-0.0964823998510838,
701,-0.02832,0.0160803999751806,-0.0884421998634934,
702,-0.0282176,0.0321607999503613,-0.0643215999007225,
703,-0.0281152,0.0241205999627709,-0.0562813999131322,
704,-0.0280128,0.0482411999255419,-0.0482411999255419,
705,-0.0279104,0.0562813999131322,-0.0402009999379516,
706,-0.027808,0.0562813999131322,-0.0321607999503613,
707,-0.0277056,0.0804019998759031,-0.0241205999627709,
708,-0.0276032,0.0884421998634934,-0.00804019998759031,
709,-0.0275008,0.0884421998634934,0,
710,-0.0273984,0.0964823998510838,0,
711,-0.027296,0.112562799826264,0.0160803999751806,
712,-0.0271936,0.112562799826264,0.0160803999751806,
713,-0.0270912,0.136683399789035,0.0321607999503613,
714,-0.0269888,0.136683399789035,0.0402009999379516,
715,-0.0268864,0.152763799764216,0.0562813999131322,
716,-0.026784,0.160803999751806,0.0723617998883128,
717,-0.0266816,0.168844199739397,0.0723617998883128,
718,-0.0265792,0.168844199739397,0.0804019998759031,
719,-0.0264768,0.184924599714577,0.0884421998634934,
720,-0.0263744,0.192964799702168,0.0964823998510838,
721,-0.026272,0.201004999689758,0.104522599838674,
722,-0.0261696,0.209045199677348,0.120602999813855,
723,-0.0260672,0.217085399664938,0.120602999813855,
724,-0.0259648,0.241205999627709,0.136683399789035,
725,-0.0258624,0.217085399664938,0.144723599776626,
726,-0.02576,0.2492461996153,0.152763799764216,
727,-0.0256576,0.2492461996153,0.160803999751806,
728,-0.0255552,0.26532659959048,0.176884399726987,
729,-0.0254528,0.273366799578071,0.176884399726987,
730,-0.0253504,0.281406999565661,0.192964799702168,
731,-0.025248,0.289447199553251,0.201004999689758,
732,-0.0251456,0.289447199553251,0.209045199677348,
733,-0.0250432,0.305527599528432,0.217085399664938,
734,-0.0249408,0.313567799516022,0.217085399664938,
735,-0.0248384,0.313567799516022,0.233165799640119,
736,-0.024736,0.321607999503613,0.241205999627709,
737,-0.0246336,0.329648199491203,0.25728639960289,
738,-0.0245312,0.337688399478793,0.25728639960289,
739,-0.0244288,0.345728599466383,0.26532659959048,
740,-0.0243264,0.353768799453974,0.273366799578071,
741,-0.024224,0.353768799453974,0.281406999565661,
742,-0.0241216,0.361808999441564,0.297487399540842,
743,-0.0240192,0.369849199429154,0.289447199553251,
744,-0.0239168,0.369849199429154,0.305527599528432,
745,-0.0238144,0.393969799391925,0.313567799516022,
746,-0.023712,0.385929599404335,0.313567799516022,
747,-0.0236096,0.402009999379516,0.321607999503613,
748,-0.0235072,0.393969799391925,0.329648199491203,
749,-0.0234048,0.402009999379516,0.337688399478793,
750,-0.0233024,0.410050199367106,0.353768799453974,
751,-0.0232,0.410050199367106,0.353768799453974,
752,-0.0230976,0.418090399354696,0.361808999441564,
753,-0.0229952,0.426130599342287,0.361808999441564,
754,-0.0228928,0.434170799329877,0.369849199429154,
755,-0.0227904,0.442210999317467,0.369849199429154,
756,-0.022688,0.442210999317467,0.385929599404335,
757,-0.0225856,0.442210999317467,0.385929599404335,
758,-0.0224832,0.450251199305058,0.385929599404335,
759,-0.0223808,0.458291399292648,0.402009999379516,
760,-0.0222784,0.458291399292648,0.410050199367106,
761,-0.022176,0.458291399292648,0.418090399354696,
762,-0.0220736,0.466331599280238,0.410050199367106,
763,-0.0219712,0.466331599280238,0.426130599342287,
764,-0.0218688,0.466331599280238,0.426130599342287,
765,-0.0217664,0.474371799267828,0.426130599342287,
766,-0.021664,0.474371799267828,0.442210999317467,
767,-0.0215616,0.482411999255419,0.442210999317467,
768,-0.0214592,0.474371799267828,0.442210999317467,
769,-0.0213568,0.482411999255419,0.442210999317467,
770,-0.0212544,0.482411999255419,0.450251199305058,
771,-0.021152,0.482411999255419,0.450251199305058,
772,-0.0210496,0.482411999255419,0.458291399292648,
773,-0.0209472,0.482411999255419,0.458291399292648,
774,-0.0208448,0.490452199243009,0.450251199305058,
775,-0.0207424,0.490452199243009,0.466331599280238,
776,-0.02064,0.498492399230599,0.466331599280238,
777,-0.0205376,0.498492399230599,0.474371799267828,
778,-0.0204352,0.490452199243009,0.474371799267828,
779,-0.0203328,0.490452199243009,0.474371799267828,
780,-0.0202304,0.498492399230599,0.482411999255419,
781,-0.020128,0.498492399230599,0.482411999255419,
782,-0.0200256,0.498492399230599,0.482411999255419,
783,-0.0199232,0.498492399230599,0.482411999255419,
784,-0.0198208,0.498492399230599,0.490452199243009,
785,-0.0197184,0.498492399230599,0.490452199243009,
786,-0.019616,0.498492399230599,0.490452199243009,
787,-0.0195136,0.490452199243009,0.482411999255419,
788,-0.0194112,0.490452199243009,0.482411999255419,
789,-0.0193088,0.482411999255419,0.490452199243009,
790,-0.0192064,0.490452199243009,0.482411999255419,
791,-0.019104,0.490452199243009,0.490452199243009,
792,-0.0190016,0.482411999255419,0.490452199243009,
793,-0.0188992,0.474371799267828,0.490452199243009,
794,-0.0187968,0.482411999255419,0.490452199243009,
795,-0.0186944,0.474371799267828,0.482411999255419,
796,-0.018592,0.458291399292648,0.482411999255419,
797,-0.0184896,0.474371799267828,0.482411999255419,
798,-0.0183872,0.458291399292648,0.482411999255419,
799,-0.0182848,0.458291399292648,0.482411999255419,
800,-0.0181824,0.458291399292648,0.474371799267828,
801,-0.01808,0.458291399292648,0.474371799267828,
802,-0.0179776,0.450251199305058,0.482411999255419,
803,-0.0178752,0.450251199305058,0.474371799267828,
804,-0.0177728,0.442210999317467,0.458291399292648,
805,-0.0176704,0.442210999317467,0.466331599280238,
806,-0.017568,0.434170799329877,0.466331599280238,
807,-0.0174656,0.426130599342287,0.458291399292648,
808,-0.0173632,0.426130599342287,0.466331599280238,
809,-0.0172608,0.426130599342287,0.450251199305058,
810,-0.0171584,0.418090399354696,0.450251199305058,
811,-0.017056,0.410050199367106,0.450251199305058,
812,-0.0169536,0.402009999379516,0.450251199305058,
813,-0.0168512,0.402009999379516,0.442210999317467,
814,-0.0167488,0.393969799391925,0.442210999317467,
815,-0.0166464,0.385929599404335,0.426130599342287,
816,-0.016544,0.385929599404335,0.426130599342287,
817,-0.0164416,0.377889399416745,0.434170799329877,
818,-0.0163392,0.369849199429154,0.418090399354696,
819,-0.0162368,0.361808999441564,0.418090399354696,
820,-0.0161344,0.361808999441564,0.410050199367106,
821,-0.016032,0.345728599466383,0.410050199367106,
822,-0.0159296,0.345728599466383,0.393969799391925,
823,-0.0158272,0.337688399478793,0.402009999379516,
824,-0.0157248,0.329648199491203,0.393969799391925,
825,-0.0156224,0.321607999503613,0.377889399416745,
826,-0.01552,0.321607999503613,0.385929599404335,
827,-0.0154176,0.305527599528432,0.369849199429154,
828,-0.0153152,0.297487399540842,0.361808999441564,
829,-0.0152128,0.305527599528432,0.361808999441564,
830,-0.0151104,0.281406999565661,0.353768799453974,
831,-0.015008,0.281406999565661,0.345728599466383,
832,-0.0149056,0.26532659959048,0.337688399478793,
833,-0.0148032,0.25728639960289,0.337688399478793,
834,-0.0147008,0.2492461996153,0.329648199491203,
835,-0.0145984,0.233165799640119,0.313567799516022,
836,-0.014496,0.233165799640119,0.313567799516022,
837,-0.0143936,0.233165799640119,0.305527599528432,
838,-0.0142912,0.217085399664938,0.297487399540842,
839,-0.0141888,0.209045199677348,0.289447199553251,
840,-0.0140864,0.201004999689758,0.289447199553251,
841,-0.013984,0.184924599714577,0.273366799578071,
842,-0.0138816,0.168844199739397,0.273366799578071,
843,-0.0137792,0.160803999751806,0.25728639960289,
844,-0.0136768,0.160803999751806,0.2492461996153,
845,-0.0135744,0.160803999751806,0.241205999627709,
846,-0.013472,0.136683399789035,0.233165799640119,
847,-0.0133696,0.136683399789035,0.233165799640119,
848,-0.0132672,0.128643199801445,0.217085399664938,
849,-0.0131648,0.120602999813855,0.201004999689758,
850,-0.0130624,0.112562799826264,0.192964799702168,
851,-0.01296,0.0884421998634934,0.192964799702168,
852,-0.0128576,0.0964823998510838,0.176884399726987,
853,-0.0127552,0.0804019998759031,0.176884399726987,
854,-0.0126528,0.0562813999131322,0.160803999751806,
855,-0.0125504,0.0562813999131322,0.144723599776626,
856,-0.012448,0.0482411999255419,0.152763799764216,
857,-0.0123456,0.0321607999503613,0.136683399789035,
858,-0.0122432,0.0321607999503613,0.128643199801445,
859,-0.0121408,0.0160803999751806,0.120602999813855,
860,-0.0120384,0.00804019998759031,0.104522599838674,
861,-0.011936,0.00804019998759031,0.104522599838674,
862,-0.0118336,-0.00804019998759031,0.0884421998634934,
863,-0.0117312,-0.0160803999751806,0.0804019998759031,
864,-0.0116288,-0.0241205999627709,0.0804019998759031,
865,-0.0115264,-0.0321607999503613,0.0643215999007225,
866,-0.011424,-0.0402009999379516,0.0482411999255419,
867,-0.0113216,-0.0643215999007225,0.0402009999379516,
868,-0.0112192,-0.0643215999007225,0.0321607999503613,
869,-0.0111168,-0.0723617998883128,0.0241205999627709,
870,-0.0110144,-0.0884421998634934,0.0160803999751806,
871,-0.010912,-0.0964823998510838,0.00804019998759031,
872,-0.0108096,-0.104522599838674,0,
873,-0.0107072,-0.112562799826264,-0.0160803999751806,
874,-0.0106048,-0.128643199801445,-0.0241205999627709,
875,-0.0105024,-0.136683399789035,-0.0321607999503613,
876,-0.0104,-0.136683399789035,-0.0402009999379516,
877,-0.0102976,-0.152763799764216,-0.0482411999255419,
878,-0.0101952,-0.152763799764216,-0.0482411999255419,
879,-0.0100928,-0.176884399726987,-0.0723617998883128,
880,-0.00999040000000001,-0.184924599714577,-0.0723617998883128,
881,-0.00988800000000001,-0.184924599714577,-0.0884421998634934,
882,-0.00978560000000001,-0.184924599714577,-0.0964823998510838,
883,-0.0096832,-0.201004999689758,-0.104522599838674,
884,-0.00958080000000001,-0.209045199677348,-0.112562799826264,
885,-0.00947840000000001,-0.217085399664938,-0.120602999813855,
886,-0.00937600000000001,-0.233165799640119,-0.136683399789035,
887,-0.00927360000000001,-0.241205999627709,-0.144723599776626,
888,-0.0091712,-0.241205999627709,-0.144723599776626,
889,-0.00906880000000002,-0.25728639960289,-0.160803999751806,
890,-0.00896640000000001,-0.26532659959048,-0.168844199739397,
891,-0.00886400000000001,-0.273366799578071,-0.184924599714577,
892,-0.00876160000000001,-0.281406999565661,-0.184924599714577,
893,-0.00865920000000001,-0.281406999565661,-0.209045199677348,
894,-0.0085568,-0.297487399540842,-0.209045199677348,
895,-0.00845440000000001,-0.305527599528432,-0.209045199677348,
896,-0.00835200000000001,-0.313567799516022,-0.217085399664938,
897,-0.00824960000000001,-0.321607999503613,-0.233165799640119,
898,-0.00814720000000001,-0.329648199491203,-0.233165799640119,
899,-0.0080448,-0.337688399478793,-0.2492461996153,
900,-0.00794240000000002,-0.345728599466383,-0.2492461996153,
901,-0.00784000000000001,-0.353768799453974,-0.26532659959048,
902,-0.00773760000000001,-0.361808999441564,-0.26532659959048,
903,-0.00763520000000001,-0.361808999441564,-0.281406999565661,
904,-0.00753280000000001,-0.377889399416745,-0.281406999565661,
905,-0.0074304,-0.369849199429154,-0.297487399540842,
906,-0.00732800000000002,-0.385929599404335,-0.297487399540842,
907,-0.00722560000000001,-0.393969799391925,-0.305527599528432,
908,-0.00712320000000001,-0.393969799391925,-0.321607999503613,
909,-0.00702080000000001,-0.402009999379516,-0.329648199491203,
910,-0.00691840000000001,-0.402009999379516,-0.329648199491203,
911,-0.00681600000000002,-0.418090399354696,-0.337688399478793,
912,-0.00671360000000001,-0.418090399354696,-0.353768799453974,
913,-0.00661120000000001,-0.426130599342287,-0.353768799453974,
914,-0.00650880000000001,-0.434170799329877,-0.353768799453974,
915,-0.00640640000000001,-0.434170799329877,-0.361808999441564,
916,-0.006304,-0.434170799329877,-0.369849199429154,
917,-0.00620160000000002,-0.450251199305058,-0.385929599404335,
918,-0.00609920000000001,-0.450251199305058,-0.385929599404335,
919,-0.00599680000000001,-0.458291399292648,-0.393969799391925,
920,-0.00589440000000001,-0.466331599280238,-0.393969799391925,
921,-0.00579200000000001,-0.458291399292648,-0.393969799391925,
922,-0.0056896,-0.466331599280238,-0.410050199367106,
923,-0.00558720000000001,-0.466331599280238,-0.402009999379516,
924,-0.00548480000000001,-0.474371799267828,-0.418090399354696,
925,-0.00538240000000001,-0.474371799267828,-0.418090399354696,
926,-0.00528000000000001,-0.474371799267828,-0.426130599342287,
927,-0.0051776,-0.482411999255419,-0.426130599342287,
928,-0.00507520000000002,-0.482411999255419,-0.442210999317467,
929,-0.00497280000000001,-0.482411999255419,-0.450251199305058,
930,-0.00487040000000001,-0.482411999255419,-0.442210999317467,
931,-0.00476800000000001,-0.490452199243009,-0.442210999317467,
932,-0.00466560000000001,-0.490452199243009,-0.450251199305058,
933,-0.0045632,-0.490452199243009,-0.458291399292648,
934,-0.00446080000000001,-0.498492399230599,-0.474371799267828,
935,-0.00435840000000001,-0.50653259921819,-0.458291399292648,
936,-0.00425600000000001,-0.498492399230599,-0.466331599280238,
937,-0.00415360000000001,-0.50653259921819,-0.458291399292648,
938,-0.0040512,-0.50653259921819,-0.474371799267828,
939,-0.00394880000000002,-0.50653259921819,-0.474371799267828,
940,-0.00384640000000001,-0.50653259921819,-0.474371799267828,
941,-0.00374400000000001,-0.50653259921819,-0.482411999255419,
942,-0.00364160000000001,-0.50653259921819,-0.474371799267828,
943,-0.00353920000000001,-0.50653259921819,-0.482411999255419,
944,-0.0034368,-0.50653259921819,-0.498492399230599,
945,-0.00333440000000002,-0.50653259921819,-0.490452199243009,
946,-0.00323200000000001,-0.50653259921819,-0.490452199243009,
947,-0.00312960000000001,-0.50653259921819,-0.490452199243009,
948,-0.00302720000000001,-0.50653259921819,-0.482411999255419,
949,-0.00292480000000001,-0.498492399230599,-0.498492399230599,
950,-0.00282240000000002,-0.498492399230599,-0.490452199243009,
951,-0.00272000000000001,-0.498492399230599,-0.490452199243009,
952,-0.00261760000000001,-0.498492399230599,-0.490452199243009,
953,-0.00251520000000001,-0.490452199243009,-0.498492399230599,
954,-0.00241280000000001,-0.490452199243009,-0.490452199243009,
955,-0.0023104,-0.482411999255419,-0.498492399230599,
956,-0.00220800000000002,-0.482411999255419,-0.498492399230599,
957,-0.00210560000000001,-0.490452199243009,-0.482411999255419,
958,-0.00200320000000001,-0.490452199243009,-0.490452199243009,
959,-0.00190080000000001,-0.482411999255419,-0.490452199243009,
960,-0.00179840000000001,-0.490452199243009,-0.482411999255419,
961,-0.001696,-0.474371799267828,-0.482411999255419,
962,-0.00159360000000001,-0.474371799267828,-0.482411999255419,
963,-0.00149120000000001,-0.466331599280238,-0.490452199243009,
964,-0.00138880000000001,-0.474371799267828,-0.482411999255419,
965,-0.00128640000000001,-0.466331599280238,-0.474371799267828,
966,-0.001184,-0.458291399292648,-0.474371799267828,
967,-0.00108160000000002,-0.450251199305058,-0.474371799267828,
968,-0.000979200000000013,-0.450251199305058,-0.474371799267828,
969,-0.000876800000000011,-0.442210999317467,-0.466331599280238,
970,-0.000774400000000008,-0.442210999317467,-0.474371799267828,
971,-0.000672000000000006,-0.434170799329877,-0.466331599280238,
972,-0.000569600000000003,-0.426130599342287,-0.458291399292648,
973,-0.000467200000000015,-0.426130599342287,-0.458291399292648,
974,-0.000364800000000012,-0.418090399354696,-0.450251199305058,
975,-0.00026240000000001,-0.410050199367106,-0.458291399292648,
976,-0.000160000000000007,-0.410050199367106,-0.450251199305058,
977,-5.76000000000049E-05,-0.402009999379516,-0.442210999317467,
978,4.47999999999837E-05,-0.402009999379516,-0.434170799329877,
979,0.000147199999999986,-0.393969799391925,-0.434170799329877,
980,0.000249599999999989,-0.377889399416745,-0.434170799329877,
981,0.000351999999999991,-0.377889399416745,-0.426130599342287,
982,0.000454399999999994,-0.369849199429154,-0.418090399354696,
983,0.000556799999999996,-0.361808999441564,-0.418090399354696,
984,0.000659199999999985,-0.361808999441564,-0.410050199367106,
985,0.000761599999999987,-0.345728599466383,-0.410050199367106,
986,0.00086399999999999,-0.345728599466383,-0.393969799391925,
987,0.000966399999999992,-0.329648199491203,-0.410050199367106,
988,0.00106879999999999,-0.321607999503613,-0.385929599404335,
989,0.00117119999999998,-0.321607999503613,-0.377889399416745,
990,0.00127359999999999,-0.313567799516022,-0.377889399416745,
991,0.00137599999999999,-0.305527599528432,-0.377889399416745,
992,0.00147839999999999,-0.305527599528432,-0.361808999441564,
993,0.00158079999999999,-0.297487399540842,-0.353768799453974,
994,0.0016832,-0.281406999565661,-0.353768799453974,
995,0.00178559999999998,-0.273366799578071,-0.337688399478793,
996,0.00188799999999999,-0.26532659959048,-0.329648199491203,
997,0.00199039999999999,-0.25728639960289,-0.329648199491203,
998,0.00209279999999999,-0.2492461996153,-0.321607999503613,
999,0.00219519999999999,-0.2492461996153,-0.313567799516022,
1000,0.00229759999999998,-0.233165799640119,-0.297487399540842,
1001,0.00239999999999999,-0.225125599652529,-0.297487399540842,
1002,0.00250239999999999,-0.217085399664938,-0.289447199553251,
1003,0.00260479999999999,-0.201004999689758,-0.281406999565661,
1004,0.00270719999999999,-0.201004999689758,-0.281406999565661,
1005,0.0028096,-0.184924599714577,-0.273366799578071,
1006,0.00291199999999998,-0.184924599714577,-0.25728639960289,
1007,0.00301439999999999,-0.160803999751806,-0.25728639960289,
1008,0.00311679999999999,-0.160803999751806,-0.2492461996153,
1009,0.00321919999999999,-0.160803999751806,-0.233165799640119,
1010,0.00332159999999999,-0.144723599776626,-0.225125599652529,
1011,0.003424,-0.136683399789035,-0.225125599652529,
1012,0.00352639999999999,-0.128643199801445,-0.217085399664938,
1013,0.00362879999999999,-0.112562799826264,-0.201004999689758,
1014,0.00373119999999999,-0.104522599838674,-0.192964799702168,
1015,0.00383359999999999,-0.104522599838674,-0.184924599714577,
1016,0.003936,-0.0884421998634934,-0.176884399726987,
1017,0.00403839999999998,-0.0723617998883128,-0.160803999751806,
1018,0.00414079999999999,-0.0723617998883128,-0.160803999751806,
1019,0.00424319999999999,-0.0562813999131322,-0.152763799764216,
1020,0.00434559999999999,-0.0482411999255419,-0.136683399789035,
1021,0.00444799999999999,-0.0321607999503613,-0.136683399789035,
1022,0.0045504,-0.0241205999627709,-0.104522599838674,
1023,0.00465279999999998,-0.0241205999627709,-0.120602999813855,
1024,0.00475519999999999,-0.00804019998759031,-0.104522599838674,
1025,0.00485759999999999,0,-0.0964823998510838,
1026,0.00495999999999999,0.00804019998759031,-0.0884421998634934,
1027,0.00506239999999999,0.0160803999751806,-0.0804019998759031,
1028,0.00516479999999998,0.0241205999627709,-0.0643215999007225,
1029,0.00526719999999999,0.0321607999503613,-0.0562813999131322,
1030,0.00536959999999999,0.0482411999255419,-0.0482411999255419,
1031,0.00547199999999999,0.0402009999379516,-0.0402009999379516,
1032,0.00557439999999999,0.0643215999007225,-0.0321607999503613,
1033,0.0056768,0.0804019998759031,-0.0241205999627709,
1034,0.00577919999999998,0.0884421998634934,-0.0160803999751806,
1035,0.00588159999999999,0.104522599838674,0,
1036,0.00598399999999999,0.104522599838674,0.00804019998759031,
1037,0.00608639999999999,0.104522599838674,0.00804019998759031,
1038,0.00618879999999999,0.128643199801445,0.0241205999627709,
1039,0.00629119999999998,0.136683399789035,0.0321607999503613,
1040,0.00639359999999999,0.144723599776626,0.0562813999131322,
1041,0.00649599999999999,0.160803999751806,0.0643215999007225,
1042,0.00659839999999999,0.160803999751806,0.0643215999007225,
1043,0.00670079999999999,0.168844199739397,0.0723617998883128,
1044,0.0068032,0.184924599714577,0.0884421998634934,
1045,0.00690559999999998,0.184924599714577,0.0884421998634934,
1046,0.00700799999999999,0.201004999689758,0.0964823998510838,
1047,0.00711039999999999,0.209045199677348,0.120602999813855,
1048,0.00721279999999999,0.217085399664938,0.120602999813855,
1049,0.00731519999999999,0.217085399664938,0.136683399789035,
1050,0.0074176,0.233165799640119,0.136683399789035,
1051,0.00751999999999999,0.241205999627709,0.152763799764216,
1052,0.00762239999999999,0.2492461996153,0.152763799764216,
1053,0.00772479999999999,0.25728639960289,0.168844199739397,
1054,0.00782719999999999,0.26532659959048,0.176884399726987,
1055,0.0079296,0.26532659959048,0.184924599714577,
1056,0.00803199999999998,0.281406999565661,0.192964799702168,
1057,0.00813439999999999,0.289447199553251,0.209045199677348,
1058,0.00823679999999999,0.305527599528432,0.209045199677348,
1059,0.00833919999999999,0.305527599528432,0.217085399664938,
1060,0.00844159999999999,0.305527599528432,0.233165799640119,
1061,0.008544,0.321607999503613,0.241205999627709,
1062,0.00864639999999998,0.329648199491203,0.241205999627709,
1063,0.00874879999999999,0.329648199491203,0.2492461996153,
1064,0.00885119999999999,0.345728599466383,0.25728639960289,
1065,0.00895359999999999,0.353768799453974,0.26532659959048,
1066,0.00905599999999999,0.353768799453974,0.281406999565661,
1067,0.00915839999999998,0.361808999441564,0.289447199553251,
1068,0.00926079999999999,0.369849199429154,0.297487399540842,
1069,0.00936319999999999,0.377889399416745,0.297487399540842,
1070,0.00946559999999999,0.385929599404335,0.305527599528432,
1071,0.00956799999999999,0.385929599404335,0.313567799516022,
1072,0.0096704,0.393969799391925,0.321607999503613,
1073,0.00977279999999998,0.402009999379516,0.321607999503613,
1074,0.00987519999999999,0.410050199367106,0.329648199491203,
1075,0.00997759999999999,0.410050199367106,0.337688399478793,
1076,0.01008,0.418090399354696,0.345728599466383,
1077,0.0101824,0.426130599342287,0.361808999441564,
1078,0.0102848,0.418090399354696,0.361808999441564,
1079,0.0103872,0.434170799329877,0.361808999441564,
1080,0.0104896,0.434170799329877,0.369849199429154,
1081,0.010592,0.442210999317467,0.385929599404335,
1082,0.0106944,0.442210999317467,0.385929599404335,
1083,0.0107968,0.458291399292648,0.385929599404335,
1084,0.0108992,0.458291399292648,0.402009999379516,
1085,0.0110016,0.458291399292648,0.410050199367106,
1086,0.011104,0.458291399292648,0.410050199367106,
1087,0.0112064,0.466331599280238,0.418090399354696,
1088,0.0113088,0.474371799267828,0.418090399354696,
1089,0.0114112,0.474371799267828,0.418090399354696,
1090,0.0115136,0.474371799267828,0.426130599342287,
1091,0.011616,0.474371799267828,0.426130599342287,
1092,0.0117184,0.474371799267828,0.442210999317467,
1093,0.0118208,0.474371799267828,0.434170799329877,
1094,0.0119232,0.474371799267828,0.442210999317467,
1095,0.0120256,0.490452199243009,0.442210999317467,
1096,0.012128,0.482411999255419,0.450251199305058,
1097,0.0122304,0.490452199243009,0.450251199305058,
1098,0.0123328,0.482411999255419,0.458291399292648,
1099,0.0124352,0.498492399230599,0.450251199305058,
1100,0.0125376,0.482411999255419,0.458291399292648,
1101,0.01264,0.490452199243009,0.474371799267828,
1102,0.0127424,0.498492399230599,0.466331599280238,
1103,0.0128448,0.490452199243009,0.466331599280238,
1104,0.0129472,0.50653259921819,0.482411999255419,
1105,0.0130496,0.490452199243009,0.474371799267828,
1106,0.013152,0.490452199243009,0.482411999255419,
1107,0.0132544,0.498492399230599,0.474371799267828,
1108,0.0133568,0.498492399230599,0.474371799267828,
1109,0.0134592,0.490452199243009,0.482411999255419,
1110,0.0135616,0.490452199243009,0.482411999255419,
1111,0.013664,0.490452199243009,0.490452199243009,
1112,0.0137664,0.498492399230599,0.490452199243009,
1113,0.0138688,0.498492399230599,0.490452199243009,
1114,0.0139712,0.490452199243009,0.490452199243009,
1115,0.0140736,0.490452199243009,0.482411999255419,
1116,0.014176,0.474371799267828,0.482411999255419,
1117,0.0142784,0.490452199243009,0.482411999255419,
1118,0.0143808,0.490452199243009,0.490452199243009,
1119,0.0144832,0.490452199243009,0.482411999255419,
1120,0.0145856,0.482411999255419,0.490452199243009,
1121,0.014688,0.482411999255419,0.482411999255419,
1122,0.0147904,0.466331599280238,0.490452199243009,
1123,0.0148928,0.466331599280238,0.490452199243009,
1124,0.0149952,0.466331599280238,0.482411999255419,
1125,0.0150976,0.458291399292648,0.474371799267828,
1126,0.0152,0.466331599280238,0.474371799267828,
1127,0.0153024,0.458291399292648,0.482411999255419,
1128,0.0154048,0.450251199305058,0.466331599280238,
1129,0.0155072,0.442210999317467,0.466331599280238,
1130,0.0156096,0.442210999317467,0.466331599280238,
1131,0.015712,0.442210999317467,0.474371799267828,
1132,0.0158144,0.442210999317467,0.466331599280238,
1133,0.0159168,0.434170799329877,0.466331599280238,
1134,0.0160192,0.418090399354696,0.458291399292648,
1135,0.0161216,0.426130599342287,0.458291399292648,
1136,0.016224,0.418090399354696,0.450251199305058,
1137,0.0163264,0.410050199367106,0.442210999317467,
1138,0.0164288,0.402009999379516,0.450251199305058,
1139,0.0165312,0.393969799391925,0.434170799329877,
1140,0.0166336,0.393969799391925,0.434170799329877,
1141,0.016736,0.385929599404335,0.426130599342287,
1142,0.0168384,0.377889399416745,0.426130599342287,
1143,0.0169408,0.377889399416745,0.418090399354696,
1144,0.0170432,0.369849199429154,0.418090399354696,
1145,0.0171456,0.361808999441564,0.418090399354696,
1146,0.017248,0.345728599466383,0.410050199367106,
1147,0.0173504,0.353768799453974,0.410050199367106,
1148,0.0174528,0.337688399478793,0.393969799391925,
1149,0.0175552,0.329648199491203,0.385929599404335,
1150,0.0176576,0.329648199491203,0.385929599404335,
1151,0.01776,0.313567799516022,0.385929599404335,
1152,0.0178624,0.313567799516022,0.377889399416745,
1153,0.0179648,0.305527599528432,0.369849199429154,
1154,0.0180672,0.297487399540842,0.361808999441564,
1155,0.0181696,0.281406999565661,0.361808999441564,
1156,0.018272,0.281406999565661,0.353768799453974,
1157,0.0183744,0.281406999565661,0.345728599466383,
1158,0.0184768,0.26532659959048,0.337688399478793,
1159,0.0185792,0.25728639960289,0.321607999503613,
1160,0.0186816,0.2492461996153,0.321607999503613,
1161,0.018784,0.241205999627709,0.321607999503613,
1162,0.0188864,0.225125599652529,0.313567799516022,
1163,0.0189888,0.217085399664938,0.297487399540842,
1164,0.0190912,0.217085399664938,0.297487399540842,
1165,0.0191936,0.201004999689758,0.289447199553251,
1166,0.019296,0.192964799702168,0.281406999565661,
1167,0.0193984,0.192964799702168,0.26532659959048,
1168,0.0195008,0.176884399726987,0.25728639960289,
1169,0.0196032,0.176884399726987,0.25728639960289,
1170,0.0197056,0.152763799764216,0.2492461996153,
1171,0.019808,0.152763799764216,0.241205999627709,
1172,0.0199104,0.144723599776626,0.225125599652529,
1173,0.0200128,0.136683399789035,0.225125599652529,
1174,0.0201152,0.120602999813855,0.217085399664938,
1175,0.0202176,0.112562799826264,0.201004999689758,
1176,0.02032,0.0964823998510838,0.192964799702168,
1177,0.0204224,0.0964823998510838,0.184924599714577,
1178,0.0205248,0.0804019998759031,0.176884399726987,
1179,0.0206272,0.0723617998883128,0.168844199739397,
1180,0.0207296,0.0643215999007225,0.168844199739397,
1181,0.020832,0.0643215999007225,0.144723599776626,
1182,0.0209344,0.0402009999379516,0.144723599776626,
1183,0.0210368,0.0321607999503613,0.128643199801445,
1184,0.0211392,0.0321607999503613,0.128643199801445,
1185,0.0212416,0.0160803999751806,0.112562799826264,
1186,0.021344,0.00804019998759031,0.112562799826264,
1187,0.0214464,0,0.0964823998510838,
1188,0.0215488,-0.0160803999751806,0.0964823998510838,
1189,0.0216512,-0.0241205999627709,0.0804019998759031,
1190,0.0217536,-0.0321607999503613,0.0723617998883128,
1191,0.021856,-0.0402009999379516,0.0643215999007225,
1192,0.0219584,-0.0562813999131322,0.0562813999131322,
1193,0.0220608,-0.0562813999131322,0.0402009999379516,
1194,0.0221632,-0.0723617998883128,0.0241205999627709,
1195,0.0222656,-0.0884421998634934,0.0160803999751806,
1196,0.022368,-0.0964823998510838,0.0241205999627709,
1197,0.0224704,-0.0964823998510838,0.00804019998759031,
1198,0.0225728,-0.104522599838674,-0.00804019998759031,
1199,0.0226752,-0.112562799826264,-0.0160803999751806,
1200,0.0227776,-0.120602999813855,-0.0241205999627709,
1201,0.02288,-0.128643199801445,-0.0321607999503613,
1202,0.0229824,-0.144723599776626,-0.0402009999379516,
1203,0.0230848,-0.152763799764216,-0.0562813999131322,
1204,0.0231872,-0.168844199739397,-0.0643215999007225,
1205,0.0232896,-0.168844199739397,-0.0723617998883128,
1206,0.023392,-0.184924599714577,-0.0723617998883128,
1207,0.0234944,-0.192964799702168,-0.0964823998510838,
1208,0.0235968,-0.192964799702168,-0.0964823998510838,
1209,0.0236992,-0.209045199677348,-0.112562799826264,
1210,0.0238016,-0.217085399664938,-0.112562799826264,
1211,0.023904,-0.217085399664938,-0.128643199801445,
1212,0.0240064,-0.233165799640119,-0.136683399789035,
1213,0.0241088,-0.241205999627709,-0.136683399789035,
1214,0.0242112,-0.2492461996153,-0.152763799764216,
1215,0.0243136,-0.25728639960289,-0.168844199739397,
1216,0.024416,-0.26532659959048,-0.168844199739397,
1217,0.0245184,-0.273366799578071,-0.184924599714577,
1218,0.0246208,-0.289447199553251,-0.192964799702168,
1219,0.0247232,-0.297487399540842,-0.184924599714577,
1220,0.0248256,-0.305527599528432,-0.192964799702168,
1221,0.024928,-0.305527599528432,-0.217085399664938,
1222,0.0250304,-0.313567799516022,-0.225125599652529,
1223,0.0251328,-0.313567799516022,-0.2492461996153,
1224,0.0252352,-0.337688399478793,-0.233165799640119,
1225,0.0253376,-0.337688399478793,-0.2492461996153,
1226,0.02544,-0.345728599466383,-0.25728639960289,
1227,0.0255424,-0.353768799453974,-0.273366799578071,
1228,0.0256448,-0.361808999441564,-0.273366799578071,
1229,0.0257472,-0.361808999441564,-0.289447199553251,
1230,0.0258496,-0.377889399416745,-0.297487399540842,
1231,0.025952,-0.385929599404335,-0.297487399540842,
1232,0.0260544,-0.385929599404335,-0.305527599528432,
1233,0.0261568,-0.393969799391925,-0.313567799516022,
1234,0.0262592,-0.393969799391925,-0.321607999503613,
1235,0.0263616,-0.410050199367106,-0.321607999503613,
1236,0.026464,-0.402009999379516,-0.329648199491203,
1237,0.0265664,-0.418090399354696,-0.337688399478793,
1238,0.0266688,-0.418090399354696,-0.345728599466383,
1239,0.0267712,-0.426130599342287,-0.353768799453974,
1240,0.0268736,-0.426130599342287,-0.361808999441564,
1241,0.026976,-0.434170799329877,-0.369849199429154,
1242,0.0270784,-0.442210999317467,-0.369849199429154,
1243,0.0271808,-0.442210999317467,-0.377889399416745,
1244,0.0272832,-0.442210999317467,-0.385929599404335,
1245,0.0273856,-0.458291399292648,-0.393969799391925,
1246,0.027488,-0.458291399292648,-0.393969799391925,
1247,0.0275904,-0.466331599280238,-0.402009999379516,
1248,0.0276928,-0.466331599280238,-0.402009999379516,
1249,0.0277952,-0.466331599280238,-0.410050199367106,
1250,0.0278976,-0.474371799267828,-0.410050199367106,
1251,0.028,-0.474371799267828,-0.418090399354696,
1252,0.0281024,-0.482411999255419,-0.426130599342287,
1253,0.0282048,-0.482411999255419,-0.434170799329877,
1254,0.0283072,-0.498492399230599,-0.442210999317467,
1255,0.0284096,-0.490452199243009,-0.442210999317467,
1256,0.028512,-0.482411999255419,-0.442210999317467,
1257,0.0286144,-0.498492399230599,-0.442210999317467,
1258,0.0287168,-0.490452199243009,-0.450251199305058,
1259,0.0288192,-0.490452199243009,-0.450251199305058,
1260,0.0289216,-0.498492399230599,-0.466331599280238,
1261,0.029024,-0.498492399230599,-0.466331599280238,
1262,0.0291264,-0.490452199243009,-0.466331599280238,
1263,0.0292288,-0.50653259921819,-0.466331599280238,
1264,0.0293312,-0.50653259921819,-0.466331599280238,
1265,0.0294336,-0.50653259921819,-0.474371799267828,
1266,0.029536,-0.50653259921819,-0.466331599280238,
1267,0.0296384,-0.50653259921819,-0.474371799267828,
1268,0.0297408,-0.50653259921819,-0.474371799267828,
1269,0.0298432,-0.51457279920578,-0.482411999255419,
1270,0.0299456,-0.498492399230599,-0.482411999255419,
1271,0.030048,-0.50653259921819,-0.490452199243009,
1272,0.0301504,-0.50653259921819,-0.482411999255419,
1273,0.0302528,-0.490452199243009,-0.490452199243009,
1274,0.0303552,-0.51457279920578,-0.490452199243009,
1275,0.0304576,-0.498492399230599,-0.482411999255419,
1276,0.03056,-0.50653259921819,-0.490452199243009,
1277,0.0306624,-0.498492399230599,-0.498492399230599,
1278,0.0307648,-0.498492399230599,-0.498492399230599,
1279,0.0308672,-0.498492399230599,-0.490452199243009,
1280,0.0309696,-0.490452199243009,-0.490452199243009,
1281,0.031072,-0.490452199243009,-0.490452199243009,
1282,0.0311744,-0.490452199243009,-0.490452199243009,
1283,0.0312768,-0.490452199243009,-0.490452199243009,
1284,0.0313792,-0.482411999255419,-0.490452199243009,
1285,0.0314816,-0.482411999255419,-0.482411999255419,
1286,0.031584,-0.482411999255419,-0.490452199243009,
1287,0.0316864,-0.482411999255419,-0.482411999255419,
1288,0.0317888,-0.474371799267828,-0.482411999255419,
1289,0.0318912,-0.466331599280238,-0.490452199243009,
1290,0.0319936,-0.458291399292648,-0.474371799267828,
1291,0.032096,-0.458291399292648,-0.474371799267828,
1292,0.0321984,-0.458291399292648,-0.474371799267828,
1293,0.0323008,-0.458291399292648,-0.474371799267828,
1294,0.0324032,-0.450251199305058,-0.466331599280238,
1295,0.0325056,-0.450251199305058,-0.466331599280238,
1296,0.032608,-0.450251199305058,-0.466331599280238,
1297,0.0327104,-0.434170799329877,-0.466331599280238,
1298,0.0328128,-0.426130599342287,-0.466331599280238,
1299,0.0329152,-0.426130599342287,-0.458291399292648,
1300,0.0330176,-0.426130599342287,-0.450251199305058,
1301,0.03312,-0.418090399354696,-0.450251199305058,
1302,0.0332224,-0.402009999379516,-0.442210999317467,
1303,0.0333248,-0.402009999379516,-0.442210999317467,
1304,0.0334272,-0.393969799391925,-0.442210999317467,
1305,0.0335296,-0.393969799391925,-0.434170799329877,
1306,0.033632,-0.377889399416745,-0.426130599342287,
1307,0.0337344,-0.377889399416745,-0.426130599342287,
1308,0.0338368,-0.361808999441564,-0.418090399354696,
1309,0.0339392,-0.353768799453974,-0.410050199367106,
1310,0.0340416,-0.353768799453974,-0.410050199367106,
1311,0.034144,-0.345728599466383,-0.410050199367106,
1312,0.0342464,-0.345728599466383,-0.402009999379516,
1313,0.0343488,-0.337688399478793,-0.385929599404335,
1314,0.0344512,-0.329648199491203,-0.385929599404335,
1315,0.0345536,-0.321607999503613,-0.377889399416745,
1316,0.034656,-0.313567799516022,-0.369849199429154,
1317,0.0347584,-0.297487399540842,-0.369849199429154,
1318,0.0348608,-0.289447199553251,-0.361808999441564,
1319,0.0349632,-0.289447199553251,-0.353768799453974,
1320,0.0350656,-0.273366799578071,-0.369849199429154,
1321,0.035168,-0.273366799578071,-0.345728599466383,
1322,0.0352704,-0.26532659959048,-0.329648199491203,
1323,0.0353728,-0.25728639960289,-0.329648199491203,
1324,0.0354752,-0.2492461996153,-0.313567799516022,
1325,0.0355776,-0.241205999627709,-0.305527599528432,
1326,0.03568,-0.233165799640119,-0.297487399540842,
1327,0.0357824,-0.217085399664938,-0.297487399540842,
1328,0.0358848,-0.201004999689758,-0.289447199553251,
1329,0.0359872,-0.201004999689758,-0.281406999565661,
1330,0.0360896,-0.201004999689758,-0.26532659959048,
1331,0.036192,-0.184924599714577,-0.26532659959048,
1332,0.0362944,-0.168844199739397,-0.2492461996153,
1333,0.0363968,-0.160803999751806,-0.25728639960289,
1334,0.0364992,-0.160803999751806,-0.241205999627709,
1335,0.0366016,-0.144723599776626,-0.233165799640119,
1336,0.036704,-0.136683399789035,-0.225125599652529,
1337,0.0368064,-0.128643199801445,-0.217085399664938,
1338,0.0369088,-0.120602999813855,-0.209045199677348,
1339,0.0370112,-0.112562799826264,-0.192964799702168,
1340,0.0371136,-0.104522599838674,-0.192964799702168,
1341,0.037216,-0.0884421998634934,-0.184924599714577,
1342,0.0373184,-0.0884421998634934,-0.176884399726987,
1343,0.0374208,-0.0723617998883128,-0.160803999751806,
1344,0.0375232,-0.0562813999131322,-0.152763799764216,
1345,0.0376256,-0.0562813999131322,-0.144723599776626,
1346,0.037728,-0.0482411999255419,-0.136683399789035,
1347,0.0378304,-0.0402009999379516,-0.120602999813855,
1348,0.0379328,-0.0241205999627709,-0.120602999813855,
1349,0.0380352,-0.0160803999751806,-0.112562799826264,
1350,0.0381376,0,-0.104522599838674,
1351,0.03824,0,-0.0884421998634934,
1352,0.0383424,0.00804019998759031,-0.0884421998634934,
1353,0.0384448,0.0241205999627709,-0.0723617998883128,
1354,0.0385472,0.0402009999379516,-0.0643215999007225,
1355,0.0386496,0.0482411999255419,-0.0643215999007225,
1356,0.038752,0.0482411999255419,-0.0482411999255419,
1357,0.0388544,0.0643215999007225,-0.0321607999503613,
1358,0.0389568,0.0723617998883128,-0.0241205999627709,
1359,0.0390592,0.0723617998883128,-0.0160803999751806,
1360,0.0391616,0.0964823998510838,-0.00804019998759031,
1361,0.039264,0.0964823998510838,0.00804019998759031,
1362,0.0393664,0.112562799826264,0.0160803999751806,
1363,0.0394688,0.120602999813855,0.0241205999627709,
1364,0.0395712,0.120602999813855,0.0321607999503613,
1365,0.0396736,0.136683399789035,0.0321607999503613,
1366,0.039776,0.144723599776626,0.0482411999255419,
1367,0.0398784,0.160803999751806,0.0562813999131322,
1368,0.0399808,0.160803999751806,0.0643215999007225,
1369,0.0400832,0.168844199739397,0.0723617998883128,
1370,0.0401856,0.184924599714577,0.0964823998510838,
1371,0.040288,0.192964799702168,0.0964823998510838,
1372,0.0403904,0.201004999689758,0.104522599838674,
1373,0.0404928,0.209045199677348,0.112562799826264,
1374,0.0405952,0.225125599652529,0.120602999813855,
1375,0.0406976,0.233165799640119,0.136683399789035,
1376,0.0408,0.241205999627709,0.136683399789035,
1377,0.0409024,0.2492461996153,0.152763799764216,
1378,0.0410048,0.2492461996153,0.160803999751806,
1379,0.0411072,0.25728639960289,0.160803999751806,
1380,0.0412096,0.273366799578071,0.184924599714577,
1381,0.041312,0.273366799578071,0.192964799702168,
1382,0.0414144,0.289447199553251,0.192964799702168,
1383,0.0415168,0.297487399540842,0.201004999689758,
1384,0.0416192,0.305527599528432,0.209045199677348,
1385,0.0417216,0.305527599528432,0.225125599652529,
1386,0.041824,0.305527599528432,0.233165799640119,
1387,0.0419264,0.329648199491203,0.241205999627709,
1388,0.0420288,0.329648199491203,0.2492461996153,
1389,0.0421312,0.329648199491203,0.25728639960289,
1390,0.0422336,0.345728599466383,0.26532659959048,
1391,0.042336,0.353768799453974,0.273366799578071,
1392,0.0424384,0.361808999441564,0.281406999565661,
1393,0.0425408,0.369849199429154,0.281406999565661,
1394,0.0426432,0.369849199429154,0.289447199553251,
1395,0.0427456,0.377889399416745,0.297487399540842,
1396,0.042848,0.377889399416745,0.305527599528432,
1397,0.0429504,0.369849199429154,0.305527599528432,
1398,0.0430528,0.393969799391925,0.321607999503613,
1399,0.0431552,0.393969799391925,0.329648199491203,
1400,0.0432576,0.410050199367106,0.337688399478793,
1401,0.04336,0.410050199367106,0.345728599466383,
1402,0.0434624,0.418090399354696,0.353768799453974,
1403,0.0435648,0.418090399354696,0.353768799453974,
1404,0.0436672,0.434170799329877,0.369849199429154,
1405,0.0437696,0.434170799329877,0.369849199429154,
1406,0.043872,0.434170799329877,0.369849199429154,
1407,0.0439744,0.442210999317467,0.377889399416745,
1408,0.0440768,0.442210999317467,0.385929599404335,
1409,0.0441792,0.458291399292648,0.385929599404335,
1410,0.0442816,0.458291399292648,0.393969799391925,
1411,0.044384,0.450251199305058,0.410050199367106,
1412,0.0444864,0.466331599280238,0.410050199367106,
1413,0.0445888,0.466331599280238,0.418090399354696,
1414,0.0446912,0.466331599280238,0.418090399354696,
1415,0.0447936,0.466331599280238,0.418090399354696,
1416,0.044896,0.474371799267828,0.426130599342287,
1417,0.0449984,0.474371799267828,0.434170799329877,
1418,0.0451008,0.482411999255419,0.434170799329877,
1419,0.0452032,0.482411999255419,0.442210999317467,
1420,0.0453056,0.482411999255419,0.450251199305058,
1421,0.045408,0.490452199243009,0.450251199305058,
1422,0.0455104,0.490452199243009,0.458291399292648,
1423,0.0456128,0.490452199243009,0.458291399292648,
1424,0.0457152,0.490452199243009,0.458291399292648,
1425,0.0458176,0.498492399230599,0.458291399292648,
1426,0.04592,0.490452199243009,0.458291399292648,
1427,0.0460224,0.498492399230599,0.458291399292648,
1428,0.0461248,0.490452199243009,0.466331599280238,
1429,0.0462272,0.50653259921819,0.466331599280238,
1430,0.0463296,0.490452199243009,0.466331599280238,
1431,0.046432,0.498492399230599,0.474371799267828,
1432,0.0465344,0.490452199243009,0.482411999255419,
1433,0.0466368,0.498492399230599,0.482411999255419,
1434,0.0467392,0.498492399230599,0.482411999255419,
1435,0.0468416,0.498492399230599,0.482411999255419,
1436,0.046944,0.498492399230599,0.490452199243009,
1437,0.0470464,0.482411999255419,0.474371799267828,
1438,0.0471488,0.490452199243009,0.482411999255419,
1439,0.0472512,0.498492399230599,0.490452199243009,
1440,0.0473536,0.482411999255419,0.482411999255419,
1441,0.047456,0.490452199243009,0.482411999255419,
1442,0.0475584,0.490452199243009,0.490452199243009,
1443,0.0476608,0.490452199243009,0.482411999255419,
1444,0.0477632,0.482411999255419,0.482411999255419,
1445,0.0478656,0.482411999255419,0.482411999255419,
1446,0.047968,0.474371799267828,0.490452199243009,
1447,0.0480704,0.474371799267828,0.482411999255419,
1448,0.0481728,0.474371799267828,0.474371799267828,
1449,0.0482752,0.466331599280238,0.482411999255419,
1450,0.0483776,0.466331599280238,0.482411999255419,
1451,0.04848,0.458291399292648,0.474371799267828,
1452,0.0485824,0.450251199305058,0.474371799267828,
1453,0.0486848,0.450251199305058,0.474371799267828,
1454,0.0487872,0.442210999317467,0.482411999255419,
1455,0.0488896,0.450251199305058,0.466331599280238,
1456,0.048992,0.442210999317467,0.474371799267828,
1457,0.0490944,0.434170799329877,0.458291399292648,
1458,0.0491968,0.434170799329877,0.466331599280238,
1459,0.0492992,0.434170799329877,0.458291399292648,
1460,0.0494016,0.418090399354696,0.450251199305058,
1461,0.049504,0.410050199367106,0.442210999317467,
1462,0.0496064,0.410050199367106,0.450251199305058,
1463,0.0497088,0.410050199367106,0.450251199305058,
1464,0.0498112,0.402009999379516,0.442210999317467,
1465,0.0499136,0.393969799391925,0.442210999317467,
1466,0.050016,0.385929599404335,0.434170799329877,
1467,0.0501184,0.385929599404335,0.426130599342287,
1468,0.0502208,0.377889399416745,0.426130599342287,
1469,0.0503232,0.361808999441564,0.426130599342287,
1470,0.0504256,0.361808999441564,0.418090399354696,
1471,0.050528,0.353768799453974,0.418090399354696,
1472,0.0506304,0.353768799453974,0.410050199367106,
1473,0.0507328,0.337688399478793,0.402009999379516,
1474,0.0508352,0.329648199491203,0.393969799391925,
1475,0.0509376,0.329648199491203,0.393969799391925,
1476,0.05104,0.313567799516022,0.377889399416745,
1477,0.0511424,0.305527599528432,0.385929599404335,
1478,0.0512448,0.305527599528432,0.377889399416745,
1479,0.0513472,0.297487399540842,0.361808999441564,
1480,0.0514496,0.297487399540842,0.369849199429154,
1481,0.051552,0.281406999565661,0.353768799453974,
1482,0.0516544,0.273366799578071,0.345728599466383,
1483,0.0517568,0.26532659959048,0.337688399478793,
1484,0.0518592,0.25728639960289,0.337688399478793,
1485,0.0519616,0.2492461996153,0.321607999503613,
1486,0.052064,0.233165799640119,0.313567799516022,
1487,0.0521664,0.233165799640119,0.321607999503613,
1488,0.0522688,0.225125599652529,0.305527599528432,
1489,0.0523712,0.217085399664938,0.297487399540842,
1490,0.0524736,0.209045199677348,0.289447199553251,
1491,0.052576,0.201004999689758,0.273366799578071,
1492,0.0526784,0.184924599714577,0.273366799578071,
1493,0.0527808,0.176884399726987,0.26532659959048,
1494,0.0528832,0.176884399726987,0.25728639960289,
1495,0.0529856,0.160803999751806,0.2492461996153,
1496,0.053088,0.160803999751806,0.241205999627709,
1497,0.0531904,0.144723599776626,0.233165799640119,
1498,0.0532928,0.128643199801445,0.225125599652529,
1499,0.0533952,0.120602999813855,0.217085399664938,
1500,0.0534976,0.120602999813855,0.209045199677348,
1501,0.0536,0.104522599838674,0.201004999689758,
1502,0.0537024,0.0964823998510838,0.192964799702168,
1503,0.0538048,0.0884421998634934,0.176884399726987,
1504,0.0539072,0.0723617998883128,0.168844199739397,
1505,0.0540096,0.0723617998883128,0.168844199739397,
1506,0.054112,0.0562813999131322,0.152763799764216,
1507,0.0542144,0.0482411999255419,0.144723599776626,
1508,0.0543168,0.0402009999379516,0.136683399789035,
1509,0.0544192,0.0321607999503613,0.128643199801445,
1510,0.0545216,0.0160803999751806,0.120602999813855,
1511,0.054624,0.00804019998759031,0.104522599838674,
1512,0.0547264,0,0.0964823998510838,
1513,0.0548288,-0.00804019998759031,0.0884421998634934,
1514,0.0549312,-0.0241205999627709,0.0884421998634934,
1515,0.0550336,-0.0321607999503613,0.0723617998883128,
1516,0.055136,-0.0321607999503613,0.0562813999131322,
1517,0.0552384,-0.0402009999379516,0.0562813999131322,
1518,0.0553408,-0.0562813999131322,0.0402009999379516,
1519,0.0554432,-0.0562813999131322,0.0321607999503613,
1520,0.0555456,-0.0723617998883128,0.0241205999627709,
1521,0.055648,-0.0804019998759031,0.0160803999751806,
1522,0.0557504,-0.0964823998510838,0.00804019998759031,
1523,0.0558528,-0.112562799826264,-0.00804019998759031,
1524,0.0559552,-0.112562799826264,-0.00804019998759031,
1525,0.0560576,-0.120602999813855,-0.0160803999751806,
1526,0.05616,-0.136683399789035,-0.0321607999503613,
1527,0.0562624,-0.136683399789035,-0.0402009999379516,
1528,0.0563648,-0.144723599776626,-0.0482411999255419,
1529,0.0564672,-0.168844199739397,-0.0562813999131322,
1530,0.0565696,-0.160803999751806,-0.0562813999131322,
1531,0.056672,-0.184924599714577,-0.0804019998759031,
1532,0.0567744,-0.192964799702168,-0.0804019998759031,
1533,0.0568768,-0.192964799702168,-0.0964823998510838,
1534,0.0569792,-0.209045199677348,-0.104522599838674,
1535,0.0570816,-0.209045199677348,-0.112562799826264,
1536,0.057184,-0.225125599652529,-0.120602999813855,
1537,0.0572864,-0.233165799640119,-0.136683399789035,
1538,0.0573888,-0.241205999627709,-0.136683399789035,
1539,0.0574912,-0.2492461996153,-0.144723599776626,
1540,0.0575936,-0.2492461996153,-0.152763799764216,
1541,0.057696,-0.26532659959048,-0.168844199739397,
1542,0.0577984,-0.273366799578071,-0.176884399726987,
1543,0.0579008,-0.281406999565661,-0.192964799702168,
1544,0.0580032,-0.289447199553251,-0.184924599714577,
1545,0.0581056,-0.297487399540842,-0.201004999689758,
1546,0.058208,-0.305527599528432,-0.209045199677348,
1547,0.0583104,-0.313567799516022,-0.225125599652529,
1548,0.0584128,-0.321607999503613,-0.225125599652529,
1549,0.0585152,-0.329648199491203,-0.233165799640119,
1550,0.0586176,-0.345728599466383,-0.2492461996153,
1551,0.05872,-0.337688399478793,-0.25728639960289,
1552,0.0588224,-0.353768799453974,-0.26532659959048,
1553,0.0589248,-0.353768799453974,-0.273366799578071,
1554,0.0590272,-0.361808999441564,-0.273366799578071,
1555,0.0591296,-0.377889399416745,-0.289447199553251,
1556,0.059232,-0.377889399416745,-0.289447199553251,
1557,0.0593344,-0.377889399416745,-0.297487399540842,
1558,0.0594368,-0.385929599404335,-0.305527599528432,
1559,0.0595392,-0.393969799391925,-0.321607999503613,
1560,0.0596416,-0.402009999379516,-0.321607999503613,
1561,0.059744,-0.410050199367106,-0.321607999503613,
1562,0.0598464,-0.410050199367106,-0.337688399478793,
1563,0.0599488,-0.410050199367106,-0.345728599466383,
1564,0.0600512,-0.426130599342287,-0.345728599466383,
1565,0.0601536,-0.434170799329877,-0.353768799453974,
1566,0.060256,-0.434170799329877,-0.353768799453974,
1567,0.0603584,-0.434170799329877,-0.369849199429154,
1568,0.0604608,-0.450251199305058,-0.377889399416745,
1569,0.0605632,-0.450251199305058,-0.377889399416745,
1570,0.0606656,-0.450251199305058,-0.377889399416745,
1571,0.060768,-0.450251199305058,-0.393969799391925,
1572,0.0608704,-0.458291399292648,-0.393969799391925,
1573,0.0609728,-0.466331599280238,-0.402009999379516,
1574,0.0610752,-0.466331599280238,-0.410050199367106,
1575,0.0611776,-0.474371799267828,-0.418090399354696,
1576,0.06128,-0.474371799267828,-0.418090399354696,
1577,0.0613824,-0.474371799267828,-0.418090399354696,
1578,0.0614848,-0.482411999255419,-0.426130599342287,
1579,0.0615872,-0.482411999255419,-0.434170799329877,
1580,0.0616896,-0.490452199243009,-0.434170799329877,
1581,0.061792,-0.490452199243009,-0.442210999317467,
1582,0.0618944,-0.490452199243009,-0.450251199305058,
1583,0.0619968,-0.490452199243009,-0.458291399292648,
1584,0.0620992,-0.498492399230599,-0.458291399292648,
1585,0.0622016,-0.50653259921819,-0.458291399292648,
1586,0.062304,-0.50653259921819,-0.466331599280238,
1587,0.0624064,-0.498492399230599,-0.458291399292648,
1588,0.0625088,-0.50653259921819,-0.466331599280238,
1589,0.0626112,-0.498492399230599,-0.474371799267828,
1590,0.0627136,-0.498492399230599,-0.474371799267828,
1591,0.062816,-0.50653259921819,-0.474371799267828,
1592,0.0629184,-0.50653259921819,-0.474371799267828,
1593,0.0630208,-0.498492399230599,-0.474371799267828,
1594,0.0631232,-0.498492399230599,-0.482411999255419,
1595,0.0632256,-0.50653259921819,-0.482411999255419,
1596,0.063328,-0.50653259921819,-0.482411999255419,
1597,0.0634304,-0.50653259921819,-0.490452199243009,
1598,0.0635328,-0.498492399230599,-0.490452199243009,
1599,0.0636352,-0.498492399230599,-0.490452199243009,
1600,0.0637376,-0.51457279920578,-0.490452199243009,
1601,0.06384,-0.498492399230599,-0.490452199243009,
1602,0.0639424,-0.498492399230599,-0.490452199243009,
1603,0.0640448,-0.490452199243009,-0.490452199243009,
1604,0.0641472,-0.498492399230599,-0.490452199243009,
1605,0.0642496,-0.490452199243009,-0.490452199243009,
1606,0.064352,-0.498492399230599,-0.490452199243009,
1607,0.0644544,-0.498492399230599,-0.498492399230599,
1608,0.0645568,-0.482411999255419,-0.490452199243009,
1609,0.0646592,-0.490452199243009,-0.498492399230599,
1610,0.0647616,-0.474371799267828,-0.490452199243009,
1611,0.064864,-0.482411999255419,-0.482411999255419,
1612,0.0649664,-0.482411999255419,-0.498492399230599,
1613,0.0650688,-0.482411999255419,-0.482411999255419,
1614,0.0651712,-0.466331599280238,-0.474371799267828,
1615,0.0652736,-0.466331599280238,-0.482411999255419,
1616,0.065376,-0.458291399292648,-0.482411999255419,
1617,0.0654784,-0.450251199305058,-0.482411999255419,
1618,0.0655808,-0.458291399292648,-0.474371799267828,
1619,0.0656832,-0.450251199305058,-0.474371799267828,
1620,0.0657856,-0.450251199305058,-0.474371799267828,
1621,0.065888,-0.434170799329877,-0.466331599280238,
1622,0.0659904,-0.434170799329877,-0.466331599280238,
1623,0.0660928,-0.426130599342287,-0.458291399292648,
1624,0.0661952,-0.426130599342287,-0.458291399292648,
1625,0.0662976,-0.418090399354696,-0.458291399292648,
1626,0.0664,-0.410050199367106,-0.450251199305058,
1627,0.0665024,-0.402009999379516,-0.450251199305058,
1628,0.0666048,-0.410050199367106,-0.442210999317467,
1629,0.0667072,-0.393969799391925,-0.442210999317467,
1630,0.0668096,-0.385929599404335,-0.434170799329877,
1631,0.066912,-0.393969799391925,-0.434170799329877,
1632,0.0670144,-0.377889399416745,-0.426130599342287,
1633,0.0671168,-0.369849199429154,-0.418090399354696,
1634,0.0672192,-0.361808999441564,-0.418090399354696,
1635,0.0673216,-0.353768799453974,-0.426130599342287,
1636,0.067424,-0.345728599466383,-0.402009999379516,
1637,0.0675264,-0.345728599466383,-0.402009999379516,
1638,0.0676288,-0.329648199491203,-0.385929599404335,
1639,0.0677312,-0.329648199491203,-0.393969799391925,
1640,0.0678336,-0.321607999503613,-0.377889399416745,
1641,0.067936,-0.313567799516022,-0.377889399416745,
1642,0.0680384,-0.305527599528432,-0.377889399416745,
1643,0.0681408,-0.297487399540842,-0.369849199429154,
1644,0.0682432,-0.289447199553251,-0.361808999441564,
1645,0.0683456,-0.281406999565661,-0.353768799453974,
1646,0.068448,-0.273366799578071,-0.337688399478793,
1647,0.0685504,-0.26532659959048,-0.337688399478793,
1648,0.0686528,-0.2492461996153,-0.329648199491203,
1649,0.0687552,-0.2492461996153,-0.321607999503613,
1650,0.0688576,-0.241205999627709,-0.321607999503613,
1651,0.06896,-0.241205999627709,-0.313567799516022,
1652,0.0690624,-0.225125599652529,-0.297487399540842,
1653,0.0691648,-0.217085399664938,-0.297487399540842,
1654,0.0692672,-0.209045199677348,-0.281406999565661,
1655,0.0693696,-0.201004999689758,-0.281406999565661,
1656,0.069472,-0.192964799702168,-0.273366799578071,
1657,0.0695744,-0.176884399726987,-0.25728639960289,
1658,0.0696768,-0.160803999751806,-0.25728639960289,
1659,0.0697792,-0.160803999751806,-0.241205999627709,
1660,0.0698816,-0.152763799764216,-0.233165799640119,
1661,0.069984,-0.144723599776626,-0.233165799640119,
1662,0.0700864,-0.144723599776626,-0.217085399664938,
1663,0.0701888,-0.128643199801445,-0.209045199677348,
1664,0.0702912,-0.112562799826264,-0.209045199677348,
1665,0.0703936,-0.112562799826264,-0.192964799702168,
1666,0.070496,-0.0964823998510838,-0.184924599714577,
1667,0.0705984,-0.0884421998634934,-0.176884399726987,
1668,0.0707008,-0.0804019998759031,-0.168844199739397,
1669,0.0708032,-0.0643215999007225,-0.160803999751806,
1670,0.0709056,-0.0562813999131322,-0.152763799764216,
1671,0.071008,-0.0482411999255419,-0.144723599776626,
1672,0.0711104,-0.0241205999627709,-0.128643199801445,
1673,0.0712128,-0.0321607999503613,-0.120602999813855,
1674,0.0713152,-0.0241205999627709,-0.112562799826264,
1675,0.0714176,-0.0160803999751806,-0.112562799826264,
1676,0.07152,0,-0.0964823998510838,
1677,0.0716224,0.00804019998759031,-0.0884421998634934,
1678,0.0717248,0.0160803999751806,-0.0804019998759031,
1679,0.0718272,0.0321607999503613,-0.0643215999007225,
1680,0.0719296,0.0402009999379516,-0.0562813999131322,
1681,0.072032,0.0402009999379516,-0.0482411999255419,
1682,0.0721344,0.0562813999131322,-0.0321607999503613,
1683,0.0722368,0.0723617998883128,-0.0241205999627709,
1684,0.0723392,0.0804019998759031,-0.0241205999627709,
1685,0.0724416,0.0884421998634934,-0.0160803999751806,
1686,0.072544,0.0964823998510838,-0.00804019998759031,
1687,0.0726464,0.104522599838674,0,
1688,0.0727488,0.112562799826264,0.0160803999751806,
1689,0.0728512,0.120602999813855,0.0321607999503613,
1690,0.0729536,0.136683399789035,0.0321607999503613,
1691,0.073056,0.144723599776626,0.0482411999255419,
1692,0.0731584,0.152763799764216,0.0562813999131322,
1693,0.0732608,0.152763799764216,0.0643215999007225,
1694,0.0733632,0.168844199739397,0.0723617998883128,
1695,0.0734656,0.168844199739397,0.0884421998634934,
1696,0.073568,0.184924599714577,0.104522599838674,
1697,0.0736704,0.201004999689758,0.104522599838674,
1698,0.0737728,0.209045199677348,0.112562799826264,
1699,0.0738752,0.217085399664938,0.120602999813855,
1700,0.0739776,0.225125599652529,0.136683399789035,
1701,0.07408,0.225125599652529,0.136683399789035,
1702,0.0741824,0.2492461996153,0.144723599776626,
1703,0.0742848,0.241205999627709,0.152763799764216,
1704,0.0743872,0.25728639960289,0.168844199739397,
1705,0.0744896,0.281406999565661,0.168844199739397,
1706,0.074592,0.26532659959048,0.184924599714577,
1707,0.0746944,0.281406999565661,0.192964799702168,
1708,0.0747968,0.289447199553251,0.201004999689758,
1709,0.0748992,0.297487399540842,0.209045199677348,
1710,0.0750016,0.305527599528432,0.217085399664938,
1711,0.075104,0.313567799516022,0.225125599652529,
1712,0.0752064,0.321607999503613,0.241205999627709,
1713,0.0753088,0.321607999503613,0.241205999627709,
1714,0.0754112,0.337688399478793,0.2492461996153,
1715,0.0755136,0.345728599466383,0.25728639960289,
1716,0.075616,0.337688399478793,0.273366799578071,
1717,0.0757184,0.353768799453974,0.281406999565661,
1718,0.0758208,0.353768799453974,0.281406999565661,
1719,0.0759232,0.361808999441564,0.289447199553251,
1720,0.0760256,0.377889399416745,0.297487399540842,
1721,0.076128,0.377889399416745,0.305527599528432,
1722,0.0762304,0.385929599404335,0.313567799516022,
1723,0.0763328,0.385929599404335,0.321607999503613,
1724,0.0764352,0.402009999379516,0.321607999503613,
1725,0.0765376,0.402009999379516,0.329648199491203,
1726,0.07664,0.410050199367106,0.337688399478793,
1727,0.0767424,0.418090399354696,0.345728599466383,
1728,0.0768448,0.426130599342287,0.361808999441564,
1729,0.0769472,0.410050199367106,0.361808999441564,
1730,0.0770496,0.434170799329877,0.369849199429154,
1731,0.077152,0.426130599342287,0.369849199429154,
1732,0.0772544,0.442210999317467,0.377889399416745,
1733,0.0773568,0.442210999317467,0.393969799391925,
1734,0.0774592,0.442210999317467,0.385929599404335,
1735,0.0775616,0.442210999317467,0.393969799391925,
1736,0.077664,0.458291399292648,0.393969799391925,
1737,0.0777664,0.466331599280238,0.402009999379516,
1738,0.0778688,0.466331599280238,0.410050199367106,
1739,0.0779712,0.466331599280238,0.418090399354696,
1740,0.0780736,0.466331599280238,0.418090399354696,
1741,0.078176,0.466331599280238,0.426130599342287,
1742,0.0782784,0.474371799267828,0.434170799329877,
1743,0.0783808,0.474371799267828,0.442210999317467,
1744,0.0784832,0.474371799267828,0.434170799329877,
1745,0.0785856,0.482411999255419,0.442210999317467,
1746,0.078688,0.490452199243009,0.442210999317467,
1747,0.0787904,0.490452199243009,0.458291399292648,
1748,0.0788928,0.482411999255419,0.458291399292648,
1749,0.0789952,0.482411999255419,0.458291399292648,
1750,0.0790976,0.482411999255419,0.458291399292648,
1751,0.0792,0.490452199243009,0.466331599280238,
1752,0.0793024,0.498492399230599,0.458291399292648,
1753,0.0794048,0.498492399230599,0.466331599280238,
1754,0.0795072,0.498492399230599,0.466331599280238,
1755,0.0796096,0.490452199243009,0.474371799267828,
1756,0.079712,0.498492399230599,0.474371799267828,
1757,0.0798144,0.498492399230599,0.474371799267828,
1758,0.0799168,0.498492399230599,0.482411999255419,
1759,0.0800192,0.498492399230599,0.482411999255419,
1760,0.0801216,0.490452199243009,0.482411999255419,
1761,0.080224,0.498492399230599,0.482411999255419,
1762,0.0803264,0.490452199243009,0.490452199243009,
1763,0.0804288,0.498492399230599,0.482411999255419,
1764,0.0805312,0.490452199243009,0.482411999255419,
1765,0.0806336,0.482411999255419,0.498492399230599,
1766,0.080736,0.490452199243009,0.482411999255419,
1767,0.0808384,0.482411999255419,0.482411999255419,
1768,0.0809408,0.482411999255419,0.490452199243009,
1769,0.0810432,0.490452199243009,0.490452199243009,
1770,0.0811456,0.482411999255419,0.482411999255419,
1771,0.081248,0.482411999255419,0.490452199243009,
1772,0.0813504,0.482411999255419,0.490452199243009,
1773,0.0814528,0.474371799267828,0.482411999255419,
1774,0.0815552,0.466331599280238,0.474371799267828,
1775,0.0816576,0.458291399292648,0.482411999255419,
1776,0.08176,0.458291399292648,0.474371799267828,
1777,0.0818624,0.458291399292648,0.474371799267828,
1778,0.0819648,0.458291399292648,0.474371799267828,
1779,0.0820672,0.450251199305058,0.466331599280238,
1780,0.0821696,0.450251199305058,0.474371799267828,
1781,0.082272,0.442210999317467,0.474371799267828,
1782,0.0823744,0.442210999317467,0.466331599280238,
1783,0.0824768,0.434170799329877,0.458291399292648,
1784,0.0825792,0.434170799329877,0.458291399292648,
1785,0.0826816,0.426130599342287,0.458291399292648,
1786,0.082784,0.434170799329877,0.458291399292648,
1787,0.0828864,0.410050199367106,0.450251199305058,
1788,0.0829888,0.402009999379516,0.442210999317467,
1789,0.0830912,0.410050199367106,0.442210999317467,
1790,0.0831936,0.402009999379516,0.442210999317467,
1791,0.083296,0.393969799391925,0.442210999317467,
1792,0.0833984,0.385929599404335,0.434170799329877,
1793,0.0835008,0.385929599404335,0.426130599342287,
1794,0.0836032,0.377889399416745,0.434170799329877,
1795,0.0837056,0.369849199429154,0.418090399354696,
1796,0.083808,0.361808999441564,0.410050199367106,
1797,0.0839104,0.345728599466383,0.410050199367106,
1798,0.0840128,0.345728599466383,0.402009999379516,
1799,0.0841152,0.345728599466383,0.402009999379516,
1800,0.0842176,0.345728599466383,0.393969799391925,
1801,0.08432,0.321607999503613,0.385929599404335,
1802,0.0844224,0.313567799516022,0.377889399416745,
1803,0.0845248,0.313567799516022,0.377889399416745,
1804,0.0846272,0.305527599528432,0.361808999441564,
1805,0.0847296,0.297487399540842,0.361808999441564,
1806,0.084832,0.289447199553251,0.353768799453974,
1807,0.0849344,0.273366799578071,0.353768799453974,
1808,0.0850368,0.281406999565661,0.345728599466383,
1809,0.0851392,0.26532659959048,0.337688399478793,
1810,0.0852416,0.2492461996153,0.329648199491203,
1811,0.085344,0.233165799640119,0.321607999503613,
1812,0.0854464,0.241205999627709,0.313567799516022,
1813,0.0855488,0.233165799640119,0.305527599528432,
1814,0.0856512,0.217085399664938,0.297487399540842,
1815,0.0857536,0.217085399664938,0.289447199553251,
1816,0.085856,0.209045199677348,0.289447199553251,
1817,0.0859584,0.192964799702168,0.281406999565661,
1818,0.0860608,0.192964799702168,0.26532659959048,
1819,0.0861632,0.168844199739397,0.25728639960289,
1820,0.0862656,0.160803999751806,0.25728639960289,
1821,0.086368,0.152763799764216,0.2492461996153,
1822,0.0864704,0.152763799764216,0.241205999627709,
1823,0.0865728,0.144723599776626,0.233165799640119,
1824,0.0866752,0.128643199801445,0.225125599652529,
1825,0.0867776,0.120602999813855,0.209045199677348,
1826,0.08688,0.112562799826264,0.201004999689758,
1827,0.0869824,0.104522599838674,0.192964799702168,
1828,0.0870848,0.0884421998634934,0.184924599714577,
1829,0.0871872,0.0804019998759031,0.176884399726987,
1830,0.0872896,0.0723617998883128,0.168844199739397,
1831,0.087392,0.0562813999131322,0.152763799764216,
1832,0.0874944,0.0562813999131322,0.144723599776626,
1833,0.0875968,0.0482411999255419,0.136683399789035,
1834,0.0876992,0.0321607999503613,0.136683399789035,
1835,0.0878016,0.0241205999627709,0.120602999813855,
1836,0.087904,0.00804019998759031,0.120602999813855,
1837,0.0880064,0.00804019998759031,0.112562799826264,
1838,0.0881088,-0.00804019998759031,0.0964823998510838,
1839,0.0882112,-0.00804019998759031,0.0884421998634934,
1840,0.0883136,-0.0241205999627709,0.0804019998759031,
1841,0.088416,-0.0321607999503613,0.0723617998883128,
1842,0.0885184,-0.0402009999379516,0.0562813999131322,
1843,0.0886208,-0.0482411999255419,0.0482411999255419,
1844,0.0887232,-0.0643215999007225,0.0321607999503613,
1845,0.0888256,-0.0482411999255419,0.0321607999503613,
1846,0.088928,-0.0804019998759031,0.0241205999627709,
1847,0.0890304,-0.0804019998759031,0.0160803999751806,
1848,0.0891328,-0.0964823998510838,0,
1849,0.0892352,-0.104522599838674,-0.0160803999751806,
1850,0.0893376,-0.112562799826264,-0.0160803999751806,
1851,0.08944,-0.136683399789035,-0.0241205999627709,
1852,0.0895424,-0.136683399789035,-0.0321607999503613,
1853,0.0896448,-0.136683399789035,-0.0482411999255419,
1854,0.0897472,-0.152763799764216,-0.0562813999131322,
1855,0.0898496,-0.168844199739397,-0.0643215999007225,
1856,0.089952,-0.168844199739397,-0.0723617998883128,
1857,0.0900544,-0.176884399726987,-0.0723617998883128,
1858,0.0901568,-0.184924599714577,-0.0884421998634934,
1859,0.0902592,-0.201004999689758,-0.104522599838674,
1860,0.0903616,-0.209045199677348,-0.104522599838674,
1861,0.090464,-0.217085399664938,-0.104522599838674,
1862,0.0905664,-0.225125599652529,-0.120602999813855,
1863,0.0906688,-0.233165799640119,-0.136683399789035,
1864,0.0907712,-0.2492461996153,-0.152763799764216,
1865,0.0908736,-0.25728639960289,-0.152763799764216,
1866,0.090976,-0.26532659959048,-0.160803999751806,
1867,0.0910784,-0.273366799578071,-0.168844199739397,
1868,0.0911808,-0.281406999565661,-0.176884399726987,
1869,0.0912832,-0.281406999565661,-0.192964799702168,
1870,0.0913856,-0.297487399540842,-0.192964799702168,
1871,0.091488,-0.305527599528432,-0.209045199677348,
1872,0.0915904,-0.305527599528432,-0.217085399664938,
1873,0.0916928,-0.321607999503613,-0.225125599652529,
1874,0.0917952,-0.329648199491203,-0.233165799640119,
1875,0.0918976,-0.329648199491203,-0.2492461996153,
1876,0.092,-0.337688399478793,-0.25728639960289,
1877,0.0921024,-0.345728599466383,-0.25728639960289,
1878,0.0922048,-0.353768799453974,-0.26532659959048,
1879,0.0923072,-0.353768799453974,-0.273366799578071,
1880,0.0924096,-0.361808999441564,-0.281406999565661,
1881,0.092512,-0.369849199429154,-0.281406999565661,
1882,0.0926144,-0.377889399416745,-0.297487399540842,
1883,0.0927168,-0.385929599404335,-0.305527599528432,
1884,0.0928192,-0.393969799391925,-0.313567799516022,
1885,0.0929216,-0.393969799391925,-0.321607999503613,
1886,0.093024,-0.402009999379516,-0.329648199491203,
1887,0.0931264,-0.410050199367106,-0.337688399478793,
1888,0.0932288,-0.410050199367106,-0.345728599466383,
1889,0.0933312,-0.426130599342287,-0.353768799453974,
1890,0.0934336,-0.426130599342287,-0.353768799453974,
1891,0.093536,-0.434170799329877,-0.353768799453974,
1892,0.0936384,-0.442210999317467,-0.361808999441564,
1893,0.0937408,-0.442210999317467,-0.369849199429154,
1894,0.0938432,-0.442210999317467,-0.377889399416745,
1895,0.0939456,-0.450251199305058,-0.385929599404335,
1896,0.094048,-0.458291399292648,-0.393969799391925,
1897,0.0941504,-0.450251199305058,-0.393969799391925,
1898,0.0942528,-0.474371799267828,-0.402009999379516,
1899,0.0943552,-0.466331599280238,-0.410050199367106,
1900,0.0944576,-0.466331599280238,-0.410050199367106,
1901,0.09456,-0.474371799267828,-0.418090399354696,
1902,0.0946624,-0.482411999255419,-0.426130599342287,
1903,0.0947648,-0.474371799267828,-0.426130599342287,
1904,0.0948672,-0.482411999255419,-0.426130599342287,
1905,0.0949696,-0.482411999255419,-0.434170799329877,
1906,0.095072,-0.490452199243009,-0.442210999317467,
1907,0.0951744,-0.482411999255419,-0.442210999317467,
1908,0.0952768,-0.498492399230599,-0.458291399292648,
1909,0.0953792,-0.482411999255419,-0.450251199305058,
1910,0.0954816,-0.498492399230599,-0.458291399292648,
1911,0.095584,-0.498492399230599,-0.466331599280238,
1912,0.0956864,-0.498492399230599,-0.458291399292648,
1913,0.0957888,-0.498492399230599,-0.466331599280238,
1914,0.0958912,-0.50653259921819,-0.466331599280238,
1915,0.0959936,-0.498492399230599,-0.474371799267828,
1916,0.096096,-0.498492399230599,-0.474371799267828,
1917,0.0961984,-0.50653259921819,-0.474371799267828,
1918,0.0963008,-0.498492399230599,-0.482411999255419,
1919,0.0964032,-0.498492399230599,-0.482411999255419,
1920,0.0965056,-0.51457279920578,-0.482411999255419,
1921,0.096608,-0.51457279920578,-0.482411999255419,
1922,0.0967104,-0.50653259921819,-0.490452199243009,
1923,0.0968128,-0.50653259921819,-0.490452199243009,
1924,0.0969152,-0.50653259921819,-0.482411999255419,
1925,0.0970176,-0.498492399230599,-0.498492399230599,
1926,0.09712,-0.498492399230599,-0.498492399230599,
1927,0.0972224,-0.498492399230599,-0.490452199243009,
1928,0.0973248,-0.498492399230599,-0.490452199243009,
1929,0.0974272,-0.490452199243009,-0.482411999255419,
1930,0.0975296,-0.498492399230599,-0.490452199243009,
1931,0.097632,-0.490452199243009,-0.498492399230599,
1932,0.0977344,-0.482411999255419,-0.490452199243009,
1933,0.0978368,-0.490452199243009,-0.498492399230599,
1934,0.0979392,-0.482411999255419,-0.490452199243009,
1935,0.0980416,-0.490452199243009,-0.482411999255419,
1936,0.098144,-0.474371799267828,-0.490452199243009,
1937,0.0982464,-0.482411999255419,-0.482411999255419,
1938,0.0983488,-0.482411999255419,-0.490452199243009,
1939,0.0984512,-0.474371799267828,-0.482411999255419,
1940,0.0985536,-0.466331599280238,-0.490452199243009,
1941,0.098656,-0.458291399292648,-0.490452199243009,
1942,0.0987584,-0.466331599280238,-0.482411999255419,
1943,0.0988608,-0.458291399292648,-0.474371799267828,
1944,0.0989632,-0.450251199305058,-0.474371799267828,
1945,0.0990656,-0.458291399292648,-0.474371799267828,
1946,0.099168,-0.442210999317467,-0.474371799267828,
1947,0.0992704,-0.434170799329877,-0.466331599280238,
1948,0.0993728,-0.434170799329877,-0.458291399292648,
1949,0.0994752,-0.426130599342287,-0.466331599280238,
1950,0.0995776,-0.426130599342287,-0.466331599280238,
1951,0.09968,-0.410050199367106,-0.450251199305058,
1952,0.0997824,-0.418090399354696,-0.450251199305058,
1953,0.0998848,-0.402009999379516,-0.442210999317467,
