Model: ,Oscilloscope DSO-X 1102G
Serial Number:,CN57246464
Address: ,USBInstrument3
Date: ,2026-09-28 15:53:33

Sample Number,Time (s),1 (VOLT),2 (VOLT),
1,-1,-0.402009999379516,-0.402009999379516,
2,-0.998976,-0.393969799391925,-0.385929599404335,
3,-0.997952,-0.369849199429154,-0.377889399416745,
4,-0.996928,-0.353768799453974,-0.377889399416745,
5,-0.995904,-0.353768799453974,-0.361808999441564,
6,-0.99488,-0.345728599466383,-0.345728599466383,
7,-0.993856,-0.321607999503613,-0.337688399478793,
8,-0.992832,-0.321607999503613,-0.321607999503613,
9,-0.991808,-0.297487399540842,-0.313567799516022,
10,-0.990784,-0.289447199553251,-0.305527599528432,
11,-0.98976,-0.281406999565661,-0.289447199553251,
12,-0.988736,-0.26532659959048,-0.281406999565661,
13,-0.987712,-0.241205999627709,-0.273366799578071,
14,-0.986688,-0.241205999627709,-0.241205999627709,
15,-0.985664,-0.225125599652529,-0.233165799640119,
16,-0.98464,-0.201004999689758,-0.225125599652529,
17,-0.983616,-0.192964799702168,-0.201004999689758,
18,-0.982592,-0.176884399726987,-0.184924599714577,
19,-0.981568,-0.160803999751806,-0.176884399726987,
20,-0.980544,-0.144723599776626,-0.160803999751806,
21,-0.97952,-0.128643199801445,-0.144723599776626,
22,-0.978496,-0.112562799826264,-0.128643199801445,
23,-0.977472,-0.0964823998510838,-0.112562799826264,
24,-0.976448,-0.0804019998759031,-0.0884421998634934,
25,-0.975424,-0.0643215999007225,-0.0804019998759031,
26,-0.9744,-0.0482411999255419,-0.0643215999007225,
27,-0.973376,-0.0321607999503613,-0.0402009999379516,
28,-0.972352,-0.0160803999751806,-0.0321607999503613,
29,-0.971328,0.00804019998759031,-0.0241205999627709,
30,-0.970304,0.0160803999751806,0,
31,-0.96928,0.0321607999503613,0.0160803999751806,
32,-0.968256,0.0402009999379516,0.0321607999503613,
33,-0.967232,0.0643215999007225,0.0402009999379516,
34,-0.966208,0.0723617998883128,0.0723617998883128,
35,-0.965184,0.0884421998634934,0.0723617998883128,
36,-0.96416,0.104522599838674,0.0964823998510838,
37,-0.963136,0.128643199801445,0.104522599838674,
38,-0.962112,0.136683399789035,0.128643199801445,
39,-0.961088,0.160803999751806,0.144723599776626,
40,-0.960064,0.176884399726987,0.152763799764216,
41,-0.95904,0.184924599714577,0.168844199739397,
42,-0.958016,0.201004999689758,0.192964799702168,
43,-0.956992,0.209045199677348,0.209045199677348,
44,-0.955968,0.225125599652529,0.217085399664938,
45,-0.954944,0.241205999627709,0.233165799640119,
46,-0.95392,0.25728639960289,0.241205999627709,
47,-0.952896,0.273366799578071,0.2492461996153,
48,-0.951872,0.281406999565661,0.273366799578071,
49,-0.950848,0.289447199553251,0.273366799578071,
50,-0.949824,0.305527599528432,0.297487399540842,
51,-0.9488,0.313567799516022,0.313567799516022,
52,-0.947776,0.329648199491203,0.321607999503613,
53,-0.946752,0.345728599466383,0.345728599466383,
54,-0.945728,0.361808999441564,0.353768799453974,
55,-0.944704,0.369849199429154,0.353768799453974,
56,-0.94368,0.377889399416745,0.369849199429154,
57,-0.942656,0.385929599404335,0.377889399416745,
58,-0.941632,0.402009999379516,0.385929599404335,
59,-0.940608,0.410050199367106,0.393969799391925,
60,-0.939584,0.418090399354696,0.410050199367106,
61,-0.93856,0.426130599342287,0.418090399354696,
62,-0.937536,0.434170799329877,0.426130599342287,
63,-0.936512,0.442210999317467,0.434170799329877,
64,-0.935488,0.450251199305058,0.442210999317467,
65,-0.934464,0.450251199305058,0.450251199305058,
66,-0.93344,0.458291399292648,0.458291399292648,
67,-0.932416,0.466331599280238,0.458291399292648,
68,-0.931392,0.474371799267828,0.466331599280238,
69,-0.930368,0.458291399292648,0.474371799267828,
70,-0.929344,0.482411999255419,0.474371799267828,
71,-0.92832,0.490452199243009,0.482411999255419,
72,-0.927296,0.482411999255419,0.490452199243009,
73,-0.926272,0.490452199243009,0.490452199243009,
74,-0.925248,0.490452199243009,0.490452199243009,
75,-0.924224,0.498492399230599,0.490452199243009,
76,-0.9232,0.498492399230599,0.498492399230599,
77,-0.922176,0.498492399230599,0.490452199243009,
78,-0.921152,0.490452199243009,0.498492399230599,
79,-0.920128,0.490452199243009,0.498492399230599,
80,-0.919104,0.490452199243009,0.498492399230599,
81,-0.91808,0.490452199243009,0.490452199243009,
82,-0.917056,0.490452199243009,0.490452199243009,
83,-0.916032,0.490452199243009,0.490452199243009,
84,-0.915008,0.474371799267828,0.482411999255419,
85,-0.913984,0.474371799267828,0.490452199243009,
86,-0.91296,0.482411999255419,0.474371799267828,
87,-0.911936,0.474371799267828,0.482411999255419,
88,-0.910912,0.482411999255419,0.474371799267828,
89,-0.909888,0.474371799267828,0.466331599280238,
90,-0.908864,0.458291399292648,0.458291399292648,
91,-0.90784,0.450251199305058,0.450251199305058,
92,-0.906816,0.442210999317467,0.458291399292648,
93,-0.905792,0.426130599342287,0.442210999317467,
94,-0.904768,0.426130599342287,0.434170799329877,
95,-0.903744,0.410050199367106,0.434170799329877,
96,-0.90272,0.418090399354696,0.418090399354696,
97,-0.901696,0.402009999379516,0.418090399354696,
98,-0.900672,0.393969799391925,0.402009999379516,
99,-0.899648,0.377889399416745,0.385929599404335,
100,-0.898624,0.369849199429154,0.385929599404335,
101,-0.8976,0.361808999441564,0.369849199429154,
102,-0.896576,0.353768799453974,0.369849199429154,
103,-0.895552,0.329648199491203,0.345728599466383,
104,-0.894528,0.329648199491203,0.337688399478793,
105,-0.893504,0.321607999503613,0.329648199491203,
106,-0.89248,0.305527599528432,0.313567799516022,
107,-0.891456,0.289447199553251,0.305527599528432,
108,-0.890432,0.273366799578071,0.289447199553251,
109,-0.889408,0.273366799578071,0.281406999565661,
110,-0.888384,0.2492461996153,0.26532659959048,
111,-0.88736,0.225125599652529,0.2492461996153,
112,-0.886336,0.225125599652529,0.241205999627709,
113,-0.885312,0.209045199677348,0.225125599652529,
114,-0.884288,0.192964799702168,0.209045199677348,
115,-0.883264,0.160803999751806,0.192964799702168,
116,-0.88224,0.160803999751806,0.168844199739397,
117,-0.881216,0.144723599776626,0.160803999751806,
118,-0.880192,0.128643199801445,0.144723599776626,
119,-0.879168,0.112562799826264,0.136683399789035,
120,-0.878144,0.0964823998510838,0.112562799826264,
121,-0.87712,0.0804019998759031,0.104522599838674,
122,-0.876096,0.0723617998883128,0.0804019998759031,
123,-0.875072,0.0482411999255419,0.0723617998883128,
124,-0.874048,0.0321607999503613,0.0562813999131322,
125,-0.873024,0.0160803999751806,0.0402009999379516,
126,-0.872,0,0.0241205999627709,
127,-0.870976,-0.0160803999751806,0.00804019998759031,
128,-0.869952,-0.0241205999627709,-0.00804019998759031,
129,-0.868928,-0.0482411999255419,-0.0321607999503613,
130,-0.867904,-0.0643215999007225,-0.0482411999255419,
131,-0.86688,-0.0804019998759031,-0.0562813999131322,
132,-0.865856,-0.0964823998510838,-0.0804019998759031,
133,-0.864832,-0.104522599838674,-0.0884421998634934,
134,-0.863808,-0.136683399789035,-0.112562799826264,
135,-0.862784,-0.136683399789035,-0.128643199801445,
136,-0.86176,-0.152763799764216,-0.128643199801445,
137,-0.860736,-0.168844199739397,-0.152763799764216,
138,-0.859712,-0.176884399726987,-0.168844199739397,
139,-0.858688,-0.201004999689758,-0.184924599714577,
140,-0.857664,-0.217085399664938,-0.201004999689758,
141,-0.85664,-0.233165799640119,-0.209045199677348,
142,-0.855616,-0.233165799640119,-0.225125599652529,
143,-0.854592,-0.2492461996153,-0.2492461996153,
144,-0.853568,-0.273366799578071,-0.25728639960289,
145,-0.852544,-0.289447199553251,-0.273366799578071,
146,-0.85152,-0.297487399540842,-0.281406999565661,
147,-0.850496,-0.321607999503613,-0.289447199553251,
148,-0.849472,-0.321607999503613,-0.313567799516022,
149,-0.848448,-0.329648199491203,-0.321607999503613,
150,-0.847424,-0.345728599466383,-0.329648199491203,
151,-0.8464,-0.353768799453974,-0.345728599466383,
152,-0.845376,-0.377889399416745,-0.361808999441564,
153,-0.844352,-0.385929599404335,-0.369849199429154,
154,-0.843328,-0.385929599404335,-0.377889399416745,
155,-0.842304,-0.393969799391925,-0.385929599404335,
156,-0.84128,-0.410050199367106,-0.402009999379516,
157,-0.840256,-0.418090399354696,-0.410050199367106,
158,-0.839232,-0.426130599342287,-0.418090399354696,
159,-0.838208,-0.434170799329877,-0.426130599342287,
160,-0.837184,-0.434170799329877,-0.442210999317467,
161,-0.83616,-0.458291399292648,-0.450251199305058,
162,-0.835136,-0.458291399292648,-0.450251199305058,
163,-0.834112,-0.466331599280238,-0.458291399292648,
164,-0.833088,-0.466331599280238,-0.466331599280238,
165,-0.832064,-0.474371799267828,-0.466331599280238,
166,-0.83104,-0.490452199243009,-0.474371799267828,
167,-0.830016,-0.498492399230599,-0.482411999255419,
168,-0.828992,-0.482411999255419,-0.490452199243009,
169,-0.827968,-0.490452199243009,-0.490452199243009,
170,-0.826944,-0.498492399230599,-0.498492399230599,
171,-0.82592,-0.490452199243009,-0.498492399230599,
172,-0.824896,-0.50653259921819,-0.50653259921819,
173,-0.823872,-0.498492399230599,-0.498492399230599,
174,-0.822848,-0.498492399230599,-0.498492399230599,
175,-0.821824,-0.51457279920578,-0.50653259921819,
176,-0.8208,-0.51457279920578,-0.50653259921819,
177,-0.819776,-0.50653259921819,-0.498492399230599,
178,-0.818752,-0.50653259921819,-0.498492399230599,
179,-0.817728,-0.50653259921819,-0.498492399230599,
180,-0.816704,-0.498492399230599,-0.50653259921819,
181,-0.81568,-0.498492399230599,-0.50653259921819,
182,-0.814656,-0.498492399230599,-0.490452199243009,
183,-0.813632,-0.498492399230599,-0.490452199243009,
184,-0.812608,-0.498492399230599,-0.490452199243009,
185,-0.811584,-0.482411999255419,-0.482411999255419,
186,-0.81056,-0.474371799267828,-0.482411999255419,
187,-0.809536,-0.466331599280238,-0.474371799267828,
188,-0.808512,-0.466331599280238,-0.466331599280238,
189,-0.807488,-0.458291399292648,-0.458291399292648,
190,-0.806464,-0.450251199305058,-0.450251199305058,
191,-0.80544,-0.442210999317467,-0.450251199305058,
192,-0.804416,-0.442210999317467,-0.442210999317467,
193,-0.803392,-0.418090399354696,-0.434170799329877,
194,-0.802368,-0.418090399354696,-0.434170799329877,
195,-0.801344,-0.410050199367106,-0.418090399354696,
196,-0.80032,-0.402009999379516,-0.402009999379516,
197,-0.799296,-0.385929599404335,-0.393969799391925,
198,-0.798272,-0.377889399416745,-0.393969799391925,
199,-0.797248,-0.369849199429154,-0.377889399416745,
200,-0.796224,-0.353768799453974,-0.361808999441564,
201,-0.7952,-0.353768799453974,-0.345728599466383,
202,-0.794176,-0.337688399478793,-0.345728599466383,
203,-0.793152,-0.329648199491203,-0.329648199491203,
204,-0.792128,-0.313567799516022,-0.321607999503613,
205,-0.791104,-0.297487399540842,-0.305527599528432,
206,-0.79008,-0.281406999565661,-0.289447199553251,
207,-0.789056,-0.26532659959048,-0.273366799578071,
208,-0.788032,-0.25728639960289,-0.25728639960289,
209,-0.787008,-0.233165799640119,-0.2492461996153,
210,-0.785984,-0.225125599652529,-0.225125599652529,
211,-0.78496,-0.209045199677348,-0.225125599652529,
212,-0.783936,-0.201004999689758,-0.209045199677348,
213,-0.782912,-0.176884399726987,-0.184924599714577,
214,-0.781888,-0.168844199739397,-0.168844199739397,
215,-0.780864,-0.144723599776626,-0.160803999751806,
216,-0.77984,-0.144723599776626,-0.152763799764216,
217,-0.778816,-0.112562799826264,-0.128643199801445,
218,-0.777792,-0.0964823998510838,-0.112562799826264,
219,-0.776768,-0.0884421998634934,-0.104522599838674,
220,-0.775744,-0.0804019998759031,-0.0804019998759031,
221,-0.77472,-0.0482411999255419,-0.0643215999007225,
222,-0.773696,-0.0402009999379516,-0.0562813999131322,
223,-0.772672,-0.0160803999751806,-0.0321607999503613,
224,-0.771648,-0.0160803999751806,-0.0241205999627709,
225,-0.770624,0,-0.00804019998759031,
226,-0.7696,0.0160803999751806,0.00804019998759031,
227,-0.768576,0.0402009999379516,0.0241205999627709,
228,-0.767552,0.0562813999131322,0.0402009999379516,
229,-0.766528,0.0562813999131322,0.0562813999131322,
230,-0.765504,0.0884421998634934,0.0723617998883128,
231,-0.76448,0.104522599838674,0.0884421998634934,
232,-0.763456,0.112562799826264,0.104522599838674,
233,-0.762432,0.136683399789035,0.120602999813855,
234,-0.761408,0.152763799764216,0.136683399789035,
235,-0.760384,0.160803999751806,0.160803999751806,
236,-0.75936,0.184924599714577,0.176884399726987,
237,-0.758336,0.184924599714577,0.176884399726987,
238,-0.757312,0.209045199677348,0.192964799702168,
239,-0.756288,0.233165799640119,0.209045199677348,
240,-0.755264,0.241205999627709,0.233165799640119,
241,-0.75424,0.25728639960289,0.2492461996153,
242,-0.753216,0.26532659959048,0.2492461996153,
243,-0.752192,0.281406999565661,0.273366799578071,
244,-0.751168,0.297487399540842,0.273366799578071,
245,-0.750144,0.305527599528432,0.289447199553251,
246,-0.74912,0.321607999503613,0.297487399540842,
247,-0.748096,0.337688399478793,0.321607999503613,
248,-0.747072,0.345728599466383,0.337688399478793,
249,-0.746048,0.361808999441564,0.345728599466383,
250,-0.745024,0.369849199429154,0.353768799453974,
251,-0.744,0.369849199429154,0.369849199429154,
252,-0.742976,0.377889399416745,0.385929599404335,
253,-0.741952,0.385929599404335,0.385929599404335,
254,-0.740928,0.410050199367106,0.402009999379516,
255,-0.739904,0.410050199367106,0.402009999379516,
256,-0.73888,0.426130599342287,0.410050199367106,
257,-0.737856,0.426130599342287,0.418090399354696,
258,-0.736832,0.434170799329877,0.434170799329877,
259,-0.735808,0.442210999317467,0.442210999317467,
260,-0.734784,0.450251199305058,0.450251199305058,
261,-0.73376,0.458291399292648,0.458291399292648,
262,-0.732736,0.466331599280238,0.466331599280238,
263,-0.731712,0.466331599280238,0.466331599280238,
264,-0.730688,0.474371799267828,0.474371799267828,
265,-0.729664,0.474371799267828,0.482411999255419,
266,-0.72864,0.490452199243009,0.482411999255419,
267,-0.727616,0.490452199243009,0.490452199243009,
268,-0.726592,0.490452199243009,0.490452199243009,
269,-0.725568,0.490452199243009,0.490452199243009,
270,-0.724544,0.490452199243009,0.490452199243009,
271,-0.72352,0.490452199243009,0.490452199243009,
272,-0.722496,0.498492399230599,0.498492399230599,
273,-0.721472,0.498492399230599,0.490452199243009,
274,-0.720448,0.490452199243009,0.498492399230599,
275,-0.719424,0.498492399230599,0.498492399230599,
276,-0.7184,0.490452199243009,0.490452199243009,
277,-0.717376,0.498492399230599,0.498492399230599,
278,-0.716352,0.498492399230599,0.482411999255419,
279,-0.715328,0.490452199243009,0.490452199243009,
280,-0.714304,0.490452199243009,0.490452199243009,
281,-0.71328,0.474371799267828,0.482411999255419,
282,-0.712256,0.474371799267828,0.490452199243009,
283,-0.711232,0.466331599280238,0.482411999255419,
284,-0.710208,0.458291399292648,0.474371799267828,
285,-0.709184,0.458291399292648,0.458291399292648,
286,-0.70816,0.450251199305058,0.458291399292648,
287,-0.707136,0.442210999317467,0.450251199305058,
288,-0.706112,0.434170799329877,0.450251199305058,
289,-0.705088,0.434170799329877,0.450251199305058,
290,-0.704064,0.426130599342287,0.426130599342287,
291,-0.70304,0.410050199367106,0.426130599342287,
292,-0.702016,0.410050199367106,0.418090399354696,
293,-0.700992,0.393969799391925,0.402009999379516,
294,-0.699968,0.385929599404335,0.402009999379516,
295,-0.698944,0.377889399416745,0.385929599404335,
296,-0.69792,0.369849199429154,0.377889399416745,
297,-0.696896,0.353768799453974,0.377889399416745,
298,-0.695872,0.345728599466383,0.361808999441564,
299,-0.694848,0.329648199491203,0.337688399478793,
300,-0.693824,0.321607999503613,0.329648199491203,
301,-0.6928,0.297487399540842,0.313567799516022,
302,-0.691776,0.289447199553251,0.305527599528432,
303,-0.690752,0.281406999565661,0.297487399540842,
304,-0.689728,0.26532659959048,0.281406999565661,
305,-0.688704,0.2492461996153,0.26532659959048,
306,-0.68768,0.233165799640119,0.25728639960289,
307,-0.686656,0.217085399664938,0.241205999627709,
308,-0.685632,0.217085399664938,0.233165799640119,
309,-0.684608,0.192964799702168,0.209045199677348,
310,-0.683584,0.176884399726987,0.201004999689758,
311,-0.68256,0.160803999751806,0.184924599714577,
312,-0.681536,0.144723599776626,0.160803999751806,
313,-0.680512,0.136683399789035,0.152763799764216,
314,-0.679488,0.120602999813855,0.144723599776626,
315,-0.678464,0.104522599838674,0.120602999813855,
316,-0.67744,0.0804019998759031,0.104522599838674,
317,-0.676416,0.0723617998883128,0.0884421998634934,
318,-0.675392,0.0562813999131322,0.0804019998759031,
319,-0.674368,0.0402009999379516,0.0562813999131322,
320,-0.673344,0.0160803999751806,0.0402009999379516,
321,-0.67232,0.0160803999751806,0.0321607999503613,
322,-0.671296,-0.00804019998759031,0.00804019998759031,
323,-0.670272,-0.0241205999627709,-0.00804019998759031,
324,-0.669248,-0.0321607999503613,-0.0321607999503613,
325,-0.668224,-0.0562813999131322,-0.0402009999379516,
326,-0.6672,-0.0723617998883128,-0.0482411999255419,
327,-0.666176,-0.0884421998634934,-0.0723617998883128,
328,-0.665152,-0.104522599838674,-0.0804019998759031,
329,-0.664128,-0.120602999813855,-0.104522599838674,
330,-0.663104,-0.128643199801445,-0.112562799826264,
331,-0.66208,-0.144723599776626,-0.128643199801445,
332,-0.661056,-0.168844199739397,-0.144723599776626,
333,-0.660032,-0.184924599714577,-0.168844199739397,
334,-0.659008,-0.192964799702168,-0.176884399726987,
335,-0.657984,-0.209045199677348,-0.192964799702168,
336,-0.65696,-0.225125599652529,-0.209045199677348,
337,-0.655936,-0.241205999627709,-0.225125599652529,
338,-0.654912,-0.25728639960289,-0.241205999627709,
339,-0.653888,-0.273366799578071,-0.2492461996153,
340,-0.652864,-0.281406999565661,-0.273366799578071,
341,-0.65184,-0.289447199553251,-0.281406999565661,
342,-0.650816,-0.297487399540842,-0.289447199553251,
343,-0.649792,-0.321607999503613,-0.313567799516022,
344,-0.648768,-0.337688399478793,-0.329648199491203,
345,-0.647744,-0.345728599466383,-0.329648199491203,
346,-0.64672,-0.353768799453974,-0.337688399478793,
347,-0.645696,-0.369849199429154,-0.353768799453974,
348,-0.644672,-0.385929599404335,-0.361808999441564,
349,-0.643648,-0.385929599404335,-0.377889399416745,
350,-0.642624,-0.402009999379516,-0.385929599404335,
351,-0.6416,-0.410050199367106,-0.402009999379516,
352,-0.640576,-0.426130599342287,-0.410050199367106,
353,-0.639552,-0.426130599342287,-0.410050199367106,
354,-0.638528,-0.434170799329877,-0.426130599342287,
355,-0.637504,-0.442210999317467,-0.434170799329877,
356,-0.63648,-0.450251199305058,-0.442210999317467,
357,-0.635456,-0.458291399292648,-0.450251199305058,
358,-0.634432,-0.458291399292648,-0.458291399292648,
359,-0.633408,-0.466331599280238,-0.458291399292648,
360,-0.632384,-0.474371799267828,-0.466331599280238,
361,-0.63136,-0.482411999255419,-0.474371799267828,
362,-0.630336,-0.490452199243009,-0.474371799267828,
363,-0.629312,-0.490452199243009,-0.490452199243009,
364,-0.628288,-0.498492399230599,-0.490452199243009,
365,-0.627264,-0.498492399230599,-0.490452199243009,
366,-0.62624,-0.50653259921819,-0.498492399230599,
367,-0.625216,-0.51457279920578,-0.498492399230599,
368,-0.624192,-0.498492399230599,-0.498492399230599,
369,-0.623168,-0.50653259921819,-0.498492399230599,
370,-0.622144,-0.51457279920578,-0.498492399230599,
371,-0.62112,-0.50653259921819,-0.50653259921819,
372,-0.620096,-0.50653259921819,-0.50653259921819,
373,-0.619072,-0.50653259921819,-0.50653259921819,
374,-0.618048,-0.50653259921819,-0.50653259921819,
375,-0.617024,-0.498492399230599,-0.498492399230599,
376,-0.616,-0.498492399230599,-0.50653259921819,
377,-0.614976,-0.498492399230599,-0.490452199243009,
378,-0.613952,-0.490452199243009,-0.498492399230599,
379,-0.612928,-0.490452199243009,-0.498492399230599,
380,-0.611904,-0.482411999255419,-0.490452199243009,
381,-0.61088,-0.482411999255419,-0.482411999255419,
382,-0.609856,-0.474371799267828,-0.474371799267828,
383,-0.608832,-0.466331599280238,-0.474371799267828,
384,-0.607808,-0.466331599280238,-0.466331599280238,
385,-0.606784,-0.442210999317467,-0.458291399292648,
386,-0.60576,-0.442210999317467,-0.450251199305058,
387,-0.604736,-0.434170799329877,-0.442210999317467,
388,-0.603712,-0.434170799329877,-0.442210999317467,
389,-0.602688,-0.402009999379516,-0.426130599342287,
390,-0.601664,-0.410050199367106,-0.418090399354696,
391,-0.60064,-0.402009999379516,-0.410050199367106,
392,-0.599616,-0.393969799391925,-0.402009999379516,
393,-0.598592,-0.377889399416745,-0.385929599404335,
394,-0.597568,-0.377889399416745,-0.377889399416745,
395,-0.596544,-0.369849199429154,-0.369849199429154,
396,-0.59552,-0.345728599466383,-0.361808999441564,
397,-0.594496,-0.337688399478793,-0.353768799453974,
398,-0.593472,-0.321607999503613,-0.329648199491203,
399,-0.592448,-0.305527599528432,-0.321607999503613,
400,-0.591424,-0.305527599528432,-0.305527599528432,
401,-0.5904,-0.289447199553251,-0.297487399540842,
402,-0.589376,-0.281406999565661,-0.281406999565661,
403,-0.588352,-0.26532659959048,-0.273366799578071,
404,-0.587328,-0.241205999627709,-0.25728639960289,
405,-0.586304,-0.225125599652529,-0.241205999627709,
406,-0.58528,-0.217085399664938,-0.233165799640119,
407,-0.584256,-0.201004999689758,-0.209045199677348,
408,-0.583232,-0.176884399726987,-0.192964799702168,
409,-0.582208,-0.176884399726987,-0.184924599714577,
410,-0.581184,-0.152763799764216,-0.168844199739397,
411,-0.58016,-0.136683399789035,-0.152763799764216,
412,-0.579136,-0.120602999813855,-0.144723599776626,
413,-0.578112,-0.0964823998510838,-0.120602999813855,
414,-0.577088,-0.0964823998510838,-0.104522599838674,
415,-0.576064,-0.0804019998759031,-0.0884421998634934,
416,-0.57504,-0.0562813999131322,-0.0723617998883128,
417,-0.574016,-0.0482411999255419,-0.0562813999131322,
418,-0.572992,-0.0321607999503613,-0.0402009999379516,
419,-0.571968,-0.00804019998759031,-0.0241205999627709,
420,-0.570944,0.00804019998759031,-0.0160803999751806,
421,-0.56992,0.0241205999627709,0.00804019998759031,
422,-0.568896,0.0321607999503613,0.0160803999751806,
423,-0.567872,0.0562813999131322,0.0402009999379516,
424,-0.566848,0.0723617998883128,0.0562813999131322,
425,-0.565824,0.0804019998759031,0.0723617998883128,
426,-0.5648,0.104522599838674,0.0884421998634934,
427,-0.563776,0.112562799826264,0.104522599838674,
428,-0.562752,0.128643199801445,0.120602999813855,
429,-0.561728,0.144723599776626,0.128643199801445,
430,-0.560704,0.160803999751806,0.144723599776626,
431,-0.55968,0.168844199739397,0.160803999751806,
432,-0.558656,0.192964799702168,0.176884399726987,
433,-0.557632,0.209045199677348,0.192964799702168,
434,-0.556608,0.225125599652529,0.209045199677348,
435,-0.555584,0.233165799640119,0.225125599652529,
436,-0.55456,0.2492461996153,0.233165799640119,
437,-0.553536,0.26532659959048,0.25728639960289,
438,-0.552512,0.273366799578071,0.25728639960289,
439,-0.551488,0.289447199553251,0.281406999565661,
440,-0.550464,0.305527599528432,0.289447199553251,
441,-0.54944,0.313567799516022,0.297487399540842,
442,-0.548416,0.321607999503613,0.305527599528432,
443,-0.547392,0.337688399478793,0.329648199491203,
444,-0.546368,0.353768799453974,0.337688399478793,
445,-0.545344,0.361808999441564,0.353768799453974,
446,-0.54432,0.377889399416745,0.353768799453974,
447,-0.543296,0.377889399416745,0.369849199429154,
448,-0.542272,0.393969799391925,0.385929599404335,
449,-0.541248,0.410050199367106,0.385929599404335,
450,-0.540224,0.418090399354696,0.402009999379516,
451,-0.5392,0.418090399354696,0.418090399354696,
452,-0.538176,0.426130599342287,0.418090399354696,
453,-0.537152,0.442210999317467,0.434170799329877,
454,-0.536128,0.442210999317467,0.434170799329877,
455,-0.535104,0.450251199305058,0.442210999317467,
456,-0.53408,0.458291399292648,0.450251199305058,
457,-0.533056,0.458291399292648,0.458291399292648,
458,-0.532032,0.466331599280238,0.458291399292648,
459,-0.531008,0.466331599280238,0.466331599280238,
460,-0.529984,0.474371799267828,0.482411999255419,
461,-0.52896,0.474371799267828,0.482411999255419,
462,-0.527936,0.490452199243009,0.482411999255419,
463,-0.526912,0.490452199243009,0.482411999255419,
464,-0.525888,0.490452199243009,0.490452199243009,
465,-0.524864,0.490452199243009,0.490452199243009,
466,-0.52384,0.490452199243009,0.498492399230599,
467,-0.522816,0.490452199243009,0.498492399230599,
468,-0.521792,0.50653259921819,0.498492399230599,
469,-0.520768,0.50653259921819,0.498492399230599,
470,-0.519744,0.490452199243009,0.490452199243009,
471,-0.51872,0.498492399230599,0.498492399230599,
472,-0.517696,0.50653259921819,0.498492399230599,
473,-0.516672,0.482411999255419,0.498492399230599,
474,-0.515648,0.490452199243009,0.490452199243009,
475,-0.514624,0.482411999255419,0.490452199243009,
476,-0.5136,0.482411999255419,0.482411999255419,
477,-0.512576,0.482411999255419,0.482411999255419,
478,-0.511552,0.474371799267828,0.482411999255419,
479,-0.510528,0.466331599280238,0.474371799267828,
480,-0.509504,0.458291399292648,0.466331599280238,
481,-0.50848,0.450251199305058,0.458291399292648,
482,-0.507456,0.442210999317467,0.458291399292648,
483,-0.506432,0.442210999317467,0.458291399292648,
484,-0.505408,0.434170799329877,0.442210999317467,
485,-0.504384,0.418090399354696,0.426130599342287,
486,-0.50336,0.426130599342287,0.426130599342287,
487,-0.502336,0.410050199367106,0.418090399354696,
488,-0.501312,0.393969799391925,0.410050199367106,
489,-0.500288,0.385929599404335,0.402009999379516,
490,-0.499264,0.377889399416745,0.393969799391925,
491,-0.49824,0.369849199429154,0.377889399416745,
492,-0.497216,0.361808999441564,0.361808999441564,
493,-0.496192,0.337688399478793,0.361808999441564,
494,-0.495168,0.329648199491203,0.345728599466383,
495,-0.494144,0.313567799516022,0.337688399478793,
496,-0.49312,0.297487399540842,0.321607999503613,
497,-0.492096,0.297487399540842,0.313567799516022,
498,-0.491072,0.289447199553251,0.297487399540842,
499,-0.490048,0.273366799578071,0.281406999565661,
500,-0.489024,0.25728639960289,0.273366799578071,
501,-0.488,0.241205999627709,0.25728639960289,
502,-0.486976,0.233165799640119,0.241205999627709,
503,-0.485952,0.209045199677348,0.225125599652529,
504,-0.484928,0.201004999689758,0.217085399664938,
505,-0.483904,0.184924599714577,0.201004999689758,
506,-0.48288,0.168844199739397,0.192964799702168,
507,-0.481856,0.160803999751806,0.168844199739397,
508,-0.480832,0.136683399789035,0.160803999751806,
509,-0.479808,0.128643199801445,0.144723599776626,
510,-0.478784,0.112562799826264,0.128643199801445,
511,-0.47776,0.0964823998510838,0.112562799826264,
512,-0.476736,0.0804019998759031,0.0964823998510838,
513,-0.475712,0.0562813999131322,0.0804019998759031,
514,-0.474688,0.0402009999379516,0.0562813999131322,
515,-0.473664,0.0321607999503613,0.0482411999255419,
516,-0.47264,0.00804019998759031,0.0321607999503613,
517,-0.471616,0,0.0160803999751806,
518,-0.470592,-0.0160803999751806,0.00804019998759031,
519,-0.469568,-0.0402009999379516,-0.0160803999751806,
520,-0.468544,-0.0562813999131322,-0.0321607999503613,
521,-0.46752,-0.0723617998883128,-0.0482411999255419,
522,-0.466496,-0.0884421998634934,-0.0643215999007225,
523,-0.465472,-0.0964823998510838,-0.0804019998759031,
524,-0.464448,-0.112562799826264,-0.0964823998510838,
525,-0.463424,-0.136683399789035,-0.104522599838674,
526,-0.4624,-0.152763799764216,-0.128643199801445,
527,-0.461376,-0.160803999751806,-0.144723599776626,
528,-0.460352,-0.176884399726987,-0.160803999751806,
529,-0.459328,-0.201004999689758,-0.176884399726987,
530,-0.458304,-0.209045199677348,-0.192964799702168,
531,-0.45728,-0.225125599652529,-0.209045199677348,
532,-0.456256,-0.233165799640119,-0.217085399664938,
533,-0.455232,-0.2492461996153,-0.233165799640119,
534,-0.454208,-0.25728639960289,-0.2492461996153,
535,-0.453184,-0.281406999565661,-0.26532659959048,
536,-0.45216,-0.289447199553251,-0.273366799578071,
537,-0.451136,-0.305527599528432,-0.289447199553251,
538,-0.450112,-0.321607999503613,-0.305527599528432,
539,-0.449088,-0.329648199491203,-0.313567799516022,
540,-0.448064,-0.337688399478793,-0.321607999503613,
541,-0.44704,-0.361808999441564,-0.345728599466383,
542,-0.446016,-0.369849199429154,-0.353768799453974,
543,-0.444992,-0.377889399416745,-0.369849199429154,
544,-0.443968,-0.385929599404335,-0.369849199429154,
545,-0.442944,-0.402009999379516,-0.377889399416745,
546,-0.44192,-0.410050199367106,-0.393969799391925,
547,-0.440896,-0.410050199367106,-0.410050199367106,
548,-0.439872,-0.426130599342287,-0.418090399354696,
549,-0.438848,-0.426130599342287,-0.418090399354696,
550,-0.437824,-0.442210999317467,-0.434170799329877,
551,-0.4368,-0.450251199305058,-0.442210999317467,
552,-0.435776,-0.466331599280238,-0.450251199305058,
553,-0.434752,-0.458291399292648,-0.458291399292648,
554,-0.433728,-0.466331599280238,-0.458291399292648,
555,-0.432704,-0.474371799267828,-0.466331599280238,
556,-0.43168,-0.482411999255419,-0.474371799267828,
557,-0.430656,-0.490452199243009,-0.490452199243009,
558,-0.429632,-0.490452199243009,-0.482411999255419,
559,-0.428608,-0.490452199243009,-0.490452199243009,
560,-0.427584,-0.490452199243009,-0.498492399230599,
561,-0.42656,-0.498492399230599,-0.490452199243009,
562,-0.425536,-0.490452199243009,-0.498492399230599,
563,-0.424512,-0.51457279920578,-0.498492399230599,
564,-0.423488,-0.498492399230599,-0.498492399230599,
565,-0.422464,-0.50653259921819,-0.50653259921819,
566,-0.42144,-0.50653259921819,-0.50653259921819,
567,-0.420416,-0.50653259921819,-0.498492399230599,
568,-0.419392,-0.50653259921819,-0.50653259921819,
569,-0.418368,-0.50653259921819,-0.490452199243009,
570,-0.417344,-0.498492399230599,-0.50653259921819,
571,-0.41632,-0.50653259921819,-0.498492399230599,
572,-0.415296,-0.490452199243009,-0.498492399230599,
573,-0.414272,-0.490452199243009,-0.498492399230599,
574,-0.413248,-0.490452199243009,-0.490452199243009,
575,-0.412224,-0.482411999255419,-0.498492399230599,
576,-0.4112,-0.482411999255419,-0.482411999255419,
577,-0.410176,-0.474371799267828,-0.482411999255419,
578,-0.409152,-0.466331599280238,-0.474371799267828,
579,-0.408128,-0.466331599280238,-0.474371799267828,
580,-0.407104,-0.450251199305058,-0.466331599280238,
581,-0.40608,-0.450251199305058,-0.450251199305058,
582,-0.405056,-0.434170799329877,-0.450251199305058,
583,-0.404032,-0.434170799329877,-0.442210999317467,
584,-0.403008,-0.418090399354696,-0.434170799329877,
585,-0.401984,-0.426130599342287,-0.426130599342287,
586,-0.40096,-0.410050199367106,-0.418090399354696,
587,-0.399936,-0.393969799391925,-0.410050199367106,
588,-0.398912,-0.385929599404335,-0.393969799391925,
589,-0.397888,-0.369849199429154,-0.385929599404335,
590,-0.396864,-0.353768799453974,-0.377889399416745,
591,-0.39584,-0.353768799453974,-0.353768799453974,
592,-0.394816,-0.337688399478793,-0.353768799453974,
593,-0.393792,-0.329648199491203,-0.345728599466383,
594,-0.392768,-0.305527599528432,-0.329648199491203,
595,-0.391744,-0.305527599528432,-0.313567799516022,
596,-0.39072,-0.289447199553251,-0.305527599528432,
597,-0.389696,-0.273366799578071,-0.289447199553251,
598,-0.388672,-0.25728639960289,-0.273366799578071,
599,-0.387648,-0.2492461996153,-0.25728639960289,
600,-0.386624,-0.241205999627709,-0.2492461996153,
601,-0.3856,-0.225125599652529,-0.233165799640119,
602,-0.384576,-0.209045199677348,-0.217085399664938,
603,-0.383552,-0.184924599714577,-0.201004999689758,
604,-0.382528,-0.184924599714577,-0.184924599714577,
605,-0.381504,-0.168844199739397,-0.168844199739397,
606,-0.38048,-0.144723599776626,-0.160803999751806,
607,-0.379456,-0.128643199801445,-0.152763799764216,
608,-0.378432,-0.104522599838674,-0.128643199801445,
609,-0.377408,-0.0884421998634934,-0.120602999813855,
610,-0.376384,-0.0884421998634934,-0.0964823998510838,
611,-0.37536,-0.0643215999007225,-0.0804019998759031,
612,-0.374336,-0.0482411999255419,-0.0562813999131322,
613,-0.373312,-0.0321607999503613,-0.0562813999131322,
614,-0.372288,-0.0160803999751806,-0.0321607999503613,
615,-0.371264,0,-0.0160803999751806,
616,-0.37024,0.00804019998759031,0,
617,-0.369216,0.0321607999503613,0.0160803999751806,
618,-0.368192,0.0402009999379516,0.0241205999627709,
619,-0.367168,0.0643215999007225,0.0402009999379516,
620,-0.366144,0.0804019998759031,0.0562813999131322,
621,-0.36512,0.0964823998510838,0.0804019998759031,
622,-0.364096,0.112562799826264,0.0884421998634934,
623,-0.363072,0.128643199801445,0.112562799826264,
624,-0.362048,0.136683399789035,0.128643199801445,
625,-0.361024,0.152763799764216,0.152763799764216,
626,-0.36,0.176884399726987,0.152763799764216,
627,-0.358976,0.184924599714577,0.176884399726987,
628,-0.357952,0.201004999689758,0.192964799702168,
629,-0.356928,0.217085399664938,0.201004999689758,
630,-0.355904,0.233165799640119,0.217085399664938,
631,-0.35488,0.241205999627709,0.225125599652529,
632,-0.353856,0.25728639960289,0.25728639960289,
633,-0.352832,0.273366799578071,0.25728639960289,
634,-0.351808,0.289447199553251,0.273366799578071,
635,-0.350784,0.289447199553251,0.289447199553251,
636,-0.34976,0.313567799516022,0.289447199553251,
637,-0.348736,0.313567799516022,0.313567799516022,
638,-0.347712,0.337688399478793,0.329648199491203,
639,-0.346688,0.345728599466383,0.329648199491203,
640,-0.345664,0.353768799453974,0.345728599466383,
641,-0.34464,0.369849199429154,0.361808999441564,
642,-0.343616,0.385929599404335,0.377889399416745,
643,-0.342592,0.393969799391925,0.385929599404335,
644,-0.341568,0.393969799391925,0.402009999379516,
645,-0.340544,0.410050199367106,0.410050199367106,
646,-0.33952,0.418090399354696,0.402009999379516,
647,-0.338496,0.426130599342287,0.418090399354696,
648,-0.337472,0.426130599342287,0.418090399354696,
649,-0.336448,0.442210999317467,0.434170799329877,
650,-0.335424,0.442210999317467,0.442210999317467,
651,-0.3344,0.450251199305058,0.450251199305058,
652,-0.333376,0.458291399292648,0.458291399292648,
653,-0.332352,0.458291399292648,0.458291399292648,
654,-0.331328,0.466331599280238,0.466331599280238,
655,-0.330304,0.474371799267828,0.466331599280238,
656,-0.32928,0.474371799267828,0.490452199243009,
657,-0.328256,0.482411999255419,0.474371799267828,
658,-0.327232,0.490452199243009,0.482411999255419,
659,-0.326208,0.490452199243009,0.482411999255419,
660,-0.325184,0.490452199243009,0.490452199243009,
661,-0.32416,0.490452199243009,0.490452199243009,
662,-0.323136,0.498492399230599,0.490452199243009,
663,-0.322112,0.498492399230599,0.498492399230599,
664,-0.321088,0.490452199243009,0.498492399230599,
665,-0.320064,0.490452199243009,0.498492399230599,
666,-0.31904,0.498492399230599,0.490452199243009,
667,-0.318016,0.490452199243009,0.498492399230599,
668,-0.316992,0.490452199243009,0.498492399230599,
669,-0.315968,0.482411999255419,0.490452199243009,
670,-0.314944,0.482411999255419,0.490452199243009,
671,-0.31392,0.482411999255419,0.482411999255419,
672,-0.312896,0.482411999255419,0.482411999255419,
673,-0.311872,0.474371799267828,0.474371799267828,
674,-0.310848,0.474371799267828,0.474371799267828,
675,-0.309824,0.458291399292648,0.474371799267828,
676,-0.3088,0.458291399292648,0.458291399292648,
677,-0.307776,0.442210999317467,0.466331599280238,
678,-0.306752,0.442210999317467,0.450251199305058,
679,-0.305728,0.434170799329877,0.442210999317467,
680,-0.304704,0.426130599342287,0.442210999317467,
681,-0.30368,0.418090399354696,0.426130599342287,
682,-0.302656,0.418090399354696,0.418090399354696,
683,-0.301632,0.402009999379516,0.410050199367106,
684,-0.300608,0.385929599404335,0.402009999379516,
685,-0.299584,0.377889399416745,0.385929599404335,
686,-0.29856,0.369849199429154,0.385929599404335,
687,-0.297536,0.353768799453974,0.369849199429154,
688,-0.296512,0.353768799453974,0.361808999441564,
689,-0.295488,0.329648199491203,0.353768799453974,
690,-0.294464,0.321607999503613,0.329648199491203,
691,-0.29344,0.313567799516022,0.329648199491203,
692,-0.292416,0.313567799516022,0.321607999503613,
693,-0.291392,0.289447199553251,0.297487399540842,
694,-0.290368,0.273366799578071,0.297487399540842,
695,-0.289344,0.26532659959048,0.273366799578071,
696,-0.28832,0.2492461996153,0.26532659959048,
697,-0.287296,0.233165799640119,0.2492461996153,
698,-0.286272,0.217085399664938,0.233165799640119,
699,-0.285248,0.209045199677348,0.225125599652529,
700,-0.284224,0.184924599714577,0.209045199677348,
701,-0.2832,0.168844199739397,0.201004999689758,
702,-0.282176,0.160803999751806,0.168844199739397,
703,-0.281152,0.144723599776626,0.160803999751806,
704,-0.280128,0.128643199801445,0.144723599776626,
705,-0.279104,0.120602999813855,0.128643199801445,
706,-0.27808,0.104522599838674,0.112562799826264,
707,-0.277056,0.0804019998759031,0.0964823998510838,
708,-0.276032,0.0643215999007225,0.0804019998759031,
709,-0.275008,0.0562813999131322,0.0723617998883128,
710,-0.273984,0.0402009999379516,0.0482411999255419,
711,-0.27296,0.0241205999627709,0.0402009999379516,
712,-0.271936,0,0.00804019998759031,
713,-0.270912,-0.00804019998759031,0.00804019998759031,
714,-0.269888,-0.0321607999503613,-0.0160803999751806,
715,-0.268864,-0.0482411999255419,-0.0321607999503613,
716,-0.26784,-0.0643215999007225,-0.0482411999255419,
717,-0.266816,-0.0723617998883128,-0.0643215999007225,
718,-0.265792,-0.0884421998634934,-0.0804019998759031,
719,-0.264768,-0.104522599838674,-0.0884421998634934,
720,-0.263744,-0.120602999813855,-0.112562799826264,
721,-0.26272,-0.136683399789035,-0.120602999813855,
722,-0.261696,-0.144723599776626,-0.144723599776626,
723,-0.260672,-0.168844199739397,-0.152763799764216,
724,-0.259648,-0.184924599714577,-0.168844199739397,
725,-0.258624,-0.201004999689758,-0.184924599714577,
726,-0.2576,-0.209045199677348,-0.192964799702168,
727,-0.256576,-0.233165799640119,-0.217085399664938,
728,-0.255552,-0.2492461996153,-0.225125599652529,
729,-0.254528,-0.26532659959048,-0.241205999627709,
730,-0.253504,-0.273366799578071,-0.26532659959048,
731,-0.25248,-0.281406999565661,-0.273366799578071,
732,-0.251456,-0.297487399540842,-0.281406999565661,
733,-0.250432,-0.313567799516022,-0.297487399540842,
734,-0.249408,-0.321607999503613,-0.305527599528432,
735,-0.248384,-0.337688399478793,-0.321607999503613,
736,-0.24736,-0.345728599466383,-0.329648199491203,
737,-0.246336,-0.369849199429154,-0.353768799453974,
738,-0.245312,-0.369849199429154,-0.353768799453974,
739,-0.244288,-0.377889399416745,-0.377889399416745,
740,-0.243264,-0.393969799391925,-0.377889399416745,
741,-0.24224,-0.410050199367106,-0.393969799391925,
742,-0.241216,-0.418090399354696,-0.410050199367106,
743,-0.240192,-0.426130599342287,-0.402009999379516,
744,-0.239168,-0.426130599342287,-0.426130599342287,
745,-0.238144,-0.450251199305058,-0.426130599342287,
746,-0.23712,-0.450251199305058,-0.442210999317467,
747,-0.236096,-0.458291399292648,-0.450251199305058,
748,-0.235072,-0.458291399292648,-0.458291399292648,
749,-0.234048,-0.474371799267828,-0.458291399292648,
750,-0.233024,-0.466331599280238,-0.458291399292648,
751,-0.232,-0.474371799267828,-0.474371799267828,
752,-0.230976,-0.490452199243009,-0.474371799267828,
753,-0.229952,-0.490452199243009,-0.474371799267828,
754,-0.228928,-0.482411999255419,-0.490452199243009,
755,-0.227904,-0.50653259921819,-0.490452199243009,
756,-0.22688,-0.51457279920578,-0.490452199243009,
757,-0.225856,-0.51457279920578,-0.490452199243009,
758,-0.224832,-0.498492399230599,-0.50653259921819,
759,-0.223808,-0.50653259921819,-0.490452199243009,
760,-0.222784,-0.50653259921819,-0.498492399230599,
761,-0.22176,-0.50653259921819,-0.50653259921819,
762,-0.220736,-0.50653259921819,-0.50653259921819,
763,-0.219712,-0.498492399230599,-0.50653259921819,
764,-0.218688,-0.52261299919337,-0.50653259921819,
765,-0.217664,-0.50653259921819,-0.498492399230599,
766,-0.21664,-0.50653259921819,-0.50653259921819,
767,-0.215616,-0.498492399230599,-0.498492399230599,
768,-0.214592,-0.498492399230599,-0.490452199243009,
769,-0.213568,-0.482411999255419,-0.482411999255419,
770,-0.212544,-0.490452199243009,-0.482411999255419,
771,-0.21152,-0.482411999255419,-0.490452199243009,
772,-0.210496,-0.482411999255419,-0.482411999255419,
773,-0.209472,-0.474371799267828,-0.474371799267828,
774,-0.208448,-0.474371799267828,-0.466331599280238,
775,-0.207424,-0.466331599280238,-0.458291399292648,
776,-0.2064,-0.450251199305058,-0.450251199305058,
777,-0.205376,-0.442210999317467,-0.458291399292648,
778,-0.204352,-0.442210999317467,-0.442210999317467,
779,-0.203328,-0.426130599342287,-0.434170799329877,
780,-0.202304,-0.426130599342287,-0.434170799329877,
781,-0.20128,-0.410050199367106,-0.418090399354696,
782,-0.200256,-0.402009999379516,-0.410050199367106,
783,-0.199232,-0.385929599404335,-0.393969799391925,
784,-0.198208,-0.377889399416745,-0.385929599404335,
785,-0.197184,-0.369849199429154,-0.377889399416745,
786,-0.19616,-0.353768799453974,-0.361808999441564,
787,-0.195136,-0.345728599466383,-0.353768799453974,
788,-0.194112,-0.329648199491203,-0.345728599466383,
789,-0.193088,-0.321607999503613,-0.329648199491203,
790,-0.192064,-0.305527599528432,-0.321607999503613,
791,-0.19104,-0.305527599528432,-0.305527599528432,
792,-0.190016,-0.281406999565661,-0.289447199553251,
793,-0.188992,-0.273366799578071,-0.273366799578071,
794,-0.187968,-0.25728639960289,-0.273366799578071,
795,-0.186944,-0.241205999627709,-0.2492461996153,
796,-0.18592,-0.225125599652529,-0.241205999627709,
797,-0.184896,-0.209045199677348,-0.225125599652529,
798,-0.183872,-0.192964799702168,-0.209045199677348,
799,-0.182848,-0.184924599714577,-0.184924599714577,
800,-0.181824,-0.168844199739397,-0.176884399726987,
801,-0.1808,-0.160803999751806,-0.160803999751806,
802,-0.179776,-0.136683399789035,-0.144723599776626,
803,-0.178752,-0.120602999813855,-0.128643199801445,
804,-0.177728,-0.104522599838674,-0.112562799826264,
805,-0.176704,-0.0884421998634934,-0.0964823998510838,
806,-0.17568,-0.0723617998883128,-0.0884421998634934,
807,-0.174656,-0.0562813999131322,-0.0723617998883128,
808,-0.173632,-0.0402009999379516,-0.0562813999131322,
809,-0.172608,-0.0241205999627709,-0.0402009999379516,
810,-0.171584,-0.00804019998759031,-0.0241205999627709,
811,-0.17056,0.0160803999751806,-0.00804019998759031,
812,-0.169536,0.0241205999627709,0.00804019998759031,
813,-0.168512,0.0402009999379516,0.0321607999503613,
814,-0.167488,0.0482411999255419,0.0402009999379516,
815,-0.166464,0.0723617998883128,0.0562813999131322,
816,-0.16544,0.0804019998759031,0.0723617998883128,
817,-0.164416,0.104522599838674,0.0884421998634934,
818,-0.163392,0.128643199801445,0.104522599838674,
819,-0.162368,0.136683399789035,0.120602999813855,
820,-0.161344,0.152763799764216,0.144723599776626,
821,-0.16032,0.168844199739397,0.152763799764216,
822,-0.159296,0.176884399726987,0.168844199739397,
823,-0.158272,0.201004999689758,0.184924599714577,
824,-0.157248,0.209045199677348,0.192964799702168,
825,-0.156224,0.225125599652529,0.209045199677348,
826,-0.1552,0.241205999627709,0.233165799640119,
827,-0.154176,0.2492461996153,0.241205999627709,
828,-0.153152,0.26532659959048,0.25728639960289,
829,-0.152128,0.281406999565661,0.273366799578071,
830,-0.151104,0.297487399540842,0.273366799578071,
831,-0.15008,0.305527599528432,0.297487399540842,
832,-0.149056,0.313567799516022,0.305527599528432,
833,-0.148032,0.329648199491203,0.313567799516022,
834,-0.147008,0.345728599466383,0.329648199491203,
835,-0.145984,0.353768799453974,0.337688399478793,
836,-0.14496,0.361808999441564,0.361808999441564,
837,-0.143936,0.377889399416745,0.361808999441564,
838,-0.142912,0.385929599404335,0.377889399416745,
839,-0.141888,0.393969799391925,0.393969799391925,
840,-0.140864,0.410050199367106,0.402009999379516,
841,-0.13984,0.410050199367106,0.410050199367106,
842,-0.138816,0.426130599342287,0.418090399354696,
843,-0.137792,0.434170799329877,0.426130599342287,
844,-0.136768,0.442210999317467,0.442210999317467,
845,-0.135744,0.442210999317467,0.442210999317467,
846,-0.13472,0.458291399292648,0.442210999317467,
847,-0.133696,0.458291399292648,0.458291399292648,
848,-0.132672,0.450251199305058,0.450251199305058,
849,-0.131648,0.474371799267828,0.466331599280238,
850,-0.130624,0.482411999255419,0.474371799267828,
851,-0.1296,0.482411999255419,0.482411999255419,
852,-0.128576,0.482411999255419,0.474371799267828,
853,-0.127552,0.490452199243009,0.482411999255419,
854,-0.126528,0.490452199243009,0.498492399230599,
855,-0.125504,0.482411999255419,0.490452199243009,
856,-0.12448,0.490452199243009,0.498492399230599,
857,-0.123456,0.498492399230599,0.498492399230599,
858,-0.122432,0.498492399230599,0.498492399230599,
859,-0.121408,0.498492399230599,0.490452199243009,
860,-0.120384,0.498492399230599,0.490452199243009,
861,-0.11936,0.498492399230599,0.498492399230599,
862,-0.118336,0.482411999255419,0.490452199243009,
863,-0.117312,0.490452199243009,0.498492399230599,
864,-0.116288,0.482411999255419,0.490452199243009,
865,-0.115264,0.482411999255419,0.490452199243009,
866,-0.11424,0.482411999255419,0.490452199243009,
867,-0.113216,0.474371799267828,0.482411999255419,
868,-0.112192,0.474371799267828,0.474371799267828,
869,-0.111168,0.466331599280238,0.474371799267828,
870,-0.110144,0.466331599280238,0.466331599280238,
871,-0.10912,0.450251199305058,0.474371799267828,
872,-0.108096,0.450251199305058,0.458291399292648,
873,-0.107072,0.450251199305058,0.450251199305058,
874,-0.106048,0.442210999317467,0.450251199305058,
875,-0.105024,0.434170799329877,0.442210999317467,
876,-0.104,0.418090399354696,0.434170799329877,
877,-0.102976,0.410050199367106,0.426130599342287,
878,-0.101952,0.402009999379516,0.410050199367106,
879,-0.100928,0.393969799391925,0.410050199367106,
880,-0.099904,0.385929599404335,0.402009999379516,
881,-0.0988800000000001,0.377889399416745,0.393969799391925,
882,-0.0978560000000001,0.369849199429154,0.377889399416745,
883,-0.096832,0.353768799453974,0.361808999441564,
884,-0.095808,0.345728599466383,0.345728599466383,
885,-0.0947840000000001,0.329648199491203,0.345728599466383,
886,-0.0937600000000001,0.313567799516022,0.329648199491203,
887,-0.092736,0.305527599528432,0.321607999503613,
888,-0.091712,0.281406999565661,0.305527599528432,
889,-0.090688,0.281406999565661,0.289447199553251,
890,-0.0896640000000001,0.25728639960289,0.273366799578071,
891,-0.0886400000000001,0.2492461996153,0.273366799578071,
892,-0.087616,0.233165799640119,0.241205999627709,
893,-0.086592,0.225125599652529,0.241205999627709,
894,-0.0855680000000001,0.209045199677348,0.225125599652529,
895,-0.0845440000000001,0.192964799702168,0.217085399664938,
896,-0.08352,0.176884399726987,0.192964799702168,
897,-0.082496,0.160803999751806,0.176884399726987,
898,-0.081472,0.152763799764216,0.168844199739397,
899,-0.0804480000000001,0.136683399789035,0.152763799764216,
900,-0.0794240000000001,0.112562799826264,0.136683399789035,
901,-0.0784,0.104522599838674,0.128643199801445,
902,-0.077376,0.0804019998759031,0.0964823998510838,
903,-0.0763520000000001,0.0723617998883128,0.0804019998759031,
904,-0.0753280000000001,0.0562813999131322,0.0723617998883128,
905,-0.074304,0.0402009999379516,0.0562813999131322,
906,-0.07328,0.0160803999751806,0.0402009999379516,
907,-0.072256,0,0.0241205999627709,
908,-0.0712320000000001,-0.00804019998759031,0.00804019998759031,
909,-0.070208,-0.0241205999627709,-0.00804019998759031,
910,-0.069184,-0.0402009999379516,-0.0241205999627709,
911,-0.06816,-0.0562813999131322,-0.0402009999379516,
912,-0.0671360000000001,-0.0804019998759031,-0.0482411999255419,
913,-0.0661120000000001,-0.0884421998634934,-0.0723617998883128,
914,-0.065088,-0.104522599838674,-0.0964823998510838,
915,-0.064064,-0.120602999813855,-0.104522599838674,
916,-0.0630400000000001,-0.136683399789035,-0.120602999813855,
917,-0.0620160000000001,-0.152763799764216,-0.136683399789035,
918,-0.060992,-0.168844199739397,-0.144723599776626,
919,-0.059968,-0.184924599714577,-0.160803999751806,
920,-0.058944,-0.201004999689758,-0.184924599714577,
921,-0.0579200000000001,-0.209045199677348,-0.192964799702168,
922,-0.0568960000000001,-0.209045199677348,-0.209045199677348,
923,-0.055872,-0.241205999627709,-0.225125599652529,
924,-0.054848,-0.2492461996153,-0.241205999627709,
925,-0.0538240000000001,-0.26532659959048,-0.2492461996153,
926,-0.0528000000000001,-0.281406999565661,-0.26532659959048,
927,-0.051776,-0.297487399540842,-0.289447199553251,
928,-0.050752,-0.313567799516022,-0.297487399540842,
929,-0.049728,-0.321607999503613,-0.313567799516022,
930,-0.0487040000000001,-0.337688399478793,-0.321607999503613,
931,-0.0476800000000001,-0.345728599466383,-0.329648199491203,
932,-0.046656,-0.353768799453974,-0.337688399478793,
933,-0.045632,-0.377889399416745,-0.353768799453974,
934,-0.0446080000000001,-0.377889399416745,-0.369849199429154,
935,-0.0435840000000001,-0.385929599404335,-0.377889399416745,
936,-0.04256,-0.402009999379516,-0.385929599404335,
937,-0.041536,-0.410050199367106,-0.393969799391925,
938,-0.040512,-0.426130599342287,-0.402009999379516,
939,-0.0394880000000001,-0.434170799329877,-0.418090399354696,
940,-0.0384640000000001,-0.426130599342287,-0.418090399354696,
941,-0.03744,-0.442210999317467,-0.434170799329877,
942,-0.036416,-0.450251199305058,-0.434170799329877,
943,-0.0353920000000001,-0.458291399292648,-0.442210999317467,
944,-0.0343680000000001,-0.458291399292648,-0.450251199305058,
945,-0.033344,-0.474371799267828,-0.458291399292648,
946,-0.03232,-0.482411999255419,-0.466331599280238,
947,-0.031296,-0.474371799267828,-0.474371799267828,
948,-0.0302720000000001,-0.490452199243009,-0.482411999255419,
949,-0.0292480000000001,-0.482411999255419,-0.490452199243009,
950,-0.028224,-0.498492399230599,-0.498492399230599,
951,-0.0272,-0.498492399230599,-0.490452199243009,
952,-0.0261760000000001,-0.498492399230599,-0.498492399230599,
953,-0.0251520000000001,-0.50653259921819,-0.498492399230599,
954,-0.024128,-0.498492399230599,-0.498492399230599,
955,-0.023104,-0.51457279920578,-0.50653259921819,
956,-0.0220800000000001,-0.50653259921819,-0.50653259921819,
957,-0.0210560000000001,-0.50653259921819,-0.50653259921819,
958,-0.0200320000000001,-0.498492399230599,-0.498492399230599,
959,-0.019008,-0.490452199243009,-0.498492399230599,
960,-0.017984,-0.498492399230599,-0.498492399230599,
961,-0.0169600000000001,-0.498492399230599,-0.50653259921819,
962,-0.0159360000000001,-0.50653259921819,-0.498492399230599,
963,-0.014912,-0.490452199243009,-0.490452199243009,
964,-0.013888,-0.490452199243009,-0.498492399230599,
965,-0.0128640000000001,-0.490452199243009,-0.490452199243009,
966,-0.0118400000000001,-0.482411999255419,-0.498492399230599,
967,-0.010816,-0.482411999255419,-0.490452199243009,
968,-0.00979200000000002,-0.466331599280238,-0.474371799267828,
969,-0.008768,-0.474371799267828,-0.466331599280238,
970,-0.00774400000000008,-0.458291399292648,-0.466331599280238,
971,-0.00672000000000006,-0.458291399292648,-0.458291399292648,
972,-0.00569600000000003,-0.450251199305058,-0.450251199305058,
973,-0.00467200000000001,-0.442210999317467,-0.442210999317467,
974,-0.0036480000000001,-0.434170799329877,-0.434170799329877,
975,-0.00262400000000007,-0.418090399354696,-0.434170799329877,
976,-0.00160000000000005,-0.402009999379516,-0.418090399354696,
977,-0.000576000000000021,-0.402009999379516,-0.410050199367106,
978,0.000448000000000004,-0.385929599404335,-0.402009999379516,
979,0.00147199999999992,-0.377889399416745,-0.385929599404335,
980,0.00249600000000005,-0.369849199429154,-0.377889399416745,
981,0.00351999999999997,-0.353768799453974,-0.369849199429154,
982,0.00454399999999988,-0.345728599466383,-0.353768799453974,
983,0.00556800000000002,-0.337688399478793,-0.337688399478793,
984,0.00659199999999993,-0.321607999503613,-0.337688399478793,
985,0.00761599999999985,-0.313567799516022,-0.321607999503613,
986,0.00863999999999998,-0.305527599528432,-0.305527599528432,
987,0.00966399999999989,-0.289447199553251,-0.297487399540842,
988,0.010688,-0.273366799578071,-0.281406999565661,
989,0.0117119999999999,-0.2492461996153,-0.273366799578071,
990,0.0127359999999999,-0.241205999627709,-0.25728639960289,
991,0.01376,-0.225125599652529,-0.241205999627709,
992,0.0147839999999999,-0.217085399664938,-0.233165799640119,
993,0.015808,-0.201004999689758,-0.209045199677348,
994,0.016832,-0.184924599714577,-0.201004999689758,
995,0.0178559999999999,-0.160803999751806,-0.176884399726987,
996,0.01888,-0.152763799764216,-0.168844199739397,
997,0.0199039999999999,-0.136683399789035,-0.152763799764216,
998,0.0209280000000001,-0.120602999813855,-0.144723599776626,
999,0.021952,-0.112562799826264,-0.120602999813855,
1000,0.0229759999999999,-0.0884421998634934,-0.104522599838674,
1001,0.024,-0.0723617998883128,-0.0884421998634934,
1002,0.0250239999999999,-0.0643215999007225,-0.0723617998883128,
1003,0.0260479999999998,-0.0321607999503613,-0.0482411999255419,
1004,0.027072,-0.0321607999503613,-0.0402009999379516,
1005,0.0280959999999999,-0.0160803999751806,-0.0321607999503613,
1006,0.02912,0,-0.00804019998759031,
1007,0.0301439999999999,0.0160803999751806,0.00804019998759031,
1008,0.0311679999999999,0.0402009999379516,0.0160803999751806,
1009,0.032192,0.0482411999255419,0.0402009999379516,
1010,0.0332159999999999,0.0723617998883128,0.0562813999131322,
1011,0.03424,0.0804019998759031,0.0643215999007225,
1012,0.035264,0.104522599838674,0.0804019998759031,
1013,0.0362879999999999,0.120602999813855,0.104522599838674,
1014,0.037312,0.136683399789035,0.120602999813855,
1015,0.0383359999999999,0.152763799764216,0.136683399789035,
1016,0.0393600000000001,0.160803999751806,0.152763799764216,
1017,0.040384,0.176884399726987,0.168844199739397,
1018,0.0414079999999999,0.192964799702168,0.176884399726987,
1019,0.042432,0.209045199677348,0.192964799702168,
1020,0.0434559999999999,0.225125599652529,0.209045199677348,
1021,0.0444799999999999,0.241205999627709,0.217085399664938,
1022,0.045504,0.2492461996153,0.233165799640119,
1023,0.0465279999999999,0.26532659959048,0.2492461996153,
1024,0.047552,0.281406999565661,0.25728639960289,
1025,0.048576,0.281406999565661,0.281406999565661,
1026,0.0495999999999999,0.305527599528432,0.297487399540842,
1027,0.050624,0.313567799516022,0.305527599528432,
1028,0.0516479999999999,0.329648199491203,0.313567799516022,
1029,0.0526720000000001,0.337688399478793,0.337688399478793,
1030,0.053696,0.353768799453974,0.337688399478793,
1031,0.0547199999999999,0.361808999441564,0.361808999441564,
1032,0.055744,0.369849199429154,0.361808999441564,
1033,0.0567679999999999,0.385929599404335,0.377889399416745,
1034,0.0577919999999998,0.385929599404335,0.385929599404335,
1035,0.058816,0.402009999379516,0.393969799391925,
1036,0.0598399999999999,0.410050199367106,0.402009999379516,
1037,0.060864,0.426130599342287,0.418090399354696,
1038,0.0618879999999999,0.434170799329877,0.418090399354696,
1039,0.0629119999999999,0.426130599342287,0.434170799329877,
1040,0.063936,0.442210999317467,0.442210999317467,
1041,0.0649599999999999,0.450251199305058,0.442210999317467,
1042,0.065984,0.458291399292648,0.450251199305058,
1043,0.067008,0.458291399292648,0.458291399292648,
1044,0.0680319999999999,0.466331599280238,0.458291399292648,
1045,0.069056,0.474371799267828,0.466331599280238,
1046,0.0700799999999999,0.474371799267828,0.474371799267828,
1047,0.0711040000000001,0.490452199243009,0.474371799267828,
1048,0.072128,0.482411999255419,0.482411999255419,
1049,0.0731519999999999,0.490452199243009,0.490452199243009,
1050,0.074176,0.490452199243009,0.490452199243009,
1051,0.0751999999999999,0.490452199243009,0.490452199243009,
1052,0.0762239999999998,0.490452199243009,0.490452199243009,
1053,0.077248,0.498492399230599,0.490452199243009,
1054,0.0782719999999999,0.50653259921819,0.498492399230599,
1055,0.079296,0.498492399230599,0.498492399230599,
1056,0.0803199999999999,0.490452199243009,0.498492399230599,
1057,0.0813439999999999,0.490452199243009,0.490452199243009,
1058,0.082368,0.498492399230599,0.498492399230599,
1059,0.0833919999999999,0.490452199243009,0.482411999255419,
1060,0.084416,0.490452199243009,0.490452199243009,
1061,0.08544,0.482411999255419,0.490452199243009,
1062,0.0864639999999999,0.482411999255419,0.482411999255419,
1063,0.087488,0.466331599280238,0.482411999255419,
1064,0.0885119999999999,0.466331599280238,0.474371799267828,
1065,0.0895360000000001,0.466331599280238,0.474371799267828,
1066,0.09056,0.466331599280238,0.466331599280238,
1067,0.0915839999999999,0.458291399292648,0.458291399292648,
1068,0.092608,0.442210999317467,0.450251199305058,
1069,0.0936319999999999,0.450251199305058,0.450251199305058,
1070,0.0946559999999999,0.426130599342287,0.442210999317467,
1071,0.09568,0.426130599342287,0.442210999317467,
1072,0.0967039999999999,0.418090399354696,0.426130599342287,
1073,0.097728,0.402009999379516,0.418090399354696,
1074,0.098752,0.402009999379516,0.402009999379516,
1075,0.0997759999999999,0.385929599404335,0.402009999379516,
1076,0.1008,0.385929599404335,0.402009999379516,
1077,0.101824,0.369849199429154,0.369849199429154,
1078,0.102848,0.361808999441564,0.361808999441564,
1079,0.103872,0.345728599466383,0.353768799453974,
1080,0.104896,0.329648199491203,0.345728599466383,
1081,0.10592,0.321607999503613,0.337688399478793,
1082,0.106944,0.313567799516022,0.321607999503613,
1083,0.107968,0.297487399540842,0.321607999503613,
1084,0.108992,0.289447199553251,0.297487399540842,
1085,0.110016,0.273366799578071,0.281406999565661,
1086,0.11104,0.25728639960289,0.273366799578071,
1087,0.112064,0.241205999627709,0.26532659959048,
1088,0.113088,0.233165799640119,0.2492461996153,
1089,0.114112,0.217085399664938,0.233165799640119,
1090,0.115136,0.201004999689758,0.209045199677348,
1091,0.11616,0.184924599714577,0.209045199677348,
1092,0.117184,0.168844199739397,0.184924599714577,
1093,0.118208,0.144723599776626,0.168844199739397,
1094,0.119232,0.136683399789035,0.152763799764216,
1095,0.120256,0.120602999813855,0.136683399789035,
1096,0.12128,0.104522599838674,0.120602999813855,
1097,0.122304,0.0964823998510838,0.104522599838674,
1098,0.123328,0.0804019998759031,0.0884421998634934,
1099,0.124352,0.0643215999007225,0.0804019998759031,
1100,0.125376,0.0482411999255419,0.0562813999131322,
1101,0.1264,0.0241205999627709,0.0402009999379516,
1102,0.127424,0.0160803999751806,0.0321607999503613,
1103,0.128448,0,0.00804019998759031,
1104,0.129472,-0.0160803999751806,-0.00804019998759031,
1105,0.130496,-0.0321607999503613,-0.0160803999751806,
1106,0.13152,-0.0643215999007225,-0.0321607999503613,
1107,0.132544,-0.0643215999007225,-0.0482411999255419,
1108,0.133568,-0.0804019998759031,-0.0643215999007225,
1109,0.134592,-0.0964823998510838,-0.0804019998759031,
1110,0.135616,-0.112562799826264,-0.0964823998510838,
1111,0.13664,-0.136683399789035,-0.112562799826264,
1112,0.137664,-0.152763799764216,-0.120602999813855,
1113,0.138688,-0.160803999751806,-0.144723599776626,
1114,0.139712,-0.176884399726987,-0.160803999751806,
1115,0.140736,-0.184924599714577,-0.176884399726987,
1116,0.14176,-0.209045199677348,-0.192964799702168,
1117,0.142784,-0.217085399664938,-0.209045199677348,
1118,0.143808,-0.233165799640119,-0.217085399664938,
1119,0.144832,-0.25728639960289,-0.241205999627709,
1120,0.145856,-0.2492461996153,-0.241205999627709,
1121,0.14688,-0.281406999565661,-0.26532659959048,
1122,0.147904,-0.297487399540842,-0.281406999565661,
1123,0.148928,-0.305527599528432,-0.289447199553251,
1124,0.149952,-0.313567799516022,-0.297487399540842,
1125,0.150976,-0.337688399478793,-0.313567799516022,
1126,0.152,-0.345728599466383,-0.329648199491203,
1127,0.153024,-0.353768799453974,-0.337688399478793,
1128,0.154048,-0.361808999441564,-0.353768799453974,
1129,0.155072,-0.369849199429154,-0.361808999441564,
1130,0.156096,-0.385929599404335,-0.369849199429154,
1131,0.15712,-0.402009999379516,-0.385929599404335,
1132,0.158144,-0.410050199367106,-0.402009999379516,
1133,0.159168,-0.410050199367106,-0.402009999379516,
1134,0.160192,-0.426130599342287,-0.410050199367106,
1135,0.161216,-0.442210999317467,-0.418090399354696,
1136,0.16224,-0.442210999317467,-0.426130599342287,
1137,0.163264,-0.450251199305058,-0.442210999317467,
1138,0.164288,-0.458291399292648,-0.450251199305058,
1139,0.165312,-0.466331599280238,-0.458291399292648,
1140,0.166336,-0.466331599280238,-0.458291399292648,
1141,0.16736,-0.474371799267828,-0.466331599280238,
1142,0.168384,-0.474371799267828,-0.466331599280238,
1143,0.169408,-0.482411999255419,-0.474371799267828,
1144,0.170432,-0.498492399230599,-0.482411999255419,
1145,0.171456,-0.490452199243009,-0.498492399230599,
1146,0.17248,-0.50653259921819,-0.490452199243009,
1147,0.173504,-0.498492399230599,-0.490452199243009,
1148,0.174528,-0.498492399230599,-0.498492399230599,
1149,0.175552,-0.50653259921819,-0.498492399230599,
1150,0.176576,-0.50653259921819,-0.50653259921819,
1151,0.1776,-0.50653259921819,-0.498492399230599,
1152,0.178624,-0.498492399230599,-0.498492399230599,
1153,0.179648,-0.50653259921819,-0.50653259921819,
1154,0.180672,-0.51457279920578,-0.498492399230599,
1155,0.181696,-0.50653259921819,-0.490452199243009,
1156,0.18272,-0.50653259921819,-0.50653259921819,
1157,0.183744,-0.498492399230599,-0.50653259921819,
1158,0.184768,-0.498492399230599,-0.490452199243009,
1159,0.185792,-0.490452199243009,-0.498492399230599,
1160,0.186816,-0.490452199243009,-0.490452199243009,
1161,0.18784,-0.490452199243009,-0.482411999255419,
1162,0.188864,-0.490452199243009,-0.482411999255419,
1163,0.189888,-0.474371799267828,-0.482411999255419,
1164,0.190912,-0.474371799267828,-0.474371799267828,
1165,0.191936,-0.458291399292648,-0.458291399292648,
1166,0.19296,-0.458291399292648,-0.458291399292648,
1167,0.193984,-0.450251199305058,-0.450251199305058,
1168,0.195008,-0.442210999317467,-0.458291399292648,
1169,0.196032,-0.434170799329877,-0.442210999317467,
1170,0.197056,-0.426130599342287,-0.434170799329877,
1171,0.19808,-0.418090399354696,-0.418090399354696,
1172,0.199104,-0.402009999379516,-0.410050199367106,
1173,0.200128,-0.393969799391925,-0.410050199367106,
1174,0.201152,-0.393969799391925,-0.393969799391925,
1175,0.202176,-0.377889399416745,-0.385929599404335,
1176,0.2032,-0.353768799453974,-0.369849199429154,
1177,0.204224,-0.353768799453974,-0.361808999441564,
1178,0.205248,-0.337688399478793,-0.345728599466383,
1179,0.206272,-0.329648199491203,-0.337688399478793,
1180,0.207296,-0.313567799516022,-0.329648199491203,
1181,0.20832,-0.305527599528432,-0.313567799516022,
1182,0.209344,-0.289447199553251,-0.297487399540842,
1183,0.210368,-0.281406999565661,-0.281406999565661,
1184,0.211392,-0.26532659959048,-0.273366799578071,
1185,0.212416,-0.2492461996153,-0.25728639960289,
1186,0.21344,-0.233165799640119,-0.2492461996153,
1187,0.214464,-0.217085399664938,-0.233165799640119,
1188,0.215488,-0.209045199677348,-0.217085399664938,
1189,0.216512,-0.192964799702168,-0.201004999689758,
1190,0.217536,-0.176884399726987,-0.184924599714577,
1191,0.21856,-0.160803999751806,-0.176884399726987,
1192,0.219584,-0.144723599776626,-0.160803999751806,
1193,0.220608,-0.128643199801445,-0.136683399789035,
1194,0.221632,-0.120602999813855,-0.112562799826264,
1195,0.222656,-0.0964823998510838,-0.112562799826264,
1196,0.22368,-0.0723617998883128,-0.0884421998634934,
1197,0.224704,-0.0723617998883128,-0.0804019998759031,
1198,0.225728,-0.0562813999131322,-0.0723617998883128,
1199,0.226752,-0.0321607999503613,-0.0482411999255419,
1200,0.227776,-0.0160803999751806,-0.0321607999503613,
1201,0.2288,0.00804019998759031,-0.0160803999751806,
1202,0.229824,0.00804019998759031,0,
1203,0.230848,0.0321607999503613,0.0160803999751806,
1204,0.231872,0.0482411999255419,0.0321607999503613,
1205,0.232896,0.0643215999007225,0.0482411999255419,
1206,0.23392,0.0723617998883128,0.0643215999007225,
1207,0.234944,0.0884421998634934,0.0804019998759031,
1208,0.235968,0.112562799826264,0.0964823998510838,
1209,0.236992,0.120602999813855,0.112562799826264,
1210,0.238016,0.144723599776626,0.120602999813855,
1211,0.23904,0.152763799764216,0.144723599776626,
1212,0.240064,0.176884399726987,0.160803999751806,
1213,0.241088,0.192964799702168,0.176884399726987,
1214,0.242112,0.201004999689758,0.192964799702168,
1215,0.243136,0.209045199677348,0.209045199677348,
1216,0.24416,0.233165799640119,0.225125599652529,
1217,0.245184,0.2492461996153,0.233165799640119,
1218,0.246208,0.26532659959048,0.2492461996153,
1219,0.247232,0.281406999565661,0.25728639960289,
1220,0.248256,0.289447199553251,0.273366799578071,
1221,0.24928,0.297487399540842,0.289447199553251,
1222,0.250304,0.313567799516022,0.297487399540842,
1223,0.251328,0.313567799516022,0.305527599528432,
1224,0.252352,0.345728599466383,0.329648199491203,
1225,0.253376,0.345728599466383,0.337688399478793,
1226,0.2544,0.361808999441564,0.353768799453974,
1227,0.255424,0.377889399416745,0.361808999441564,
1228,0.256448,0.385929599404335,0.369849199429154,
1229,0.257472,0.385929599404335,0.385929599404335,
1230,0.258496,0.402009999379516,0.393969799391925,
1231,0.25952,0.393969799391925,0.402009999379516,
1232,0.260544,0.426130599342287,0.410050199367106,
1233,0.261568,0.434170799329877,0.418090399354696,
1234,0.262592,0.426130599342287,0.426130599342287,
1235,0.263616,0.434170799329877,0.426130599342287,
1236,0.26464,0.450251199305058,0.442210999317467,
1237,0.265664,0.458291399292648,0.450251199305058,
1238,0.266688,0.466331599280238,0.458291399292648,
1239,0.267712,0.458291399292648,0.458291399292648,
1240,0.268736,0.474371799267828,0.474371799267828,
1241,0.26976,0.474371799267828,0.474371799267828,
1242,0.270784,0.474371799267828,0.474371799267828,
1243,0.271808,0.482411999255419,0.474371799267828,
1244,0.272832,0.482411999255419,0.498492399230599,
1245,0.273856,0.490452199243009,0.490452199243009,
1246,0.27488,0.490452199243009,0.482411999255419,
1247,0.275904,0.490452199243009,0.490452199243009,
1248,0.276928,0.490452199243009,0.498492399230599,
1249,0.277952,0.498492399230599,0.498492399230599,
1250,0.278976,0.498492399230599,0.498492399230599,
1251,0.28,0.490452199243009,0.498492399230599,
1252,0.281024,0.490452199243009,0.498492399230599,
1253,0.282048,0.490452199243009,0.490452199243009,
1254,0.283072,0.490452199243009,0.50653259921819,
1255,0.284096,0.490452199243009,0.490452199243009,
1256,0.28512,0.482411999255419,0.490452199243009,
1257,0.286144,0.474371799267828,0.482411999255419,
1258,0.287168,0.474371799267828,0.482411999255419,
1259,0.288192,0.474371799267828,0.474371799267828,
1260,0.289216,0.466331599280238,0.474371799267828,
1261,0.29024,0.458291399292648,0.466331599280238,
1262,0.291264,0.458291399292648,0.466331599280238,
1263,0.292288,0.450251199305058,0.458291399292648,
1264,0.293312,0.450251199305058,0.450251199305058,
1265,0.294336,0.434170799329877,0.442210999317467,
1266,0.29536,0.426130599342287,0.434170799329877,
1267,0.296384,0.418090399354696,0.434170799329877,
1268,0.297408,0.410050199367106,0.418090399354696,
1269,0.298432,0.402009999379516,0.410050199367106,
1270,0.299456,0.385929599404335,0.410050199367106,
1271,0.30048,0.385929599404335,0.393969799391925,
1272,0.301504,0.369849199429154,0.385929599404335,
1273,0.302528,0.353768799453974,0.369849199429154,
1274,0.303552,0.353768799453974,0.361808999441564,
1275,0.304576,0.337688399478793,0.345728599466383,
1276,0.3056,0.321607999503613,0.345728599466383,
1277,0.306624,0.313567799516022,0.329648199491203,
1278,0.307648,0.297487399540842,0.313567799516022,
1279,0.308672,0.281406999565661,0.305527599528432,
1280,0.309696,0.281406999565661,0.281406999565661,
1281,0.31072,0.26532659959048,0.26532659959048,
1282,0.311744,0.241205999627709,0.25728639960289,
1283,0.312768,0.233165799640119,0.2492461996153,
1284,0.313792,0.209045199677348,0.233165799640119,
1285,0.314816,0.201004999689758,0.225125599652529,
1286,0.31584,0.184924599714577,0.209045199677348,
1287,0.316864,0.168844199739397,0.192964799702168,
1288,0.317888,0.160803999751806,0.176884399726987,
1289,0.318912,0.144723599776626,0.160803999751806,
1290,0.319936,0.128643199801445,0.136683399789035,
1291,0.32096,0.112562799826264,0.128643199801445,
1292,0.321984,0.0964823998510838,0.112562799826264,
1293,0.323008,0.0804019998759031,0.0964823998510838,
1294,0.324032,0.0643215999007225,0.0804019998759031,
1295,0.325056,0.0482411999255419,0.0643215999007225,
1296,0.32608,0.0321607999503613,0.0482411999255419,
1297,0.327104,0.0160803999751806,0.0321607999503613,
1298,0.328128,0,0.0160803999751806,
1299,0.329152,-0.0160803999751806,0,
1300,0.330176,-0.0321607999503613,-0.0160803999751806,
1301,0.3312,-0.0402009999379516,-0.0241205999627709,
1302,0.332224,-0.0643215999007225,-0.0482411999255419,
1303,0.333248,-0.0804019998759031,-0.0643215999007225,
1304,0.334272,-0.0884421998634934,-0.0723617998883128,
1305,0.335296,-0.104522599838674,-0.0964823998510838,
1306,0.33632,-0.120602999813855,-0.104522599838674,
1307,0.337344,-0.144723599776626,-0.120602999813855,
1308,0.338368,-0.160803999751806,-0.136683399789035,
1309,0.339392,-0.168844199739397,-0.152763799764216,
1310,0.340416,-0.184924599714577,-0.176884399726987,
1311,0.34144,-0.192964799702168,-0.184924599714577,
1312,0.342464,-0.225125599652529,-0.192964799702168,
1313,0.343488,-0.233165799640119,-0.209045199677348,
1314,0.344512,-0.2492461996153,-0.225125599652529,
1315,0.345536,-0.2492461996153,-0.241205999627709,
1316,0.34656,-0.273366799578071,-0.25728639960289,
1317,0.347584,-0.289447199553251,-0.26532659959048,
1318,0.348608,-0.297487399540842,-0.289447199553251,
1319,0.349632,-0.313567799516022,-0.297487399540842,
1320,0.350656,-0.329648199491203,-0.305527599528432,
1321,0.35168,-0.337688399478793,-0.329648199491203,
1322,0.352704,-0.345728599466383,-0.337688399478793,
1323,0.353728,-0.361808999441564,-0.353768799453974,
1324,0.354752,-0.377889399416745,-0.353768799453974,
1325,0.355776,-0.385929599404335,-0.361808999441564,
1326,0.3568,-0.393969799391925,-0.385929599404335,
1327,0.357824,-0.402009999379516,-0.393969799391925,
1328,0.358848,-0.418090399354696,-0.402009999379516,
1329,0.359872,-0.426130599342287,-0.410050199367106,
1330,0.360896,-0.426130599342287,-0.418090399354696,
1331,0.36192,-0.434170799329877,-0.434170799329877,
1332,0.362944,-0.442210999317467,-0.434170799329877,
1333,0.363968,-0.450251199305058,-0.450251199305058,
1334,0.364992,-0.466331599280238,-0.450251199305058,
1335,0.366016,-0.458291399292648,-0.466331599280238,
1336,0.36704,-0.474371799267828,-0.474371799267828,
1337,0.368064,-0.474371799267828,-0.474371799267828,
1338,0.369088,-0.474371799267828,-0.482411999255419,
1339,0.370112,-0.490452199243009,-0.482411999255419,
1340,0.371136,-0.490452199243009,-0.490452199243009,
1341,0.37216,-0.498492399230599,-0.490452199243009,
1342,0.373184,-0.498492399230599,-0.498492399230599,
1343,0.374208,-0.498492399230599,-0.498492399230599,
1344,0.375232,-0.50653259921819,-0.50653259921819,
1345,0.376256,-0.498492399230599,-0.498492399230599,
1346,0.37728,-0.50653259921819,-0.498492399230599,
1347,0.378304,-0.51457279920578,-0.50653259921819,
1348,0.379328,-0.50653259921819,-0.50653259921819,
1349,0.380352,-0.50653259921819,-0.50653259921819,
1350,0.381376,-0.50653259921819,-0.498492399230599,
1351,0.3824,-0.50653259921819,-0.50653259921819,
1352,0.383424,-0.50653259921819,-0.498492399230599,
1353,0.384448,-0.498492399230599,-0.50653259921819,
1354,0.385472,-0.490452199243009,-0.490452199243009,
1355,0.386496,-0.482411999255419,-0.498492399230599,
1356,0.38752,-0.490452199243009,-0.498492399230599,
1357,0.388544,-0.490452199243009,-0.490452199243009,
1358,0.389568,-0.474371799267828,-0.474371799267828,
1359,0.390592,-0.466331599280238,-0.482411999255419,
1360,0.391616,-0.474371799267828,-0.474371799267828,
1361,0.39264,-0.466331599280238,-0.466331599280238,
1362,0.393664,-0.450251199305058,-0.458291399292648,
1363,0.394688,-0.434170799329877,-0.450251199305058,
1364,0.395712,-0.434170799329877,-0.442210999317467,
1365,0.396736,-0.426130599342287,-0.434170799329877,
1366,0.39776,-0.418090399354696,-0.418090399354696,
1367,0.398784,-0.418090399354696,-0.418090399354696,
1368,0.399808,-0.402009999379516,-0.402009999379516,
1369,0.400832,-0.385929599404335,-0.402009999379516,
1370,0.401856,-0.377889399416745,-0.393969799391925,
1371,0.40288,-0.361808999441564,-0.369849199429154,
1372,0.403904,-0.353768799453974,-0.369849199429154,
1373,0.404928,-0.345728599466383,-0.353768799453974,
1374,0.405952,-0.337688399478793,-0.345728599466383,
1375,0.406976,-0.321607999503613,-0.321607999503613,
1376,0.408,-0.305527599528432,-0.313567799516022,
1377,0.409024,-0.297487399540842,-0.297487399540842,
1378,0.410048,-0.281406999565661,-0.289447199553251,
1379,0.411072,-0.273366799578071,-0.273366799578071,
1380,0.412096,-0.25728639960289,-0.25728639960289,
1381,0.41312,-0.241205999627709,-0.25728639960289,
1382,0.414144,-0.225125599652529,-0.241205999627709,
1383,0.415168,-0.209045199677348,-0.217085399664938,
1384,0.416192,-0.192964799702168,-0.201004999689758,
1385,0.417216,-0.168844199739397,-0.192964799702168,
1386,0.41824,-0.160803999751806,-0.176884399726987,
1387,0.419264,-0.144723599776626,-0.160803999751806,
1388,0.420288,-0.136683399789035,-0.144723599776626,
1389,0.421312,-0.120602999813855,-0.128643199801445,
1390,0.422336,-0.104522599838674,-0.112562799826264,
1391,0.42336,-0.0884421998634934,-0.104522599838674,
1392,0.424384,-0.0723617998883128,-0.0804019998759031,
1393,0.425408,-0.0562813999131322,-0.0643215999007225,
1394,0.426432,-0.0402009999379516,-0.0482411999255419,
1395,0.427456,-0.0241205999627709,-0.0321607999503613,
1396,0.42848,-0.00804019998759031,-0.0160803999751806,
1397,0.429504,0,-0.00804019998759031,
1398,0.430528,0.0241205999627709,0.00804019998759031,
1399,0.431552,0.0402009999379516,0.0241205999627709,
1400,0.432576,0.0562813999131322,0.0402009999379516,
1401,0.4336,0.0643215999007225,0.0482411999255419,
1402,0.434624,0.0884421998634934,0.0804019998759031,
1403,0.435648,0.104522599838674,0.0884421998634934,
1404,0.436672,0.112562799826264,0.112562799826264,
1405,0.437696,0.136683399789035,0.120602999813855,
1406,0.43872,0.152763799764216,0.144723599776626,
1407,0.439744,0.176884399726987,0.152763799764216,
1408,0.440768,0.184924599714577,0.168844199739397,
1409,0.441792,0.201004999689758,0.184924599714577,
1410,0.442816,0.217085399664938,0.201004999689758,
1411,0.44384,0.217085399664938,0.209045199677348,
1412,0.444864,0.241205999627709,0.233165799640119,
1413,0.445888,0.2492461996153,0.241205999627709,
1414,0.446912,0.273366799578071,0.25728639960289,
1415,0.447936,0.273366799578071,0.26532659959048,
1416,0.44896,0.297487399540842,0.281406999565661,
1417,0.449984,0.297487399540842,0.289447199553251,
1418,0.451008,0.313567799516022,0.313567799516022,
1419,0.452032,0.329648199491203,0.329648199491203,
1420,0.453056,0.345728599466383,0.337688399478793,
1421,0.45408,0.353768799453974,0.345728599466383,
1422,0.455104,0.361808999441564,0.353768799453974,
1423,0.456128,0.377889399416745,0.361808999441564,
1424,0.457152,0.385929599404335,0.377889399416745,
1425,0.458176,0.402009999379516,0.393969799391925,
1426,0.4592,0.402009999379516,0.402009999379516,
1427,0.460224,0.418090399354696,0.410050199367106,
1428,0.461248,0.418090399354696,0.410050199367106,
1429,0.462272,0.426130599342287,0.434170799329877,
1430,0.463296,0.442210999317467,0.434170799329877,
1431,0.46432,0.442210999317467,0.442210999317467,
1432,0.465344,0.450251199305058,0.450251199305058,
1433,0.466368,0.458291399292648,0.450251199305058,
1434,0.467392,0.458291399292648,0.458291399292648,
1435,0.468416,0.474371799267828,0.466331599280238,
1436,0.46944,0.474371799267828,0.474371799267828,
1437,0.470464,0.482411999255419,0.482411999255419,
1438,0.471488,0.482411999255419,0.482411999255419,
1439,0.472512,0.490452199243009,0.482411999255419,
1440,0.473536,0.490452199243009,0.490452199243009,
1441,0.47456,0.490452199243009,0.482411999255419,
1442,0.475584,0.498492399230599,0.498492399230599,
1443,0.476608,0.498492399230599,0.498492399230599,
1444,0.477632,0.482411999255419,0.498492399230599,
1445,0.478656,0.498492399230599,0.498492399230599,
1446,0.47968,0.498492399230599,0.490452199243009,
1447,0.480704,0.490452199243009,0.490452199243009,
1448,0.481728,0.482411999255419,0.498492399230599,
1449,0.482752,0.490452199243009,0.490452199243009,
1450,0.483776,0.490452199243009,0.498492399230599,
1451,0.4848,0.482411999255419,0.482411999255419,
1452,0.485824,0.490452199243009,0.482411999255419,
1453,0.486848,0.474371799267828,0.482411999255419,
1454,0.487872,0.474371799267828,0.482411999255419,
1455,0.488896,0.466331599280238,0.474371799267828,
1456,0.48992,0.466331599280238,0.474371799267828,
1457,0.490944,0.450251199305058,0.458291399292648,
1458,0.491968,0.450251199305058,0.466331599280238,
1459,0.492992,0.434170799329877,0.458291399292648,
1460,0.494016,0.434170799329877,0.450251199305058,
1461,0.49504,0.434170799329877,0.434170799329877,
1462,0.496064,0.418090399354696,0.426130599342287,
1463,0.497088,0.418090399354696,0.426130599342287,
1464,0.498112,0.410050199367106,0.410050199367106,
1465,0.499136,0.385929599404335,0.402009999379516,
1466,0.50016,0.385929599404335,0.393969799391925,
1467,0.501184,0.377889399416745,0.385929599404335,
1468,0.502208,0.361808999441564,0.377889399416745,
1469,0.503232,0.353768799453974,0.369849199429154,
1470,0.504256,0.345728599466383,0.345728599466383,
1471,0.50528,0.321607999503613,0.345728599466383,
1472,0.506304,0.313567799516022,0.329648199491203,
1473,0.507328,0.305527599528432,0.313567799516022,
1474,0.508352,0.289447199553251,0.297487399540842,
1475,0.509376,0.281406999565661,0.289447199553251,
1476,0.5104,0.25728639960289,0.281406999565661,
1477,0.511424,0.25728639960289,0.26532659959048,
1478,0.512448,0.241205999627709,0.2492461996153,
1479,0.513472,0.217085399664938,0.233165799640119,
1480,0.514496,0.209045199677348,0.225125599652529,
1481,0.51552,0.192964799702168,0.209045199677348,
1482,0.516544,0.176884399726987,0.201004999689758,
1483,0.517568,0.160803999751806,0.176884399726987,
1484,0.518592,0.144723599776626,0.160803999751806,
1485,0.519616,0.136683399789035,0.152763799764216,
1486,0.52064,0.112562799826264,0.128643199801445,
1487,0.521664,0.0964823998510838,0.112562799826264,
1488,0.522688,0.0723617998883128,0.104522599838674,
1489,0.523712,0.0643215999007225,0.0884421998634934,
1490,0.524736,0.0562813999131322,0.0884421998634934,
1491,0.52576,0.0402009999379516,0.0562813999131322,
1492,0.526784,0.0241205999627709,0.0402009999379516,
1493,0.527808,0.0160803999751806,0.0241205999627709,
1494,0.528832,-0.0160803999751806,0.00804019998759031,
1495,0.529856,-0.0241205999627709,-0.00804019998759031,
1496,0.53088,-0.0482411999255419,-0.0241205999627709,
1497,0.531904,-0.0562813999131322,-0.0402009999379516,
1498,0.532928,-0.0723617998883128,-0.0562813999131322,
1499,0.533952,-0.0964823998510838,-0.0723617998883128,
1500,0.534976,-0.104522599838674,-0.0884421998634934,
1501,0.536,-0.120602999813855,-0.104522599838674,
1502,0.537024,-0.128643199801445,-0.120602999813855,
1503,0.538048,-0.160803999751806,-0.136683399789035,
1504,0.539072,-0.176884399726987,-0.152763799764216,
1505,0.540096,-0.184924599714577,-0.168844199739397,
1506,0.54112,-0.192964799702168,-0.192964799702168,
1507,0.542144,-0.209045199677348,-0.192964799702168,
1508,0.543168,-0.225125599652529,-0.217085399664938,
1509,0.544192,-0.241205999627709,-0.225125599652529,
1510,0.545216,-0.25728639960289,-0.233165799640119,
1511,0.54624,-0.273366799578071,-0.25728639960289,
1512,0.547264,-0.281406999565661,-0.26532659959048,
1513,0.548288,-0.297487399540842,-0.281406999565661,
1514,0.549312,-0.313567799516022,-0.289447199553251,
1515,0.550336,-0.329648199491203,-0.305527599528432,
1516,0.55136,-0.337688399478793,-0.321607999503613,
1517,0.552384,-0.345728599466383,-0.337688399478793,
1518,0.553408,-0.361808999441564,-0.345728599466383,
1519,0.554432,-0.369849199429154,-0.361808999441564,
1520,0.555456,-0.377889399416745,-0.377889399416745,
1521,0.55648,-0.385929599404335,-0.377889399416745,
1522,0.557504,-0.402009999379516,-0.393969799391925,
1523,0.558528,-0.410050199367106,-0.393969799391925,
1524,0.559552,-0.426130599342287,-0.410050199367106,
1525,0.560576,-0.426130599342287,-0.410050199367106,
1526,0.5616,-0.442210999317467,-0.426130599342287,
1527,0.562624,-0.450251199305058,-0.434170799329877,
1528,0.563648,-0.450251199305058,-0.442210999317467,
1529,0.564672,-0.458291399292648,-0.458291399292648,
1530,0.565696,-0.466331599280238,-0.458291399292648,
1531,0.56672,-0.474371799267828,-0.458291399292648,
1532,0.567744,-0.482411999255419,-0.466331599280238,
1533,0.568768,-0.482411999255419,-0.466331599280238,
1534,0.569792,-0.482411999255419,-0.482411999255419,
1535,0.570816,-0.490452199243009,-0.490452199243009,
1536,0.57184,-0.490452199243009,-0.490452199243009,
1537,0.572864,-0.50653259921819,-0.490452199243009,
1538,0.573888,-0.50653259921819,-0.490452199243009,
1539,0.574912,-0.498492399230599,-0.50653259921819,
1540,0.575936,-0.50653259921819,-0.498492399230599,
1541,0.57696,-0.50653259921819,-0.498492399230599,
1542,0.577984,-0.50653259921819,-0.498492399230599,
1543,0.579008,-0.498492399230599,-0.50653259921819,
1544,0.580032,-0.50653259921819,-0.50653259921819,
1545,0.581056,-0.498492399230599,-0.498492399230599,
1546,0.58208,-0.498492399230599,-0.498492399230599,
1547,0.583104,-0.498492399230599,-0.50653259921819,
1548,0.584128,-0.498492399230599,-0.490452199243009,
1549,0.585152,-0.490452199243009,-0.498492399230599,
1550,0.586176,-0.482411999255419,-0.498492399230599,
1551,0.5872,-0.490452199243009,-0.482411999255419,
1552,0.588224,-0.474371799267828,-0.482411999255419,
1553,0.589248,-0.482411999255419,-0.482411999255419,
1554,0.590272,-0.474371799267828,-0.474371799267828,
1555,0.591296,-0.466331599280238,-0.474371799267828,
1556,0.59232,-0.458291399292648,-0.466331599280238,
1557,0.593344,-0.458291399292648,-0.458291399292648,
1558,0.594368,-0.442210999317467,-0.450251199305058,
1559,0.595392,-0.442210999317467,-0.450251199305058,
1560,0.596416,-0.434170799329877,-0.442210999317467,
1561,0.59744,-0.418090399354696,-0.426130599342287,
1562,0.598464,-0.418090399354696,-0.418090399354696,
1563,0.599488,-0.410050199367106,-0.410050199367106,
1564,0.600512,-0.393969799391925,-0.402009999379516,
1565,0.601536,-0.377889399416745,-0.393969799391925,
1566,0.60256,-0.369849199429154,-0.377889399416745,
1567,0.603584,-0.353768799453974,-0.369849199429154,
1568,0.604608,-0.353768799453974,-0.361808999441564,
1569,0.605632,-0.337688399478793,-0.337688399478793,
1570,0.606656,-0.313567799516022,-0.345728599466383,
1571,0.60768,-0.313567799516022,-0.321607999503613,
1572,0.608704,-0.305527599528432,-0.305527599528432,
1573,0.609728,-0.281406999565661,-0.297487399540842,
1574,0.610752,-0.281406999565661,-0.281406999565661,
1575,0.611776,-0.25728639960289,-0.26532659959048,
1576,0.6128,-0.241205999627709,-0.25728639960289,
1577,0.613824,-0.233165799640119,-0.2492461996153,
1578,0.614848,-0.209045199677348,-0.225125599652529,
1579,0.615872,-0.192964799702168,-0.209045199677348,
1580,0.616896,-0.184924599714577,-0.192964799702168,
1581,0.61792,-0.168844199739397,-0.168844199739397,
1582,0.618944,-0.152763799764216,-0.168844199739397,
1583,0.619968,-0.136683399789035,-0.152763799764216,
1584,0.620992,-0.120602999813855,-0.144723599776626,
1585,0.622016,-0.112562799826264,-0.128643199801445,
1586,0.62304,-0.0884421998634934,-0.104522599838674,
1587,0.624064,-0.0804019998759031,-0.0804019998759031,
1588,0.625088,-0.0562813999131322,-0.0804019998759031,
1589,0.626112,-0.0482411999255419,-0.0562813999131322,
1590,0.627136,-0.0241205999627709,-0.0482411999255419,
1591,0.62816,-0.0160803999751806,-0.0160803999751806,
1592,0.629184,0,-0.00804019998759031,
1593,0.630208,0.0241205999627709,0.00804019998759031,
1594,0.631232,0.0402009999379516,0.0160803999751806,
1595,0.632256,0.0643215999007225,0.0402009999379516,
1596,0.63328,0.0804019998759031,0.0562813999131322,
1597,0.634304,0.0804019998759031,0.0723617998883128,
1598,0.635328,0.0964823998510838,0.0804019998759031,
1599,0.636352,0.112562799826264,0.104522599838674,
1600,0.637376,0.128643199801445,0.112562799826264,
1601,0.6384,0.144723599776626,0.136683399789035,
1602,0.639424,0.160803999751806,0.152763799764216,
1603,0.640448,0.176884399726987,0.160803999751806,
1604,0.641472,0.192964799702168,0.176884399726987,
1605,0.642496,0.209045199677348,0.192964799702168,
1606,0.64352,0.225125599652529,0.209045199677348,
1607,0.644544,0.233165799640119,0.225125599652529,
1608,0.645568,0.25728639960289,0.241205999627709,
1609,0.646592,0.26532659959048,0.2492461996153,
1610,0.647616,0.273366799578071,0.26532659959048,
1611,0.64864,0.297487399540842,0.281406999565661,
1612,0.649664,0.297487399540842,0.289447199553251,
1613,0.650688,0.313567799516022,0.297487399540842,
1614,0.651712,0.321607999503613,0.313567799516022,
1615,0.652736,0.337688399478793,0.313567799516022,
1616,0.65376,0.353768799453974,0.345728599466383,
1617,0.654784,0.361808999441564,0.353768799453974,
1618,0.655808,0.377889399416745,0.361808999441564,
1619,0.656832,0.385929599404335,0.377889399416745,
1620,0.657856,0.402009999379516,0.377889399416745,
1621,0.65888,0.410050199367106,0.402009999379516,
1622,0.659904,0.410050199367106,0.402009999379516,
1623,0.660928,0.426130599342287,0.418090399354696,
1624,0.661952,0.434170799329877,0.418090399354696,
1625,0.662976,0.442210999317467,0.426130599342287,
1626,0.664,0.442210999317467,0.442210999317467,
1627,0.665024,0.450251199305058,0.442210999317467,
1628,0.666048,0.458291399292648,0.458291399292648,
1629,0.667072,0.458291399292648,0.458291399292648,
1630,0.668096,0.474371799267828,0.458291399292648,
1631,0.66912,0.474371799267828,0.466331599280238,
1632,0.670144,0.482411999255419,0.482411999255419,
1633,0.671168,0.482411999255419,0.482411999255419,
1634,0.672192,0.490452199243009,0.482411999255419,
1635,0.673216,0.482411999255419,0.490452199243009,
1636,0.67424,0.482411999255419,0.490452199243009,
1637,0.675264,0.498492399230599,0.498492399230599,
1638,0.676288,0.498492399230599,0.498492399230599,
1639,0.677312,0.498492399230599,0.490452199243009,
1640,0.678336,0.498492399230599,0.498492399230599,
1641,0.67936,0.498492399230599,0.498492399230599,
1642,0.680384,0.490452199243009,0.498492399230599,
1643,0.681408,0.498492399230599,0.498492399230599,
1644,0.682432,0.490452199243009,0.490452199243009,
1645,0.683456,0.490452199243009,0.490452199243009,
1646,0.68448,0.490452199243009,0.498492399230599,
1647,0.685504,0.482411999255419,0.490452199243009,
1648,0.686528,0.474371799267828,0.490452199243009,
1649,0.687552,0.482411999255419,0.482411999255419,
1650,0.688576,0.466331599280238,0.474371799267828,
1651,0.6896,0.466331599280238,0.474371799267828,
1652,0.690624,0.458291399292648,0.466331599280238,
1653,0.691648,0.450251199305058,0.466331599280238,
1654,0.692672,0.442210999317467,0.458291399292648,
1655,0.693696,0.434170799329877,0.450251199305058,
1656,0.69472,0.434170799329877,0.442210999317467,
1657,0.695744,0.434170799329877,0.434170799329877,
1658,0.696768,0.418090399354696,0.426130599342287,
1659,0.697792,0.402009999379516,0.418090399354696,
1660,0.698816,0.393969799391925,0.410050199367106,
1661,0.69984,0.377889399416745,0.402009999379516,
1662,0.700864,0.377889399416745,0.377889399416745,
1663,0.701888,0.377889399416745,0.385929599404335,
1664,0.702912,0.353768799453974,0.369849199429154,
1665,0.703936,0.345728599466383,0.353768799453974,
1666,0.70496,0.329648199491203,0.345728599466383,
1667,0.705984,0.321607999503613,0.337688399478793,
1668,0.707008,0.313567799516022,0.313567799516022,
1669,0.708032,0.297487399540842,0.313567799516022,
1670,0.709056,0.289447199553251,0.305527599528432,
1671,0.71008,0.273366799578071,0.281406999565661,
1672,0.711104,0.2492461996153,0.26532659959048,
1673,0.712128,0.241205999627709,0.25728639960289,
1674,0.713152,0.233165799640119,0.2492461996153,
1675,0.714176,0.225125599652529,0.233165799640119,
1676,0.7152,0.192964799702168,0.217085399664938,
1677,0.716224,0.192964799702168,0.201004999689758,
1678,0.717248,0.168844199739397,0.192964799702168,
1679,0.718272,0.144723599776626,0.168844199739397,
1680,0.719296,0.136683399789035,0.152763799764216,
1681,0.72032,0.120602999813855,0.136683399789035,
1682,0.721344,0.112562799826264,0.128643199801445,
1683,0.722368,0.0884421998634934,0.104522599838674,
1684,0.723392,0.0723617998883128,0.0964823998510838,
1685,0.724416,0.0482411999255419,0.0804019998759031,
1686,0.72544,0.0482411999255419,0.0562813999131322,
1687,0.726464,0.0321607999503613,0.0402009999379516,
1688,0.727488,0.00804019998759031,0.0241205999627709,
1689,0.728512,-0.00804019998759031,0.00804019998759031,
1690,0.729536,-0.0241205999627709,-0.00804019998759031,
1691,0.73056,-0.0402009999379516,-0.0241205999627709,
1692,0.731584,-0.0482411999255419,-0.0402009999379516,
1693,0.732608,-0.0723617998883128,-0.0562813999131322,
1694,0.733632,-0.0804019998759031,-0.0643215999007225,
1695,0.734656,-0.0964823998510838,-0.0723617998883128,
1696,0.73568,-0.120602999813855,-0.0964823998510838,
1697,0.736704,-0.128643199801445,-0.112562799826264,
1698,0.737728,-0.136683399789035,-0.120602999813855,
1699,0.738752,-0.152763799764216,-0.144723599776626,
1700,0.739776,-0.176884399726987,-0.160803999751806,
1701,0.7408,-0.192964799702168,-0.184924599714577,
1702,0.741824,-0.209045199677348,-0.184924599714577,
1703,0.742848,-0.225125599652529,-0.217085399664938,
1704,0.743872,-0.241205999627709,-0.217085399664938,
1705,0.744896,-0.25728639960289,-0.241205999627709,
1706,0.74592,-0.26532659959048,-0.2492461996153,
1707,0.746944,-0.273366799578071,-0.273366799578071,
1708,0.747968,-0.289447199553251,-0.273366799578071,
1709,0.748992,-0.305527599528432,-0.289447199553251,
1710,0.750016,-0.313567799516022,-0.305527599528432,
1711,0.75104,-0.337688399478793,-0.313567799516022,
1712,0.752064,-0.345728599466383,-0.329648199491203,
1713,0.753088,-0.353768799453974,-0.353768799453974,
1714,0.754112,-0.369849199429154,-0.353768799453974,
1715,0.755136,-0.377889399416745,-0.361808999441564,
1716,0.75616,-0.385929599404335,-0.377889399416745,
1717,0.757184,-0.393969799391925,-0.385929599404335,
1718,0.758208,-0.402009999379516,-0.402009999379516,
1719,0.759232,-0.418090399354696,-0.402009999379516,
1720,0.760256,-0.418090399354696,-0.410050199367106,
1721,0.76128,-0.442210999317467,-0.426130599342287,
1722,0.762304,-0.442210999317467,-0.434170799329877,
1723,0.763328,-0.458291399292648,-0.442210999317467,
1724,0.764352,-0.458291399292648,-0.442210999317467,
1725,0.765376,-0.466331599280238,-0.450251199305058,
1726,0.7664,-0.482411999255419,-0.466331599280238,
1727,0.767424,-0.474371799267828,-0.466331599280238,
1728,0.768448,-0.474371799267828,-0.474371799267828,
1729,0.769472,-0.490452199243009,-0.482411999255419,
1730,0.770496,-0.490452199243009,-0.482411999255419,
1731,0.77152,-0.498492399230599,-0.490452199243009,
1732,0.772544,-0.498492399230599,-0.498492399230599,
1733,0.773568,-0.498492399230599,-0.490452199243009,
1734,0.774592,-0.490452199243009,-0.490452199243009,
1735,0.775616,-0.50653259921819,-0.490452199243009,
1736,0.77664,-0.50653259921819,-0.50653259921819,
1737,0.777664,-0.50653259921819,-0.51457279920578,
1738,0.778688,-0.50653259921819,-0.50653259921819,
1739,0.779712,-0.51457279920578,-0.51457279920578,
1740,0.780736,-0.51457279920578,-0.490452199243009,
1741,0.78176,-0.498492399230599,-0.51457279920578,
1742,0.782784,-0.498492399230599,-0.498492399230599,
1743,0.783808,-0.490452199243009,-0.498492399230599,
1744,0.784832,-0.490452199243009,-0.498492399230599,
1745,0.785856,-0.498492399230599,-0.490452199243009,
1746,0.78688,-0.490452199243009,-0.490452199243009,
1747,0.787904,-0.490452199243009,-0.482411999255419,
1748,0.788928,-0.474371799267828,-0.482411999255419,
1749,0.789952,-0.474371799267828,-0.474371799267828,
1750,0.790976,-0.466331599280238,-0.474371799267828,
1751,0.792,-0.466331599280238,-0.466331599280238,
1752,0.793024,-0.450251199305058,-0.458291399292648,
1753,0.794048,-0.450251199305058,-0.450251199305058,
1754,0.795072,-0.434170799329877,-0.442210999317467,
1755,0.796096,-0.434170799329877,-0.434170799329877,
1756,0.79712,-0.426130599342287,-0.426130599342287,
1757,0.798144,-0.410050199367106,-0.418090399354696,
1758,0.799168,-0.393969799391925,-0.410050199367106,
1759,0.800192,-0.402009999379516,-0.402009999379516,
1760,0.801216,-0.385929599404335,-0.393969799391925,
1761,0.80224,-0.377889399416745,-0.377889399416745,
1762,0.803264,-0.369849199429154,-0.369849199429154,
1763,0.804288,-0.353768799453974,-0.361808999441564,
1764,0.805312,-0.345728599466383,-0.345728599466383,
1765,0.806336,-0.329648199491203,-0.337688399478793,
1766,0.80736,-0.313567799516022,-0.321607999503613,
1767,0.808384,-0.297487399540842,-0.313567799516022,
1768,0.809408,-0.289447199553251,-0.297487399540842,
1769,0.810432,-0.273366799578071,-0.289447199553251,
1770,0.811456,-0.26532659959048,-0.26532659959048,
1771,0.81248,-0.2492461996153,-0.25728639960289,
1772,0.813504,-0.233165799640119,-0.2492461996153,
1773,0.814528,-0.225125599652529,-0.225125599652529,
1774,0.815552,-0.217085399664938,-0.217085399664938,
1775,0.816576,-0.184924599714577,-0.192964799702168,
1776,0.8176,-0.176884399726987,-0.184924599714577,
1777,0.818624,-0.160803999751806,-0.168844199739397,
1778,0.819648,-0.144723599776626,-0.160803999751806,
1779,0.820672,-0.128643199801445,-0.136683399789035,
1780,0.821696,-0.104522599838674,-0.120602999813855,
1781,0.82272,-0.0964823998510838,-0.104522599838674,
1782,0.823744,-0.0723617998883128,-0.0884421998634934,
1783,0.824768,-0.0723617998883128,-0.0723617998883128,
1784,0.825792,-0.0482411999255419,-0.0562813999131322,
1785,0.826816,-0.0241205999627709,-0.0482411999255419,
1786,0.82784,-0.0160803999751806,-0.0241205999627709,
1787,0.828864,-0.00804019998759031,-0.0160803999751806,
1788,0.829888,0,0,
1789,0.830912,0.0241205999627709,0.0241205999627709,
1790,0.831936,0.0402009999379516,0.0321607999503613,
1791,0.83296,0.0562813999131322,0.0482411999255419,
1792,0.833984,0.0804019998759031,0.0562813999131322,
1793,0.835008,0.0964823998510838,0.0804019998759031,
1794,0.836032,0.112562799826264,0.0964823998510838,
1795,0.837056,0.120602999813855,0.112562799826264,
1796,0.83808,0.136683399789035,0.128643199801445,
1797,0.839104,0.152763799764216,0.144723599776626,
1798,0.840128,0.176884399726987,0.152763799764216,
1799,0.841152,0.184924599714577,0.176884399726987,
1800,0.842176,0.201004999689758,0.192964799702168,
1801,0.8432,0.217085399664938,0.201004999689758,
1802,0.844224,0.233165799640119,0.217085399664938,
1803,0.845248,0.2492461996153,0.233165799640119,
1804,0.846272,0.26532659959048,0.2492461996153,
1805,0.847296,0.273366799578071,0.26532659959048,
1806,0.84832,0.281406999565661,0.273366799578071,
1807,0.849344,0.305527599528432,0.289447199553251,
1808,0.850368,0.313567799516022,0.297487399540842,
1809,0.851392,0.329648199491203,0.321607999503613,
1810,0.852416,0.321607999503613,0.329648199491203,
1811,0.85344,0.345728599466383,0.337688399478793,
1812,0.854464,0.361808999441564,0.345728599466383,
1813,0.855488,0.369849199429154,0.369849199429154,
1814,0.856512,0.377889399416745,0.377889399416745,
1815,0.857536,0.385929599404335,0.377889399416745,
1816,0.85856,0.402009999379516,0.402009999379516,
1817,0.859584,0.410050199367106,0.402009999379516,
1818,0.860608,0.418090399354696,0.402009999379516,
1819,0.861632,0.434170799329877,0.418090399354696,
1820,0.862656,0.442210999317467,0.426130599342287,
1821,0.86368,0.442210999317467,0.442210999317467,
1822,0.864704,0.450251199305058,0.442210999317467,
1823,0.865728,0.458291399292648,0.442210999317467,
1824,0.866752,0.458291399292648,0.458291399292648,
1825,0.867776,0.466331599280238,0.458291399292648,
1826,0.8688,0.482411999255419,0.466331599280238,
1827,0.869824,0.482411999255419,0.474371799267828,
1828,0.870848,0.482411999255419,0.482411999255419,
1829,0.871872,0.474371799267828,0.482411999255419,
1830,0.872896,0.490452199243009,0.498492399230599,
1831,0.87392,0.490452199243009,0.490452199243009,
1832,0.874944,0.498492399230599,0.490452199243009,
1833,0.875968,0.490452199243009,0.498492399230599,
1834,0.876992,0.490452199243009,0.498492399230599,
1835,0.878016,0.490452199243009,0.490452199243009,
1836,0.87904,0.498492399230599,0.498492399230599,
1837,0.880064,0.498492399230599,0.498492399230599,
1838,0.881088,0.490452199243009,0.498492399230599,
1839,0.882112,0.490452199243009,0.490452199243009,
1840,0.883136,0.490452199243009,0.498492399230599,
1841,0.88416,0.490452199243009,0.490452199243009,
1842,0.885184,0.482411999255419,0.490452199243009,
1843,0.886208,0.482411999255419,0.490452199243009,
1844,0.887232,0.466331599280238,0.482411999255419,
1845,0.888256,0.466331599280238,0.482411999255419,
1846,0.88928,0.466331599280238,0.474371799267828,
1847,0.890304,0.458291399292648,0.466331599280238,
1848,0.891328,0.466331599280238,0.466331599280238,
1849,0.892352,0.458291399292648,0.458291399292648,
1850,0.893376,0.450251199305058,0.458291399292648,
1851,0.8944,0.434170799329877,0.442210999317467,
1852,0.895424,0.426130599342287,0.442210999317467,
1853,0.896448,0.410050199367106,0.426130599342287,
1854,0.897472,0.410050199367106,0.426130599342287,
1855,0.898496,0.393969799391925,0.410050199367106,
1856,0.89952,0.393969799391925,0.393969799391925,
1857,0.900544,0.385929599404335,0.393969799391925,
1858,0.901568,0.369849199429154,0.377889399416745,
1859,0.902592,0.353768799453974,0.369849199429154,
1860,0.903616,0.345728599466383,0.361808999441564,
1861,0.90464,0.337688399478793,0.345728599466383,
1862,0.905664,0.321607999503613,0.329648199491203,
1863,0.906688,0.305527599528432,0.321607999503613,
1864,0.907712,0.297487399540842,0.313567799516022,
1865,0.908736,0.289447199553251,0.305527599528432,
1866,0.90976,0.273366799578071,0.289447199553251,
1867,0.910784,0.25728639960289,0.273366799578071,
1868,0.911808,0.241205999627709,0.2492461996153,
1869,0.912832,0.233165799640119,0.25728639960289,
1870,0.913856,0.217085399664938,0.233165799640119,
1871,0.91488,0.201004999689758,0.217085399664938,
1872,0.915904,0.184924599714577,0.201004999689758,
1873,0.916928,0.160803999751806,0.184924599714577,
1874,0.917952,0.152763799764216,0.168844199739397,
1875,0.918976,0.136683399789035,0.160803999751806,
1876,0.92,0.128643199801445,0.144723599776626,
1877,0.921024,0.112562799826264,0.128643199801445,
1878,0.922048,0.0964823998510838,0.112562799826264,
1879,0.923072,0.0804019998759031,0.104522599838674,
1880,0.924096,0.0723617998883128,0.0884421998634934,
1881,0.92512,0.0482411999255419,0.0562813999131322,
1882,0.926144,0.0321607999503613,0.0562813999131322,
1883,0.927168,0.0160803999751806,0.0241205999627709,
1884,0.928192,-0.00804019998759031,0.0160803999751806,
1885,0.929216,-0.0160803999751806,0.00804019998759031,
1886,0.93024,-0.0321607999503613,-0.0160803999751806,
1887,0.931264,-0.0402009999379516,-0.0241205999627709,
1888,0.932288,-0.0643215999007225,-0.0482411999255419,
1889,0.933312,-0.0804019998759031,-0.0643215999007225,
1890,0.934336,-0.0964823998510838,-0.0804019998759031,
1891,0.93536,-0.112562799826264,-0.0964823998510838,
1892,0.936384,-0.120602999813855,-0.112562799826264,
1893,0.937408,-0.136683399789035,-0.120602999813855,
1894,0.938432,-0.152763799764216,-0.136683399789035,
1895,0.939456,-0.168844199739397,-0.152763799764216,
1896,0.94048,-0.184924599714577,-0.176884399726987,
1897,0.941504,-0.201004999689758,-0.184924599714577,
1898,0.942528,-0.225125599652529,-0.201004999689758,
1899,0.943552,-0.241205999627709,-0.217085399664938,
1900,0.944576,-0.2492461996153,-0.233165799640119,
1901,0.9456,-0.26532659959048,-0.241205999627709,
1902,0.946624,-0.26532659959048,-0.25728639960289,
1903,0.947648,-0.289447199553251,-0.26532659959048,
1904,0.948672,-0.305527599528432,-0.281406999565661,
1905,0.949696,-0.321607999503613,-0.305527599528432,
1906,0.95072,-0.329648199491203,-0.313567799516022,
1907,0.951744,-0.337688399478793,-0.329648199491203,
1908,0.952768,-0.353768799453974,-0.337688399478793,
1909,0.953792,-0.369849199429154,-0.345728599466383,
1910,0.954816,-0.377889399416745,-0.353768799453974,
1911,0.95584,-0.377889399416745,-0.361808999441564,
1912,0.956864,-0.402009999379516,-0.377889399416745,
1913,0.957888,-0.410050199367106,-0.393969799391925,
1914,0.958912,-0.426130599342287,-0.402009999379516,
1915,0.959936,-0.426130599342287,-0.402009999379516,
1916,0.96096,-0.434170799329877,-0.426130599342287,
1917,0.961984,-0.434170799329877,-0.426130599342287,
1918,0.963008,-0.450251199305058,-0.450251199305058,
1919,0.964032,-0.450251199305058,-0.450251199305058,
1920,0.965056,-0.466331599280238,-0.458291399292648,
1921,0.96608,-0.466331599280238,-0.466331599280238,
1922,0.967104,-0.466331599280238,-0.466331599280238,
1923,0.968128,-0.482411999255419,-0.474371799267828,
1924,0.969152,-0.482411999255419,-0.474371799267828,
1925,0.970176,-0.490452199243009,-0.482411999255419,
1926,0.9712,-0.490452199243009,-0.490452199243009,
1927,0.972224,-0.498492399230599,-0.490452199243009,
1928,0.973248,-0.482411999255419,-0.498492399230599,
1929,0.974272,-0.498492399230599,-0.498492399230599,
1930,0.975296,-0.50653259921819,-0.498492399230599,
1931,0.97632,-0.51457279920578,-0.50653259921819,
1932,0.977344,-0.50653259921819,-0.498492399230599,
1933,0.978368,-0.51457279920578,-0.50653259921819,
1934,0.979392,-0.50653259921819,-0.50653259921819,
1935,0.980416,-0.51457279920578,-0.498492399230599,
1936,0.98144,-0.498492399230599,-0.50653259921819,
1937,0.982464,-0.50653259921819,-0.498492399230599,
1938,0.983488,-0.50653259921819,-0.498492399230599,
1939,0.984512,-0.498492399230599,-0.482411999255419,
1940,0.985536,-0.498492399230599,-0.490452199243009,
1941,0.98656,-0.498492399230599,-0.490452199243009,
1942,0.987584,-0.482411999255419,-0.482411999255419,
1943,0.988608,-0.490452199243009,-0.482411999255419,
1944,0.989632,-0.474371799267828,-0.482411999255419,
1945,0.990656,-0.466331599280238,-0.466331599280238,
1946,0.99168,-0.458291399292648,-0.466331599280238,
1947,0.992704,-0.466331599280238,-0.458291399292648,
1948,0.993728,-0.458291399292648,-0.450251199305058,
1949,0.994752,-0.450251199305058,-0.442210999317467,
1950,0.995776,-0.434170799329877,-0.442210999317467,
1951,0.9968,-0.426130599342287,-0.434170799329877,
1952,0.997824,-0.418090399354696,-0.426130599342287,
1953,0.998848,-0.402009999379516,-0.418090399354696,
