Model: ,Oscilloscope DSO-X 1102G
Serial Number:,CN57246464
Address: ,USBInstrument3
Date: ,2026-09-28 16:16:07

Sample Number,Time (s),1 (VOLT),2 (VOLT),
1,-0.25,0.466331599280238,1.28643238544464,
2,-0.249744,0.450251199305058,1.32663339748979,
3,-0.249488,0.450251199305058,1.36683440953493,
4,-0.249232,0.442210999317467,1.40703542158008,
5,-0.248976,0.434170799329877,1.44723643362522,
6,-0.24872,0.426130599342287,1.48743744567037,
7,-0.248464,0.426130599342287,1.52763845771551,
8,-0.248208,0.426130599342287,1.52763845771551,
9,-0.247952,0.418090399354696,1.56783946976066,
10,-0.247696,0.410050199367106,1.6080404818058,
11,-0.24744,0.402009999379516,1.64824149385095,
12,-0.247184,0.393969799391925,1.64824149385095,
13,-0.246928,0.393969799391925,1.64824149385095,
14,-0.246672,0.377889399416745,1.64824149385095,
15,-0.246416,0.369849199429154,1.68844250589609,
16,-0.24616,0.361808999441564,1.68844250589609,
17,-0.245904,0.361808999441564,1.68844250589609,
18,-0.245648,0.353768799453974,1.72864351794124,
19,-0.245392,0.329648199491203,1.76884452998638,
20,-0.245136,0.337688399478793,1.76884452998638,
21,-0.24488,0.321607999503613,1.76884452998638,
22,-0.244624,0.305527599528432,1.76884452998638,
23,-0.244368,0.289447199553251,1.76884452998638,
24,-0.244112,0.289447199553251,1.80904554203153,
25,-0.243856,0.281406999565661,1.84924655407667,
26,-0.2436,0.273366799578071,1.84924655407667,
27,-0.243344,0.26532659959048,1.84924655407667,
28,-0.243088,0.25728639960289,1.84924655407667,
29,-0.242832,0.241205999627709,1.80904554203153,
30,-0.242576,0.233165799640119,1.88944756612182,
31,-0.24232,0.225125599652529,1.88944756612182,
32,-0.242064,0.209045199677348,1.84924655407667,
33,-0.241808,0.192964799702168,1.84924655407667,
34,-0.241552,0.176884399726987,1.84924655407667,
35,-0.241296,0.168844199739397,1.84924655407667,
36,-0.24104,0.168844199739397,1.84924655407667,
37,-0.240784,0.144723599776626,1.84924655407667,
38,-0.240528,0.144723599776626,1.84924655407667,
39,-0.240272,0.128643199801445,1.84924655407667,
40,-0.240016,0.120602999813855,1.84924655407667,
41,-0.23976,0.104522599838674,1.84924655407667,
42,-0.239504,0.0884421998634934,1.84924655407667,
43,-0.239248,0.0804019998759031,1.84924655407667,
44,-0.238992,0.0723617998883128,1.80904554203153,
45,-0.238736,0.0562813999131322,1.80904554203153,
46,-0.23848,0.0482411999255419,1.76884452998638,
47,-0.238224,0.0321607999503613,1.76884452998638,
48,-0.237968,0.0160803999751806,1.68844250589609,
49,-0.237712,0,1.72864351794124,
50,-0.237456,0.00804019998759031,1.72864351794124,
51,-0.2372,-0.0241205999627709,1.68844250589609,
52,-0.236944,-0.0241205999627709,1.68844250589609,
53,-0.236688,-0.0321607999503613,1.68844250589609,
54,-0.236432,-0.0482411999255419,1.6080404818058,
55,-0.236176,-0.0643215999007225,1.6080404818058,
56,-0.23592,-0.0804019998759031,1.64824149385095,
57,-0.235664,-0.0804019998759031,1.52763845771551,
58,-0.235408,-0.104522599838674,1.52763845771551,
59,-0.235152,-0.112562799826264,1.48743744567037,
60,-0.234896,-0.112562799826264,1.48743744567037,
61,-0.23464,-0.128643199801445,1.44723643362522,
62,-0.234384,-0.144723599776626,1.44723643362522,
63,-0.234128,-0.160803999751806,1.40703542158008,
64,-0.233872,-0.160803999751806,1.32663339748979,
65,-0.233616,-0.176884399726987,1.36683440953493,
66,-0.23336,-0.192964799702168,1.28643238544464,
67,-0.233104,-0.201004999689758,1.28643238544464,
68,-0.232848,-0.209045199677348,1.2462313733995,
69,-0.232592,-0.225125599652529,1.20603036135435,
70,-0.232336,-0.225125599652529,1.20603036135435,
71,-0.23208,-0.2492461996153,1.16582934930921,
72,-0.231824,-0.2492461996153,1.04522631317377,
73,-0.231568,-0.273366799578071,1.04522631317377,
74,-0.231312,-0.273366799578071,1.04522631317377,
75,-0.231056,-0.281406999565661,0.964824289083481,
76,-0.2308,-0.297487399540842,0.924623277038336,
77,-0.230544,-0.305527599528432,0.844221252948046,
78,-0.230288,-0.321607999503613,0.884422264993191,
79,-0.230032,-0.313567799516022,0.804020240902901,
80,-0.229776,-0.337688399478793,0.804020240902901,
81,-0.22952,-0.337688399478793,0.723618216812611,
82,-0.229264,-0.345728599466383,0.723618216812611,
83,-0.229008,-0.361808999441564,0.683417204767466,
84,-0.228752,-0.369849199429154,0.643216192722321,
85,-0.228496,-0.377889399416745,0.56281416863203,
86,-0.22824,-0.385929599404335,0.522613156586885,
87,-0.227984,-0.393969799391925,0.442211132496595,
88,-0.227728,-0.393969799391925,0.442211132496595,
89,-0.227472,-0.402009999379516,0.40201012045145,
90,-0.227216,-0.418090399354696,0.361809108406305,
91,-0.22696,-0.418090399354696,0.281407084316015,
92,-0.226704,-0.426130599342287,0.24120607227087,
93,-0.226448,-0.434170799329877,0.201005060225725,
94,-0.226192,-0.442210999317467,0.16080404818058,
95,-0.225936,-0.450251199305058,0.120603036135435,
96,-0.22568,-0.450251199305058,0.0804020240902901,
97,-0.225424,-0.450251199305058,0.040201012045145,
98,-0.225168,-0.474371799267828,0,
99,-0.224912,-0.466331599280238,-0.040201012045145,
100,-0.224656,-0.474371799267828,-0.120603036135435,
101,-0.2244,-0.474371799267828,-0.16080404818058,
102,-0.224144,-0.474371799267828,-0.16080404818058,
103,-0.223888,-0.482411999255419,-0.201005060225725,
104,-0.223632,-0.482411999255419,-0.24120607227087,
105,-0.223376,-0.482411999255419,-0.32160809636116,
106,-0.22312,-0.498492399230599,-0.361809108406305,
107,-0.222864,-0.50653259921819,-0.361809108406305,
108,-0.222608,-0.498492399230599,-0.442211132496595,
109,-0.222352,-0.50653259921819,-0.522613156586885,
110,-0.222096,-0.498492399230599,-0.56281416863203,
111,-0.22184,-0.50653259921819,-0.603015180677176,
112,-0.221584,-0.50653259921819,-0.603015180677176,
113,-0.221328,-0.498492399230599,-0.643216192722321,
114,-0.221072,-0.50653259921819,-0.723618216812611,
115,-0.220816,-0.50653259921819,-0.723618216812611,
116,-0.22056,-0.498492399230599,-0.804020240902901,
117,-0.220304,-0.498492399230599,-0.884422264993191,
118,-0.220048,-0.50653259921819,-0.884422264993191,
119,-0.219792,-0.50653259921819,-0.924623277038336,
120,-0.219536,-0.50653259921819,-0.964824289083481,
121,-0.21928,-0.498492399230599,-1.00502530112863,
122,-0.219024,-0.498492399230599,-1.04522631317377,
123,-0.218768,-0.498492399230599,-1.04522631317377,
124,-0.218512,-0.490452199243009,-1.16582934930921,
125,-0.218256,-0.498492399230599,-1.16582934930921,
126,-0.218,-0.490452199243009,-1.20603036135435,
127,-0.217744,-0.474371799267828,-1.2462313733995,
128,-0.217488,-0.482411999255419,-1.28643238544464,
129,-0.217232,-0.474371799267828,-1.32663339748979,
130,-0.216976,-0.482411999255419,-1.36683440953493,
131,-0.21672,-0.466331599280238,-1.36683440953493,
132,-0.216464,-0.458291399292648,-1.40703542158008,
133,-0.216208,-0.458291399292648,-1.48743744567037,
134,-0.215952,-0.450251199305058,-1.44723643362522,
135,-0.215696,-0.450251199305058,-1.52763845771551,
136,-0.21544,-0.442210999317467,-1.52763845771551,
137,-0.215184,-0.434170799329877,-1.56783946976066,
138,-0.214928,-0.434170799329877,-1.56783946976066,
139,-0.214672,-0.426130599342287,-1.6080404818058,
140,-0.214416,-0.418090399354696,-1.64824149385095,
141,-0.21416,-0.410050199367106,-1.64824149385095,
142,-0.213904,-0.410050199367106,-1.68844250589609,
143,-0.213648,-0.393969799391925,-1.68844250589609,
144,-0.213392,-0.385929599404335,-1.68844250589609,
145,-0.213136,-0.385929599404335,-1.72864351794124,
146,-0.21288,-0.385929599404335,-1.76884452998638,
147,-0.212624,-0.369849199429154,-1.76884452998638,
148,-0.212368,-0.361808999441564,-1.80904554203153,
149,-0.212112,-0.345728599466383,-1.80904554203153,
150,-0.211856,-0.337688399478793,-1.80904554203153,
151,-0.2116,-0.337688399478793,-1.84924655407667,
152,-0.211344,-0.321607999503613,-1.88944756612182,
153,-0.211088,-0.313567799516022,-1.84924655407667,
154,-0.210832,-0.305527599528432,-1.88944756612182,
155,-0.210576,-0.297487399540842,-1.84924655407667,
156,-0.21032,-0.289447199553251,-1.88944756612182,
157,-0.210064,-0.273366799578071,-1.92964857816696,
158,-0.209808,-0.26532659959048,-1.88944756612182,
159,-0.209552,-0.25728639960289,-1.92964857816696,
160,-0.209296,-0.233165799640119,-1.92964857816696,
161,-0.20904,-0.233165799640119,-1.96984959021211,
162,-0.208784,-0.225125599652529,-1.96984959021211,
163,-0.208528,-0.209045199677348,-1.88944756612182,
164,-0.208272,-0.201004999689758,-1.92964857816696,
165,-0.208016,-0.192964799702168,-1.92964857816696,
166,-0.20776,-0.184924599714577,-1.92964857816696,
167,-0.207504,-0.168844199739397,-1.92964857816696,
168,-0.207248,-0.152763799764216,-1.92964857816696,
169,-0.206992,-0.136683399789035,-1.92964857816696,
170,-0.206736,-0.128643199801445,-1.92964857816696,
171,-0.20648,-0.120602999813855,-1.88944756612182,
172,-0.206224,-0.0964823998510838,-1.88944756612182,
173,-0.205968,-0.0884421998634934,-1.88944756612182,
174,-0.205712,-0.0884421998634934,-1.88944756612182,
175,-0.205456,-0.0643215999007225,-1.84924655407667,
176,-0.2052,-0.0562813999131322,-1.84924655407667,
177,-0.204944,-0.0402009999379516,-1.84924655407667,
178,-0.204688,-0.0321607999503613,-1.84924655407667,
179,-0.204432,-0.0241205999627709,-1.80904554203153,
180,-0.204176,-0.00804019998759031,-1.76884452998638,
181,-0.20392,0,-1.76884452998638,
182,-0.203664,0.0160803999751806,-1.76884452998638,
183,-0.203408,0.0241205999627709,-1.72864351794124,
184,-0.203152,0.0321607999503613,-1.68844250589609,
185,-0.202896,0.0482411999255419,-1.64824149385095,
186,-0.20264,0.0723617998883128,-1.64824149385095,
187,-0.202384,0.0723617998883128,-1.6080404818058,
188,-0.202128,0.0804019998759031,-1.56783946976066,
189,-0.201872,0.0964823998510838,-1.56783946976066,
190,-0.201616,0.112562799826264,-1.52763845771551,
191,-0.20136,0.120602999813855,-1.52763845771551,
192,-0.201104,0.128643199801445,-1.48743744567037,
193,-0.200848,0.144723599776626,-1.48743744567037,
194,-0.200592,0.160803999751806,-1.44723643362522,
195,-0.200336,0.152763799764216,-1.40703542158008,
196,-0.20008,0.168844199739397,-1.36683440953493,
197,-0.199824,0.184924599714577,-1.36683440953493,
198,-0.199568,0.201004999689758,-1.32663339748979,
199,-0.199312,0.209045199677348,-1.28643238544464,
200,-0.199056,0.225125599652529,-1.2462313733995,
201,-0.1988,0.233165799640119,-1.2462313733995,
202,-0.198544,0.241205999627709,-1.16582934930921,
203,-0.198288,0.25728639960289,-1.12562833726406,
204,-0.198032,0.26532659959048,-1.08542732521892,
205,-0.197776,0.273366799578071,-1.08542732521892,
206,-0.19752,0.289447199553251,-1.00502530112863,
207,-0.197264,0.289447199553251,-1.00502530112863,
208,-0.197008,0.297487399540842,-0.964824289083481,
209,-0.196752,0.313567799516022,-0.884422264993191,
210,-0.196496,0.313567799516022,-0.844221252948046,
211,-0.19624,0.337688399478793,-0.804020240902901,
212,-0.195984,0.345728599466383,-0.763819228857756,
213,-0.195728,0.353768799453974,-0.723618216812611,
214,-0.195472,0.345728599466383,-0.643216192722321,
215,-0.195216,0.361808999441564,-0.643216192722321,
216,-0.19496,0.361808999441564,-0.603015180677176,
217,-0.194704,0.385929599404335,-0.56281416863203,
218,-0.194448,0.393969799391925,-0.522613156586885,
219,-0.194192,0.402009999379516,-0.48241214454174,
220,-0.193936,0.402009999379516,-0.40201012045145,
221,-0.19368,0.410050199367106,-0.40201012045145,
222,-0.193424,0.418090399354696,-0.32160809636116,
223,-0.193168,0.426130599342287,-0.281407084316015,
224,-0.192912,0.426130599342287,-0.24120607227087,
225,-0.192656,0.442210999317467,-0.201005060225725,
226,-0.1924,0.442210999317467,-0.201005060225725,
227,-0.192144,0.442210999317467,-0.0804020240902901,
228,-0.191888,0.442210999317467,-0.040201012045145,
229,-0.191632,0.450251199305058,0,
230,-0.191376,0.458291399292648,0.0804020240902901,
231,-0.19112,0.450251199305058,0.0804020240902901,
232,-0.190864,0.466331599280238,0.120603036135435,
233,-0.190608,0.466331599280238,0.16080404818058,
234,-0.190352,0.474371799267828,0.201005060225725,
235,-0.190096,0.474371799267828,0.281407084316015,
236,-0.18984,0.482411999255419,0.24120607227087,
237,-0.189584,0.482411999255419,0.32160809636116,
238,-0.189328,0.482411999255419,0.361809108406305,
239,-0.189072,0.490452199243009,0.442211132496595,
240,-0.188816,0.490452199243009,0.48241214454174,
241,-0.18856,0.490452199243009,0.522613156586885,
242,-0.188304,0.498492399230599,0.522613156586885,
243,-0.188048,0.490452199243009,0.603015180677176,
244,-0.187792,0.498492399230599,0.643216192722321,
245,-0.187536,0.50653259921819,0.683417204767466,
246,-0.18728,0.490452199243009,0.763819228857756,
247,-0.187024,0.490452199243009,0.804020240902901,
248,-0.186768,0.498492399230599,0.804020240902901,
249,-0.186512,0.490452199243009,0.884422264993191,
250,-0.186256,0.482411999255419,0.884422264993191,
251,-0.186,0.490452199243009,0.964824289083481,
252,-0.185744,0.490452199243009,1.00502530112863,
253,-0.185488,0.490452199243009,1.00502530112863,
254,-0.185232,0.490452199243009,1.04522631317377,
255,-0.184976,0.482411999255419,1.08542732521892,
256,-0.18472,0.474371799267828,1.12562833726406,
257,-0.184464,0.474371799267828,1.16582934930921,
258,-0.184208,0.466331599280238,1.16582934930921,
259,-0.183952,0.466331599280238,1.20603036135435,
260,-0.183696,0.466331599280238,1.28643238544464,
261,-0.18344,0.458291399292648,1.28643238544464,
262,-0.183184,0.458291399292648,1.36683440953493,
263,-0.182928,0.450251199305058,1.36683440953493,
264,-0.182672,0.450251199305058,1.40703542158008,
265,-0.182416,0.442210999317467,1.44723643362522,
266,-0.18216,0.426130599342287,1.44723643362522,
267,-0.181904,0.434170799329877,1.48743744567037,
268,-0.181648,0.426130599342287,1.52763845771551,
269,-0.181392,0.418090399354696,1.52763845771551,
270,-0.181136,0.410050199367106,1.56783946976066,
271,-0.18088,0.402009999379516,1.6080404818058,
272,-0.180624,0.402009999379516,1.64824149385095,
273,-0.180368,0.385929599404335,1.64824149385095,
274,-0.180112,0.385929599404335,1.64824149385095,
275,-0.179856,0.377889399416745,1.64824149385095,
276,-0.1796,0.361808999441564,1.72864351794124,
277,-0.179344,0.345728599466383,1.72864351794124,
278,-0.179088,0.353768799453974,1.72864351794124,
279,-0.178832,0.337688399478793,1.72864351794124,
280,-0.178576,0.329648199491203,1.76884452998638,
281,-0.17832,0.321607999503613,1.72864351794124,
282,-0.178064,0.321607999503613,1.80904554203153,
283,-0.177808,0.305527599528432,1.80904554203153,
284,-0.177552,0.297487399540842,1.80904554203153,
285,-0.177296,0.281406999565661,1.80904554203153,
286,-0.17704,0.273366799578071,1.80904554203153,
287,-0.176784,0.25728639960289,1.84924655407667,
288,-0.176528,0.25728639960289,1.84924655407667,
289,-0.176272,0.2492461996153,1.84924655407667,
290,-0.176016,0.233165799640119,1.84924655407667,
291,-0.17576,0.225125599652529,1.84924655407667,
292,-0.175504,0.217085399664938,1.88944756612182,
293,-0.175248,0.201004999689758,1.80904554203153,
294,-0.174992,0.184924599714577,1.88944756612182,
295,-0.174736,0.184924599714577,1.84924655407667,
296,-0.17448,0.160803999751806,1.84924655407667,
297,-0.174224,0.160803999751806,1.84924655407667,
298,-0.173968,0.152763799764216,1.88944756612182,
299,-0.173712,0.136683399789035,1.88944756612182,
300,-0.173456,0.128643199801445,1.84924655407667,
301,-0.1732,0.104522599838674,1.80904554203153,
302,-0.172944,0.0964823998510838,1.80904554203153,
303,-0.172688,0.0804019998759031,1.80904554203153,
304,-0.172432,0.0723617998883128,1.80904554203153,
305,-0.172176,0.0643215999007225,1.76884452998638,
306,-0.17192,0.0562813999131322,1.80904554203153,
307,-0.171664,0.0321607999503613,1.80904554203153,
308,-0.171408,0.0321607999503613,1.76884452998638,
309,-0.171152,0.0160803999751806,1.72864351794124,
310,-0.170896,0,1.72864351794124,
311,-0.17064,-0.00804019998759031,1.68844250589609,
312,-0.170384,-0.0160803999751806,1.68844250589609,
313,-0.170128,-0.0321607999503613,1.64824149385095,
314,-0.169872,-0.0482411999255419,1.6080404818058,
315,-0.169616,-0.0643215999007225,1.6080404818058,
316,-0.16936,-0.0723617998883128,1.64824149385095,
317,-0.169104,-0.0804019998759031,1.56783946976066,
318,-0.168848,-0.0964823998510838,1.52763845771551,
319,-0.168592,-0.0964823998510838,1.52763845771551,
320,-0.168336,-0.120602999813855,1.52763845771551,
321,-0.16808,-0.128643199801445,1.48743744567037,
322,-0.167824,-0.144723599776626,1.44723643362522,
323,-0.167568,-0.160803999751806,1.40703542158008,
324,-0.167312,-0.160803999751806,1.36683440953493,
325,-0.167056,-0.176884399726987,1.32663339748979,
326,-0.1668,-0.192964799702168,1.32663339748979,
327,-0.166544,-0.192964799702168,1.28643238544464,
328,-0.166288,-0.209045199677348,1.28643238544464,
329,-0.166032,-0.217085399664938,1.2462313733995,
330,-0.165776,-0.225125599652529,1.16582934930921,
331,-0.16552,-0.241205999627709,1.16582934930921,
332,-0.165264,-0.2492461996153,1.12562833726406,
333,-0.165008,-0.26532659959048,1.08542732521892,
334,-0.164752,-0.273366799578071,1.04522631317377,
335,-0.164496,-0.281406999565661,1.04522631317377,
336,-0.16424,-0.297487399540842,0.924623277038336,
337,-0.163984,-0.305527599528432,0.924623277038336,
338,-0.163728,-0.313567799516022,0.884422264993191,
339,-0.163472,-0.321607999503613,0.844221252948046,
340,-0.163216,-0.337688399478793,0.804020240902901,
341,-0.16296,-0.345728599466383,0.763819228857756,
342,-0.162704,-0.345728599466383,0.723618216812611,
343,-0.162448,-0.361808999441564,0.643216192722321,
344,-0.162192,-0.361808999441564,0.603015180677176,
345,-0.161936,-0.377889399416745,0.56281416863203,
346,-0.16168,-0.377889399416745,0.603015180677176,
347,-0.161424,-0.385929599404335,0.522613156586885,
348,-0.161168,-0.402009999379516,0.442211132496595,
349,-0.160912,-0.402009999379516,0.40201012045145,
350,-0.160656,-0.418090399354696,0.40201012045145,
351,-0.1604,-0.410050199367106,0.32160809636116,
352,-0.160144,-0.426130599342287,0.281407084316015,
353,-0.159888,-0.442210999317467,0.24120607227087,
354,-0.159632,-0.434170799329877,0.201005060225725,
355,-0.159376,-0.442210999317467,0.120603036135435,
356,-0.15912,-0.450251199305058,0.120603036135435,
357,-0.158864,-0.458291399292648,0.0804020240902901,
358,-0.158608,-0.458291399292648,0,
359,-0.158352,-0.458291399292648,-0.040201012045145,
360,-0.158096,-0.474371799267828,-0.0804020240902901,
361,-0.15784,-0.474371799267828,-0.120603036135435,
362,-0.157584,-0.474371799267828,-0.120603036135435,
363,-0.157328,-0.482411999255419,-0.24120607227087,
364,-0.157072,-0.482411999255419,-0.24120607227087,
365,-0.156816,-0.490452199243009,-0.32160809636116,
366,-0.15656,-0.498492399230599,-0.32160809636116,
367,-0.156304,-0.50653259921819,-0.40201012045145,
368,-0.156048,-0.498492399230599,-0.442211132496595,
369,-0.155792,-0.498492399230599,-0.48241214454174,
370,-0.155536,-0.498492399230599,-0.522613156586885,
371,-0.15528,-0.498492399230599,-0.603015180677176,
372,-0.155024,-0.50653259921819,-0.603015180677176,
373,-0.154768,-0.498492399230599,-0.683417204767466,
374,-0.154512,-0.498492399230599,-0.683417204767466,
375,-0.154256,-0.51457279920578,-0.723618216812611,
376,-0.154,-0.50653259921819,-0.804020240902901,
377,-0.153744,-0.50653259921819,-0.844221252948046,
378,-0.153488,-0.50653259921819,-0.844221252948046,
379,-0.153232,-0.50653259921819,-0.924623277038336,
380,-0.152976,-0.498492399230599,-0.964824289083481,
381,-0.15272,-0.498492399230599,-1.00502530112863,
382,-0.152464,-0.490452199243009,-1.04522631317377,
383,-0.152208,-0.490452199243009,-1.04522631317377,
384,-0.151952,-0.498492399230599,-1.12562833726406,
385,-0.151696,-0.498492399230599,-1.16582934930921,
386,-0.15144,-0.490452199243009,-1.16582934930921,
387,-0.151184,-0.482411999255419,-1.2462313733995,
388,-0.150928,-0.482411999255419,-1.28643238544464,
389,-0.150672,-0.482411999255419,-1.28643238544464,
390,-0.150416,-0.474371799267828,-1.28643238544464,
391,-0.15016,-0.466331599280238,-1.36683440953493,
392,-0.149904,-0.466331599280238,-1.36683440953493,
393,-0.149648,-0.466331599280238,-1.40703542158008,
394,-0.149392,-0.458291399292648,-1.40703542158008,
395,-0.149136,-0.458291399292648,-1.52763845771551,
396,-0.14888,-0.442210999317467,-1.52763845771551,
397,-0.148624,-0.442210999317467,-1.56783946976066,
398,-0.148368,-0.434170799329877,-1.56783946976066,
399,-0.148112,-0.426130599342287,-1.6080404818058,
400,-0.147856,-0.426130599342287,-1.6080404818058,
401,-0.1476,-0.418090399354696,-1.64824149385095,
402,-0.147344,-0.402009999379516,-1.6080404818058,
403,-0.147088,-0.402009999379516,-1.68844250589609,
404,-0.146832,-0.393969799391925,-1.68844250589609,
405,-0.146576,-0.385929599404335,-1.76884452998638,
406,-0.14632,-0.369849199429154,-1.76884452998638,
407,-0.146064,-0.369849199429154,-1.76884452998638,
408,-0.145808,-0.361808999441564,-1.80904554203153,
409,-0.145552,-0.353768799453974,-1.80904554203153,
410,-0.145296,-0.345728599466383,-1.80904554203153,
411,-0.14504,-0.329648199491203,-1.92964857816696,
412,-0.144784,-0.329648199491203,-1.84924655407667,
413,-0.144528,-0.313567799516022,-1.84924655407667,
414,-0.144272,-0.305527599528432,-1.88944756612182,
415,-0.144016,-0.297487399540842,-1.88944756612182,
416,-0.14376,-0.297487399540842,-1.92964857816696,
417,-0.143504,-0.281406999565661,-1.92964857816696,
418,-0.143248,-0.26532659959048,-1.92964857816696,
419,-0.142992,-0.26532659959048,-1.92964857816696,
420,-0.142736,-0.241205999627709,-1.92964857816696,
421,-0.14248,-0.233165799640119,-1.96984959021211,
422,-0.142224,-0.225125599652529,-1.92964857816696,
423,-0.141968,-0.217085399664938,-1.92964857816696,
424,-0.141712,-0.201004999689758,-1.88944756612182,
425,-0.141456,-0.192964799702168,-1.92964857816696,
426,-0.1412,-0.176884399726987,-1.92964857816696,
427,-0.140944,-0.176884399726987,-1.96984959021211,
428,-0.140688,-0.160803999751806,-1.92964857816696,
429,-0.140432,-0.136683399789035,-1.88944756612182,
430,-0.140176,-0.136683399789035,-1.88944756612182,
431,-0.13992,-0.120602999813855,-1.88944756612182,
432,-0.139664,-0.112562799826264,-1.92964857816696,
433,-0.139408,-0.0964823998510838,-1.88944756612182,
434,-0.139152,-0.0884421998634934,-1.88944756612182,
435,-0.138896,-0.0723617998883128,-1.88944756612182,
436,-0.13864,-0.0643215999007225,-1.84924655407667,
437,-0.138384,-0.0562813999131322,-1.84924655407667,
438,-0.138128,-0.0402009999379516,-1.80904554203153,
439,-0.137872,-0.0321607999503613,-1.84924655407667,
440,-0.137616,-0.0160803999751806,-1.80904554203153,
441,-0.13736,-0.0160803999751806,-1.80904554203153,
442,-0.137104,0.00804019998759031,-1.80904554203153,
443,-0.136848,0.0160803999751806,-1.76884452998638,
444,-0.136592,0.0321607999503613,-1.72864351794124,
445,-0.136336,0.0402009999379516,-1.68844250589609,
446,-0.13608,0.0482411999255419,-1.68844250589609,
447,-0.135824,0.0723617998883128,-1.64824149385095,
448,-0.135568,0.0804019998759031,-1.6080404818058,
449,-0.135312,0.0964823998510838,-1.6080404818058,
450,-0.135056,0.0964823998510838,-1.56783946976066,
451,-0.1348,0.112562799826264,-1.52763845771551,
452,-0.134544,0.120602999813855,-1.48743744567037,
453,-0.134288,0.136683399789035,-1.48743744567037,
454,-0.134032,0.152763799764216,-1.48743744567037,
455,-0.133776,0.160803999751806,-1.40703542158008,
456,-0.13352,0.168844199739397,-1.40703542158008,
457,-0.133264,0.184924599714577,-1.36683440953493,
458,-0.133008,0.201004999689758,-1.36683440953493,
459,-0.132752,0.201004999689758,-1.32663339748979,
460,-0.132496,0.209045199677348,-1.2462313733995,
461,-0.13224,0.225125599652529,-1.16582934930921,
462,-0.131984,0.241205999627709,-1.16582934930921,
463,-0.131728,0.2492461996153,-1.16582934930921,
464,-0.131472,0.25728639960289,-1.12562833726406,
465,-0.131216,0.273366799578071,-1.08542732521892,
466,-0.13096,0.273366799578071,-1.04522631317377,
467,-0.130704,0.289447199553251,-1.00502530112863,
468,-0.130448,0.297487399540842,-0.924623277038336,
469,-0.130192,0.313567799516022,-0.924623277038336,
470,-0.129936,0.313567799516022,-0.884422264993191,
471,-0.12968,0.321607999503613,-0.804020240902901,
472,-0.129424,0.337688399478793,-0.763819228857756,
473,-0.129168,0.345728599466383,-0.723618216812611,
474,-0.128912,0.353768799453974,-0.683417204767466,
475,-0.128656,0.361808999441564,-0.683417204767466,
476,-0.1284,0.369849199429154,-0.603015180677176,
477,-0.128144,0.369849199429154,-0.56281416863203,
478,-0.127888,0.385929599404335,-0.522613156586885,
479,-0.127632,0.385929599404335,-0.48241214454174,
480,-0.127376,0.410050199367106,-0.442211132496595,
481,-0.12712,0.402009999379516,-0.40201012045145,
482,-0.126864,0.410050199367106,-0.361809108406305,
483,-0.126608,0.426130599342287,-0.281407084316015,
484,-0.126352,0.426130599342287,-0.24120607227087,
485,-0.126096,0.434170799329877,-0.24120607227087,
486,-0.12584,0.434170799329877,-0.201005060225725,
487,-0.125584,0.442210999317467,-0.120603036135435,
488,-0.125328,0.442210999317467,-0.0804020240902901,
489,-0.125072,0.450251199305058,-0.040201012045145,
490,-0.124816,0.450251199305058,0,
491,-0.12456,0.466331599280238,0.040201012045145,
492,-0.124304,0.458291399292648,0.120603036135435,
493,-0.124048,0.466331599280238,0.120603036135435,
494,-0.123792,0.466331599280238,0.201005060225725,
495,-0.123536,0.474371799267828,0.24120607227087,
496,-0.12328,0.482411999255419,0.24120607227087,
497,-0.123024,0.490452199243009,0.32160809636116,
498,-0.122768,0.490452199243009,0.40201012045145,
499,-0.122512,0.490452199243009,0.40201012045145,
500,-0.122256,0.490452199243009,0.48241214454174,
501,-0.122,0.490452199243009,0.48241214454174,
502,-0.121744,0.490452199243009,0.56281416863203,
503,-0.121488,0.490452199243009,0.603015180677176,
504,-0.121232,0.498492399230599,0.643216192722321,
505,-0.120976,0.498492399230599,0.683417204767466,
506,-0.12072,0.498492399230599,0.723618216812611,
507,-0.120464,0.490452199243009,0.763819228857756,
508,-0.120208,0.490452199243009,0.804020240902901,
509,-0.119952,0.482411999255419,0.844221252948046,
510,-0.119696,0.490452199243009,0.924623277038336,
511,-0.11944,0.490452199243009,0.924623277038336,
512,-0.119184,0.490452199243009,0.964824289083481,
513,-0.118928,0.482411999255419,1.00502530112863,
514,-0.118672,0.482411999255419,1.04522631317377,
515,-0.118416,0.482411999255419,1.08542732521892,
516,-0.11816,0.474371799267828,1.12562833726406,
517,-0.117904,0.490452199243009,1.16582934930921,
518,-0.117648,0.474371799267828,1.16582934930921,
519,-0.117392,0.466331599280238,1.20603036135435,
520,-0.117136,0.466331599280238,1.28643238544464,
521,-0.11688,0.466331599280238,1.28643238544464,
522,-0.116624,0.450251199305058,1.32663339748979,
523,-0.116368,0.450251199305058,1.36683440953493,
524,-0.116112,0.450251199305058,1.32663339748979,
525,-0.115856,0.442210999317467,1.40703542158008,
526,-0.1156,0.434170799329877,1.48743744567037,
527,-0.115344,0.434170799329877,1.44723643362522,
528,-0.115088,0.426130599342287,1.52763845771551,
529,-0.114832,0.418090399354696,1.52763845771551,
530,-0.114576,0.418090399354696,1.56783946976066,
531,-0.11432,0.402009999379516,1.56783946976066,
532,-0.114064,0.402009999379516,1.6080404818058,
533,-0.113808,0.393969799391925,1.6080404818058,
534,-0.113552,0.369849199429154,1.64824149385095,
535,-0.113296,0.377889399416745,1.64824149385095,
536,-0.11304,0.361808999441564,1.68844250589609,
537,-0.112784,0.361808999441564,1.72864351794124,
538,-0.112528,0.353768799453974,1.72864351794124,
539,-0.112272,0.345728599466383,1.72864351794124,
540,-0.112016,0.337688399478793,1.76884452998638,
541,-0.11176,0.321607999503613,1.76884452998638,
542,-0.111504,0.321607999503613,1.80904554203153,
543,-0.111248,0.305527599528432,1.80904554203153,
544,-0.110992,0.297487399540842,1.80904554203153,
545,-0.110736,0.289447199553251,1.84924655407667,
546,-0.11048,0.273366799578071,1.80904554203153,
547,-0.110224,0.273366799578071,1.80904554203153,
548,-0.109968,0.26532659959048,1.84924655407667,
549,-0.109712,0.241205999627709,1.84924655407667,
550,-0.109456,0.233165799640119,1.84924655407667,
551,-0.1092,0.225125599652529,1.84924655407667,
552,-0.108944,0.217085399664938,1.84924655407667,
553,-0.108688,0.209045199677348,1.84924655407667,
554,-0.108432,0.192964799702168,1.84924655407667,
555,-0.108176,0.184924599714577,1.84924655407667,
556,-0.10792,0.168844199739397,1.84924655407667,
557,-0.107664,0.160803999751806,1.88944756612182,
558,-0.107408,0.160803999751806,1.84924655407667,
559,-0.107152,0.136683399789035,1.84924655407667,
560,-0.106896,0.128643199801445,1.84924655407667,
561,-0.10664,0.112562799826264,1.84924655407667,
562,-0.106384,0.104522599838674,1.84924655407667,
563,-0.106128,0.0884421998634934,1.84924655407667,
564,-0.105872,0.0804019998759031,1.80904554203153,
565,-0.105616,0.0723617998883128,1.76884452998638,
566,-0.10536,0.0482411999255419,1.80904554203153,
567,-0.105104,0.0482411999255419,1.80904554203153,
568,-0.104848,0.0241205999627709,1.76884452998638,
569,-0.104592,0.00804019998759031,1.76884452998638,
570,-0.104336,0,1.72864351794124,
571,-0.10408,0,1.72864351794124,
572,-0.103824,-0.0160803999751806,1.68844250589609,
573,-0.103568,-0.0402009999379516,1.64824149385095,
574,-0.103312,-0.0402009999379516,1.64824149385095,
575,-0.103056,-0.0482411999255419,1.64824149385095,
576,-0.1028,-0.0643215999007225,1.6080404818058,
577,-0.102544,-0.0723617998883128,1.6080404818058,
578,-0.102288,-0.0884421998634934,1.56783946976066,
579,-0.102032,-0.0964823998510838,1.56783946976066,
580,-0.101776,-0.120602999813855,1.52763845771551,
581,-0.10152,-0.120602999813855,1.44723643362522,
582,-0.101264,-0.128643199801445,1.48743744567037,
583,-0.101008,-0.144723599776626,1.44723643362522,
584,-0.100752,-0.152763799764216,1.36683440953493,
585,-0.100496,-0.168844199739397,1.32663339748979,
586,-0.10024,-0.184924599714577,1.32663339748979,
587,-0.099984,-0.201004999689758,1.28643238544464,
588,-0.099728,-0.192964799702168,1.2462313733995,
589,-0.099472,-0.217085399664938,1.2462313733995,
590,-0.099216,-0.225125599652529,1.20603036135435,
591,-0.09896,-0.241205999627709,1.16582934930921,
592,-0.098704,-0.25728639960289,1.12562833726406,
593,-0.098448,-0.25728639960289,1.08542732521892,
594,-0.098192,-0.273366799578071,1.04522631317377,
595,-0.097936,-0.281406999565661,1.00502530112863,
596,-0.09768,-0.281406999565661,1.00502530112863,
597,-0.097424,-0.297487399540842,0.924623277038336,
598,-0.097168,-0.305527599528432,0.884422264993191,
599,-0.096912,-0.313567799516022,0.884422264993191,
600,-0.096656,-0.329648199491203,0.804020240902901,
601,-0.0964,-0.337688399478793,0.844221252948046,
602,-0.096144,-0.345728599466383,0.804020240902901,
603,-0.095888,-0.361808999441564,0.683417204767466,
604,-0.095632,-0.361808999441564,0.643216192722321,
605,-0.095376,-0.361808999441564,0.603015180677176,
606,-0.09512,-0.377889399416745,0.56281416863203,
607,-0.094864,-0.385929599404335,0.522613156586885,
608,-0.094608,-0.402009999379516,0.48241214454174,
609,-0.094352,-0.402009999379516,0.40201012045145,
610,-0.094096,-0.402009999379516,0.361809108406305,
611,-0.09384,-0.418090399354696,0.32160809636116,
612,-0.093584,-0.426130599342287,0.281407084316015,
613,-0.093328,-0.426130599342287,0.281407084316015,
614,-0.093072,-0.434170799329877,0.201005060225725,
615,-0.092816,-0.442210999317467,0.16080404818058,
616,-0.09256,-0.450251199305058,0.0804020240902901,
617,-0.092304,-0.458291399292648,0.0804020240902901,
618,-0.092048,-0.458291399292648,0.040201012045145,
619,-0.091792,-0.466331599280238,0,
620,-0.091536,-0.466331599280238,-0.0804020240902901,
621,-0.09128,-0.466331599280238,-0.120603036135435,
622,-0.091024,-0.474371799267828,-0.16080404818058,
623,-0.090768,-0.482411999255419,-0.201005060225725,
624,-0.090512,-0.482411999255419,-0.281407084316015,
625,-0.090256,-0.490452199243009,-0.281407084316015,
626,-0.09,-0.482411999255419,-0.32160809636116,
627,-0.089744,-0.50653259921819,-0.40201012045145,
628,-0.089488,-0.50653259921819,-0.40201012045145,
629,-0.089232,-0.498492399230599,-0.48241214454174,
630,-0.088976,-0.490452199243009,-0.522613156586885,
631,-0.08872,-0.498492399230599,-0.56281416863203,
632,-0.088464,-0.50653259921819,-0.56281416863203,
633,-0.088208,-0.498492399230599,-0.643216192722321,
634,-0.087952,-0.50653259921819,-0.683417204767466,
635,-0.087696,-0.51457279920578,-0.723618216812611,
636,-0.08744,-0.50653259921819,-0.763819228857756,
637,-0.087184,-0.50653259921819,-0.804020240902901,
638,-0.086928,-0.50653259921819,-0.844221252948046,
639,-0.086672,-0.51457279920578,-0.924623277038336,
640,-0.086416,-0.498492399230599,-0.964824289083481,
641,-0.08616,-0.50653259921819,-0.964824289083481,
642,-0.085904,-0.498492399230599,-1.00502530112863,
643,-0.085648,-0.50653259921819,-1.04522631317377,
644,-0.085392,-0.498492399230599,-1.08542732521892,
645,-0.085136,-0.498492399230599,-1.12562833726406,
646,-0.08488,-0.498492399230599,-1.16582934930921,
647,-0.084624,-0.482411999255419,-1.20603036135435,
648,-0.084368,-0.490452199243009,-1.20603036135435,
649,-0.084112,-0.482411999255419,-1.28643238544464,
650,-0.083856,-0.466331599280238,-1.28643238544464,
651,-0.0836,-0.474371799267828,-1.32663339748979,
652,-0.083344,-0.466331599280238,-1.36683440953493,
653,-0.083088,-0.474371799267828,-1.40703542158008,
654,-0.082832,-0.458291399292648,-1.40703542158008,
655,-0.082576,-0.458291399292648,-1.44723643362522,
656,-0.08232,-0.450251199305058,-1.44723643362522,
657,-0.082064,-0.450251199305058,-1.52763845771551,
658,-0.081808,-0.442210999317467,-1.56783946976066,
659,-0.081552,-0.434170799329877,-1.56783946976066,
660,-0.081296,-0.426130599342287,-1.6080404818058,
661,-0.08104,-0.418090399354696,-1.6080404818058,
662,-0.080784,-0.418090399354696,-1.64824149385095,
663,-0.080528,-0.402009999379516,-1.68844250589609,
664,-0.080272,-0.393969799391925,-1.68844250589609,
665,-0.080016,-0.393969799391925,-1.68844250589609,
666,-0.07976,-0.377889399416745,-1.76884452998638,
667,-0.079504,-0.377889399416745,-1.76884452998638,
668,-0.079248,-0.361808999441564,-1.80904554203153,
669,-0.078992,-0.361808999441564,-1.80904554203153,
670,-0.078736,-0.345728599466383,-1.76884452998638,
671,-0.07848,-0.337688399478793,-1.80904554203153,
672,-0.078224,-0.329648199491203,-1.84924655407667,
673,-0.077968,-0.321607999503613,-1.84924655407667,
674,-0.077712,-0.305527599528432,-1.88944756612182,
675,-0.077456,-0.297487399540842,-1.88944756612182,
676,-0.0772,-0.289447199553251,-1.88944756612182,
677,-0.076944,-0.281406999565661,-1.92964857816696,
678,-0.076688,-0.273366799578071,-1.88944756612182,
679,-0.076432,-0.25728639960289,-1.88944756612182,
680,-0.076176,-0.241205999627709,-1.92964857816696,
681,-0.07592,-0.241205999627709,-1.92964857816696,
682,-0.075664,-0.225125599652529,-1.92964857816696,
683,-0.075408,-0.217085399664938,-1.88944756612182,
684,-0.075152,-0.201004999689758,-1.92964857816696,
685,-0.074896,-0.192964799702168,-1.96984959021211,
686,-0.07464,-0.184924599714577,-1.96984959021211,
687,-0.074384,-0.176884399726987,-1.92964857816696,
688,-0.074128,-0.168844199739397,-1.92964857816696,
689,-0.073872,-0.144723599776626,-1.92964857816696,
690,-0.073616,-0.144723599776626,-1.88944756612182,
691,-0.07336,-0.152763799764216,-1.92964857816696,
692,-0.073104,-0.112562799826264,-1.92964857816696,
693,-0.072848,-0.104522599838674,-1.88944756612182,
694,-0.072592,-0.0884421998634934,-1.88944756612182,
695,-0.072336,-0.0884421998634934,-1.92964857816696,
696,-0.07208,-0.0723617998883128,-1.84924655407667,
697,-0.071824,-0.0562813999131322,-1.84924655407667,
698,-0.071568,-0.0482411999255419,-1.80904554203153,
699,-0.071312,-0.0402009999379516,-1.80904554203153,
700,-0.071056,-0.0160803999751806,-1.80904554203153,
701,-0.0708,-0.00804019998759031,-1.80904554203153,
702,-0.070544,0.00804019998759031,-1.76884452998638,
703,-0.070288,0.00804019998759031,-1.72864351794124,
704,-0.070032,0.0241205999627709,-1.76884452998638,
705,-0.069776,0.0321607999503613,-1.72864351794124,
706,-0.06952,0.0482411999255419,-1.68844250589609,
707,-0.069264,0.0643215999007225,-1.64824149385095,
708,-0.069008,0.0643215999007225,-1.64824149385095,
709,-0.068752,0.0884421998634934,-1.56783946976066,
710,-0.068496,0.0964823998510838,-1.6080404818058,
711,-0.06824,0.104522599838674,-1.56783946976066,
712,-0.067984,0.120602999813855,-1.52763845771551,
713,-0.067728,0.136683399789035,-1.48743744567037,
714,-0.067472,0.144723599776626,-1.44723643362522,
715,-0.067216,0.144723599776626,-1.44723643362522,
716,-0.06696,0.160803999751806,-1.40703542158008,
717,-0.066704,0.184924599714577,-1.36683440953493,
718,-0.066448,0.192964799702168,-1.32663339748979,
719,-0.066192,0.201004999689758,-1.36683440953493,
720,-0.065936,0.217085399664938,-1.28643238544464,
721,-0.06568,0.217085399664938,-1.28643238544464,
722,-0.065424,0.233165799640119,-1.16582934930921,
723,-0.065168,0.2492461996153,-1.16582934930921,
724,-0.064912,0.26532659959048,-1.16582934930921,
725,-0.064656,0.273366799578071,-1.08542732521892,
726,-0.0644,0.281406999565661,-1.04522631317377,
727,-0.064144,0.289447199553251,-1.00502530112863,
728,-0.063888,0.297487399540842,-0.964824289083481,
729,-0.063632,0.305527599528432,-0.884422264993191,
730,-0.063376,0.313567799516022,-0.884422264993191,
731,-0.06312,0.321607999503613,-0.844221252948046,
732,-0.062864,0.337688399478793,-0.804020240902901,
733,-0.062608,0.337688399478793,-0.763819228857756,
734,-0.062352,0.353768799453974,-0.723618216812611,
735,-0.062096,0.361808999441564,-0.683417204767466,
736,-0.06184,0.369849199429154,-0.603015180677176,
737,-0.061584,0.369849199429154,-0.56281416863203,
738,-0.061328,0.385929599404335,-0.522613156586885,
739,-0.061072,0.393969799391925,-0.48241214454174,
740,-0.060816,0.402009999379516,-0.48241214454174,
741,-0.06056,0.402009999379516,-0.40201012045145,
742,-0.060304,0.410050199367106,-0.361809108406305,
743,-0.060048,0.426130599342287,-0.32160809636116,
744,-0.059792,0.434170799329877,-0.281407084316015,
745,-0.059536,0.418090399354696,-0.24120607227087,
746,-0.05928,0.434170799329877,-0.16080404818058,
747,-0.059024,0.442210999317467,-0.120603036135435,
748,-0.058768,0.458291399292648,-0.0804020240902901,
749,-0.058512,0.450251199305058,-0.0804020240902901,
750,-0.058256,0.458291399292648,-0.040201012045145,
751,-0.058,0.458291399292648,0.040201012045145,
752,-0.057744,0.466331599280238,0.040201012045145,
753,-0.057488,0.474371799267828,0.120603036135435,
754,-0.057232,0.474371799267828,0.16080404818058,
755,-0.056976,0.482411999255419,0.201005060225725,
756,-0.05672,0.474371799267828,0.24120607227087,
757,-0.056464,0.482411999255419,0.281407084316015,
758,-0.056208,0.482411999255419,0.32160809636116,
759,-0.055952,0.482411999255419,0.361809108406305,
760,-0.055696,0.490452199243009,0.442211132496595,
761,-0.05544,0.482411999255419,0.48241214454174,
762,-0.055184,0.490452199243009,0.48241214454174,
763,-0.054928,0.490452199243009,0.603015180677176,
764,-0.054672,0.490452199243009,0.643216192722321,
765,-0.054416,0.498492399230599,0.643216192722321,
766,-0.05416,0.498492399230599,0.723618216812611,
767,-0.053904,0.490452199243009,0.763819228857756,
768,-0.053648,0.498492399230599,0.804020240902901,
769,-0.053392,0.498492399230599,0.844221252948046,
770,-0.053136,0.490452199243009,0.884422264993191,
771,-0.05288,0.482411999255419,0.924623277038336,
772,-0.052624,0.498492399230599,0.924623277038336,
773,-0.052368,0.490452199243009,0.964824289083481,
774,-0.052112,0.490452199243009,1.00502530112863,
775,-0.051856,0.482411999255419,1.04522631317377,
776,-0.0516,0.482411999255419,1.08542732521892,
777,-0.051344,0.474371799267828,1.12562833726406,
778,-0.051088,0.474371799267828,1.20603036135435,
779,-0.050832,0.466331599280238,1.20603036135435,
780,-0.050576,0.458291399292648,1.2462313733995,
781,-0.05032,0.466331599280238,1.32663339748979,
782,-0.050064,0.458291399292648,1.32663339748979,
783,-0.049808,0.458291399292648,1.36683440953493,
784,-0.049552,0.450251199305058,1.32663339748979,
785,-0.049296,0.450251199305058,1.40703542158008,
786,-0.04904,0.442210999317467,1.44723643362522,
787,-0.048784,0.434170799329877,1.48743744567037,
788,-0.048528,0.426130599342287,1.48743744567037,
789,-0.048272,0.418090399354696,1.48743744567037,
790,-0.048016,0.418090399354696,1.56783946976066,
791,-0.04776,0.418090399354696,1.56783946976066,
792,-0.047504,0.410050199367106,1.56783946976066,
793,-0.047248,0.393969799391925,1.6080404818058,
794,-0.046992,0.385929599404335,1.64824149385095,
795,-0.046736,0.377889399416745,1.68844250589609,
796,-0.04648,0.377889399416745,1.64824149385095,
797,-0.046224,0.361808999441564,1.72864351794124,
798,-0.045968,0.353768799453974,1.72864351794124,
799,-0.045712,0.345728599466383,1.76884452998638,
800,-0.045456,0.337688399478793,1.72864351794124,
801,-0.0452,0.321607999503613,1.76884452998638,
802,-0.044944,0.321607999503613,1.76884452998638,
803,-0.044688,0.313567799516022,1.80904554203153,
804,-0.044432,0.297487399540842,1.76884452998638,
805,-0.044176,0.289447199553251,1.84924655407667,
806,-0.04392,0.281406999565661,1.80904554203153,
807,-0.043664,0.281406999565661,1.84924655407667,
808,-0.043408,0.26532659959048,1.84924655407667,
809,-0.043152,0.25728639960289,1.84924655407667,
810,-0.042896,0.241205999627709,1.84924655407667,
811,-0.04264,0.233165799640119,1.84924655407667,
812,-0.042384,0.225125599652529,1.88944756612182,
813,-0.042128,0.209045199677348,1.84924655407667,
814,-0.041872,0.201004999689758,1.84924655407667,
815,-0.041616,0.184924599714577,1.84924655407667,
816,-0.04136,0.176884399726987,1.88944756612182,
817,-0.041104,0.168844199739397,1.88944756612182,
818,-0.040848,0.152763799764216,1.88944756612182,
819,-0.040592,0.144723599776626,1.88944756612182,
820,-0.040336,0.128643199801445,1.84924655407667,
821,-0.04008,0.112562799826264,1.84924655407667,
822,-0.039824,0.112562799826264,1.80904554203153,
823,-0.039568,0.0964823998510838,1.80904554203153,
824,-0.039312,0.0884421998634934,1.80904554203153,
825,-0.039056,0.0804019998759031,1.80904554203153,
826,-0.0388,0.0643215999007225,1.76884452998638,
827,-0.038544,0.0402009999379516,1.80904554203153,
828,-0.038288,0.0241205999627709,1.76884452998638,
829,-0.038032,0.0241205999627709,1.76884452998638,
830,-0.037776,0.0160803999751806,1.72864351794124,
831,-0.03752,-0.00804019998759031,1.76884452998638,
832,-0.037264,-0.00804019998759031,1.68844250589609,
833,-0.037008,-0.0241205999627709,1.68844250589609,
834,-0.036752,-0.0402009999379516,1.68844250589609,
835,-0.036496,-0.0482411999255419,1.64824149385095,
836,-0.03624,-0.0562813999131322,1.6080404818058,
837,-0.035984,-0.0723617998883128,1.56783946976066,
838,-0.035728,-0.0804019998759031,1.56783946976066,
839,-0.035472,-0.104522599838674,1.52763845771551,
840,-0.035216,-0.112562799826264,1.48743744567037,
841,-0.03496,-0.120602999813855,1.52763845771551,
842,-0.034704,-0.128643199801445,1.48743744567037,
843,-0.034448,-0.144723599776626,1.48743744567037,
844,-0.034192,-0.152763799764216,1.40703542158008,
845,-0.033936,-0.168844199739397,1.36683440953493,
846,-0.03368,-0.168844199739397,1.32663339748979,
847,-0.033424,-0.192964799702168,1.32663339748979,
848,-0.033168,-0.201004999689758,1.28643238544464,
849,-0.032912,-0.209045199677348,1.2462313733995,
850,-0.032656,-0.217085399664938,1.20603036135435,
851,-0.0324,-0.233165799640119,1.16582934930921,
852,-0.032144,-0.241205999627709,1.12562833726406,
853,-0.031888,-0.2492461996153,1.12562833726406,
854,-0.031632,-0.26532659959048,1.08542732521892,
855,-0.031376,-0.273366799578071,1.04522631317377,
856,-0.03112,-0.281406999565661,1.00502530112863,
857,-0.030864,-0.297487399540842,0.964824289083481,
858,-0.030608,-0.313567799516022,0.924623277038336,
859,-0.030352,-0.313567799516022,0.924623277038336,
860,-0.030096,-0.321607999503613,0.844221252948046,
861,-0.02984,-0.337688399478793,0.763819228857756,
862,-0.029584,-0.337688399478793,0.723618216812611,
863,-0.029328,-0.345728599466383,0.723618216812611,
864,-0.029072,-0.353768799453974,0.723618216812611,
865,-0.028816,-0.369849199429154,0.643216192722321,
866,-0.02856,-0.377889399416745,0.603015180677176,
867,-0.028304,-0.385929599404335,0.522613156586885,
868,-0.028048,-0.393969799391925,0.48241214454174,
869,-0.027792,-0.410050199367106,0.442211132496595,
870,-0.027536,-0.402009999379516,0.40201012045145,
871,-0.02728,-0.410050199367106,0.32160809636116,
872,-0.027024,-0.418090399354696,0.32160809636116,
873,-0.026768,-0.426130599342287,0.281407084316015,
874,-0.026512,-0.434170799329877,0.201005060225725,
875,-0.026256,-0.434170799329877,0.16080404818058,
876,-0.026,-0.450251199305058,0.120603036135435,
877,-0.025744,-0.450251199305058,0.0804020240902901,
878,-0.025488,-0.450251199305058,0.040201012045145,
879,-0.025232,-0.458291399292648,0,
880,-0.024976,-0.466331599280238,0,
881,-0.02472,-0.474371799267828,-0.0804020240902901,
882,-0.024464,-0.466331599280238,-0.120603036135435,
883,-0.024208,-0.482411999255419,-0.16080404818058,
884,-0.023952,-0.482411999255419,-0.24120607227087,
885,-0.023696,-0.490452199243009,-0.24120607227087,
886,-0.02344,-0.482411999255419,-0.32160809636116,
887,-0.023184,-0.490452199243009,-0.361809108406305,
888,-0.022928,-0.498492399230599,-0.40201012045145,
889,-0.022672,-0.490452199243009,-0.40201012045145,
890,-0.022416,-0.498492399230599,-0.442211132496595,
891,-0.02216,-0.498492399230599,-0.522613156586885,
892,-0.021904,-0.52261299919337,-0.56281416863203,
893,-0.021648,-0.50653259921819,-0.56281416863203,
894,-0.021392,-0.498492399230599,-0.683417204767466,
895,-0.021136,-0.50653259921819,-0.683417204767466,
896,-0.02088,-0.50653259921819,-0.723618216812611,
897,-0.020624,-0.50653259921819,-0.804020240902901,
898,-0.020368,-0.498492399230599,-0.844221252948046,
899,-0.020112,-0.490452199243009,-0.884422264993191,
900,-0.019856,-0.50653259921819,-0.924623277038336,
901,-0.0196,-0.498492399230599,-0.964824289083481,
902,-0.019344,-0.50653259921819,-0.964824289083481,
903,-0.019088,-0.498492399230599,-1.00502530112863,
904,-0.018832,-0.490452199243009,-1.12562833726406,
905,-0.018576,-0.498492399230599,-1.08542732521892,
906,-0.01832,-0.490452199243009,-1.12562833726406,
907,-0.018064,-0.490452199243009,-1.20603036135435,
908,-0.017808,-0.482411999255419,-1.20603036135435,
909,-0.017552,-0.482411999255419,-1.2462313733995,
910,-0.017296,-0.482411999255419,-1.28643238544464,
911,-0.01704,-0.474371799267828,-1.36683440953493,
912,-0.016784,-0.466331599280238,-1.36683440953493,
913,-0.016528,-0.458291399292648,-1.40703542158008,
914,-0.016272,-0.466331599280238,-1.40703542158008,
915,-0.016016,-0.450251199305058,-1.44723643362522,
916,-0.01576,-0.450251199305058,-1.52763845771551,
917,-0.015504,-0.442210999317467,-1.52763845771551,
918,-0.015248,-0.442210999317467,-1.56783946976066,
919,-0.014992,-0.426130599342287,-1.56783946976066,
920,-0.014736,-0.426130599342287,-1.56783946976066,
921,-0.01448,-0.418090399354696,-1.56783946976066,
922,-0.014224,-0.410050199367106,-1.6080404818058,
923,-0.013968,-0.402009999379516,-1.64824149385095,
924,-0.013712,-0.402009999379516,-1.68844250589609,
925,-0.013456,-0.393969799391925,-1.68844250589609,
926,-0.0132,-0.385929599404335,-1.72864351794124,
927,-0.012944,-0.369849199429154,-1.76884452998638,
928,-0.012688,-0.369849199429154,-1.76884452998638,
929,-0.012432,-0.361808999441564,-1.80904554203153,
930,-0.012176,-0.353768799453974,-1.76884452998638,
931,-0.01192,-0.345728599466383,-1.80904554203153,
932,-0.011664,-0.329648199491203,-1.84924655407667,
933,-0.011408,-0.329648199491203,-1.84924655407667,
934,-0.011152,-0.321607999503613,-1.84924655407667,
935,-0.010896,-0.313567799516022,-1.84924655407667,
936,-0.01064,-0.289447199553251,-1.88944756612182,
937,-0.010384,-0.297487399540842,-1.92964857816696,
938,-0.010128,-0.273366799578071,-1.92964857816696,
939,-0.00987200000000002,-0.26532659959048,-1.92964857816696,
940,-0.00961600000000001,-0.25728639960289,-1.96984959021211,
941,-0.00936000000000001,-0.241205999627709,-1.92964857816696,
942,-0.009104,-0.233165799640119,-1.92964857816696,
943,-0.00884800000000002,-0.225125599652529,-1.88944756612182,
944,-0.00859200000000002,-0.217085399664938,-1.84924655407667,
945,-0.00833600000000001,-0.201004999689758,-1.92964857816696,
946,-0.00808,-0.192964799702168,-1.92964857816696,
947,-0.007824,-0.176884399726987,-1.92964857816696,
948,-0.00756800000000002,-0.168844199739397,-1.92964857816696,
949,-0.00731200000000001,-0.152763799764216,-1.96984959021211,
950,-0.00705600000000001,-0.136683399789035,-1.92964857816696,
951,-0.0068,-0.128643199801445,-1.88944756612182,
952,-0.00654400000000002,-0.120602999813855,-1.92964857816696,
953,-0.00628800000000002,-0.112562799826264,-1.88944756612182,
954,-0.00603200000000001,-0.0964823998510838,-1.88944756612182,
955,-0.005776,-0.0884421998634934,-1.88944756612182,
956,-0.00552000000000002,-0.0804019998759031,-1.84924655407667,
957,-0.00526400000000002,-0.0562813999131322,-1.80904554203153,
958,-0.00500800000000001,-0.0482411999255419,-1.84924655407667,
959,-0.00475200000000001,-0.0402009999379516,-1.76884452998638,
960,-0.004496,-0.0241205999627709,-1.80904554203153,
961,-0.00424000000000002,-0.0160803999751806,-1.76884452998638,
962,-0.00398400000000002,0,-1.76884452998638,
963,-0.00372800000000001,0,-1.72864351794124,
964,-0.003472,0.0160803999751806,-1.72864351794124,
965,-0.00321600000000002,0.0321607999503613,-1.72864351794124,
966,-0.00296000000000002,0.0402009999379516,-1.68844250589609,
967,-0.00270400000000001,0.0562813999131322,-1.68844250589609,
968,-0.00244800000000001,0.0723617998883128,-1.64824149385095,
969,-0.002192,0.0884421998634934,-1.6080404818058,
970,-0.00193600000000002,0.0884421998634934,-1.6080404818058,
971,-0.00168000000000001,0.112562799826264,-1.52763845771551,
972,-0.00142400000000001,0.120602999813855,-1.52763845771551,
973,-0.001168,0.128643199801445,-1.52763845771551,
974,-0.000912000000000024,0.144723599776626,-1.48743744567037,
975,-0.000656000000000018,0.152763799764216,-1.44723643362522,
976,-0.000400000000000011,0.160803999751806,-1.40703542158008,
977,-0.000144000000000005,0.176884399726987,-1.40703542158008,
978,0.000112000000000001,0.176884399726987,-1.36683440953493,
979,0.000367999999999979,0.192964799702168,-1.32663339748979,
980,0.000624000000000013,0.201004999689758,-1.28643238544464,
981,0.000879999999999992,0.217085399664938,-1.2462313733995,
982,0.00113599999999997,0.225125599652529,-1.20603036135435,
983,0.001392,0.233165799640119,-1.20603036135435,
984,0.00164799999999998,0.25728639960289,-1.12562833726406,
985,0.00190399999999996,0.25728639960289,-1.12562833726406,
986,0.00216,0.273366799578071,-1.04522631317377,
987,0.00241599999999997,0.281406999565661,-1.04522631317377,
988,0.00267200000000001,0.289447199553251,-1.00502530112863,
989,0.00292799999999999,0.305527599528432,-0.924623277038336,
990,0.00318399999999996,0.313567799516022,-0.924623277038336,
991,0.00344,0.313567799516022,-0.884422264993191,
992,0.00369599999999998,0.329648199491203,-0.844221252948046,
993,0.00395200000000001,0.337688399478793,-0.763819228857756,
994,0.00420799999999999,0.337688399478793,-0.723618216812611,
995,0.00446399999999997,0.353768799453974,-0.683417204767466,
996,0.00472,0.369849199429154,-0.603015180677176,
997,0.00497599999999998,0.369849199429154,-0.603015180677176,
998,0.00523200000000001,0.377889399416745,-0.56281416863203,
999,0.00548799999999999,0.377889399416745,-0.522613156586885,
1000,0.00574399999999997,0.393969799391925,-0.48241214454174,
1001,0.00600000000000001,0.393969799391925,-0.442211132496595,
1002,0.00625599999999998,0.410050199367106,-0.361809108406305,
1003,0.00651199999999996,0.418090399354696,-0.40201012045145,
1004,0.006768,0.426130599342287,-0.32160809636116,
1005,0.00702399999999997,0.426130599342287,-0.24120607227087,
1006,0.00728000000000001,0.434170799329877,-0.201005060225725,
1007,0.00753599999999999,0.442210999317467,-0.16080404818058,
1008,0.00779199999999997,0.442210999317467,-0.120603036135435,
1009,0.008048,0.450251199305058,-0.040201012045145,
1010,0.00830399999999998,0.450251199305058,-0.040201012045145,
1011,0.00856000000000001,0.450251199305058,0.040201012045145,
1012,0.00881599999999999,0.458291399292648,0.040201012045145,
1013,0.00907199999999997,0.466331599280238,0.0804020240902901,
1014,0.009328,0.466331599280238,0.16080404818058,
1015,0.00958399999999998,0.466331599280238,0.16080404818058,
1016,0.00984000000000002,0.482411999255419,0.24120607227087,
1017,0.010096,0.490452199243009,0.281407084316015,
1018,0.010352,0.482411999255419,0.32160809636116,
1019,0.010608,0.482411999255419,0.40201012045145,
1020,0.010864,0.490452199243009,0.442211132496595,
1021,0.01112,0.482411999255419,0.48241214454174,
1022,0.011376,0.490452199243009,0.522613156586885,
1023,0.011632,0.490452199243009,0.56281416863203,
1024,0.011888,0.498492399230599,0.643216192722321,
1025,0.012144,0.498492399230599,0.643216192722321,
1026,0.0124,0.498492399230599,0.683417204767466,
1027,0.012656,0.498492399230599,0.723618216812611,
1028,0.012912,0.498492399230599,0.723618216812611,
1029,0.013168,0.490452199243009,0.844221252948046,
1030,0.013424,0.498492399230599,0.844221252948046,
1031,0.01368,0.490452199243009,0.884422264993191,
1032,0.013936,0.498492399230599,0.924623277038336,
1033,0.014192,0.490452199243009,0.924623277038336,
1034,0.014448,0.490452199243009,1.00502530112863,
1035,0.014704,0.490452199243009,1.04522631317377,
1036,0.01496,0.490452199243009,1.08542732521892,
1037,0.015216,0.482411999255419,1.08542732521892,
1038,0.015472,0.474371799267828,1.16582934930921,
1039,0.015728,0.474371799267828,1.20603036135435,
1040,0.015984,0.474371799267828,1.20603036135435,
1041,0.01624,0.458291399292648,1.28643238544464,
1042,0.016496,0.458291399292648,1.28643238544464,
1043,0.016752,0.458291399292648,1.32663339748979,
1044,0.017008,0.442210999317467,1.32663339748979,
1045,0.017264,0.442210999317467,1.36683440953493,
1046,0.01752,0.442210999317467,1.40703542158008,
1047,0.017776,0.426130599342287,1.48743744567037,
1048,0.018032,0.434170799329877,1.48743744567037,
1049,0.018288,0.426130599342287,1.48743744567037,
1050,0.018544,0.418090399354696,1.52763845771551,
1051,0.0188,0.410050199367106,1.56783946976066,
1052,0.019056,0.410050199367106,1.6080404818058,
1053,0.019312,0.402009999379516,1.56783946976066,
1054,0.019568,0.393969799391925,1.6080404818058,
1055,0.019824,0.385929599404335,1.68844250589609,
1056,0.02008,0.385929599404335,1.64824149385095,
1057,0.020336,0.369849199429154,1.68844250589609,
1058,0.020592,0.353768799453974,1.72864351794124,
1059,0.020848,0.345728599466383,1.72864351794124,
1060,0.021104,0.353768799453974,1.72864351794124,
1061,0.02136,0.337688399478793,1.80904554203153,
1062,0.021616,0.329648199491203,1.76884452998638,
1063,0.021872,0.313567799516022,1.76884452998638,
1064,0.022128,0.305527599528432,1.80904554203153,
1065,0.022384,0.297487399540842,1.84924655407667,
1066,0.02264,0.289447199553251,1.80904554203153,
1067,0.022896,0.281406999565661,1.80904554203153,
1068,0.023152,0.26532659959048,1.84924655407667,
1069,0.023408,0.25728639960289,1.80904554203153,
1070,0.023664,0.2492461996153,1.84924655407667,
1071,0.02392,0.241205999627709,1.84924655407667,
1072,0.024176,0.225125599652529,1.84924655407667,
1073,0.024432,0.217085399664938,1.84924655407667,
1074,0.024688,0.201004999689758,1.88944756612182,
1075,0.024944,0.184924599714577,1.88944756612182,
1076,0.0252,0.184924599714577,1.88944756612182,
1077,0.025456,0.184924599714577,1.84924655407667,
1078,0.025712,0.152763799764216,1.84924655407667,
1079,0.025968,0.144723599776626,1.84924655407667,
1080,0.026224,0.136683399789035,1.88944756612182,
1081,0.02648,0.120602999813855,1.84924655407667,
1082,0.026736,0.112562799826264,1.80904554203153,
1083,0.026992,0.104522599838674,1.80904554203153,
1084,0.027248,0.0884421998634934,1.84924655407667,
1085,0.027504,0.0723617998883128,1.88944756612182,
1086,0.02776,0.0643215999007225,1.76884452998638,
1087,0.028016,0.0482411999255419,1.76884452998638,
1088,0.028272,0.0402009999379516,1.76884452998638,
1089,0.028528,0.0321607999503613,1.76884452998638,
1090,0.028784,0.0160803999751806,1.72864351794124,
1091,0.02904,0.00804019998759031,1.76884452998638,
1092,0.029296,-0.00804019998759031,1.72864351794124,
1093,0.029552,-0.0160803999751806,1.68844250589609,
1094,0.029808,-0.0321607999503613,1.68844250589609,
1095,0.030064,-0.0402009999379516,1.64824149385095,
1096,0.03032,-0.0643215999007225,1.64824149385095,
1097,0.030576,-0.0723617998883128,1.6080404818058,
1098,0.030832,-0.0804019998759031,1.6080404818058,
1099,0.031088,-0.0884421998634934,1.52763845771551,
1100,0.031344,-0.104522599838674,1.52763845771551,
1101,0.0316,-0.112562799826264,1.48743744567037,
1102,0.031856,-0.128643199801445,1.48743744567037,
1103,0.032112,-0.136683399789035,1.44723643362522,
1104,0.032368,-0.144723599776626,1.44723643362522,
1105,0.032624,-0.160803999751806,1.40703542158008,
1106,0.03288,-0.168844199739397,1.36683440953493,
1107,0.033136,-0.184924599714577,1.32663339748979,
1108,0.033392,-0.192964799702168,1.32663339748979,
1109,0.033648,-0.201004999689758,1.28643238544464,
1110,0.033904,-0.209045199677348,1.20603036135435,
1111,0.03416,-0.225125599652529,1.20603036135435,
1112,0.034416,-0.233165799640119,1.16582934930921,
1113,0.034672,-0.25728639960289,1.12562833726406,
1114,0.034928,-0.2492461996153,1.08542732521892,
1115,0.035184,-0.273366799578071,1.04522631317377,
1116,0.03544,-0.281406999565661,1.04522631317377,
1117,0.035696,-0.289447199553251,0.964824289083481,
1118,0.035952,-0.297487399540842,0.924623277038336,
1119,0.036208,-0.305527599528432,0.884422264993191,
1120,0.036464,-0.321607999503613,0.844221252948046,
1121,0.03672,-0.329648199491203,0.844221252948046,
1122,0.036976,-0.345728599466383,0.804020240902901,
1123,0.037232,-0.345728599466383,0.763819228857756,
1124,0.037488,-0.345728599466383,0.643216192722321,
1125,0.037744,-0.361808999441564,0.643216192722321,
1126,0.038,-0.377889399416745,0.603015180677176,
1127,0.038256,-0.377889399416745,0.56281416863203,
1128,0.038512,-0.393969799391925,0.522613156586885,
1129,0.038768,-0.402009999379516,0.442211132496595,
1130,0.039024,-0.402009999379516,0.442211132496595,
1131,0.03928,-0.402009999379516,0.361809108406305,
1132,0.039536,-0.426130599342287,0.361809108406305,
1133,0.039792,-0.426130599342287,0.281407084316015,
1134,0.040048,-0.434170799329877,0.24120607227087,
1135,0.040304,-0.434170799329877,0.24120607227087,
1136,0.04056,-0.442210999317467,0.16080404818058,
1137,0.040816,-0.450251199305058,0.120603036135435,
1138,0.041072,-0.458291399292648,0.0804020240902901,
1139,0.041328,-0.458291399292648,0.040201012045145,
1140,0.041584,-0.466331599280238,0,
1141,0.04184,-0.474371799267828,-0.0804020240902901,
1142,0.042096,-0.466331599280238,-0.120603036135435,
1143,0.042352,-0.474371799267828,-0.16080404818058,
1144,0.042608,-0.482411999255419,-0.24120607227087,
1145,0.042864,-0.482411999255419,-0.24120607227087,
1146,0.04312,-0.490452199243009,-0.281407084316015,
1147,0.043376,-0.490452199243009,-0.32160809636116,
1148,0.043632,-0.498492399230599,-0.361809108406305,
1149,0.043888,-0.490452199243009,-0.442211132496595,
1150,0.044144,-0.498492399230599,-0.48241214454174,
1151,0.0444,-0.498492399230599,-0.522613156586885,
1152,0.044656,-0.498492399230599,-0.56281416863203,
1153,0.044912,-0.50653259921819,-0.603015180677176,
1154,0.045168,-0.50653259921819,-0.643216192722321,
1155,0.045424,-0.50653259921819,-0.683417204767466,
1156,0.04568,-0.498492399230599,-0.723618216812611,
1157,0.045936,-0.498492399230599,-0.763819228857756,
1158,0.046192,-0.50653259921819,-0.844221252948046,
1159,0.046448,-0.498492399230599,-0.884422264993191,
1160,0.046704,-0.498492399230599,-0.884422264993191,
1161,0.04696,-0.50653259921819,-0.964824289083481,
1162,0.047216,-0.498492399230599,-0.964824289083481,
1163,0.047472,-0.498492399230599,-1.04522631317377,
1164,0.047728,-0.498492399230599,-1.08542732521892,
1165,0.047984,-0.490452199243009,-1.12562833726406,
1166,0.04824,-0.482411999255419,-1.12562833726406,
1167,0.048496,-0.490452199243009,-1.16582934930921,
1168,0.048752,-0.482411999255419,-1.2462313733995,
1169,0.049008,-0.482411999255419,-1.2462313733995,
1170,0.049264,-0.482411999255419,-1.32663339748979,
1171,0.04952,-0.482411999255419,-1.32663339748979,
1172,0.049776,-0.474371799267828,-1.36683440953493,
1173,0.050032,-0.466331599280238,-1.36683440953493,
1174,0.050288,-0.466331599280238,-1.40703542158008,
1175,0.050544,-0.474371799267828,-1.44723643362522,
1176,0.0508,-0.458291399292648,-1.48743744567037,
1177,0.051056,-0.450251199305058,-1.48743744567037,
1178,0.051312,-0.442210999317467,-1.52763845771551,
1179,0.051568,-0.434170799329877,-1.6080404818058,
1180,0.051824,-0.426130599342287,-1.56783946976066,
1181,0.05208,-0.418090399354696,-1.6080404818058,
1182,0.052336,-0.426130599342287,-1.64824149385095,
1183,0.052592,-0.418090399354696,-1.68844250589609,
1184,0.052848,-0.410050199367106,-1.68844250589609,
1185,0.053104,-0.393969799391925,-1.72864351794124,
1186,0.05336,-0.385929599404335,-1.72864351794124,
1187,0.053616,-0.377889399416745,-1.76884452998638,
1188,0.053872,-0.377889399416745,-1.72864351794124,
1189,0.054128,-0.361808999441564,-1.76884452998638,
1190,0.054384,-0.361808999441564,-1.80904554203153,
1191,0.05464,-0.345728599466383,-1.80904554203153,
1192,0.054896,-0.337688399478793,-1.84924655407667,
1193,0.055152,-0.337688399478793,-1.84924655407667,
1194,0.055408,-0.321607999503613,-1.84924655407667,
1195,0.055664,-0.313567799516022,-1.84924655407667,
1196,0.05592,-0.305527599528432,-1.88944756612182,
1197,0.056176,-0.297487399540842,-1.88944756612182,
1198,0.056432,-0.281406999565661,-1.88944756612182,
1199,0.056688,-0.26532659959048,-1.92964857816696,
1200,0.056944,-0.26532659959048,-1.88944756612182,
1201,0.0572,-0.25728639960289,-1.92964857816696,
1202,0.057456,-0.241205999627709,-1.92964857816696,
1203,0.057712,-0.225125599652529,-1.92964857816696,
1204,0.057968,-0.217085399664938,-1.92964857816696,
1205,0.058224,-0.209045199677348,-1.92964857816696,
1206,0.05848,-0.201004999689758,-1.92964857816696,
1207,0.058736,-0.184924599714577,-1.92964857816696,
1208,0.058992,-0.160803999751806,-1.92964857816696,
1209,0.059248,-0.168844199739397,-1.88944756612182,
1210,0.059504,-0.152763799764216,-1.88944756612182,
1211,0.05976,-0.136683399789035,-1.92964857816696,
1212,0.060016,-0.128643199801445,-1.92964857816696,
1213,0.060272,-0.112562799826264,-1.88944756612182,
1214,0.060528,-0.104522599838674,-1.84924655407667,
1215,0.060784,-0.0804019998759031,-1.88944756612182,
1216,0.06104,-0.0723617998883128,-1.88944756612182,
1217,0.061296,-0.0643215999007225,-1.88944756612182,
1218,0.061552,-0.0482411999255419,-1.84924655407667,
1219,0.061808,-0.0482411999255419,-1.84924655407667,
1220,0.062064,-0.0321607999503613,-1.80904554203153,
1221,0.06232,-0.0241205999627709,-1.80904554203153,
1222,0.062576,0,-1.80904554203153,
1223,0.062832,0,-1.76884452998638,
1224,0.063088,0.0241205999627709,-1.72864351794124,
1225,0.063344,0.0321607999503613,-1.72864351794124,
1226,0.0636,0.0321607999503613,-1.72864351794124,
1227,0.063856,0.0562813999131322,-1.68844250589609,
1228,0.064112,0.0643215999007225,-1.64824149385095,
1229,0.064368,0.0804019998759031,-1.6080404818058,
1230,0.064624,0.0884421998634934,-1.56783946976066,
1231,0.06488,0.104522599838674,-1.56783946976066,
1232,0.065136,0.104522599838674,-1.52763845771551,
1233,0.065392,0.136683399789035,-1.56783946976066,
1234,0.065648,0.128643199801445,-1.48743744567037,
1235,0.065904,0.144723599776626,-1.40703542158008,
1236,0.06616,0.160803999751806,-1.44723643362522,
1237,0.066416,0.168844199739397,-1.40703542158008,
1238,0.066672,0.184924599714577,-1.36683440953493,
1239,0.066928,0.192964799702168,-1.28643238544464,
1240,0.067184,0.201004999689758,-1.28643238544464,
1241,0.06744,0.201004999689758,-1.28643238544464,
1242,0.067696,0.225125599652529,-1.20603036135435,
1243,0.067952,0.233165799640119,-1.16582934930921,
1244,0.068208,0.2492461996153,-1.16582934930921,
1245,0.068464,0.25728639960289,-1.08542732521892,
1246,0.06872,0.26532659959048,-1.08542732521892,
1247,0.068976,0.281406999565661,-1.08542732521892,
1248,0.069232,0.289447199553251,-1.00502530112863,
1249,0.069488,0.297487399540842,-0.964824289083481,
1250,0.069744,0.289447199553251,-0.924623277038336,
1251,0.07,0.313567799516022,-0.884422264993191,
1252,0.070256,0.321607999503613,-0.844221252948046,
1253,0.070512,0.337688399478793,-0.804020240902901,
1254,0.070768,0.337688399478793,-0.763819228857756,
1255,0.071024,0.353768799453974,-0.723618216812611,
1256,0.07128,0.361808999441564,-0.683417204767466,
1257,0.071536,0.361808999441564,-0.643216192722321,
1258,0.071792,0.377889399416745,-0.603015180677176,
1259,0.072048,0.385929599404335,-0.522613156586885,
1260,0.072304,0.385929599404335,-0.48241214454174,
1261,0.07256,0.402009999379516,-0.442211132496595,
1262,0.072816,0.410050199367106,-0.40201012045145,
1263,0.073072,0.410050199367106,-0.361809108406305,
1264,0.073328,0.418090399354696,-0.32160809636116,
1265,0.073584,0.426130599342287,-0.281407084316015,
1266,0.07384,0.426130599342287,-0.201005060225725,
1267,0.074096,0.442210999317467,-0.16080404818058,
1268,0.074352,0.442210999317467,-0.120603036135435,
1269,0.074608,0.450251199305058,-0.120603036135435,
1270,0.074864,0.458291399292648,-0.040201012045145,
1271,0.07512,0.450251199305058,-0.040201012045145,
1272,0.075376,0.458291399292648,0.040201012045145,
1273,0.075632,0.466331599280238,0.0804020240902901,
1274,0.075888,0.466331599280238,0.0804020240902901,
1275,0.076144,0.466331599280238,0.16080404818058,
1276,0.0764,0.490452199243009,0.201005060225725,
1277,0.076656,0.474371799267828,0.24120607227087,
1278,0.076912,0.482411999255419,0.32160809636116,
1279,0.077168,0.482411999255419,0.361809108406305,
1280,0.077424,0.482411999255419,0.40201012045145,
1281,0.07768,0.498492399230599,0.442211132496595,
1282,0.077936,0.490452199243009,0.48241214454174,
1283,0.078192,0.490452199243009,0.522613156586885,
1284,0.078448,0.490452199243009,0.56281416863203,
1285,0.078704,0.498492399230599,0.603015180677176,
1286,0.07896,0.498492399230599,0.683417204767466,
1287,0.079216,0.498492399230599,0.723618216812611,
1288,0.079472,0.490452199243009,0.723618216812611,
1289,0.079728,0.490452199243009,0.804020240902901,
1290,0.079984,0.490452199243009,0.844221252948046,
1291,0.08024,0.490452199243009,0.844221252948046,
1292,0.080496,0.498492399230599,0.924623277038336,
1293,0.080752,0.490452199243009,0.964824289083481,
1294,0.081008,0.490452199243009,1.00502530112863,
1295,0.081264,0.490452199243009,1.04522631317377,
1296,0.08152,0.482411999255419,1.04522631317377,
1297,0.081776,0.482411999255419,1.12562833726406,
1298,0.082032,0.482411999255419,1.08542732521892,
1299,0.082288,0.466331599280238,1.20603036135435,
1300,0.082544,0.474371799267828,1.20603036135435,
1301,0.0828,0.466331599280238,1.2462313733995,
1302,0.083056,0.458291399292648,1.28643238544464,
1303,0.083312,0.458291399292648,1.32663339748979,
1304,0.083568,0.458291399292648,1.36683440953493,
1305,0.083824,0.442210999317467,1.40703542158008,
1306,0.08408,0.442210999317467,1.44723643362522,
1307,0.084336,0.434170799329877,1.40703542158008,
1308,0.084592,0.434170799329877,1.44723643362522,
1309,0.084848,0.426130599342287,1.48743744567037,
1310,0.085104,0.418090399354696,1.48743744567037,
1311,0.08536,0.410050199367106,1.52763845771551,
1312,0.085616,0.402009999379516,1.56783946976066,
1313,0.085872,0.402009999379516,1.56783946976066,
1314,0.086128,0.402009999379516,1.6080404818058,
1315,0.086384,0.385929599404335,1.64824149385095,
1316,0.08664,0.385929599404335,1.64824149385095,
1317,0.086896,0.369849199429154,1.64824149385095,
1318,0.087152,0.369849199429154,1.68844250589609,
1319,0.087408,0.353768799453974,1.68844250589609,
1320,0.087664,0.345728599466383,1.76884452998638,
1321,0.08792,0.329648199491203,1.76884452998638,
1322,0.088176,0.337688399478793,1.76884452998638,
1323,0.088432,0.321607999503613,1.76884452998638,
1324,0.088688,0.305527599528432,1.76884452998638,
1325,0.088944,0.297487399540842,1.80904554203153,
1326,0.0892,0.297487399540842,1.80904554203153,
1327,0.089456,0.281406999565661,1.80904554203153,
1328,0.089712,0.273366799578071,1.80904554203153,
1329,0.089968,0.26532659959048,1.84924655407667,
1330,0.090224,0.25728639960289,1.84924655407667,
1331,0.09048,0.241205999627709,1.88944756612182,
1332,0.090736,0.241205999627709,1.88944756612182,
1333,0.090992,0.225125599652529,1.88944756612182,
1334,0.091248,0.201004999689758,1.88944756612182,
1335,0.091504,0.192964799702168,1.88944756612182,
1336,0.09176,0.184924599714577,1.88944756612182,
1337,0.092016,0.176884399726987,1.88944756612182,
1338,0.092272,0.160803999751806,1.84924655407667,
1339,0.092528,0.152763799764216,1.84924655407667,
1340,0.092784,0.144723599776626,1.84924655407667,
1341,0.09304,0.128643199801445,1.84924655407667,
1342,0.093296,0.120602999813855,1.80904554203153,
1343,0.093552,0.104522599838674,1.84924655407667,
1344,0.093808,0.0884421998634934,1.80904554203153,
1345,0.094064,0.0804019998759031,1.84924655407667,
1346,0.09432,0.0723617998883128,1.80904554203153,
1347,0.094576,0.0562813999131322,1.76884452998638,
1348,0.094832,0.0482411999255419,1.76884452998638,
1349,0.095088,0.0321607999503613,1.76884452998638,
1350,0.095344,0.0241205999627709,1.72864351794124,
1351,0.0956,0.00804019998759031,1.72864351794124,
1352,0.095856,-0.00804019998759031,1.72864351794124,
1353,0.096112,-0.00804019998759031,1.68844250589609,
1354,0.096368,-0.0241205999627709,1.68844250589609,
1355,0.096624,-0.0402009999379516,1.68844250589609,
1356,0.09688,-0.0402009999379516,1.68844250589609,
1357,0.097136,-0.0643215999007225,1.64824149385095,
1358,0.097392,-0.0643215999007225,1.56783946976066,
1359,0.097648,-0.0884421998634934,1.56783946976066,
1360,0.097904,-0.0964823998510838,1.56783946976066,
1361,0.09816,-0.104522599838674,1.56783946976066,
1362,0.098416,-0.120602999813855,1.48743744567037,
1363,0.098672,-0.128643199801445,1.48743744567037,
1364,0.098928,-0.144723599776626,1.44723643362522,
1365,0.099184,-0.160803999751806,1.40703542158008,
1366,0.09944,-0.168844199739397,1.36683440953493,
1367,0.099696,-0.176884399726987,1.32663339748979,
1368,0.099952,-0.192964799702168,1.32663339748979,
1369,0.100208,-0.192964799702168,1.28643238544464,
1370,0.100464,-0.201004999689758,1.2462313733995,
1371,0.10072,-0.225125599652529,1.20603036135435,
1372,0.100976,-0.233165799640119,1.16582934930921,
1373,0.101232,-0.241205999627709,1.16582934930921,
1374,0.101488,-0.26532659959048,1.12562833726406,
1375,0.101744,-0.273366799578071,1.04522631317377,
1376,0.102,-0.273366799578071,1.04522631317377,
1377,0.102256,-0.281406999565661,1.04522631317377,
1378,0.102512,-0.289447199553251,0.964824289083481,
1379,0.102768,-0.305527599528432,0.924623277038336,
1380,0.103024,-0.321607999503613,0.844221252948046,
1381,0.10328,-0.313567799516022,0.804020240902901,
1382,0.103536,-0.329648199491203,0.804020240902901,
1383,0.103792,-0.337688399478793,0.763819228857756,
1384,0.104048,-0.353768799453974,0.723618216812611,
1385,0.104304,-0.361808999441564,0.643216192722321,
1386,0.10456,-0.353768799453974,0.603015180677176,
1387,0.104816,-0.385929599404335,0.56281416863203,
1388,0.105072,-0.385929599404335,0.48241214454174,
1389,0.105328,-0.393969799391925,0.48241214454174,
1390,0.105584,-0.402009999379516,0.442211132496595,
1391,0.10584,-0.402009999379516,0.40201012045145,
1392,0.106096,-0.418090399354696,0.361809108406305,
1393,0.106352,-0.418090399354696,0.281407084316015,
1394,0.106608,-0.434170799329877,0.24120607227087,
1395,0.106864,-0.426130599342287,0.24120607227087,
1396,0.10712,-0.450251199305058,0.201005060225725,
1397,0.107376,-0.450251199305058,0.120603036135435,
1398,0.107632,-0.458291399292648,0.040201012045145,
1399,0.107888,-0.450251199305058,0.040201012045145,
1400,0.108144,-0.466331599280238,0,
1401,0.1084,-0.466331599280238,-0.040201012045145,
1402,0.108656,-0.474371799267828,-0.0804020240902901,
1403,0.108912,-0.474371799267828,-0.16080404818058,
1404,0.109168,-0.474371799267828,-0.16080404818058,
1405,0.109424,-0.482411999255419,-0.24120607227087,
1406,0.10968,-0.482411999255419,-0.281407084316015,
1407,0.109936,-0.490452199243009,-0.32160809636116,
1408,0.110192,-0.482411999255419,-0.361809108406305,
1409,0.110448,-0.498492399230599,-0.40201012045145,
1410,0.110704,-0.498492399230599,-0.48241214454174,
1411,0.11096,-0.498492399230599,-0.442211132496595,
1412,0.111216,-0.50653259921819,-0.56281416863203,
1413,0.111472,-0.50653259921819,-0.603015180677176,
1414,0.111728,-0.50653259921819,-0.603015180677176,
1415,0.111984,-0.50653259921819,-0.683417204767466,
1416,0.11224,-0.50653259921819,-0.683417204767466,
1417,0.112496,-0.50653259921819,-0.763819228857756,
1418,0.112752,-0.498492399230599,-0.763819228857756,
1419,0.113008,-0.50653259921819,-0.844221252948046,
1420,0.113264,-0.51457279920578,-0.884422264993191,
1421,0.11352,-0.498492399230599,-0.924623277038336,
1422,0.113776,-0.498492399230599,-0.964824289083481,
1423,0.114032,-0.498492399230599,-1.00502530112863,
1424,0.114288,-0.498492399230599,-1.04522631317377,
1425,0.114544,-0.498492399230599,-1.08542732521892,
1426,0.1148,-0.490452199243009,-1.12562833726406,
1427,0.115056,-0.498492399230599,-1.16582934930921,
1428,0.115312,-0.498492399230599,-1.20603036135435,
1429,0.115568,-0.490452199243009,-1.2462313733995,
1430,0.115824,-0.490452199243009,-1.28643238544464,
1431,0.11608,-0.482411999255419,-1.32663339748979,
1432,0.116336,-0.482411999255419,-1.36683440953493,
1433,0.116592,-0.466331599280238,-1.36683440953493,
1434,0.116848,-0.474371799267828,-1.36683440953493,
1435,0.117104,-0.458291399292648,-1.40703542158008,
1436,0.11736,-0.458291399292648,-1.44723643362522,
1437,0.117616,-0.450251199305058,-1.48743744567037,
1438,0.117872,-0.442210999317467,-1.52763845771551,
1439,0.118128,-0.442210999317467,-1.52763845771551,
1440,0.118384,-0.426130599342287,-1.52763845771551,
1441,0.11864,-0.426130599342287,-1.6080404818058,
1442,0.118896,-0.418090399354696,-1.64824149385095,
1443,0.119152,-0.418090399354696,-1.64824149385095,
1444,0.119408,-0.410050199367106,-1.68844250589609,
1445,0.119664,-0.410050199367106,-1.68844250589609,
1446,0.11992,-0.393969799391925,-1.72864351794124,
1447,0.120176,-0.377889399416745,-1.72864351794124,
1448,0.120432,-0.369849199429154,-1.76884452998638,
1449,0.120688,-0.361808999441564,-1.80904554203153,
1450,0.120944,-0.353768799453974,-1.80904554203153,
1451,0.1212,-0.361808999441564,-1.80904554203153,
1452,0.121456,-0.337688399478793,-1.80904554203153,
1453,0.121712,-0.329648199491203,-1.84924655407667,
1454,0.121968,-0.329648199491203,-1.84924655407667,
1455,0.122224,-0.313567799516022,-1.84924655407667,
1456,0.12248,-0.305527599528432,-1.88944756612182,
1457,0.122736,-0.297487399540842,-1.88944756612182,
1458,0.122992,-0.281406999565661,-1.88944756612182,
1459,0.123248,-0.273366799578071,-1.88944756612182,
1460,0.123504,-0.273366799578071,-1.92964857816696,
1461,0.12376,-0.25728639960289,-1.88944756612182,
1462,0.124016,-0.241205999627709,-1.92964857816696,
1463,0.124272,-0.233165799640119,-1.92964857816696,
1464,0.124528,-0.225125599652529,-1.92964857816696,
1465,0.124784,-0.209045199677348,-1.88944756612182,
1466,0.12504,-0.192964799702168,-1.92964857816696,
1467,0.125296,-0.192964799702168,-1.88944756612182,
1468,0.125552,-0.176884399726987,-1.92964857816696,
1469,0.125808,-0.160803999751806,-1.92964857816696,
1470,0.126064,-0.160803999751806,-1.88944756612182,
1471,0.12632,-0.144723599776626,-1.92964857816696,
1472,0.126576,-0.136683399789035,-1.92964857816696,
1473,0.126832,-0.120602999813855,-1.88944756612182,
1474,0.127088,-0.104522599838674,-1.88944756612182,
1475,0.127344,-0.0964823998510838,-1.88944756612182,
1476,0.1276,-0.0804019998759031,-1.84924655407667,
1477,0.127856,-0.0643215999007225,-1.84924655407667,
1478,0.128112,-0.0562813999131322,-1.88944756612182,
1479,0.128368,-0.0562813999131322,-1.84924655407667,
1480,0.128624,-0.0321607999503613,-1.84924655407667,
1481,0.12888,-0.0241205999627709,-1.84924655407667,
1482,0.129136,-0.0160803999751806,-1.80904554203153,
1483,0.129392,0,-1.76884452998638,
1484,0.129648,0.00804019998759031,-1.76884452998638,
1485,0.129904,0.0241205999627709,-1.72864351794124,
1486,0.13016,0.0402009999379516,-1.72864351794124,
1487,0.130416,0.0482411999255419,-1.68844250589609,
1488,0.130672,0.0562813999131322,-1.64824149385095,
1489,0.130928,0.0723617998883128,-1.6080404818058,
1490,0.131184,0.0804019998759031,-1.6080404818058,
1491,0.13144,0.0884421998634934,-1.56783946976066,
1492,0.131696,0.104522599838674,-1.56783946976066,
1493,0.131952,0.120602999813855,-1.52763845771551,
1494,0.132208,0.136683399789035,-1.48743744567037,
1495,0.132464,0.144723599776626,-1.44723643362522,
1496,0.13272,0.152763799764216,-1.44723643362522,
1497,0.132976,0.160803999751806,-1.40703542158008,
1498,0.133232,0.176884399726987,-1.36683440953493,
1499,0.133488,0.184924599714577,-1.32663339748979,
1500,0.133744,0.192964799702168,-1.28643238544464,
1501,0.134,0.209045199677348,-1.28643238544464,
1502,0.134256,0.217085399664938,-1.2462313733995,
1503,0.134512,0.225125599652529,-1.20603036135435,
1504,0.134768,0.241205999627709,-1.16582934930921,
1505,0.135024,0.241205999627709,-1.12562833726406,
1506,0.13528,0.26532659959048,-1.08542732521892,
1507,0.135536,0.273366799578071,-1.04522631317377,
1508,0.135792,0.289447199553251,-1.00502530112863,
1509,0.136048,0.289447199553251,-1.00502530112863,
1510,0.136304,0.305527599528432,-0.964824289083481,
1511,0.13656,0.313567799516022,-0.884422264993191,
1512,0.136816,0.329648199491203,-0.884422264993191,
1513,0.137072,0.337688399478793,-0.804020240902901,
1514,0.137328,0.337688399478793,-0.763819228857756,
1515,0.137584,0.345728599466383,-0.723618216812611,
1516,0.13784,0.353768799453974,-0.683417204767466,
1517,0.138096,0.369849199429154,-0.643216192722321,
1518,0.138352,0.377889399416745,-0.603015180677176,
1519,0.138608,0.385929599404335,-0.56281416863203,
1520,0.138864,0.385929599404335,-0.48241214454174,
1521,0.13912,0.385929599404335,-0.48241214454174,
1522,0.139376,0.410050199367106,-0.442211132496595,
1523,0.139632,0.402009999379516,-0.40201012045145,
1524,0.139888,0.410050199367106,-0.32160809636116,
1525,0.140144,0.418090399354696,-0.281407084316015,
1526,0.1404,0.426130599342287,-0.201005060225725,
1527,0.140656,0.426130599342287,-0.201005060225725,
1528,0.140912,0.434170799329877,-0.16080404818058,
1529,0.141168,0.450251199305058,-0.120603036135435,
1530,0.141424,0.442210999317467,-0.0804020240902901,
1531,0.14168,0.458291399292648,-0.040201012045145,
1532,0.141936,0.466331599280238,0.040201012045145,
1533,0.142192,0.450251199305058,0.0804020240902901,
1534,0.142448,0.466331599280238,0.120603036135435,
1535,0.142704,0.474371799267828,0.16080404818058,
1536,0.14296,0.474371799267828,0.201005060225725,
1537,0.143216,0.482411999255419,0.281407084316015,
1538,0.143472,0.474371799267828,0.281407084316015,
1539,0.143728,0.482411999255419,0.361809108406305,
1540,0.143984,0.498492399230599,0.40201012045145,
1541,0.14424,0.482411999255419,0.442211132496595,
1542,0.144496,0.490452199243009,0.48241214454174,
1543,0.144752,0.490452199243009,0.522613156586885,
1544,0.145008,0.490452199243009,0.56281416863203,
1545,0.145264,0.490452199243009,0.603015180677176,
1546,0.14552,0.498492399230599,0.643216192722321,
1547,0.145776,0.490452199243009,0.683417204767466,
1548,0.146032,0.498492399230599,0.723618216812611,
1549,0.146288,0.490452199243009,0.804020240902901,
1550,0.146544,0.490452199243009,0.804020240902901,
1551,0.1468,0.498492399230599,0.844221252948046,
1552,0.147056,0.490452199243009,0.884422264993191,
1553,0.147312,0.498492399230599,0.964824289083481,
1554,0.147568,0.490452199243009,0.964824289083481,
1555,0.147824,0.482411999255419,1.00502530112863,
1556,0.14808,0.482411999255419,1.00502530112863,
1557,0.148336,0.482411999255419,1.08542732521892,
1558,0.148592,0.474371799267828,1.16582934930921,
1559,0.148848,0.482411999255419,1.16582934930921,
1560,0.149104,0.466331599280238,1.20603036135435,
1561,0.14936,0.466331599280238,1.2462313733995,
1562,0.149616,0.458291399292648,1.28643238544464,
1563,0.149872,0.466331599280238,1.2462313733995,
1564,0.150128,0.450251199305058,1.32663339748979,
1565,0.150384,0.458291399292648,1.36683440953493,
1566,0.15064,0.442210999317467,1.40703542158008,
1567,0.150896,0.442210999317467,1.40703542158008,
1568,0.151152,0.434170799329877,1.48743744567037,
1569,0.151408,0.434170799329877,1.48743744567037,
1570,0.151664,0.434170799329877,1.52763845771551,
1571,0.15192,0.410050199367106,1.52763845771551,
1572,0.152176,0.418090399354696,1.6080404818058,
1573,0.152432,0.410050199367106,1.6080404818058,
1574,0.152688,0.393969799391925,1.6080404818058,
1575,0.152944,0.385929599404335,1.64824149385095,
1576,0.1532,0.377889399416745,1.64824149385095,
1577,0.153456,0.369849199429154,1.64824149385095,
1578,0.153712,0.369849199429154,1.68844250589609,
1579,0.153968,0.353768799453974,1.72864351794124,
1580,0.154224,0.353768799453974,1.72864351794124,
1581,0.15448,0.337688399478793,1.72864351794124,
1582,0.154736,0.329648199491203,1.76884452998638,
1583,0.154992,0.321607999503613,1.76884452998638,
1584,0.155248,0.313567799516022,1.80904554203153,
1585,0.155504,0.297487399540842,1.80904554203153,
1586,0.15576,0.281406999565661,1.80904554203153,
1587,0.156016,0.281406999565661,1.80904554203153,
1588,0.156272,0.281406999565661,1.84924655407667,
1589,0.156528,0.26532659959048,1.84924655407667,
1590,0.156784,0.25728639960289,1.84924655407667,
1591,0.15704,0.241205999627709,1.88944756612182,
1592,0.157296,0.233165799640119,1.84924655407667,
1593,0.157552,0.233165799640119,1.88944756612182,
1594,0.157808,0.209045199677348,1.88944756612182,
1595,0.158064,0.201004999689758,1.88944756612182,
1596,0.15832,0.184924599714577,1.88944756612182,
1597,0.158576,0.184924599714577,1.84924655407667,
1598,0.158832,0.168844199739397,1.84924655407667,
1599,0.159088,0.152763799764216,1.84924655407667,
1600,0.159344,0.144723599776626,1.88944756612182,
1601,0.1596,0.136683399789035,1.84924655407667,
1602,0.159856,0.128643199801445,1.88944756612182,
1603,0.160112,0.104522599838674,1.84924655407667,
1604,0.160368,0.104522599838674,1.80904554203153,
1605,0.160624,0.0884421998634934,1.80904554203153,
1606,0.16088,0.0723617998883128,1.80904554203153,
1607,0.161136,0.0643215999007225,1.76884452998638,
1608,0.161392,0.0402009999379516,1.80904554203153,
1609,0.161648,0.0402009999379516,1.76884452998638,
1610,0.161904,0.0241205999627709,1.76884452998638,
1611,0.16216,0.00804019998759031,1.76884452998638,
1612,0.162416,0.00804019998759031,1.72864351794124,
1613,0.162672,-0.00804019998759031,1.68844250589609,
1614,0.162928,-0.0241205999627709,1.68844250589609,
1615,0.163184,-0.0402009999379516,1.64824149385095,
1616,0.16344,-0.0402009999379516,1.68844250589609,
1617,0.163696,-0.0562813999131322,1.6080404818058,
1618,0.163952,-0.0643215999007225,1.6080404818058,
1619,0.164208,-0.0723617998883128,1.6080404818058,
1620,0.164464,-0.0884421998634934,1.56783946976066,
1621,0.16472,-0.104522599838674,1.48743744567037,
1622,0.164976,-0.128643199801445,1.52763845771551,
1623,0.165232,-0.128643199801445,1.48743744567037,
1624,0.165488,-0.136683399789035,1.40703542158008,
1625,0.165744,-0.152763799764216,1.44723643362522,
1626,0.166,-0.160803999751806,1.36683440953493,
1627,0.166256,-0.176884399726987,1.36683440953493,
1628,0.166512,-0.176884399726987,1.32663339748979,
1629,0.166768,-0.201004999689758,1.28643238544464,
1630,0.167024,-0.209045199677348,1.2462313733995,
1631,0.16728,-0.217085399664938,1.2462313733995,
1632,0.167536,-0.225125599652529,1.20603036135435,
1633,0.167792,-0.241205999627709,1.16582934930921,
1634,0.168048,-0.2492461996153,1.12562833726406,
1635,0.168304,-0.25728639960289,1.08542732521892,
1636,0.16856,-0.273366799578071,1.04522631317377,
1637,0.168816,-0.281406999565661,1.00502530112863,
1638,0.169072,-0.297487399540842,0.964824289083481,
1639,0.169328,-0.297487399540842,0.924623277038336,
1640,0.169584,-0.305527599528432,0.884422264993191,
1641,0.16984,-0.321607999503613,0.844221252948046,
1642,0.170096,-0.329648199491203,0.804020240902901,
1643,0.170352,-0.337688399478793,0.804020240902901,
1644,0.170608,-0.353768799453974,0.763819228857756,
1645,0.170864,-0.361808999441564,0.683417204767466,
1646,0.17112,-0.361808999441564,0.643216192722321,
1647,0.171376,-0.369849199429154,0.56281416863203,
1648,0.171632,-0.385929599404335,0.522613156586885,
1649,0.171888,-0.385929599404335,0.522613156586885,
1650,0.172144,-0.402009999379516,0.48241214454174,
1651,0.1724,-0.402009999379516,0.40201012045145,
1652,0.172656,-0.410050199367106,0.40201012045145,
1653,0.172912,-0.418090399354696,0.32160809636116,
1654,0.173168,-0.426130599342287,0.281407084316015,
1655,0.173424,-0.434170799329877,0.24120607227087,
1656,0.17368,-0.434170799329877,0.201005060225725,
1657,0.173936,-0.442210999317467,0.16080404818058,
1658,0.174192,-0.450251199305058,0.0804020240902901,
1659,0.174448,-0.458291399292648,0.0804020240902901,
1660,0.174704,-0.458291399292648,0,
1661,0.17496,-0.458291399292648,-0.040201012045145,
1662,0.175216,-0.458291399292648,-0.120603036135435,
1663,0.175472,-0.474371799267828,-0.120603036135435,
1664,0.175728,-0.482411999255419,-0.201005060225725,
1665,0.175984,-0.482411999255419,-0.201005060225725,
1666,0.17624,-0.482411999255419,-0.24120607227087,
1667,0.176496,-0.482411999255419,-0.281407084316015,
1668,0.176752,-0.490452199243009,-0.361809108406305,
1669,0.177008,-0.490452199243009,-0.361809108406305,
1670,0.177264,-0.498492399230599,-0.442211132496595,
1671,0.17752,-0.498492399230599,-0.48241214454174,
1672,0.177776,-0.498492399230599,-0.522613156586885,
1673,0.178032,-0.498492399230599,-0.56281416863203,
1674,0.178288,-0.498492399230599,-0.643216192722321,
1675,0.178544,-0.50653259921819,-0.643216192722321,
1676,0.1788,-0.50653259921819,-0.683417204767466,
1677,0.179056,-0.51457279920578,-0.723618216812611,
1678,0.179312,-0.498492399230599,-0.804020240902901,
1679,0.179568,-0.50653259921819,-0.804020240902901,
1680,0.179824,-0.50653259921819,-0.844221252948046,
1681,0.18008,-0.51457279920578,-0.924623277038336,
1682,0.180336,-0.50653259921819,-0.964824289083481,
1683,0.180592,-0.498492399230599,-1.00502530112863,
1684,0.180848,-0.498492399230599,-1.04522631317377,
1685,0.181104,-0.498492399230599,-1.08542732521892,
1686,0.18136,-0.498492399230599,-1.12562833726406,
1687,0.181616,-0.490452199243009,-1.16582934930921,
1688,0.181872,-0.490452199243009,-1.16582934930921,
1689,0.182128,-0.490452199243009,-1.2462313733995,
1690,0.182384,-0.482411999255419,-1.2462313733995,
1691,0.18264,-0.482411999255419,-1.28643238544464,
1692,0.182896,-0.474371799267828,-1.28643238544464,
1693,0.183152,-0.474371799267828,-1.36683440953493,
1694,0.183408,-0.458291399292648,-1.36683440953493,
1695,0.183664,-0.466331599280238,-1.40703542158008,
1696,0.18392,-0.458291399292648,-1.44723643362522,
1697,0.184176,-0.458291399292648,-1.48743744567037,
1698,0.184432,-0.442210999317467,-1.52763845771551,
1699,0.184688,-0.434170799329877,-1.52763845771551,
1700,0.184944,-0.434170799329877,-1.56783946976066,
1701,0.1852,-0.426130599342287,-1.56783946976066,
1702,0.185456,-0.426130599342287,-1.6080404818058,
1703,0.185712,-0.418090399354696,-1.6080404818058,
1704,0.185968,-0.410050199367106,-1.64824149385095,
1705,0.186224,-0.393969799391925,-1.72864351794124,
1706,0.18648,-0.393969799391925,-1.68844250589609,
1707,0.186736,-0.393969799391925,-1.72864351794124,
1708,0.186992,-0.377889399416745,-1.76884452998638,
1709,0.187248,-0.369849199429154,-1.80904554203153,
1710,0.187504,-0.361808999441564,-1.80904554203153,
1711,0.18776,-0.353768799453974,-1.76884452998638,
1712,0.188016,-0.345728599466383,-1.80904554203153,
1713,0.188272,-0.337688399478793,-1.80904554203153,
1714,0.188528,-0.329648199491203,-1.84924655407667,
1715,0.188784,-0.321607999503613,-1.84924655407667,
1716,0.18904,-0.313567799516022,-1.80904554203153,
1717,0.189296,-0.289447199553251,-1.88944756612182,
1718,0.189552,-0.289447199553251,-1.84924655407667,
1719,0.189808,-0.289447199553251,-1.92964857816696,
1720,0.190064,-0.273366799578071,-1.88944756612182,
1721,0.19032,-0.25728639960289,-1.88944756612182,
1722,0.190576,-0.241205999627709,-1.88944756612182,
1723,0.190832,-0.233165799640119,-1.92964857816696,
1724,0.191088,-0.233165799640119,-1.92964857816696,
1725,0.191344,-0.209045199677348,-1.92964857816696,
1726,0.1916,-0.201004999689758,-1.92964857816696,
1727,0.191856,-0.201004999689758,-1.88944756612182,
1728,0.192112,-0.184924599714577,-1.88944756612182,
1729,0.192368,-0.160803999751806,-1.92964857816696,
1730,0.192624,-0.160803999751806,-1.92964857816696,
1731,0.19288,-0.144723599776626,-1.88944756612182,
1732,0.193136,-0.136683399789035,-1.92964857816696,
1733,0.193392,-0.120602999813855,-1.92964857816696,
1734,0.193648,-0.112562799826264,-1.92964857816696,
1735,0.193904,-0.0964823998510838,-1.84924655407667,
1736,0.19416,-0.0964823998510838,-1.88944756612182,
1737,0.194416,-0.0804019998759031,-1.84924655407667,
1738,0.194672,-0.0562813999131322,-1.84924655407667,
1739,0.194928,-0.0562813999131322,-1.84924655407667,
1740,0.195184,-0.0482411999255419,-1.84924655407667,
1741,0.19544,-0.0321607999503613,-1.84924655407667,
1742,0.195696,-0.0241205999627709,-1.80904554203153,
1743,0.195952,-0.00804019998759031,-1.80904554203153,
1744,0.196208,0,-1.76884452998638,
1745,0.196464,0.0160803999751806,-1.72864351794124,
1746,0.19672,0.0241205999627709,-1.72864351794124,
1747,0.196976,0.0482411999255419,-1.68844250589609,
1748,0.197232,0.0482411999255419,-1.68844250589609,
1749,0.197488,0.0643215999007225,-1.64824149385095,
1750,0.197744,0.0804019998759031,-1.6080404818058,
1751,0.198,0.0884421998634934,-1.6080404818058,
1752,0.198256,0.104522599838674,-1.56783946976066,
1753,0.198512,0.112562799826264,-1.52763845771551,
1754,0.198768,0.128643199801445,-1.52763845771551,
1755,0.199024,0.128643199801445,-1.48743744567037,
1756,0.19928,0.152763799764216,-1.48743744567037,
1757,0.199536,0.152763799764216,-1.44723643362522,
1758,0.199792,0.168844199739397,-1.40703542158008,
1759,0.200048,0.184924599714577,-1.36683440953493,
1760,0.200304,0.192964799702168,-1.32663339748979,
1761,0.20056,0.209045199677348,-1.32663339748979,
1762,0.200816,0.225125599652529,-1.28643238544464,
1763,0.201072,0.225125599652529,-1.20603036135435,
1764,0.201328,0.241205999627709,-1.20603036135435,
1765,0.201584,0.241205999627709,-1.16582934930921,
1766,0.20184,0.25728639960289,-1.16582934930921,
1767,0.202096,0.273366799578071,-1.08542732521892,
1768,0.202352,0.273366799578071,-1.04522631317377,
1769,0.202608,0.289447199553251,-1.00502530112863,
1770,0.202864,0.297487399540842,-0.964824289083481,
1771,0.20312,0.305527599528432,-0.924623277038336,
1772,0.203376,0.321607999503613,-0.844221252948046,
1773,0.203632,0.321607999503613,-0.884422264993191,
1774,0.203888,0.337688399478793,-0.844221252948046,
1775,0.204144,0.337688399478793,-0.763819228857756,
1776,0.2044,0.353768799453974,-0.683417204767466,
1777,0.204656,0.353768799453974,-0.683417204767466,
1778,0.204912,0.369849199429154,-0.603015180677176,
1779,0.205168,0.369849199429154,-0.603015180677176,
1780,0.205424,0.377889399416745,-0.522613156586885,
1781,0.20568,0.385929599404335,-0.48241214454174,
1782,0.205936,0.402009999379516,-0.48241214454174,
1783,0.206192,0.410050199367106,-0.40201012045145,
1784,0.206448,0.418090399354696,-0.361809108406305,
1785,0.206704,0.418090399354696,-0.281407084316015,
1786,0.20696,0.426130599342287,-0.281407084316015,
1787,0.207216,0.434170799329877,-0.24120607227087,
1788,0.207472,0.434170799329877,-0.16080404818058,
1789,0.207728,0.442210999317467,-0.16080404818058,
1790,0.207984,0.450251199305058,-0.0804020240902901,
1791,0.20824,0.450251199305058,-0.040201012045145,
1792,0.208496,0.458291399292648,0,
1793,0.208752,0.458291399292648,0.040201012045145,
1794,0.209008,0.458291399292648,0.0804020240902901,
1795,0.209264,0.458291399292648,0.120603036135435,
1796,0.20952,0.458291399292648,0.201005060225725,
1797,0.209776,0.474371799267828,0.281407084316015,
1798,0.210032,0.474371799267828,0.24120607227087,
1799,0.210288,0.474371799267828,0.32160809636116,
1800,0.210544,0.482411999255419,0.32160809636116,
1801,0.2108,0.482411999255419,0.442211132496595,
1802,0.211056,0.490452199243009,0.442211132496595,
1803,0.211312,0.490452199243009,0.48241214454174,
1804,0.211568,0.482411999255419,0.56281416863203,
1805,0.211824,0.498492399230599,0.603015180677176,
1806,0.21208,0.474371799267828,0.643216192722321,
1807,0.212336,0.498492399230599,0.683417204767466,
1808,0.212592,0.498492399230599,0.683417204767466,
1809,0.212848,0.490452199243009,0.763819228857756,
1810,0.213104,0.498492399230599,0.763819228857756,
1811,0.21336,0.490452199243009,0.884422264993191,
1812,0.213616,0.490452199243009,0.884422264993191,
1813,0.213872,0.490452199243009,0.964824289083481,
1814,0.214128,0.490452199243009,0.924623277038336,
1815,0.214384,0.490452199243009,0.964824289083481,
1816,0.21464,0.482411999255419,1.04522631317377,
1817,0.214896,0.474371799267828,1.04522631317377,
1818,0.215152,0.482411999255419,1.08542732521892,
1819,0.215408,0.482411999255419,1.16582934930921,
1820,0.215664,0.474371799267828,1.16582934930921,
1821,0.21592,0.474371799267828,1.20603036135435,
1822,0.216176,0.458291399292648,1.20603036135435,
1823,0.216432,0.466331599280238,1.28643238544464,
1824,0.216688,0.458291399292648,1.36683440953493,
1825,0.216944,0.450251199305058,1.36683440953493,
1826,0.2172,0.442210999317467,1.36683440953493,
1827,0.217456,0.442210999317467,1.40703542158008,
1828,0.217712,0.442210999317467,1.40703542158008,
1829,0.217968,0.434170799329877,1.44723643362522,
1830,0.218224,0.426130599342287,1.48743744567037,
1831,0.21848,0.426130599342287,1.48743744567037,
1832,0.218736,0.418090399354696,1.52763845771551,
1833,0.218992,0.402009999379516,1.56783946976066,
1834,0.219248,0.393969799391925,1.56783946976066,
1835,0.219504,0.393969799391925,1.64824149385095,
1836,0.21976,0.377889399416745,1.6080404818058,
1837,0.220016,0.377889399416745,1.64824149385095,
1838,0.220272,0.369849199429154,1.68844250589609,
1839,0.220528,0.361808999441564,1.68844250589609,
1840,0.220784,0.353768799453974,1.72864351794124,
1841,0.22104,0.345728599466383,1.72864351794124,
1842,0.221296,0.337688399478793,1.76884452998638,
1843,0.221552,0.329648199491203,1.76884452998638,
1844,0.221808,0.321607999503613,1.80904554203153,
1845,0.222064,0.305527599528432,1.80904554203153,
1846,0.22232,0.305527599528432,1.76884452998638,
1847,0.222576,0.289447199553251,1.84924655407667,
1848,0.222832,0.281406999565661,1.80904554203153,
1849,0.223088,0.26532659959048,1.84924655407667,
1850,0.223344,0.25728639960289,1.84924655407667,
1851,0.2236,0.25728639960289,1.84924655407667,
1852,0.223856,0.241205999627709,1.84924655407667,
1853,0.224112,0.225125599652529,1.88944756612182,
1854,0.224368,0.217085399664938,1.84924655407667,
1855,0.224624,0.209045199677348,1.88944756612182,
1856,0.22488,0.192964799702168,1.88944756612182,
1857,0.225136,0.192964799702168,1.84924655407667,
1858,0.225392,0.176884399726987,1.84924655407667,
1859,0.225648,0.168844199739397,1.88944756612182,
1860,0.225904,0.152763799764216,1.88944756612182,
1861,0.22616,0.128643199801445,1.84924655407667,
1862,0.226416,0.128643199801445,1.84924655407667,
1863,0.226672,0.112562799826264,1.84924655407667,
1864,0.226928,0.104522599838674,1.88944756612182,
1865,0.227184,0.0884421998634934,1.80904554203153,
1866,0.22744,0.0804019998759031,1.84924655407667,
1867,0.227696,0.0643215999007225,1.80904554203153,
1868,0.227952,0.0562813999131322,1.80904554203153,
1869,0.228208,0.0402009999379516,1.80904554203153,
1870,0.228464,0.0402009999379516,1.76884452998638,
1871,0.22872,0.0241205999627709,1.72864351794124,
1872,0.228976,0.0160803999751806,1.72864351794124,
1873,0.229232,0,1.72864351794124,
1874,0.229488,-0.0241205999627709,1.68844250589609,
1875,0.229744,-0.0241205999627709,1.68844250589609,
1876,0.23,-0.0402009999379516,1.68844250589609,
1877,0.230256,-0.0482411999255419,1.64824149385095,
1878,0.230512,-0.0562813999131322,1.6080404818058,
1879,0.230768,-0.0723617998883128,1.6080404818058,
1880,0.231024,-0.0804019998759031,1.56783946976066,
1881,0.23128,-0.0964823998510838,1.52763845771551,
1882,0.231536,-0.112562799826264,1.52763845771551,
1883,0.231792,-0.128643199801445,1.52763845771551,
1884,0.232048,-0.128643199801445,1.44723643362522,
1885,0.232304,-0.144723599776626,1.44723643362522,
1886,0.23256,-0.160803999751806,1.40703542158008,
1887,0.232816,-0.168844199739397,1.40703542158008,
1888,0.233072,-0.184924599714577,1.36683440953493,
1889,0.233328,-0.192964799702168,1.32663339748979,
1890,0.233584,-0.209045199677348,1.28643238544464,
1891,0.23384,-0.217085399664938,1.20603036135435,
1892,0.234096,-0.225125599652529,1.20603036135435,
1893,0.234352,-0.241205999627709,1.16582934930921,
1894,0.234608,-0.25728639960289,1.12562833726406,
1895,0.234864,-0.2492461996153,1.08542732521892,
1896,0.23512,-0.26532659959048,1.08542732521892,
1897,0.235376,-0.273366799578071,1.04522631317377,
1898,0.235632,-0.289447199553251,0.964824289083481,
1899,0.235888,-0.289447199553251,0.924623277038336,
1900,0.236144,-0.305527599528432,0.884422264993191,
1901,0.2364,-0.313567799516022,0.884422264993191,
1902,0.236656,-0.321607999503613,0.844221252948046,
1903,0.236912,-0.345728599466383,0.763819228857756,
1904,0.237168,-0.345728599466383,0.763819228857756,
1905,0.237424,-0.353768799453974,0.683417204767466,
1906,0.23768,-0.353768799453974,0.683417204767466,
1907,0.237936,-0.377889399416745,0.603015180677176,
1908,0.238192,-0.377889399416745,0.56281416863203,
1909,0.238448,-0.385929599404335,0.522613156586885,
1910,0.238704,-0.385929599404335,0.48241214454174,
1911,0.23896,-0.410050199367106,0.442211132496595,
1912,0.239216,-0.410050199367106,0.40201012045145,
1913,0.239472,-0.410050199367106,0.361809108406305,
1914,0.239728,-0.418090399354696,0.281407084316015,
1915,0.239984,-0.426130599342287,0.281407084316015,
1916,0.24024,-0.442210999317467,0.201005060225725,
1917,0.240496,-0.442210999317467,0.16080404818058,
1918,0.240752,-0.450251199305058,0.16080404818058,
1919,0.241008,-0.458291399292648,0.040201012045145,
1920,0.241264,-0.458291399292648,0.040201012045145,
1921,0.24152,-0.458291399292648,-0.040201012045145,
1922,0.241776,-0.466331599280238,-0.0804020240902901,
1923,0.242032,-0.466331599280238,-0.120603036135435,
1924,0.242288,-0.474371799267828,-0.120603036135435,
1925,0.242544,-0.482411999255419,-0.201005060225725,
1926,0.2428,-0.482411999255419,-0.24120607227087,
1927,0.243056,-0.490452199243009,-0.281407084316015,
1928,0.243312,-0.490452199243009,-0.32160809636116,
1929,0.243568,-0.498492399230599,-0.361809108406305,
1930,0.243824,-0.498492399230599,-0.40201012045145,
1931,0.24408,-0.50653259921819,-0.442211132496595,
1932,0.244336,-0.50653259921819,-0.48241214454174,
1933,0.244592,-0.498492399230599,-0.56281416863203,
1934,0.244848,-0.50653259921819,-0.603015180677176,
1935,0.245104,-0.490452199243009,-0.643216192722321,
1936,0.24536,-0.498492399230599,-0.683417204767466,
1937,0.245616,-0.50653259921819,-0.723618216812611,
1938,0.245872,-0.498492399230599,-0.763819228857756,
1939,0.246128,-0.50653259921819,-0.844221252948046,
1940,0.246384,-0.50653259921819,-0.844221252948046,
1941,0.24664,-0.498492399230599,-0.884422264993191,
1942,0.246896,-0.498492399230599,-0.924623277038336,
1943,0.247152,-0.490452199243009,-0.964824289083481,
1944,0.247408,-0.490452199243009,-1.00502530112863,
1945,0.247664,-0.50653259921819,-1.04522631317377,
1946,0.24792,-0.498492399230599,-1.08542732521892,
1947,0.248176,-0.498492399230599,-1.12562833726406,
1948,0.248432,-0.498492399230599,-1.16582934930921,
1949,0.248688,-0.490452199243009,-1.2462313733995,
1950,0.248944,-0.474371799267828,-1.2462313733995,
1951,0.2492,-0.482411999255419,-1.28643238544464,
1952,0.249456,-0.474371799267828,-1.28643238544464,
1953,0.249712,-0.474371799267828,-1.36683440953493,
