Model: ,Oscilloscope DSO-X 1102G
Serial Number:,CN57246464
Address: ,USBInstrument3
Date: ,2026-09-28 16:19:33

Sample Number,Time (s),1 (VOLT),2 (VOLT),
1,-1,0.160803999751806,0,
2,-0.998976,0.184924599714577,0,
3,-0.997952,0.201004999689758,0,
4,-0.996928,0.225125599652529,0.040201012045145,
5,-0.995904,0.217085399664938,0.040201012045145,
6,-0.99488,0.241205999627709,0.0804020240902901,
7,-0.993856,0.25728639960289,0.0804020240902901,
8,-0.992832,0.26532659959048,0.120603036135435,
9,-0.991808,0.281406999565661,0.120603036135435,
10,-0.990784,0.305527599528432,0.120603036135435,
11,-0.98976,0.305527599528432,0.16080404818058,
12,-0.988736,0.313567799516022,0.201005060225725,
13,-0.987712,0.337688399478793,0.16080404818058,
14,-0.986688,0.353768799453974,0.16080404818058,
15,-0.985664,0.361808999441564,0.201005060225725,
16,-0.98464,0.369849199429154,0.24120607227087,
17,-0.983616,0.377889399416745,0.24120607227087,
18,-0.982592,0.393969799391925,0.201005060225725,
19,-0.981568,0.402009999379516,0.201005060225725,
20,-0.980544,0.402009999379516,0.281407084316015,
21,-0.97952,0.418090399354696,0.281407084316015,
22,-0.978496,0.418090399354696,0.281407084316015,
23,-0.977472,0.434170799329877,0.281407084316015,
24,-0.976448,0.442210999317467,0.32160809636116,
25,-0.975424,0.458291399292648,0.281407084316015,
26,-0.9744,0.458291399292648,0.281407084316015,
27,-0.973376,0.466331599280238,0.32160809636116,
28,-0.972352,0.466331599280238,0.361809108406305,
29,-0.971328,0.466331599280238,0.361809108406305,
30,-0.970304,0.482411999255419,0.32160809636116,
31,-0.96928,0.482411999255419,0.361809108406305,
32,-0.968256,0.482411999255419,0.361809108406305,
33,-0.967232,0.482411999255419,0.361809108406305,
34,-0.966208,0.498492399230599,0.361809108406305,
35,-0.965184,0.498492399230599,0.40201012045145,
36,-0.96416,0.490452199243009,0.40201012045145,
37,-0.963136,0.490452199243009,0.40201012045145,
38,-0.962112,0.50653259921819,0.442211132496595,
39,-0.961088,0.498492399230599,0.40201012045145,
40,-0.960064,0.498492399230599,0.442211132496595,
41,-0.95904,0.498492399230599,0.40201012045145,
42,-0.958016,0.490452199243009,0.442211132496595,
43,-0.956992,0.498492399230599,0.442211132496595,
44,-0.955968,0.490452199243009,0.442211132496595,
45,-0.954944,0.482411999255419,0.442211132496595,
46,-0.95392,0.482411999255419,0.442211132496595,
47,-0.952896,0.482411999255419,0.442211132496595,
48,-0.951872,0.466331599280238,0.442211132496595,
49,-0.950848,0.466331599280238,0.40201012045145,
50,-0.949824,0.466331599280238,0.442211132496595,
51,-0.9488,0.458291399292648,0.40201012045145,
52,-0.947776,0.458291399292648,0.48241214454174,
53,-0.946752,0.442210999317467,0.442211132496595,
54,-0.945728,0.442210999317467,0.442211132496595,
55,-0.944704,0.426130599342287,0.40201012045145,
56,-0.94368,0.426130599342287,0.442211132496595,
57,-0.942656,0.410050199367106,0.40201012045145,
58,-0.941632,0.410050199367106,0.40201012045145,
59,-0.940608,0.393969799391925,0.40201012045145,
60,-0.939584,0.393969799391925,0.40201012045145,
61,-0.93856,0.377889399416745,0.442211132496595,
62,-0.937536,0.361808999441564,0.40201012045145,
63,-0.936512,0.353768799453974,0.361809108406305,
64,-0.935488,0.337688399478793,0.361809108406305,
65,-0.934464,0.321607999503613,0.40201012045145,
66,-0.93344,0.305527599528432,0.32160809636116,
67,-0.932416,0.297487399540842,0.361809108406305,
68,-0.931392,0.289447199553251,0.32160809636116,
69,-0.930368,0.281406999565661,0.32160809636116,
70,-0.929344,0.25728639960289,0.361809108406305,
71,-0.92832,0.2492461996153,0.281407084316015,
72,-0.927296,0.233165799640119,0.32160809636116,
73,-0.926272,0.217085399664938,0.281407084316015,
74,-0.925248,0.209045199677348,0.281407084316015,
75,-0.924224,0.192964799702168,0.24120607227087,
76,-0.9232,0.176884399726987,0.281407084316015,
77,-0.922176,0.168844199739397,0.24120607227087,
78,-0.921152,0.144723599776626,0.201005060225725,
79,-0.920128,0.120602999813855,0.24120607227087,
80,-0.919104,0.120602999813855,0.201005060225725,
81,-0.91808,0.104522599838674,0.16080404818058,
82,-0.917056,0.0804019998759031,0.201005060225725,
83,-0.916032,0.0643215999007225,0.201005060225725,
84,-0.915008,0.0562813999131322,0.16080404818058,
85,-0.913984,0.0321607999503613,0.120603036135435,
86,-0.91296,0.0160803999751806,0.120603036135435,
87,-0.911936,0,0.120603036135435,
88,-0.910912,-0.00804019998759031,0.120603036135435,
89,-0.909888,-0.0321607999503613,0.040201012045145,
90,-0.908864,-0.0482411999255419,0.0804020240902901,
91,-0.90784,-0.0643215999007225,0.0804020240902901,
92,-0.906816,-0.0723617998883128,0.0804020240902901,
93,-0.905792,-0.0964823998510838,0.040201012045145,
94,-0.904768,-0.112562799826264,0,
95,-0.903744,-0.120602999813855,0,
96,-0.90272,-0.144723599776626,-0.040201012045145,
97,-0.901696,-0.152763799764216,-0.040201012045145,
98,-0.900672,-0.168844199739397,-0.040201012045145,
99,-0.899648,-0.184924599714577,-0.0804020240902901,
100,-0.898624,-0.201004999689758,-0.040201012045145,
101,-0.8976,-0.225125599652529,-0.120603036135435,
102,-0.896576,-0.225125599652529,-0.0804020240902901,
103,-0.895552,-0.241205999627709,-0.120603036135435,
104,-0.894528,-0.2492461996153,-0.120603036135435,
105,-0.893504,-0.273366799578071,-0.16080404818058,
106,-0.89248,-0.297487399540842,-0.16080404818058,
107,-0.891456,-0.297487399540842,-0.16080404818058,
108,-0.890432,-0.313567799516022,-0.16080404818058,
109,-0.889408,-0.329648199491203,-0.24120607227087,
110,-0.888384,-0.337688399478793,-0.24120607227087,
111,-0.88736,-0.345728599466383,-0.24120607227087,
112,-0.886336,-0.361808999441564,-0.281407084316015,
113,-0.885312,-0.377889399416745,-0.281407084316015,
114,-0.884288,-0.377889399416745,-0.24120607227087,
115,-0.883264,-0.385929599404335,-0.32160809636116,
116,-0.88224,-0.402009999379516,-0.32160809636116,
117,-0.881216,-0.410050199367106,-0.32160809636116,
118,-0.880192,-0.418090399354696,-0.281407084316015,
119,-0.879168,-0.426130599342287,-0.361809108406305,
120,-0.878144,-0.434170799329877,-0.40201012045145,
121,-0.87712,-0.450251199305058,-0.32160809636116,
122,-0.876096,-0.450251199305058,-0.361809108406305,
123,-0.875072,-0.458291399292648,-0.361809108406305,
124,-0.874048,-0.466331599280238,-0.361809108406305,
125,-0.873024,-0.474371799267828,-0.40201012045145,
126,-0.872,-0.482411999255419,-0.40201012045145,
127,-0.870976,-0.490452199243009,-0.40201012045145,
128,-0.869952,-0.482411999255419,-0.40201012045145,
129,-0.868928,-0.498492399230599,-0.442211132496595,
130,-0.867904,-0.490452199243009,-0.442211132496595,
131,-0.86688,-0.490452199243009,-0.48241214454174,
132,-0.865856,-0.498492399230599,-0.48241214454174,
133,-0.864832,-0.50653259921819,-0.48241214454174,
134,-0.863808,-0.498492399230599,-0.48241214454174,
135,-0.862784,-0.50653259921819,-0.522613156586885,
136,-0.86176,-0.50653259921819,-0.48241214454174,
137,-0.860736,-0.50653259921819,-0.48241214454174,
138,-0.859712,-0.50653259921819,-0.48241214454174,
139,-0.858688,-0.498492399230599,-0.522613156586885,
140,-0.857664,-0.51457279920578,-0.48241214454174,
141,-0.85664,-0.50653259921819,-0.48241214454174,
142,-0.855616,-0.498492399230599,-0.48241214454174,
143,-0.854592,-0.490452199243009,-0.522613156586885,
144,-0.853568,-0.490452199243009,-0.48241214454174,
145,-0.852544,-0.482411999255419,-0.48241214454174,
146,-0.85152,-0.482411999255419,-0.48241214454174,
147,-0.850496,-0.466331599280238,-0.522613156586885,
148,-0.849472,-0.474371799267828,-0.56281416863203,
149,-0.848448,-0.466331599280238,-0.48241214454174,
150,-0.847424,-0.458291399292648,-0.522613156586885,
151,-0.8464,-0.450251199305058,-0.48241214454174,
152,-0.845376,-0.442210999317467,-0.48241214454174,
153,-0.844352,-0.426130599342287,-0.522613156586885,
154,-0.843328,-0.426130599342287,-0.48241214454174,
155,-0.842304,-0.418090399354696,-0.442211132496595,
156,-0.84128,-0.402009999379516,-0.442211132496595,
157,-0.840256,-0.402009999379516,-0.48241214454174,
158,-0.839232,-0.393969799391925,-0.48241214454174,
159,-0.838208,-0.377889399416745,-0.48241214454174,
160,-0.837184,-0.361808999441564,-0.442211132496595,
161,-0.83616,-0.353768799453974,-0.48241214454174,
162,-0.835136,-0.345728599466383,-0.48241214454174,
163,-0.834112,-0.329648199491203,-0.442211132496595,
164,-0.833088,-0.321607999503613,-0.40201012045145,
165,-0.832064,-0.305527599528432,-0.40201012045145,
166,-0.83104,-0.297487399540842,-0.40201012045145,
167,-0.830016,-0.281406999565661,-0.361809108406305,
168,-0.828992,-0.273366799578071,-0.40201012045145,
169,-0.827968,-0.2492461996153,-0.40201012045145,
170,-0.826944,-0.241205999627709,-0.361809108406305,
171,-0.82592,-0.217085399664938,-0.361809108406305,
172,-0.824896,-0.209045199677348,-0.361809108406305,
173,-0.823872,-0.201004999689758,-0.32160809636116,
174,-0.822848,-0.184924599714577,-0.32160809636116,
175,-0.821824,-0.168844199739397,-0.281407084316015,
176,-0.8208,-0.144723599776626,-0.281407084316015,
177,-0.819776,-0.136683399789035,-0.281407084316015,
178,-0.818752,-0.128643199801445,-0.281407084316015,
179,-0.817728,-0.104522599838674,-0.24120607227087,
180,-0.816704,-0.0884421998634934,-0.281407084316015,
181,-0.81568,-0.0723617998883128,-0.24120607227087,
182,-0.814656,-0.0562813999131322,-0.24120607227087,
183,-0.813632,-0.0482411999255419,-0.201005060225725,
184,-0.812608,-0.0241205999627709,-0.16080404818058,
185,-0.811584,-0.00804019998759031,-0.16080404818058,
186,-0.81056,0.00804019998759031,-0.16080404818058,
187,-0.809536,0.0241205999627709,-0.16080404818058,
188,-0.808512,0.0402009999379516,-0.120603036135435,
189,-0.807488,0.0482411999255419,-0.120603036135435,
190,-0.806464,0.0723617998883128,-0.0804020240902901,
191,-0.80544,0.0884421998634934,-0.0804020240902901,
192,-0.804416,0.112562799826264,-0.0804020240902901,
193,-0.803392,0.120602999813855,-0.040201012045145,
194,-0.802368,0.136683399789035,0,
195,-0.801344,0.144723599776626,0,
196,-0.80032,0.160803999751806,0,
197,-0.799296,0.184924599714577,0,
198,-0.798272,0.192964799702168,0,
199,-0.797248,0.209045199677348,0.0804020240902901,
200,-0.796224,0.225125599652529,0.040201012045145,
201,-0.7952,0.241205999627709,0.040201012045145,
202,-0.794176,0.241205999627709,0.040201012045145,
203,-0.793152,0.26532659959048,0.0804020240902901,
204,-0.792128,0.281406999565661,0.120603036135435,
205,-0.791104,0.297487399540842,0.120603036135435,
206,-0.79008,0.305527599528432,0.120603036135435,
207,-0.789056,0.321607999503613,0.120603036135435,
208,-0.788032,0.329648199491203,0.16080404818058,
209,-0.787008,0.337688399478793,0.201005060225725,
210,-0.785984,0.353768799453974,0.201005060225725,
211,-0.78496,0.361808999441564,0.201005060225725,
212,-0.783936,0.377889399416745,0.201005060225725,
213,-0.782912,0.385929599404335,0.201005060225725,
214,-0.781888,0.393969799391925,0.24120607227087,
215,-0.780864,0.402009999379516,0.281407084316015,
216,-0.77984,0.418090399354696,0.24120607227087,
217,-0.778816,0.418090399354696,0.281407084316015,
218,-0.777792,0.434170799329877,0.281407084316015,
219,-0.776768,0.442210999317467,0.32160809636116,
220,-0.775744,0.450251199305058,0.32160809636116,
221,-0.77472,0.450251199305058,0.32160809636116,
222,-0.773696,0.458291399292648,0.32160809636116,
223,-0.772672,0.466331599280238,0.32160809636116,
224,-0.771648,0.466331599280238,0.361809108406305,
225,-0.770624,0.474371799267828,0.361809108406305,
226,-0.7696,0.482411999255419,0.361809108406305,
227,-0.768576,0.482411999255419,0.361809108406305,
228,-0.767552,0.482411999255419,0.361809108406305,
229,-0.766528,0.490452199243009,0.361809108406305,
230,-0.765504,0.490452199243009,0.40201012045145,
231,-0.76448,0.498492399230599,0.361809108406305,
232,-0.763456,0.490452199243009,0.361809108406305,
233,-0.762432,0.498492399230599,0.40201012045145,
234,-0.761408,0.498492399230599,0.442211132496595,
235,-0.760384,0.498492399230599,0.442211132496595,
236,-0.75936,0.490452199243009,0.442211132496595,
237,-0.758336,0.498492399230599,0.40201012045145,
238,-0.757312,0.490452199243009,0.40201012045145,
239,-0.756288,0.490452199243009,0.442211132496595,
240,-0.755264,0.490452199243009,0.442211132496595,
241,-0.75424,0.474371799267828,0.442211132496595,
242,-0.753216,0.474371799267828,0.48241214454174,
243,-0.752192,0.474371799267828,0.442211132496595,
244,-0.751168,0.466331599280238,0.442211132496595,
245,-0.750144,0.466331599280238,0.40201012045145,
246,-0.74912,0.458291399292648,0.442211132496595,
247,-0.748096,0.458291399292648,0.40201012045145,
248,-0.747072,0.442210999317467,0.442211132496595,
249,-0.746048,0.442210999317467,0.442211132496595,
250,-0.745024,0.434170799329877,0.442211132496595,
251,-0.744,0.434170799329877,0.442211132496595,
252,-0.742976,0.418090399354696,0.40201012045145,
253,-0.741952,0.402009999379516,0.442211132496595,
254,-0.740928,0.393969799391925,0.40201012045145,
255,-0.739904,0.385929599404335,0.40201012045145,
256,-0.73888,0.377889399416745,0.40201012045145,
257,-0.737856,0.361808999441564,0.40201012045145,
258,-0.736832,0.361808999441564,0.40201012045145,
259,-0.735808,0.337688399478793,0.361809108406305,
260,-0.734784,0.329648199491203,0.40201012045145,
261,-0.73376,0.321607999503613,0.40201012045145,
262,-0.732736,0.305527599528432,0.361809108406305,
263,-0.731712,0.297487399540842,0.281407084316015,
264,-0.730688,0.281406999565661,0.32160809636116,
265,-0.729664,0.26532659959048,0.32160809636116,
266,-0.72864,0.25728639960289,0.32160809636116,
267,-0.727616,0.241205999627709,0.32160809636116,
268,-0.726592,0.225125599652529,0.281407084316015,
269,-0.725568,0.209045199677348,0.281407084316015,
270,-0.724544,0.192964799702168,0.281407084316015,
271,-0.72352,0.184924599714577,0.24120607227087,
272,-0.722496,0.168844199739397,0.24120607227087,
273,-0.721472,0.152763799764216,0.201005060225725,
274,-0.720448,0.136683399789035,0.201005060225725,
275,-0.719424,0.120602999813855,0.201005060225725,
276,-0.7184,0.104522599838674,0.24120607227087,
277,-0.717376,0.0964823998510838,0.16080404818058,
278,-0.716352,0.0723617998883128,0.16080404818058,
279,-0.715328,0.0482411999255419,0.16080404818058,
280,-0.714304,0.0402009999379516,0.120603036135435,
281,-0.71328,0.0241205999627709,0.16080404818058,
282,-0.712256,0.00804019998759031,0.0804020240902901,
283,-0.711232,-0.00804019998759031,0.0804020240902901,
284,-0.710208,-0.0241205999627709,0.120603036135435,
285,-0.709184,-0.0402009999379516,0.040201012045145,
286,-0.70816,-0.0562813999131322,0.040201012045145,
287,-0.707136,-0.0643215999007225,0,
288,-0.706112,-0.0884421998634934,0,
289,-0.705088,-0.0964823998510838,0,
290,-0.704064,-0.120602999813855,-0.040201012045145,
291,-0.70304,-0.128643199801445,-0.040201012045145,
292,-0.702016,-0.152763799764216,-0.040201012045145,
293,-0.700992,-0.176884399726987,-0.040201012045145,
294,-0.699968,-0.176884399726987,-0.040201012045145,
295,-0.698944,-0.192964799702168,-0.0804020240902901,
296,-0.69792,-0.209045199677348,-0.120603036135435,
297,-0.696896,-0.233165799640119,-0.0804020240902901,
298,-0.695872,-0.241205999627709,-0.120603036135435,
299,-0.694848,-0.25728639960289,-0.16080404818058,
300,-0.693824,-0.273366799578071,-0.16080404818058,
301,-0.6928,-0.281406999565661,-0.201005060225725,
302,-0.691776,-0.297487399540842,-0.201005060225725,
303,-0.690752,-0.305527599528432,-0.24120607227087,
304,-0.689728,-0.329648199491203,-0.24120607227087,
305,-0.688704,-0.337688399478793,-0.201005060225725,
306,-0.68768,-0.337688399478793,-0.201005060225725,
307,-0.686656,-0.361808999441564,-0.24120607227087,
308,-0.685632,-0.369849199429154,-0.281407084316015,
309,-0.684608,-0.377889399416745,-0.281407084316015,
310,-0.683584,-0.393969799391925,-0.281407084316015,
311,-0.68256,-0.402009999379516,-0.281407084316015,
312,-0.681536,-0.410050199367106,-0.32160809636116,
313,-0.680512,-0.418090399354696,-0.361809108406305,
314,-0.679488,-0.426130599342287,-0.32160809636116,
315,-0.678464,-0.434170799329877,-0.32160809636116,
316,-0.67744,-0.450251199305058,-0.361809108406305,
317,-0.676416,-0.458291399292648,-0.361809108406305,
318,-0.675392,-0.466331599280238,-0.361809108406305,
319,-0.674368,-0.466331599280238,-0.40201012045145,
320,-0.673344,-0.466331599280238,-0.442211132496595,
321,-0.67232,-0.482411999255419,-0.40201012045145,
322,-0.671296,-0.482411999255419,-0.40201012045145,
323,-0.670272,-0.482411999255419,-0.40201012045145,
324,-0.669248,-0.490452199243009,-0.442211132496595,
325,-0.668224,-0.490452199243009,-0.48241214454174,
326,-0.6672,-0.498492399230599,-0.442211132496595,
327,-0.666176,-0.498492399230599,-0.442211132496595,
328,-0.665152,-0.498492399230599,-0.48241214454174,
329,-0.664128,-0.50653259921819,-0.48241214454174,
330,-0.663104,-0.50653259921819,-0.48241214454174,
331,-0.66208,-0.498492399230599,-0.48241214454174,
332,-0.661056,-0.498492399230599,-0.48241214454174,
333,-0.660032,-0.50653259921819,-0.48241214454174,
334,-0.659008,-0.50653259921819,-0.442211132496595,
335,-0.657984,-0.498492399230599,-0.48241214454174,
336,-0.65696,-0.498492399230599,-0.48241214454174,
337,-0.655936,-0.50653259921819,-0.48241214454174,
338,-0.654912,-0.490452199243009,-0.522613156586885,
339,-0.653888,-0.490452199243009,-0.442211132496595,
340,-0.652864,-0.482411999255419,-0.522613156586885,
341,-0.65184,-0.474371799267828,-0.522613156586885,
342,-0.650816,-0.490452199243009,-0.48241214454174,
343,-0.649792,-0.474371799267828,-0.522613156586885,
344,-0.648768,-0.458291399292648,-0.522613156586885,
345,-0.647744,-0.458291399292648,-0.522613156586885,
346,-0.64672,-0.458291399292648,-0.522613156586885,
347,-0.645696,-0.442210999317467,-0.48241214454174,
348,-0.644672,-0.434170799329877,-0.48241214454174,
349,-0.643648,-0.434170799329877,-0.48241214454174,
350,-0.642624,-0.426130599342287,-0.522613156586885,
351,-0.6416,-0.410050199367106,-0.48241214454174,
352,-0.640576,-0.402009999379516,-0.48241214454174,
353,-0.639552,-0.385929599404335,-0.442211132496595,
354,-0.638528,-0.385929599404335,-0.442211132496595,
355,-0.637504,-0.369849199429154,-0.48241214454174,
356,-0.63648,-0.361808999441564,-0.442211132496595,
357,-0.635456,-0.345728599466383,-0.442211132496595,
358,-0.634432,-0.337688399478793,-0.40201012045145,
359,-0.633408,-0.321607999503613,-0.442211132496595,
360,-0.632384,-0.313567799516022,-0.40201012045145,
361,-0.63136,-0.297487399540842,-0.442211132496595,
362,-0.630336,-0.273366799578071,-0.442211132496595,
363,-0.629312,-0.273366799578071,-0.361809108406305,
364,-0.628288,-0.26532659959048,-0.40201012045145,
365,-0.627264,-0.241205999627709,-0.361809108406305,
366,-0.62624,-0.233165799640119,-0.361809108406305,
367,-0.625216,-0.217085399664938,-0.361809108406305,
368,-0.624192,-0.201004999689758,-0.361809108406305,
369,-0.623168,-0.184924599714577,-0.32160809636116,
370,-0.622144,-0.168844199739397,-0.281407084316015,
371,-0.62112,-0.152763799764216,-0.281407084316015,
372,-0.620096,-0.136683399789035,-0.32160809636116,
373,-0.619072,-0.128643199801445,-0.281407084316015,
374,-0.618048,-0.104522599838674,-0.24120607227087,
375,-0.617024,-0.0884421998634934,-0.24120607227087,
376,-0.616,-0.0804019998759031,-0.24120607227087,
377,-0.614976,-0.0562813999131322,-0.201005060225725,
378,-0.613952,-0.0402009999379516,-0.24120607227087,
379,-0.612928,-0.0321607999503613,-0.201005060225725,
380,-0.611904,-0.00804019998759031,-0.16080404818058,
381,-0.61088,0,-0.16080404818058,
382,-0.609856,0.0160803999751806,-0.16080404818058,
383,-0.608832,0.0321607999503613,-0.16080404818058,
384,-0.607808,0.0482411999255419,-0.120603036135435,
385,-0.606784,0.0723617998883128,-0.120603036135435,
386,-0.60576,0.0884421998634934,-0.0804020240902901,
387,-0.604736,0.0964823998510838,-0.0804020240902901,
388,-0.603712,0.112562799826264,-0.040201012045145,
389,-0.602688,0.128643199801445,-0.040201012045145,
390,-0.601664,0.144723599776626,0,
391,-0.60064,0.160803999751806,0,
392,-0.599616,0.176884399726987,0,
393,-0.598592,0.184924599714577,0,
394,-0.597568,0.201004999689758,0,
395,-0.596544,0.217085399664938,0.040201012045145,
396,-0.59552,0.233165799640119,0.0804020240902901,
397,-0.594496,0.2492461996153,0.0804020240902901,
398,-0.593472,0.26532659959048,0.0804020240902901,
399,-0.592448,0.273366799578071,0.120603036135435,
400,-0.591424,0.289447199553251,0.120603036135435,
401,-0.5904,0.297487399540842,0.120603036135435,
402,-0.589376,0.313567799516022,0.120603036135435,
403,-0.588352,0.329648199491203,0.120603036135435,
404,-0.587328,0.329648199491203,0.16080404818058,
405,-0.586304,0.353768799453974,0.201005060225725,
406,-0.58528,0.353768799453974,0.201005060225725,
407,-0.584256,0.377889399416745,0.201005060225725,
408,-0.583232,0.385929599404335,0.201005060225725,
409,-0.582208,0.393969799391925,0.24120607227087,
410,-0.581184,0.393969799391925,0.24120607227087,
411,-0.58016,0.410050199367106,0.281407084316015,
412,-0.579136,0.426130599342287,0.24120607227087,
413,-0.578112,0.434170799329877,0.281407084316015,
414,-0.577088,0.442210999317467,0.281407084316015,
415,-0.576064,0.442210999317467,0.32160809636116,
416,-0.57504,0.450251199305058,0.281407084316015,
417,-0.574016,0.450251199305058,0.32160809636116,
418,-0.572992,0.458291399292648,0.32160809636116,
419,-0.571968,0.466331599280238,0.361809108406305,
420,-0.570944,0.474371799267828,0.361809108406305,
421,-0.56992,0.482411999255419,0.361809108406305,
422,-0.568896,0.482411999255419,0.361809108406305,
423,-0.567872,0.482411999255419,0.361809108406305,
424,-0.566848,0.482411999255419,0.40201012045145,
425,-0.565824,0.498492399230599,0.40201012045145,
426,-0.5648,0.490452199243009,0.40201012045145,
427,-0.563776,0.498492399230599,0.442211132496595,
428,-0.562752,0.490452199243009,0.442211132496595,
429,-0.561728,0.498492399230599,0.40201012045145,
430,-0.560704,0.490452199243009,0.361809108406305,
431,-0.55968,0.498492399230599,0.40201012045145,
432,-0.558656,0.498492399230599,0.442211132496595,
433,-0.557632,0.482411999255419,0.442211132496595,
434,-0.556608,0.498492399230599,0.48241214454174,
435,-0.555584,0.490452199243009,0.442211132496595,
436,-0.55456,0.482411999255419,0.40201012045145,
437,-0.553536,0.482411999255419,0.442211132496595,
438,-0.552512,0.466331599280238,0.48241214454174,
439,-0.551488,0.474371799267828,0.40201012045145,
440,-0.550464,0.466331599280238,0.442211132496595,
441,-0.54944,0.458291399292648,0.442211132496595,
442,-0.548416,0.458291399292648,0.442211132496595,
443,-0.547392,0.442210999317467,0.48241214454174,
444,-0.546368,0.442210999317467,0.442211132496595,
445,-0.545344,0.434170799329877,0.442211132496595,
446,-0.54432,0.426130599342287,0.40201012045145,
447,-0.543296,0.410050199367106,0.40201012045145,
448,-0.542272,0.418090399354696,0.40201012045145,
449,-0.541248,0.402009999379516,0.40201012045145,
450,-0.540224,0.385929599404335,0.40201012045145,
451,-0.5392,0.377889399416745,0.361809108406305,
452,-0.538176,0.369849199429154,0.40201012045145,
453,-0.537152,0.353768799453974,0.40201012045145,
454,-0.536128,0.345728599466383,0.361809108406305,
455,-0.535104,0.337688399478793,0.361809108406305,
456,-0.53408,0.321607999503613,0.361809108406305,
457,-0.533056,0.305527599528432,0.361809108406305,
458,-0.532032,0.297487399540842,0.361809108406305,
459,-0.531008,0.281406999565661,0.361809108406305,
460,-0.529984,0.26532659959048,0.32160809636116,
461,-0.52896,0.25728639960289,0.32160809636116,
462,-0.527936,0.241205999627709,0.32160809636116,
463,-0.526912,0.225125599652529,0.281407084316015,
464,-0.525888,0.217085399664938,0.24120607227087,
465,-0.524864,0.201004999689758,0.281407084316015,
466,-0.52384,0.184924599714577,0.24120607227087,
467,-0.522816,0.168844199739397,0.24120607227087,
468,-0.521792,0.152763799764216,0.24120607227087,
469,-0.520768,0.136683399789035,0.201005060225725,
470,-0.519744,0.120602999813855,0.24120607227087,
471,-0.51872,0.104522599838674,0.201005060225725,
472,-0.517696,0.0804019998759031,0.201005060225725,
473,-0.516672,0.0723617998883128,0.201005060225725,
474,-0.515648,0.0562813999131322,0.16080404818058,
475,-0.514624,0.0482411999255419,0.120603036135435,
476,-0.5136,0.0241205999627709,0.120603036135435,
477,-0.512576,0.0160803999751806,0.16080404818058,
478,-0.511552,0,0.0804020240902901,
479,-0.510528,-0.0241205999627709,0.0804020240902901,
480,-0.509504,-0.0402009999379516,0.040201012045145,
481,-0.50848,-0.0562813999131322,0.0804020240902901,
482,-0.507456,-0.0723617998883128,0,
483,-0.506432,-0.0884421998634934,0,
484,-0.505408,-0.0964823998510838,0,
485,-0.504384,-0.112562799826264,0,
486,-0.50336,-0.128643199801445,0,
487,-0.502336,-0.152763799764216,0,
488,-0.501312,-0.160803999751806,-0.040201012045145,
489,-0.500288,-0.176884399726987,-0.0804020240902901,
490,-0.499264,-0.192964799702168,-0.0804020240902901,
491,-0.49824,-0.209045199677348,-0.040201012045145,
492,-0.497216,-0.225125599652529,-0.120603036135435,
493,-0.496192,-0.233165799640119,-0.120603036135435,
494,-0.495168,-0.2492461996153,-0.16080404818058,
495,-0.494144,-0.26532659959048,-0.16080404818058,
496,-0.49312,-0.281406999565661,-0.16080404818058,
497,-0.492096,-0.297487399540842,-0.201005060225725,
498,-0.491072,-0.305527599528432,-0.16080404818058,
499,-0.490048,-0.313567799516022,-0.201005060225725,
500,-0.489024,-0.329648199491203,-0.201005060225725,
501,-0.488,-0.345728599466383,-0.201005060225725,
502,-0.486976,-0.345728599466383,-0.24120607227087,
503,-0.485952,-0.361808999441564,-0.24120607227087,
504,-0.484928,-0.369849199429154,-0.24120607227087,
505,-0.483904,-0.385929599404335,-0.281407084316015,
506,-0.48288,-0.393969799391925,-0.32160809636116,
507,-0.481856,-0.402009999379516,-0.32160809636116,
508,-0.480832,-0.410050199367106,-0.32160809636116,
509,-0.479808,-0.426130599342287,-0.32160809636116,
510,-0.478784,-0.442210999317467,-0.32160809636116,
511,-0.47776,-0.442210999317467,-0.32160809636116,
512,-0.476736,-0.442210999317467,-0.40201012045145,
513,-0.475712,-0.458291399292648,-0.40201012045145,
514,-0.474688,-0.458291399292648,-0.361809108406305,
515,-0.473664,-0.466331599280238,-0.361809108406305,
516,-0.47264,-0.474371799267828,-0.40201012045145,
517,-0.471616,-0.474371799267828,-0.40201012045145,
518,-0.470592,-0.482411999255419,-0.40201012045145,
519,-0.469568,-0.482411999255419,-0.442211132496595,
520,-0.468544,-0.490452199243009,-0.442211132496595,
521,-0.46752,-0.490452199243009,-0.442211132496595,
522,-0.466496,-0.498492399230599,-0.442211132496595,
523,-0.465472,-0.498492399230599,-0.442211132496595,
524,-0.464448,-0.498492399230599,-0.48241214454174,
525,-0.463424,-0.51457279920578,-0.48241214454174,
526,-0.4624,-0.50653259921819,-0.48241214454174,
527,-0.461376,-0.51457279920578,-0.48241214454174,
528,-0.460352,-0.50653259921819,-0.48241214454174,
529,-0.459328,-0.498492399230599,-0.48241214454174,
530,-0.458304,-0.51457279920578,-0.48241214454174,
531,-0.45728,-0.50653259921819,-0.522613156586885,
532,-0.456256,-0.490452199243009,-0.522613156586885,
533,-0.455232,-0.490452199243009,-0.522613156586885,
534,-0.454208,-0.482411999255419,-0.48241214454174,
535,-0.453184,-0.490452199243009,-0.48241214454174,
536,-0.45216,-0.482411999255419,-0.48241214454174,
537,-0.451136,-0.482411999255419,-0.48241214454174,
538,-0.450112,-0.474371799267828,-0.522613156586885,
539,-0.449088,-0.466331599280238,-0.56281416863203,
540,-0.448064,-0.466331599280238,-0.48241214454174,
541,-0.44704,-0.458291399292648,-0.48241214454174,
542,-0.446016,-0.450251199305058,-0.48241214454174,
543,-0.444992,-0.450251199305058,-0.48241214454174,
544,-0.443968,-0.434170799329877,-0.442211132496595,
545,-0.442944,-0.426130599342287,-0.48241214454174,
546,-0.44192,-0.410050199367106,-0.522613156586885,
547,-0.440896,-0.402009999379516,-0.48241214454174,
548,-0.439872,-0.393969799391925,-0.48241214454174,
549,-0.438848,-0.385929599404335,-0.442211132496595,
550,-0.437824,-0.369849199429154,-0.48241214454174,
551,-0.4368,-0.361808999441564,-0.442211132496595,
552,-0.435776,-0.345728599466383,-0.442211132496595,
553,-0.434752,-0.337688399478793,-0.40201012045145,
554,-0.433728,-0.329648199491203,-0.442211132496595,
555,-0.432704,-0.305527599528432,-0.442211132496595,
556,-0.43168,-0.297487399540842,-0.40201012045145,
557,-0.430656,-0.289447199553251,-0.442211132496595,
558,-0.429632,-0.281406999565661,-0.40201012045145,
559,-0.428608,-0.26532659959048,-0.361809108406305,
560,-0.427584,-0.2492461996153,-0.361809108406305,
561,-0.42656,-0.233165799640119,-0.361809108406305,
562,-0.425536,-0.217085399664938,-0.40201012045145,
563,-0.424512,-0.209045199677348,-0.361809108406305,
564,-0.423488,-0.184924599714577,-0.32160809636116,
565,-0.422464,-0.176884399726987,-0.281407084316015,
566,-0.42144,-0.152763799764216,-0.281407084316015,
567,-0.420416,-0.136683399789035,-0.32160809636116,
568,-0.419392,-0.128643199801445,-0.281407084316015,
569,-0.418368,-0.112562799826264,-0.24120607227087,
570,-0.417344,-0.0964823998510838,-0.24120607227087,
571,-0.41632,-0.0804019998759031,-0.24120607227087,
572,-0.415296,-0.0562813999131322,-0.24120607227087,
573,-0.414272,-0.0482411999255419,-0.201005060225725,
574,-0.413248,-0.0321607999503613,-0.201005060225725,
575,-0.412224,-0.0241205999627709,-0.201005060225725,
576,-0.4112,-0.00804019998759031,-0.201005060225725,
577,-0.410176,0.0160803999751806,-0.120603036135435,
578,-0.409152,0.0321607999503613,-0.120603036135435,
579,-0.408128,0.0482411999255419,-0.120603036135435,
580,-0.407104,0.0643215999007225,-0.16080404818058,
581,-0.40608,0.0723617998883128,-0.0804020240902901,
582,-0.405056,0.0964823998510838,-0.0804020240902901,
583,-0.404032,0.112562799826264,-0.120603036135435,
584,-0.403008,0.128643199801445,-0.0804020240902901,
585,-0.401984,0.144723599776626,-0.0804020240902901,
586,-0.40096,0.160803999751806,0,
587,-0.399936,0.168844199739397,0,
588,-0.398912,0.192964799702168,0,
589,-0.397888,0.201004999689758,0.040201012045145,
590,-0.396864,0.217085399664938,0.0804020240902901,
591,-0.39584,0.233165799640119,0.0804020240902901,
592,-0.394816,0.2492461996153,0.0804020240902901,
593,-0.393792,0.26532659959048,0.0804020240902901,
594,-0.392768,0.273366799578071,0.0804020240902901,
595,-0.391744,0.289447199553251,0.120603036135435,
596,-0.39072,0.297487399540842,0.120603036135435,
597,-0.389696,0.313567799516022,0.120603036135435,
598,-0.388672,0.329648199491203,0.16080404818058,
599,-0.387648,0.337688399478793,0.16080404818058,
600,-0.386624,0.353768799453974,0.16080404818058,
601,-0.3856,0.353768799453974,0.201005060225725,
602,-0.384576,0.369849199429154,0.201005060225725,
603,-0.383552,0.377889399416745,0.24120607227087,
604,-0.382528,0.385929599404335,0.24120607227087,
605,-0.381504,0.393969799391925,0.24120607227087,
606,-0.38048,0.402009999379516,0.24120607227087,
607,-0.379456,0.418090399354696,0.281407084316015,
608,-0.378432,0.426130599342287,0.24120607227087,
609,-0.377408,0.442210999317467,0.281407084316015,
610,-0.376384,0.442210999317467,0.32160809636116,
611,-0.37536,0.458291399292648,0.32160809636116,
612,-0.374336,0.450251199305058,0.32160809636116,
613,-0.373312,0.458291399292648,0.361809108406305,
614,-0.372288,0.474371799267828,0.361809108406305,
615,-0.371264,0.482411999255419,0.361809108406305,
616,-0.37024,0.474371799267828,0.361809108406305,
617,-0.369216,0.466331599280238,0.40201012045145,
618,-0.368192,0.490452199243009,0.40201012045145,
619,-0.367168,0.490452199243009,0.40201012045145,
620,-0.366144,0.490452199243009,0.32160809636116,
621,-0.36512,0.498492399230599,0.40201012045145,
622,-0.364096,0.490452199243009,0.40201012045145,
623,-0.363072,0.498492399230599,0.48241214454174,
624,-0.362048,0.498492399230599,0.442211132496595,
625,-0.361024,0.482411999255419,0.442211132496595,
626,-0.36,0.490452199243009,0.442211132496595,
627,-0.358976,0.490452199243009,0.442211132496595,
628,-0.357952,0.490452199243009,0.442211132496595,
629,-0.356928,0.498492399230599,0.40201012045145,
630,-0.355904,0.490452199243009,0.442211132496595,
631,-0.35488,0.482411999255419,0.442211132496595,
632,-0.353856,0.482411999255419,0.442211132496595,
633,-0.352832,0.482411999255419,0.442211132496595,
634,-0.351808,0.474371799267828,0.40201012045145,
635,-0.350784,0.474371799267828,0.442211132496595,
636,-0.34976,0.458291399292648,0.442211132496595,
637,-0.348736,0.450251199305058,0.40201012045145,
638,-0.347712,0.450251199305058,0.48241214454174,
639,-0.346688,0.442210999317467,0.442211132496595,
640,-0.345664,0.434170799329877,0.40201012045145,
641,-0.34464,0.426130599342287,0.40201012045145,
642,-0.343616,0.426130599342287,0.40201012045145,
643,-0.342592,0.418090399354696,0.442211132496595,
644,-0.341568,0.393969799391925,0.40201012045145,
645,-0.340544,0.393969799391925,0.40201012045145,
646,-0.33952,0.385929599404335,0.40201012045145,
647,-0.338496,0.369849199429154,0.40201012045145,
648,-0.337472,0.361808999441564,0.361809108406305,
649,-0.336448,0.345728599466383,0.361809108406305,
650,-0.335424,0.337688399478793,0.361809108406305,
651,-0.3344,0.321607999503613,0.361809108406305,
652,-0.333376,0.313567799516022,0.361809108406305,
653,-0.332352,0.297487399540842,0.32160809636116,
654,-0.331328,0.289447199553251,0.361809108406305,
655,-0.330304,0.273366799578071,0.32160809636116,
656,-0.32928,0.26532659959048,0.361809108406305,
657,-0.328256,0.2492461996153,0.32160809636116,
658,-0.327232,0.233165799640119,0.281407084316015,
659,-0.326208,0.217085399664938,0.281407084316015,
660,-0.325184,0.201004999689758,0.281407084316015,
661,-0.32416,0.201004999689758,0.24120607227087,
662,-0.323136,0.168844199739397,0.24120607227087,
663,-0.322112,0.152763799764216,0.24120607227087,
664,-0.321088,0.144723599776626,0.24120607227087,
665,-0.320064,0.128643199801445,0.201005060225725,
666,-0.31904,0.112562799826264,0.201005060225725,
667,-0.318016,0.104522599838674,0.201005060225725,
668,-0.316992,0.0804019998759031,0.16080404818058,
669,-0.315968,0.0643215999007225,0.16080404818058,
670,-0.314944,0.0482411999255419,0.0804020240902901,
671,-0.31392,0.0402009999379516,0.16080404818058,
672,-0.312896,0.0160803999751806,0.120603036135435,
673,-0.311872,-0.00804019998759031,0.120603036135435,
674,-0.310848,-0.0160803999751806,0.0804020240902901,
675,-0.309824,-0.0321607999503613,0.040201012045145,
676,-0.3088,-0.0482411999255419,0.0804020240902901,
677,-0.307776,-0.0562813999131322,0.0804020240902901,
678,-0.306752,-0.0723617998883128,0.040201012045145,
679,-0.305728,-0.0964823998510838,0,
680,-0.304704,-0.112562799826264,-0.040201012045145,
681,-0.30368,-0.128643199801445,0,
682,-0.302656,-0.136683399789035,-0.040201012045145,
683,-0.301632,-0.160803999751806,-0.040201012045145,
684,-0.300608,-0.168844199739397,-0.0804020240902901,
685,-0.299584,-0.192964799702168,-0.0804020240902901,
686,-0.29856,-0.192964799702168,-0.0804020240902901,
687,-0.297536,-0.209045199677348,-0.0804020240902901,
688,-0.296512,-0.225125599652529,-0.120603036135435,
689,-0.295488,-0.2492461996153,-0.120603036135435,
690,-0.294464,-0.26532659959048,-0.120603036135435,
691,-0.29344,-0.273366799578071,-0.16080404818058,
692,-0.292416,-0.289447199553251,-0.201005060225725,
693,-0.291392,-0.297487399540842,-0.16080404818058,
694,-0.290368,-0.313567799516022,-0.201005060225725,
695,-0.289344,-0.329648199491203,-0.24120607227087,
696,-0.28832,-0.337688399478793,-0.201005060225725,
697,-0.287296,-0.353768799453974,-0.281407084316015,
698,-0.286272,-0.361808999441564,-0.24120607227087,
699,-0.285248,-0.369849199429154,-0.24120607227087,
700,-0.284224,-0.385929599404335,-0.281407084316015,
701,-0.2832,-0.393969799391925,-0.32160809636116,
702,-0.282176,-0.402009999379516,-0.281407084316015,
703,-0.281152,-0.410050199367106,-0.32160809636116,
704,-0.280128,-0.418090399354696,-0.32160809636116,
705,-0.279104,-0.434170799329877,-0.32160809636116,
706,-0.27808,-0.434170799329877,-0.32160809636116,
707,-0.277056,-0.458291399292648,-0.361809108406305,
708,-0.276032,-0.458291399292648,-0.361809108406305,
709,-0.275008,-0.466331599280238,-0.40201012045145,
710,-0.273984,-0.466331599280238,-0.40201012045145,
711,-0.27296,-0.482411999255419,-0.40201012045145,
712,-0.271936,-0.482411999255419,-0.40201012045145,
713,-0.270912,-0.498492399230599,-0.48241214454174,
714,-0.269888,-0.490452199243009,-0.442211132496595,
715,-0.268864,-0.498492399230599,-0.442211132496595,
716,-0.26784,-0.490452199243009,-0.442211132496595,
717,-0.266816,-0.498492399230599,-0.48241214454174,
718,-0.265792,-0.50653259921819,-0.48241214454174,
719,-0.264768,-0.498492399230599,-0.48241214454174,
720,-0.263744,-0.498492399230599,-0.48241214454174,
721,-0.26272,-0.50653259921819,-0.442211132496595,
722,-0.261696,-0.50653259921819,-0.522613156586885,
723,-0.260672,-0.51457279920578,-0.48241214454174,
724,-0.259648,-0.50653259921819,-0.48241214454174,
725,-0.258624,-0.51457279920578,-0.522613156586885,
726,-0.2576,-0.498492399230599,-0.522613156586885,
727,-0.256576,-0.498492399230599,-0.48241214454174,
728,-0.255552,-0.490452199243009,-0.48241214454174,
729,-0.254528,-0.498492399230599,-0.522613156586885,
730,-0.253504,-0.490452199243009,-0.522613156586885,
731,-0.25248,-0.482411999255419,-0.522613156586885,
732,-0.251456,-0.482411999255419,-0.522613156586885,
733,-0.250432,-0.482411999255419,-0.522613156586885,
734,-0.249408,-0.474371799267828,-0.48241214454174,
735,-0.248384,-0.458291399292648,-0.522613156586885,
736,-0.24736,-0.458291399292648,-0.48241214454174,
737,-0.246336,-0.450251199305058,-0.522613156586885,
738,-0.245312,-0.442210999317467,-0.48241214454174,
739,-0.244288,-0.426130599342287,-0.48241214454174,
740,-0.243264,-0.418090399354696,-0.48241214454174,
741,-0.24224,-0.418090399354696,-0.48241214454174,
742,-0.241216,-0.410050199367106,-0.48241214454174,
743,-0.240192,-0.402009999379516,-0.442211132496595,
744,-0.239168,-0.385929599404335,-0.48241214454174,
745,-0.238144,-0.377889399416745,-0.442211132496595,
746,-0.23712,-0.369849199429154,-0.48241214454174,
747,-0.236096,-0.353768799453974,-0.442211132496595,
748,-0.235072,-0.345728599466383,-0.442211132496595,
749,-0.234048,-0.321607999503613,-0.442211132496595,
750,-0.233024,-0.321607999503613,-0.442211132496595,
751,-0.232,-0.305527599528432,-0.40201012045145,
752,-0.230976,-0.297487399540842,-0.40201012045145,
753,-0.229952,-0.273366799578071,-0.40201012045145,
754,-0.228928,-0.26532659959048,-0.40201012045145,
755,-0.227904,-0.2492461996153,-0.40201012045145,
756,-0.22688,-0.241205999627709,-0.40201012045145,
757,-0.225856,-0.217085399664938,-0.361809108406305,
758,-0.224832,-0.217085399664938,-0.361809108406305,
759,-0.223808,-0.192964799702168,-0.32160809636116,
760,-0.222784,-0.176884399726987,-0.32160809636116,
761,-0.22176,-0.160803999751806,-0.32160809636116,
762,-0.220736,-0.144723599776626,-0.32160809636116,
763,-0.219712,-0.136683399789035,-0.281407084316015,
764,-0.218688,-0.112562799826264,-0.24120607227087,
765,-0.217664,-0.112562799826264,-0.281407084316015,
766,-0.21664,-0.0884421998634934,-0.24120607227087,
767,-0.215616,-0.0723617998883128,-0.201005060225725,
768,-0.214592,-0.0562813999131322,-0.16080404818058,
769,-0.213568,-0.0402009999379516,-0.201005060225725,
770,-0.212544,-0.0241205999627709,-0.16080404818058,
771,-0.21152,-0.00804019998759031,-0.16080404818058,
772,-0.210496,0.00804019998759031,-0.201005060225725,
773,-0.209472,0.0241205999627709,-0.16080404818058,
774,-0.208448,0.0402009999379516,-0.120603036135435,
775,-0.207424,0.0643215999007225,-0.120603036135435,
776,-0.2064,0.0723617998883128,-0.120603036135435,
777,-0.205376,0.0804019998759031,-0.120603036135435,
778,-0.204352,0.0964823998510838,-0.0804020240902901,
779,-0.203328,0.128643199801445,-0.040201012045145,
780,-0.202304,0.128643199801445,-0.040201012045145,
781,-0.20128,0.144723599776626,0,
782,-0.200256,0.168844199739397,-0.040201012045145,
783,-0.199232,0.176884399726987,0,
784,-0.198208,0.192964799702168,0,
785,-0.197184,0.217085399664938,0,
786,-0.19616,0.225125599652529,0.040201012045145,
787,-0.195136,0.241205999627709,0.040201012045145,
788,-0.194112,0.2492461996153,0.0804020240902901,
789,-0.193088,0.26532659959048,0.0804020240902901,
790,-0.192064,0.289447199553251,0.0804020240902901,
791,-0.19104,0.297487399540842,0.120603036135435,
792,-0.190016,0.305527599528432,0.120603036135435,
793,-0.188992,0.321607999503613,0.120603036135435,
794,-0.187968,0.329648199491203,0.16080404818058,
795,-0.186944,0.337688399478793,0.16080404818058,
796,-0.18592,0.353768799453974,0.201005060225725,
797,-0.184896,0.369849199429154,0.201005060225725,
798,-0.183872,0.385929599404335,0.24120607227087,
799,-0.182848,0.385929599404335,0.24120607227087,
800,-0.181824,0.402009999379516,0.281407084316015,
801,-0.1808,0.410050199367106,0.24120607227087,
802,-0.179776,0.410050199367106,0.281407084316015,
803,-0.178752,0.418090399354696,0.281407084316015,
804,-0.177728,0.426130599342287,0.281407084316015,
805,-0.176704,0.442210999317467,0.281407084316015,
806,-0.17568,0.450251199305058,0.32160809636116,
807,-0.174656,0.458291399292648,0.32160809636116,
808,-0.173632,0.458291399292648,0.32160809636116,
809,-0.172608,0.466331599280238,0.32160809636116,
810,-0.171584,0.474371799267828,0.32160809636116,
811,-0.17056,0.474371799267828,0.361809108406305,
812,-0.169536,0.482411999255419,0.361809108406305,
813,-0.168512,0.482411999255419,0.361809108406305,
814,-0.167488,0.482411999255419,0.361809108406305,
815,-0.166464,0.490452199243009,0.361809108406305,
816,-0.16544,0.482411999255419,0.40201012045145,
817,-0.164416,0.490452199243009,0.361809108406305,
818,-0.163392,0.498492399230599,0.442211132496595,
819,-0.162368,0.498492399230599,0.40201012045145,
820,-0.161344,0.498492399230599,0.40201012045145,
821,-0.16032,0.498492399230599,0.442211132496595,
822,-0.159296,0.490452199243009,0.40201012045145,
823,-0.158272,0.490452199243009,0.442211132496595,
824,-0.157248,0.490452199243009,0.40201012045145,
825,-0.156224,0.482411999255419,0.40201012045145,
826,-0.1552,0.490452199243009,0.442211132496595,
827,-0.154176,0.474371799267828,0.361809108406305,
828,-0.153152,0.474371799267828,0.442211132496595,
829,-0.152128,0.474371799267828,0.40201012045145,
830,-0.151104,0.466331599280238,0.442211132496595,
831,-0.15008,0.466331599280238,0.40201012045145,
832,-0.149056,0.450251199305058,0.442211132496595,
833,-0.148032,0.458291399292648,0.442211132496595,
834,-0.147008,0.450251199305058,0.442211132496595,
835,-0.145984,0.434170799329877,0.40201012045145,
836,-0.14496,0.426130599342287,0.40201012045145,
837,-0.143936,0.418090399354696,0.442211132496595,
838,-0.142912,0.410050199367106,0.40201012045145,
839,-0.141888,0.402009999379516,0.442211132496595,
840,-0.140864,0.402009999379516,0.40201012045145,
841,-0.13984,0.385929599404335,0.40201012045145,
842,-0.138816,0.377889399416745,0.40201012045145,
843,-0.137792,0.361808999441564,0.361809108406305,
844,-0.136768,0.345728599466383,0.40201012045145,
845,-0.135744,0.345728599466383,0.40201012045145,
846,-0.13472,0.321607999503613,0.361809108406305,
847,-0.133696,0.313567799516022,0.32160809636116,
848,-0.132672,0.305527599528432,0.32160809636116,
849,-0.131648,0.289447199553251,0.32160809636116,
850,-0.130624,0.273366799578071,0.32160809636116,
851,-0.1296,0.26532659959048,0.32160809636116,
852,-0.128576,0.2492461996153,0.32160809636116,
853,-0.127552,0.241205999627709,0.281407084316015,
854,-0.126528,0.217085399664938,0.281407084316015,
855,-0.125504,0.217085399664938,0.281407084316015,
856,-0.12448,0.192964799702168,0.201005060225725,
857,-0.123456,0.176884399726987,0.24120607227087,
858,-0.122432,0.160803999751806,0.281407084316015,
859,-0.121408,0.136683399789035,0.16080404818058,
860,-0.120384,0.128643199801445,0.24120607227087,
861,-0.11936,0.120602999813855,0.201005060225725,
862,-0.118336,0.0964823998510838,0.201005060225725,
863,-0.117312,0.0804019998759031,0.201005060225725,
864,-0.116288,0.0723617998883128,0.120603036135435,
865,-0.115264,0.0562813999131322,0.16080404818058,
866,-0.11424,0.0321607999503613,0.16080404818058,
867,-0.113216,0.0241205999627709,0.120603036135435,
868,-0.112192,0.00804019998759031,0.120603036135435,
869,-0.111168,-0.00804019998759031,0.120603036135435,
870,-0.110144,-0.0241205999627709,0.0804020240902901,
871,-0.10912,-0.0402009999379516,0.0804020240902901,
872,-0.108096,-0.0562813999131322,0.0804020240902901,
873,-0.107072,-0.0804019998759031,0.040201012045145,
874,-0.106048,-0.0884421998634934,0,
875,-0.105024,-0.112562799826264,0,
876,-0.104,-0.120602999813855,0,
877,-0.102976,-0.128643199801445,-0.040201012045145,
878,-0.101952,-0.152763799764216,-0.040201012045145,
879,-0.100928,-0.160803999751806,-0.040201012045145,
880,-0.099904,-0.176884399726987,-0.0804020240902901,
881,-0.0988800000000001,-0.192964799702168,-0.0804020240902901,
882,-0.0978560000000001,-0.217085399664938,-0.0804020240902901,
883,-0.096832,-0.225125599652529,-0.120603036135435,
884,-0.095808,-0.241205999627709,-0.120603036135435,
885,-0.0947840000000001,-0.25728639960289,-0.16080404818058,
886,-0.0937600000000001,-0.26532659959048,-0.201005060225725,
887,-0.092736,-0.289447199553251,-0.16080404818058,
888,-0.091712,-0.297487399540842,-0.201005060225725,
889,-0.090688,-0.313567799516022,-0.201005060225725,
890,-0.0896640000000001,-0.321607999503613,-0.201005060225725,
891,-0.0886400000000001,-0.337688399478793,-0.201005060225725,
892,-0.087616,-0.337688399478793,-0.201005060225725,
893,-0.086592,-0.353768799453974,-0.281407084316015,
894,-0.0855680000000001,-0.369849199429154,-0.281407084316015,
895,-0.0845440000000001,-0.377889399416745,-0.281407084316015,
896,-0.08352,-0.385929599404335,-0.281407084316015,
897,-0.082496,-0.410050199367106,-0.281407084316015,
898,-0.081472,-0.418090399354696,-0.361809108406305,
899,-0.0804480000000001,-0.426130599342287,-0.361809108406305,
900,-0.0794240000000001,-0.418090399354696,-0.361809108406305,
901,-0.0784,-0.442210999317467,-0.361809108406305,
902,-0.077376,-0.442210999317467,-0.361809108406305,
903,-0.0763520000000001,-0.458291399292648,-0.361809108406305,
904,-0.0753280000000001,-0.466331599280238,-0.40201012045145,
905,-0.074304,-0.466331599280238,-0.442211132496595,
906,-0.07328,-0.474371799267828,-0.361809108406305,
907,-0.072256,-0.474371799267828,-0.40201012045145,
908,-0.0712320000000001,-0.490452199243009,-0.40201012045145,
909,-0.070208,-0.482411999255419,-0.40201012045145,
910,-0.069184,-0.490452199243009,-0.442211132496595,
911,-0.06816,-0.498492399230599,-0.442211132496595,
912,-0.0671360000000001,-0.498492399230599,-0.48241214454174,
913,-0.0661120000000001,-0.498492399230599,-0.442211132496595,
914,-0.065088,-0.498492399230599,-0.48241214454174,
915,-0.064064,-0.50653259921819,-0.522613156586885,
916,-0.0630400000000001,-0.50653259921819,-0.48241214454174,
917,-0.0620160000000001,-0.50653259921819,-0.48241214454174,
918,-0.060992,-0.498492399230599,-0.48241214454174,
919,-0.059968,-0.50653259921819,-0.48241214454174,
920,-0.058944,-0.50653259921819,-0.48241214454174,
921,-0.0579200000000001,-0.498492399230599,-0.522613156586885,
922,-0.0568960000000001,-0.498492399230599,-0.522613156586885,
923,-0.055872,-0.498492399230599,-0.522613156586885,
924,-0.054848,-0.490452199243009,-0.48241214454174,
925,-0.0538240000000001,-0.498492399230599,-0.522613156586885,
926,-0.0528000000000001,-0.490452199243009,-0.48241214454174,
927,-0.051776,-0.482411999255419,-0.522613156586885,
928,-0.050752,-0.474371799267828,-0.48241214454174,
929,-0.049728,-0.474371799267828,-0.522613156586885,
930,-0.0487040000000001,-0.466331599280238,-0.48241214454174,
931,-0.0476800000000001,-0.458291399292648,-0.48241214454174,
932,-0.046656,-0.458291399292648,-0.522613156586885,
933,-0.045632,-0.442210999317467,-0.48241214454174,
934,-0.0446080000000001,-0.434170799329877,-0.48241214454174,
935,-0.0435840000000001,-0.426130599342287,-0.48241214454174,
936,-0.04256,-0.426130599342287,-0.48241214454174,
937,-0.041536,-0.410050199367106,-0.48241214454174,
938,-0.040512,-0.410050199367106,-0.522613156586885,
939,-0.0394880000000001,-0.393969799391925,-0.48241214454174,
940,-0.0384640000000001,-0.385929599404335,-0.48241214454174,
941,-0.03744,-0.369849199429154,-0.442211132496595,
942,-0.036416,-0.361808999441564,-0.442211132496595,
943,-0.0353920000000001,-0.345728599466383,-0.442211132496595,
944,-0.0343680000000001,-0.337688399478793,-0.40201012045145,
945,-0.033344,-0.321607999503613,-0.442211132496595,
946,-0.03232,-0.313567799516022,-0.442211132496595,
947,-0.031296,-0.297487399540842,-0.40201012045145,
948,-0.0302720000000001,-0.289447199553251,-0.361809108406305,
949,-0.0292480000000001,-0.273366799578071,-0.361809108406305,
950,-0.028224,-0.25728639960289,-0.40201012045145,
951,-0.0272,-0.2492461996153,-0.361809108406305,
952,-0.0261760000000001,-0.233165799640119,-0.361809108406305,
953,-0.0251520000000001,-0.217085399664938,-0.32160809636116,
954,-0.024128,-0.192964799702168,-0.32160809636116,
955,-0.023104,-0.176884399726987,-0.32160809636116,
956,-0.0220800000000001,-0.168844199739397,-0.32160809636116,
957,-0.0210560000000001,-0.152763799764216,-0.281407084316015,
958,-0.0200320000000001,-0.144723599776626,-0.281407084316015,
959,-0.019008,-0.136683399789035,-0.24120607227087,
960,-0.017984,-0.112562799826264,-0.281407084316015,
961,-0.0169600000000001,-0.0884421998634934,-0.201005060225725,
962,-0.0159360000000001,-0.0723617998883128,-0.24120607227087,
963,-0.014912,-0.0643215999007225,-0.201005060225725,
964,-0.013888,-0.0482411999255419,-0.201005060225725,
965,-0.0128640000000001,-0.0241205999627709,-0.201005060225725,
966,-0.0118400000000001,-0.00804019998759031,-0.201005060225725,
967,-0.010816,0,-0.16080404818058,
968,-0.00979200000000002,0.0160803999751806,-0.16080404818058,
969,-0.008768,0.0402009999379516,-0.16080404818058,
970,-0.00774400000000008,0.0562813999131322,-0.0804020240902901,
971,-0.00672000000000006,0.0643215999007225,-0.120603036135435,
972,-0.00569600000000003,0.0884421998634934,-0.120603036135435,
973,-0.00467200000000001,0.0964823998510838,-0.0804020240902901,
974,-0.0036480000000001,0.112562799826264,0,
975,-0.00262400000000007,0.128643199801445,-0.040201012045145,
976,-0.00160000000000005,0.144723599776626,-0.040201012045145,
977,-0.000576000000000021,0.160803999751806,0,
978,0.000448000000000004,0.184924599714577,0,
979,0.00147199999999992,0.201004999689758,0,
980,0.00249600000000005,0.217085399664938,0,
981,0.00351999999999997,0.233165799640119,0.040201012045145,
982,0.00454399999999988,0.241205999627709,0.040201012045145,
983,0.00556800000000002,0.241205999627709,0.0804020240902901,
984,0.00659199999999993,0.26532659959048,0.0804020240902901,
985,0.00761599999999985,0.273366799578071,0.0804020240902901,
986,0.00863999999999998,0.289447199553251,0.120603036135435,
987,0.00966399999999989,0.297487399540842,0.120603036135435,
988,0.010688,0.313567799516022,0.16080404818058,
989,0.0117119999999999,0.337688399478793,0.16080404818058,
990,0.0127359999999999,0.337688399478793,0.201005060225725,
991,0.01376,0.361808999441564,0.201005060225725,
992,0.0147839999999999,0.361808999441564,0.16080404818058,
993,0.015808,0.369849199429154,0.201005060225725,
994,0.016832,0.385929599404335,0.201005060225725,
995,0.0178559999999999,0.393969799391925,0.281407084316015,
996,0.01888,0.402009999379516,0.24120607227087,
997,0.0199039999999999,0.410050199367106,0.24120607227087,
998,0.0209280000000001,0.418090399354696,0.281407084316015,
999,0.021952,0.434170799329877,0.24120607227087,
1000,0.0229759999999999,0.442210999317467,0.281407084316015,
1001,0.024,0.442210999317467,0.32160809636116,
1002,0.0250239999999999,0.450251199305058,0.32160809636116,
1003,0.0260479999999998,0.458291399292648,0.281407084316015,
1004,0.027072,0.458291399292648,0.32160809636116,
1005,0.0280959999999999,0.474371799267828,0.361809108406305,
1006,0.02912,0.474371799267828,0.361809108406305,
1007,0.0301439999999999,0.482411999255419,0.361809108406305,
1008,0.0311679999999999,0.482411999255419,0.32160809636116,
1009,0.032192,0.490452199243009,0.361809108406305,
1010,0.0332159999999999,0.490452199243009,0.40201012045145,
1011,0.03424,0.490452199243009,0.40201012045145,
1012,0.035264,0.498492399230599,0.40201012045145,
1013,0.0362879999999999,0.490452199243009,0.40201012045145,
1014,0.037312,0.498492399230599,0.442211132496595,
1015,0.0383359999999999,0.490452199243009,0.442211132496595,
1016,0.0393600000000001,0.498492399230599,0.442211132496595,
1017,0.040384,0.498492399230599,0.361809108406305,
1018,0.0414079999999999,0.490452199243009,0.40201012045145,
1019,0.042432,0.482411999255419,0.40201012045145,
1020,0.0434559999999999,0.490452199243009,0.40201012045145,
1021,0.0444799999999999,0.490452199243009,0.442211132496595,
1022,0.045504,0.482411999255419,0.442211132496595,
1023,0.0465279999999999,0.482411999255419,0.40201012045145,
1024,0.047552,0.474371799267828,0.442211132496595,
1025,0.048576,0.466331599280238,0.40201012045145,
1026,0.0495999999999999,0.466331599280238,0.442211132496595,
1027,0.050624,0.458291399292648,0.442211132496595,
1028,0.0516479999999999,0.458291399292648,0.442211132496595,
1029,0.0526720000000001,0.442210999317467,0.40201012045145,
1030,0.053696,0.434170799329877,0.442211132496595,
1031,0.0547199999999999,0.418090399354696,0.442211132496595,
1032,0.055744,0.426130599342287,0.442211132496595,
1033,0.0567679999999999,0.410050199367106,0.40201012045145,
1034,0.0577919999999998,0.410050199367106,0.40201012045145,
1035,0.058816,0.393969799391925,0.40201012045145,
1036,0.0598399999999999,0.385929599404335,0.40201012045145,
1037,0.060864,0.377889399416745,0.40201012045145,
1038,0.0618879999999999,0.361808999441564,0.40201012045145,
1039,0.0629119999999999,0.361808999441564,0.361809108406305,
1040,0.063936,0.337688399478793,0.361809108406305,
1041,0.0649599999999999,0.329648199491203,0.361809108406305,
1042,0.065984,0.321607999503613,0.361809108406305,
1043,0.067008,0.313567799516022,0.32160809636116,
1044,0.0680319999999999,0.305527599528432,0.361809108406305,
1045,0.069056,0.281406999565661,0.361809108406305,
1046,0.0700799999999999,0.273366799578071,0.32160809636116,
1047,0.0711040000000001,0.25728639960289,0.281407084316015,
1048,0.072128,0.241205999627709,0.281407084316015,
1049,0.0731519999999999,0.225125599652529,0.32160809636116,
1050,0.074176,0.217085399664938,0.281407084316015,
1051,0.0751999999999999,0.201004999689758,0.281407084316015,
1052,0.0762239999999998,0.176884399726987,0.24120607227087,
1053,0.077248,0.168844199739397,0.24120607227087,
1054,0.0782719999999999,0.152763799764216,0.281407084316015,
1055,0.079296,0.144723599776626,0.24120607227087,
1056,0.0803199999999999,0.128643199801445,0.201005060225725,
1057,0.0813439999999999,0.104522599838674,0.24120607227087,
1058,0.082368,0.0884421998634934,0.201005060225725,
1059,0.0833919999999999,0.0723617998883128,0.16080404818058,
1060,0.084416,0.0643215999007225,0.16080404818058,
1061,0.08544,0.0402009999379516,0.120603036135435,
1062,0.0864639999999999,0.0241205999627709,0.120603036135435,
1063,0.087488,0.00804019998759031,0.120603036135435,
1064,0.0885119999999999,-0.0160803999751806,0.120603036135435,
1065,0.0895360000000001,-0.0241205999627709,0.120603036135435,
1066,0.09056,-0.0402009999379516,0.040201012045145,
1067,0.0915839999999999,-0.0562813999131322,0.040201012045145,
1068,0.092608,-0.0643215999007225,0.040201012045145,
1069,0.0936319999999999,-0.0884421998634934,0.040201012045145,
1070,0.0946559999999999,-0.0964823998510838,0,
1071,0.09568,-0.120602999813855,0,
1072,0.0967039999999999,-0.128643199801445,0,
1073,0.097728,-0.152763799764216,-0.040201012045145,
1074,0.098752,-0.160803999751806,-0.040201012045145,
1075,0.0997759999999999,-0.176884399726987,-0.0804020240902901,
1076,0.1008,-0.192964799702168,-0.0804020240902901,
1077,0.101824,-0.209045199677348,-0.0804020240902901,
1078,0.102848,-0.217085399664938,-0.0804020240902901,
1079,0.103872,-0.233165799640119,-0.120603036135435,
1080,0.104896,-0.2492461996153,-0.120603036135435,
1081,0.10592,-0.25728639960289,-0.16080404818058,
1082,0.106944,-0.273366799578071,-0.16080404818058,
1083,0.107968,-0.289447199553251,-0.201005060225725,
1084,0.108992,-0.313567799516022,-0.16080404818058,
1085,0.110016,-0.313567799516022,-0.24120607227087,
1086,0.11104,-0.329648199491203,-0.24120607227087,
1087,0.112064,-0.345728599466383,-0.24120607227087,
1088,0.113088,-0.353768799453974,-0.281407084316015,
1089,0.114112,-0.361808999441564,-0.24120607227087,
1090,0.115136,-0.377889399416745,-0.281407084316015,
1091,0.11616,-0.377889399416745,-0.281407084316015,
1092,0.117184,-0.402009999379516,-0.32160809636116,
1093,0.118208,-0.410050199367106,-0.361809108406305,
1094,0.119232,-0.418090399354696,-0.32160809636116,
1095,0.120256,-0.426130599342287,-0.361809108406305,
1096,0.12128,-0.434170799329877,-0.32160809636116,
1097,0.122304,-0.442210999317467,-0.40201012045145,
1098,0.123328,-0.450251199305058,-0.40201012045145,
1099,0.124352,-0.466331599280238,-0.40201012045145,
1100,0.125376,-0.458291399292648,-0.361809108406305,
1101,0.1264,-0.474371799267828,-0.40201012045145,
1102,0.127424,-0.482411999255419,-0.40201012045145,
1103,0.128448,-0.482411999255419,-0.442211132496595,
1104,0.129472,-0.482411999255419,-0.442211132496595,
1105,0.130496,-0.490452199243009,-0.40201012045145,
1106,0.13152,-0.490452199243009,-0.48241214454174,
1107,0.132544,-0.498492399230599,-0.442211132496595,
1108,0.133568,-0.498492399230599,-0.442211132496595,
1109,0.134592,-0.498492399230599,-0.48241214454174,
1110,0.135616,-0.498492399230599,-0.48241214454174,
1111,0.13664,-0.50653259921819,-0.442211132496595,
1112,0.137664,-0.50653259921819,-0.48241214454174,
1113,0.138688,-0.50653259921819,-0.48241214454174,
1114,0.139712,-0.50653259921819,-0.48241214454174,
1115,0.140736,-0.498492399230599,-0.48241214454174,
1116,0.14176,-0.50653259921819,-0.48241214454174,
1117,0.142784,-0.490452199243009,-0.48241214454174,
1118,0.143808,-0.498492399230599,-0.522613156586885,
1119,0.144832,-0.490452199243009,-0.442211132496595,
1120,0.145856,-0.490452199243009,-0.522613156586885,
1121,0.14688,-0.490452199243009,-0.522613156586885,
1122,0.147904,-0.490452199243009,-0.522613156586885,
1123,0.148928,-0.482411999255419,-0.48241214454174,
1124,0.149952,-0.482411999255419,-0.522613156586885,
1125,0.150976,-0.466331599280238,-0.48241214454174,
1126,0.152,-0.474371799267828,-0.522613156586885,
1127,0.153024,-0.458291399292648,-0.48241214454174,
1128,0.154048,-0.450251199305058,-0.48241214454174,
1129,0.155072,-0.442210999317467,-0.522613156586885,
1130,0.156096,-0.434170799329877,-0.48241214454174,
1131,0.15712,-0.426130599342287,-0.48241214454174,
1132,0.158144,-0.418090399354696,-0.48241214454174,
1133,0.159168,-0.402009999379516,-0.48241214454174,
1134,0.160192,-0.393969799391925,-0.48241214454174,
1135,0.161216,-0.385929599404335,-0.442211132496595,
1136,0.16224,-0.377889399416745,-0.48241214454174,
1137,0.163264,-0.369849199429154,-0.442211132496595,
1138,0.164288,-0.337688399478793,-0.442211132496595,
1139,0.165312,-0.345728599466383,-0.442211132496595,
1140,0.166336,-0.329648199491203,-0.442211132496595,
1141,0.16736,-0.313567799516022,-0.40201012045145,
1142,0.168384,-0.305527599528432,-0.40201012045145,
1143,0.169408,-0.289447199553251,-0.442211132496595,
1144,0.170432,-0.273366799578071,-0.40201012045145,
1145,0.171456,-0.26532659959048,-0.40201012045145,
1146,0.17248,-0.241205999627709,-0.40201012045145,
1147,0.173504,-0.233165799640119,-0.361809108406305,
1148,0.174528,-0.217085399664938,-0.32160809636116,
1149,0.175552,-0.209045199677348,-0.361809108406305,
1150,0.176576,-0.192964799702168,-0.32160809636116,
1151,0.1776,-0.176884399726987,-0.361809108406305,
1152,0.178624,-0.168844199739397,-0.281407084316015,
1153,0.179648,-0.144723599776626,-0.24120607227087,
1154,0.180672,-0.120602999813855,-0.281407084316015,
1155,0.181696,-0.112562799826264,-0.24120607227087,
1156,0.18272,-0.0884421998634934,-0.24120607227087,
1157,0.183744,-0.0804019998759031,-0.201005060225725,
1158,0.184768,-0.0562813999131322,-0.24120607227087,
1159,0.185792,-0.0482411999255419,-0.201005060225725,
1160,0.186816,-0.0321607999503613,-0.16080404818058,
1161,0.18784,-0.0241205999627709,-0.201005060225725,
1162,0.188864,0,-0.201005060225725,
1163,0.189888,0,-0.201005060225725,
1164,0.190912,0.0321607999503613,-0.120603036135435,
1165,0.191936,0.0402009999379516,-0.120603036135435,
1166,0.19296,0.0643215999007225,-0.120603036135435,
1167,0.193984,0.0804019998759031,-0.0804020240902901,
1168,0.195008,0.0964823998510838,-0.040201012045145,
1169,0.196032,0.112562799826264,-0.0804020240902901,
1170,0.197056,0.120602999813855,-0.040201012045145,
1171,0.19808,0.136683399789035,-0.040201012045145,
1172,0.199104,0.160803999751806,-0.040201012045145,
1173,0.200128,0.168844199739397,0,
1174,0.201152,0.184924599714577,-0.040201012045145,
1175,0.202176,0.201004999689758,0,
1176,0.2032,0.217085399664938,0.040201012045145,
1177,0.204224,0.233165799640119,0.040201012045145,
1178,0.205248,0.2492461996153,0.040201012045145,
1179,0.206272,0.26532659959048,0.0804020240902901,
1180,0.207296,0.273366799578071,0.0804020240902901,
1181,0.20832,0.289447199553251,0.120603036135435,
1182,0.209344,0.305527599528432,0.120603036135435,
1183,0.210368,0.313567799516022,0.16080404818058,
1184,0.211392,0.329648199491203,0.120603036135435,
1185,0.212416,0.337688399478793,0.201005060225725,
1186,0.21344,0.345728599466383,0.201005060225725,
1187,0.214464,0.353768799453974,0.16080404818058,
1188,0.215488,0.369849199429154,0.201005060225725,
1189,0.216512,0.377889399416745,0.24120607227087,
1190,0.217536,0.393969799391925,0.24120607227087,
1191,0.21856,0.402009999379516,0.281407084316015,
1192,0.219584,0.410050199367106,0.281407084316015,
1193,0.220608,0.418090399354696,0.24120607227087,
1194,0.221632,0.426130599342287,0.281407084316015,
1195,0.222656,0.426130599342287,0.281407084316015,
1196,0.22368,0.442210999317467,0.32160809636116,
1197,0.224704,0.450251199305058,0.32160809636116,
1198,0.225728,0.458291399292648,0.32160809636116,
1199,0.226752,0.466331599280238,0.361809108406305,
1200,0.227776,0.466331599280238,0.361809108406305,
1201,0.2288,0.474371799267828,0.361809108406305,
1202,0.229824,0.482411999255419,0.361809108406305,
1203,0.230848,0.482411999255419,0.361809108406305,
1204,0.231872,0.474371799267828,0.361809108406305,
1205,0.232896,0.490452199243009,0.32160809636116,
1206,0.23392,0.498492399230599,0.40201012045145,
1207,0.234944,0.490452199243009,0.40201012045145,
1208,0.235968,0.490452199243009,0.40201012045145,
1209,0.236992,0.498492399230599,0.40201012045145,
1210,0.238016,0.498492399230599,0.40201012045145,
1211,0.23904,0.498492399230599,0.40201012045145,
1212,0.240064,0.498492399230599,0.40201012045145,
1213,0.241088,0.490452199243009,0.40201012045145,
1214,0.242112,0.498492399230599,0.40201012045145,
1215,0.243136,0.490452199243009,0.442211132496595,
1216,0.24416,0.490452199243009,0.40201012045145,
1217,0.245184,0.482411999255419,0.442211132496595,
1218,0.246208,0.482411999255419,0.442211132496595,
1219,0.247232,0.474371799267828,0.48241214454174,
1220,0.248256,0.458291399292648,0.361809108406305,
1221,0.24928,0.466331599280238,0.442211132496595,
1222,0.250304,0.458291399292648,0.48241214454174,
1223,0.251328,0.450251199305058,0.40201012045145,
1224,0.252352,0.450251199305058,0.442211132496595,
1225,0.253376,0.450251199305058,0.442211132496595,
1226,0.2544,0.442210999317467,0.40201012045145,
1227,0.255424,0.426130599342287,0.442211132496595,
1228,0.256448,0.418090399354696,0.40201012045145,
1229,0.257472,0.410050199367106,0.442211132496595,
1230,0.258496,0.402009999379516,0.40201012045145,
1231,0.25952,0.393969799391925,0.40201012045145,
1232,0.260544,0.377889399416745,0.361809108406305,
1233,0.261568,0.361808999441564,0.361809108406305,
1234,0.262592,0.361808999441564,0.361809108406305,
1235,0.263616,0.353768799453974,0.40201012045145,
1236,0.26464,0.337688399478793,0.361809108406305,
1237,0.265664,0.321607999503613,0.40201012045145,
1238,0.266688,0.313567799516022,0.361809108406305,
1239,0.267712,0.297487399540842,0.32160809636116,
1240,0.268736,0.289447199553251,0.361809108406305,
1241,0.26976,0.273366799578071,0.361809108406305,
1242,0.270784,0.25728639960289,0.281407084316015,
1243,0.271808,0.2492461996153,0.281407084316015,
1244,0.272832,0.241205999627709,0.281407084316015,
1245,0.273856,0.217085399664938,0.24120607227087,
1246,0.27488,0.192964799702168,0.281407084316015,
1247,0.275904,0.192964799702168,0.281407084316015,
1248,0.276928,0.168844199739397,0.24120607227087,
1249,0.277952,0.152763799764216,0.24120607227087,
1250,0.278976,0.136683399789035,0.24120607227087,
1251,0.28,0.128643199801445,0.201005060225725,
1252,0.281024,0.120602999813855,0.201005060225725,
1253,0.282048,0.0964823998510838,0.201005060225725,
1254,0.283072,0.0804019998759031,0.16080404818058,
1255,0.284096,0.0562813999131322,0.16080404818058,
1256,0.28512,0.0402009999379516,0.120603036135435,
1257,0.286144,0.0321607999503613,0.16080404818058,
1258,0.287168,0.00804019998759031,0.120603036135435,
1259,0.288192,-0.00804019998759031,0.120603036135435,
1260,0.289216,-0.0160803999751806,0.0804020240902901,
1261,0.29024,-0.0321607999503613,0.0804020240902901,
1262,0.291264,-0.0402009999379516,0.040201012045145,
1263,0.292288,-0.0643215999007225,0.040201012045145,
1264,0.293312,-0.0723617998883128,0.040201012045145,
1265,0.294336,-0.0964823998510838,0,
1266,0.29536,-0.104522599838674,0,
1267,0.296384,-0.128643199801445,0,
1268,0.297408,-0.136683399789035,0,
1269,0.298432,-0.152763799764216,-0.040201012045145,
1270,0.299456,-0.168844199739397,-0.040201012045145,
1271,0.30048,-0.184924599714577,-0.0804020240902901,
1272,0.301504,-0.201004999689758,-0.120603036135435,
1273,0.302528,-0.217085399664938,-0.120603036135435,
1274,0.303552,-0.233165799640119,-0.120603036135435,
1275,0.304576,-0.2492461996153,-0.120603036135435,
1276,0.3056,-0.25728639960289,-0.16080404818058,
1277,0.306624,-0.273366799578071,-0.16080404818058,
1278,0.307648,-0.281406999565661,-0.16080404818058,
1279,0.308672,-0.297487399540842,-0.16080404818058,
1280,0.309696,-0.313567799516022,-0.16080404818058,
1281,0.31072,-0.329648199491203,-0.201005060225725,
1282,0.311744,-0.337688399478793,-0.201005060225725,
1283,0.312768,-0.353768799453974,-0.281407084316015,
1284,0.313792,-0.361808999441564,-0.24120607227087,
1285,0.314816,-0.377889399416745,-0.281407084316015,
1286,0.31584,-0.385929599404335,-0.24120607227087,
1287,0.316864,-0.393969799391925,-0.281407084316015,
1288,0.317888,-0.410050199367106,-0.32160809636116,
1289,0.318912,-0.410050199367106,-0.281407084316015,
1290,0.319936,-0.418090399354696,-0.32160809636116,
1291,0.32096,-0.434170799329877,-0.361809108406305,
1292,0.321984,-0.442210999317467,-0.361809108406305,
1293,0.323008,-0.450251199305058,-0.361809108406305,
1294,0.324032,-0.458291399292648,-0.40201012045145,
1295,0.325056,-0.450251199305058,-0.40201012045145,
1296,0.32608,-0.466331599280238,-0.442211132496595,
1297,0.327104,-0.474371799267828,-0.442211132496595,
1298,0.328128,-0.482411999255419,-0.442211132496595,
1299,0.329152,-0.482411999255419,-0.442211132496595,
1300,0.330176,-0.490452199243009,-0.40201012045145,
1301,0.3312,-0.490452199243009,-0.442211132496595,
1302,0.332224,-0.498492399230599,-0.442211132496595,
1303,0.333248,-0.490452199243009,-0.40201012045145,
1304,0.334272,-0.498492399230599,-0.442211132496595,
1305,0.335296,-0.50653259921819,-0.48241214454174,
1306,0.33632,-0.51457279920578,-0.48241214454174,
1307,0.337344,-0.51457279920578,-0.48241214454174,
1308,0.338368,-0.51457279920578,-0.48241214454174,
1309,0.339392,-0.50653259921819,-0.48241214454174,
1310,0.340416,-0.51457279920578,-0.48241214454174,
1311,0.34144,-0.498492399230599,-0.48241214454174,
1312,0.342464,-0.50653259921819,-0.522613156586885,
1313,0.343488,-0.498492399230599,-0.522613156586885,
1314,0.344512,-0.498492399230599,-0.48241214454174,
1315,0.345536,-0.490452199243009,-0.48241214454174,
1316,0.34656,-0.490452199243009,-0.48241214454174,
1317,0.347584,-0.490452199243009,-0.48241214454174,
1318,0.348608,-0.482411999255419,-0.522613156586885,
1319,0.349632,-0.482411999255419,-0.522613156586885,
1320,0.350656,-0.474371799267828,-0.48241214454174,
1321,0.35168,-0.466331599280238,-0.522613156586885,
1322,0.352704,-0.466331599280238,-0.522613156586885,
1323,0.353728,-0.458291399292648,-0.522613156586885,
1324,0.354752,-0.450251199305058,-0.48241214454174,
1325,0.355776,-0.434170799329877,-0.522613156586885,
1326,0.3568,-0.426130599342287,-0.48241214454174,
1327,0.357824,-0.418090399354696,-0.48241214454174,
1328,0.358848,-0.402009999379516,-0.522613156586885,
1329,0.359872,-0.402009999379516,-0.442211132496595,
1330,0.360896,-0.385929599404335,-0.48241214454174,
1331,0.36192,-0.385929599404335,-0.48241214454174,
1332,0.362944,-0.369849199429154,-0.48241214454174,
1333,0.363968,-0.353768799453974,-0.48241214454174,
1334,0.364992,-0.345728599466383,-0.442211132496595,
1335,0.366016,-0.329648199491203,-0.40201012045145,
1336,0.36704,-0.321607999503613,-0.40201012045145,
1337,0.368064,-0.313567799516022,-0.40201012045145,
1338,0.369088,-0.297487399540842,-0.442211132496595,
1339,0.370112,-0.273366799578071,-0.40201012045145,
1340,0.371136,-0.26532659959048,-0.40201012045145,
1341,0.37216,-0.25728639960289,-0.40201012045145,
1342,0.373184,-0.241205999627709,-0.361809108406305,
1343,0.374208,-0.225125599652529,-0.361809108406305,
1344,0.375232,-0.201004999689758,-0.361809108406305,
1345,0.376256,-0.184924599714577,-0.32160809636116,
1346,0.37728,-0.176884399726987,-0.32160809636116,
1347,0.378304,-0.168844199739397,-0.32160809636116,
1348,0.379328,-0.152763799764216,-0.32160809636116,
1349,0.380352,-0.128643199801445,-0.281407084316015,
1350,0.381376,-0.120602999813855,-0.281407084316015,
1351,0.3824,-0.104522599838674,-0.24120607227087,
1352,0.383424,-0.0884421998634934,-0.201005060225725,
1353,0.384448,-0.0723617998883128,-0.24120607227087,
1354,0.385472,-0.0482411999255419,-0.24120607227087,
1355,0.386496,-0.0321607999503613,-0.201005060225725,
1356,0.38752,-0.0321607999503613,-0.201005060225725,
1357,0.388544,-0.00804019998759031,-0.16080404818058,
1358,0.389568,0.0160803999751806,-0.16080404818058,
1359,0.390592,0.0241205999627709,-0.120603036135435,
1360,0.391616,0.0402009999379516,-0.120603036135435,
1361,0.39264,0.0482411999255419,-0.120603036135435,
1362,0.393664,0.0723617998883128,-0.120603036135435,
1363,0.394688,0.0964823998510838,-0.120603036135435,
1364,0.395712,0.104522599838674,-0.040201012045145,
1365,0.396736,0.120602999813855,-0.040201012045145,
1366,0.39776,0.136683399789035,-0.040201012045145,
1367,0.398784,0.152763799764216,-0.040201012045145,
1368,0.399808,0.176884399726987,0,
1369,0.400832,0.176884399726987,0,
1370,0.401856,0.201004999689758,0,
1371,0.40288,0.217085399664938,0.040201012045145,
1372,0.403904,0.225125599652529,0.040201012045145,
1373,0.404928,0.241205999627709,0.040201012045145,
1374,0.405952,0.2492461996153,0.0804020240902901,
1375,0.406976,0.26532659959048,0.0804020240902901,
1376,0.408,0.281406999565661,0.120603036135435,
1377,0.409024,0.281406999565661,0.120603036135435,
1378,0.410048,0.305527599528432,0.120603036135435,
1379,0.411072,0.329648199491203,0.16080404818058,
1380,0.412096,0.329648199491203,0.16080404818058,
1381,0.41312,0.353768799453974,0.16080404818058,
1382,0.414144,0.353768799453974,0.201005060225725,
1383,0.415168,0.369849199429154,0.24120607227087,
1384,0.416192,0.377889399416745,0.24120607227087,
1385,0.417216,0.385929599404335,0.24120607227087,
1386,0.41824,0.393969799391925,0.24120607227087,
1387,0.419264,0.410050199367106,0.24120607227087,
1388,0.420288,0.410050199367106,0.281407084316015,
1389,0.421312,0.418090399354696,0.24120607227087,
1390,0.422336,0.426130599342287,0.281407084316015,
1391,0.42336,0.442210999317467,0.32160809636116,
1392,0.424384,0.442210999317467,0.281407084316015,
1393,0.425408,0.450251199305058,0.32160809636116,
1394,0.426432,0.458291399292648,0.32160809636116,
1395,0.427456,0.458291399292648,0.32160809636116,
1396,0.42848,0.474371799267828,0.32160809636116,
1397,0.429504,0.482411999255419,0.361809108406305,
1398,0.430528,0.482411999255419,0.32160809636116,
1399,0.431552,0.482411999255419,0.361809108406305,
1400,0.432576,0.482411999255419,0.361809108406305,
1401,0.4336,0.482411999255419,0.361809108406305,
1402,0.434624,0.498492399230599,0.361809108406305,
1403,0.435648,0.498492399230599,0.40201012045145,
1404,0.436672,0.498492399230599,0.40201012045145,
1405,0.437696,0.498492399230599,0.40201012045145,
1406,0.43872,0.498492399230599,0.40201012045145,
1407,0.439744,0.498492399230599,0.442211132496595,
1408,0.440768,0.490452199243009,0.40201012045145,
1409,0.441792,0.482411999255419,0.442211132496595,
1410,0.442816,0.498492399230599,0.48241214454174,
1411,0.44384,0.482411999255419,0.48241214454174,
1412,0.444864,0.482411999255419,0.442211132496595,
1413,0.445888,0.482411999255419,0.442211132496595,
1414,0.446912,0.474371799267828,0.442211132496595,
1415,0.447936,0.466331599280238,0.48241214454174,
1416,0.44896,0.474371799267828,0.442211132496595,
1417,0.449984,0.466331599280238,0.442211132496595,
1418,0.451008,0.458291399292648,0.442211132496595,
1419,0.452032,0.450251199305058,0.442211132496595,
1420,0.453056,0.442210999317467,0.40201012045145,
1421,0.45408,0.442210999317467,0.442211132496595,
1422,0.455104,0.426130599342287,0.40201012045145,
1423,0.456128,0.418090399354696,0.442211132496595,
1424,0.457152,0.410050199367106,0.40201012045145,
1425,0.458176,0.402009999379516,0.442211132496595,
1426,0.4592,0.393969799391925,0.40201012045145,
1427,0.460224,0.385929599404335,0.40201012045145,
1428,0.461248,0.369849199429154,0.40201012045145,
1429,0.462272,0.361808999441564,0.442211132496595,
1430,0.463296,0.353768799453974,0.361809108406305,
1431,0.46432,0.337688399478793,0.361809108406305,
1432,0.465344,0.329648199491203,0.361809108406305,
1433,0.466368,0.313567799516022,0.361809108406305,
1434,0.467392,0.305527599528432,0.361809108406305,
1435,0.468416,0.289447199553251,0.361809108406305,
1436,0.46944,0.281406999565661,0.32160809636116,
1437,0.470464,0.26532659959048,0.32160809636116,
1438,0.471488,0.2492461996153,0.281407084316015,
1439,0.472512,0.241205999627709,0.32160809636116,
1440,0.473536,0.225125599652529,0.281407084316015,
1441,0.47456,0.209045199677348,0.281407084316015,
1442,0.475584,0.192964799702168,0.24120607227087,
1443,0.476608,0.176884399726987,0.281407084316015,
1444,0.477632,0.168844199739397,0.24120607227087,
1445,0.478656,0.152763799764216,0.201005060225725,
1446,0.47968,0.128643199801445,0.201005060225725,
1447,0.480704,0.112562799826264,0.201005060225725,
1448,0.481728,0.104522599838674,0.16080404818058,
1449,0.482752,0.0884421998634934,0.16080404818058,
1450,0.483776,0.0723617998883128,0.120603036135435,
1451,0.4848,0.0482411999255419,0.201005060225725,
1452,0.485824,0.0321607999503613,0.16080404818058,
1453,0.486848,0.0160803999751806,0.120603036135435,
1454,0.487872,0.00804019998759031,0.0804020240902901,
1455,0.488896,-0.00804019998759031,0.120603036135435,
1456,0.48992,-0.0241205999627709,0.0804020240902901,
1457,0.490944,-0.0402009999379516,0.0804020240902901,
1458,0.491968,-0.0562813999131322,0.040201012045145,
1459,0.492992,-0.0804019998759031,0.040201012045145,
1460,0.494016,-0.0884421998634934,0.040201012045145,
1461,0.49504,-0.0964823998510838,-0.040201012045145,
1462,0.496064,-0.120602999813855,0,
1463,0.497088,-0.144723599776626,0,
1464,0.498112,-0.152763799764216,-0.040201012045145,
1465,0.499136,-0.176884399726987,-0.040201012045145,
1466,0.50016,-0.176884399726987,-0.040201012045145,
1467,0.501184,-0.201004999689758,-0.040201012045145,
1468,0.502208,-0.217085399664938,-0.120603036135435,
1469,0.503232,-0.217085399664938,-0.16080404818058,
1470,0.504256,-0.241205999627709,-0.120603036135435,
1471,0.50528,-0.25728639960289,-0.120603036135435,
1472,0.506304,-0.26532659959048,-0.16080404818058,
1473,0.507328,-0.289447199553251,-0.16080404818058,
1474,0.508352,-0.297487399540842,-0.201005060225725,
1475,0.509376,-0.313567799516022,-0.24120607227087,
1476,0.5104,-0.329648199491203,-0.201005060225725,
1477,0.511424,-0.337688399478793,-0.201005060225725,
1478,0.512448,-0.337688399478793,-0.24120607227087,
1479,0.513472,-0.361808999441564,-0.24120607227087,
1480,0.514496,-0.369849199429154,-0.281407084316015,
1481,0.51552,-0.377889399416745,-0.281407084316015,
1482,0.516544,-0.385929599404335,-0.281407084316015,
1483,0.517568,-0.393969799391925,-0.32160809636116,
1484,0.518592,-0.418090399354696,-0.32160809636116,
1485,0.519616,-0.418090399354696,-0.32160809636116,
1486,0.52064,-0.426130599342287,-0.361809108406305,
1487,0.521664,-0.434170799329877,-0.361809108406305,
1488,0.522688,-0.442210999317467,-0.361809108406305,
1489,0.523712,-0.458291399292648,-0.361809108406305,
1490,0.524736,-0.458291399292648,-0.40201012045145,
1491,0.52576,-0.466331599280238,-0.40201012045145,
1492,0.526784,-0.466331599280238,-0.442211132496595,
1493,0.527808,-0.466331599280238,-0.40201012045145,
1494,0.528832,-0.482411999255419,-0.442211132496595,
1495,0.529856,-0.490452199243009,-0.442211132496595,
1496,0.53088,-0.498492399230599,-0.442211132496595,
1497,0.531904,-0.498492399230599,-0.442211132496595,
1498,0.532928,-0.498492399230599,-0.48241214454174,
1499,0.533952,-0.490452199243009,-0.442211132496595,
1500,0.534976,-0.50653259921819,-0.442211132496595,
1501,0.536,-0.50653259921819,-0.442211132496595,
1502,0.537024,-0.498492399230599,-0.442211132496595,
1503,0.538048,-0.50653259921819,-0.48241214454174,
1504,0.539072,-0.50653259921819,-0.48241214454174,
1505,0.540096,-0.50653259921819,-0.522613156586885,
1506,0.54112,-0.498492399230599,-0.522613156586885,
1507,0.542144,-0.498492399230599,-0.522613156586885,
1508,0.543168,-0.50653259921819,-0.48241214454174,
1509,0.544192,-0.50653259921819,-0.48241214454174,
1510,0.545216,-0.482411999255419,-0.522613156586885,
1511,0.54624,-0.490452199243009,-0.56281416863203,
1512,0.547264,-0.498492399230599,-0.48241214454174,
1513,0.548288,-0.482411999255419,-0.48241214454174,
1514,0.549312,-0.482411999255419,-0.48241214454174,
1515,0.550336,-0.474371799267828,-0.522613156586885,
1516,0.55136,-0.466331599280238,-0.522613156586885,
1517,0.552384,-0.458291399292648,-0.48241214454174,
1518,0.553408,-0.450251199305058,-0.522613156586885,
1519,0.554432,-0.442210999317467,-0.48241214454174,
1520,0.555456,-0.434170799329877,-0.48241214454174,
1521,0.55648,-0.426130599342287,-0.522613156586885,
1522,0.557504,-0.418090399354696,-0.522613156586885,
1523,0.558528,-0.410050199367106,-0.442211132496595,
1524,0.559552,-0.393969799391925,-0.48241214454174,
1525,0.560576,-0.402009999379516,-0.48241214454174,
1526,0.5616,-0.377889399416745,-0.442211132496595,
1527,0.562624,-0.361808999441564,-0.48241214454174,
1528,0.563648,-0.353768799453974,-0.442211132496595,
1529,0.564672,-0.353768799453974,-0.442211132496595,
1530,0.565696,-0.329648199491203,-0.442211132496595,
1531,0.56672,-0.321607999503613,-0.442211132496595,
1532,0.567744,-0.305527599528432,-0.442211132496595,
1533,0.568768,-0.305527599528432,-0.40201012045145,
1534,0.569792,-0.289447199553251,-0.361809108406305,
1535,0.570816,-0.273366799578071,-0.40201012045145,
1536,0.57184,-0.25728639960289,-0.361809108406305,
1537,0.572864,-0.241205999627709,-0.40201012045145,
1538,0.573888,-0.233165799640119,-0.361809108406305,
1539,0.574912,-0.217085399664938,-0.361809108406305,
1540,0.575936,-0.192964799702168,-0.32160809636116,
1541,0.57696,-0.176884399726987,-0.361809108406305,
1542,0.577984,-0.160803999751806,-0.32160809636116,
1543,0.579008,-0.152763799764216,-0.32160809636116,
1544,0.580032,-0.136683399789035,-0.281407084316015,
1545,0.581056,-0.120602999813855,-0.24120607227087,
1546,0.58208,-0.112562799826264,-0.24120607227087,
1547,0.583104,-0.0884421998634934,-0.24120607227087,
1548,0.584128,-0.0723617998883128,-0.24120607227087,
1549,0.585152,-0.0562813999131322,-0.24120607227087,
1550,0.586176,-0.0402009999379516,-0.201005060225725,
1551,0.5872,-0.0241205999627709,-0.201005060225725,
1552,0.588224,-0.0160803999751806,-0.201005060225725,
1553,0.589248,0.00804019998759031,-0.16080404818058,
1554,0.590272,0.0160803999751806,-0.16080404818058,
1555,0.591296,0.0402009999379516,-0.120603036135435,
1556,0.59232,0.0643215999007225,-0.16080404818058,
1557,0.593344,0.0723617998883128,-0.120603036135435,
1558,0.594368,0.0804019998759031,-0.040201012045145,
1559,0.595392,0.104522599838674,-0.120603036135435,
1560,0.596416,0.112562799826264,-0.0804020240902901,
1561,0.59744,0.128643199801445,0,
1562,0.598464,0.152763799764216,-0.040201012045145,
1563,0.599488,0.168844199739397,0,
1564,0.600512,0.176884399726987,0,
1565,0.601536,0.192964799702168,0.040201012045145,
1566,0.60256,0.217085399664938,0.040201012045145,
1567,0.603584,0.217085399664938,0.0804020240902901,
1568,0.604608,0.241205999627709,0.0804020240902901,
1569,0.605632,0.2492461996153,0.0804020240902901,
1570,0.606656,0.26532659959048,0.0804020240902901,
1571,0.60768,0.273366799578071,0.120603036135435,
1572,0.608704,0.289447199553251,0.120603036135435,
1573,0.609728,0.305527599528432,0.16080404818058,
1574,0.610752,0.321607999503613,0.120603036135435,
1575,0.611776,0.329648199491203,0.120603036135435,
1576,0.6128,0.337688399478793,0.16080404818058,
1577,0.613824,0.353768799453974,0.16080404818058,
1578,0.614848,0.361808999441564,0.201005060225725,
1579,0.615872,0.369849199429154,0.201005060225725,
1580,0.616896,0.377889399416745,0.24120607227087,
1581,0.61792,0.393969799391925,0.24120607227087,
1582,0.618944,0.402009999379516,0.24120607227087,
1583,0.619968,0.418090399354696,0.24120607227087,
1584,0.620992,0.426130599342287,0.281407084316015,
1585,0.622016,0.434170799329877,0.281407084316015,
1586,0.62304,0.434170799329877,0.281407084316015,
1587,0.624064,0.442210999317467,0.281407084316015,
1588,0.625088,0.450251199305058,0.32160809636116,
1589,0.626112,0.458291399292648,0.32160809636116,
1590,0.627136,0.466331599280238,0.32160809636116,
1591,0.62816,0.466331599280238,0.32160809636116,
1592,0.629184,0.474371799267828,0.361809108406305,
1593,0.630208,0.482411999255419,0.361809108406305,
1594,0.631232,0.490452199243009,0.361809108406305,
1595,0.632256,0.482411999255419,0.40201012045145,
1596,0.63328,0.490452199243009,0.361809108406305,
1597,0.634304,0.490452199243009,0.361809108406305,
1598,0.635328,0.498492399230599,0.40201012045145,
1599,0.636352,0.498492399230599,0.40201012045145,
1600,0.637376,0.498492399230599,0.442211132496595,
1601,0.6384,0.498492399230599,0.40201012045145,
1602,0.639424,0.50653259921819,0.442211132496595,
1603,0.640448,0.498492399230599,0.40201012045145,
1604,0.641472,0.490452199243009,0.442211132496595,
1605,0.642496,0.498492399230599,0.48241214454174,
1606,0.64352,0.490452199243009,0.40201012045145,
1607,0.644544,0.482411999255419,0.442211132496595,
1608,0.645568,0.474371799267828,0.442211132496595,
1609,0.646592,0.490452199243009,0.40201012045145,
1610,0.647616,0.482411999255419,0.40201012045145,
1611,0.64864,0.466331599280238,0.442211132496595,
1612,0.649664,0.466331599280238,0.442211132496595,
1613,0.650688,0.458291399292648,0.442211132496595,
1614,0.651712,0.450251199305058,0.40201012045145,
1615,0.652736,0.442210999317467,0.442211132496595,
1616,0.65376,0.434170799329877,0.40201012045145,
1617,0.654784,0.434170799329877,0.442211132496595,
1618,0.655808,0.418090399354696,0.442211132496595,
1619,0.656832,0.410050199367106,0.442211132496595,
1620,0.657856,0.402009999379516,0.40201012045145,
1621,0.65888,0.402009999379516,0.361809108406305,
1622,0.659904,0.385929599404335,0.40201012045145,
1623,0.660928,0.369849199429154,0.40201012045145,
1624,0.661952,0.369849199429154,0.361809108406305,
1625,0.662976,0.361808999441564,0.40201012045145,
1626,0.664,0.353768799453974,0.361809108406305,
1627,0.665024,0.321607999503613,0.40201012045145,
1628,0.666048,0.313567799516022,0.361809108406305,
1629,0.667072,0.305527599528432,0.361809108406305,
1630,0.668096,0.289447199553251,0.281407084316015,
1631,0.66912,0.281406999565661,0.361809108406305,
1632,0.670144,0.26532659959048,0.361809108406305,
1633,0.671168,0.25728639960289,0.32160809636116,
1634,0.672192,0.2492461996153,0.32160809636116,
1635,0.673216,0.225125599652529,0.281407084316015,
1636,0.67424,0.209045199677348,0.281407084316015,
1637,0.675264,0.192964799702168,0.24120607227087,
1638,0.676288,0.184924599714577,0.24120607227087,
1639,0.677312,0.176884399726987,0.24120607227087,
1640,0.678336,0.152763799764216,0.24120607227087,
1641,0.67936,0.136683399789035,0.24120607227087,
1642,0.680384,0.120602999813855,0.24120607227087,
1643,0.681408,0.104522599838674,0.201005060225725,
1644,0.682432,0.0884421998634934,0.201005060225725,
1645,0.683456,0.0804019998759031,0.16080404818058,
1646,0.68448,0.0482411999255419,0.16080404818058,
1647,0.685504,0.0321607999503613,0.120603036135435,
1648,0.686528,0.0241205999627709,0.16080404818058,
1649,0.687552,0.0160803999751806,0.0804020240902901,
1650,0.688576,-0.00804019998759031,0.120603036135435,
1651,0.6896,-0.0241205999627709,0.120603036135435,
1652,0.690624,-0.0402009999379516,0.040201012045145,
1653,0.691648,-0.0562813999131322,0.0804020240902901,
1654,0.692672,-0.0723617998883128,0,
1655,0.693696,-0.0804019998759031,0,
1656,0.69472,-0.104522599838674,0.040201012045145,
1657,0.695744,-0.112562799826264,-0.040201012045145,
1658,0.696768,-0.128643199801445,0,
1659,0.697792,-0.144723599776626,-0.040201012045145,
1660,0.698816,-0.160803999751806,-0.040201012045145,
1661,0.69984,-0.176884399726987,-0.0804020240902901,
1662,0.700864,-0.201004999689758,-0.0804020240902901,
1663,0.701888,-0.209045199677348,-0.120603036135435,
1664,0.702912,-0.225125599652529,-0.120603036135435,
1665,0.703936,-0.241205999627709,-0.120603036135435,
1666,0.70496,-0.25728639960289,-0.0804020240902901,
1667,0.705984,-0.26532659959048,-0.120603036135435,
1668,0.707008,-0.281406999565661,-0.16080404818058,
1669,0.708032,-0.289447199553251,-0.16080404818058,
1670,0.709056,-0.305527599528432,-0.201005060225725,
1671,0.71008,-0.321607999503613,-0.24120607227087,
1672,0.711104,-0.329648199491203,-0.24120607227087,
1673,0.712128,-0.337688399478793,-0.24120607227087,
1674,0.713152,-0.353768799453974,-0.201005060225725,
1675,0.714176,-0.369849199429154,-0.281407084316015,
1676,0.7152,-0.377889399416745,-0.281407084316015,
1677,0.716224,-0.385929599404335,-0.281407084316015,
1678,0.717248,-0.393969799391925,-0.32160809636116,
1679,0.718272,-0.410050199367106,-0.281407084316015,
1680,0.719296,-0.418090399354696,-0.32160809636116,
1681,0.72032,-0.426130599342287,-0.32160809636116,
1682,0.721344,-0.434170799329877,-0.40201012045145,
1683,0.722368,-0.450251199305058,-0.32160809636116,
1684,0.723392,-0.442210999317467,-0.40201012045145,
1685,0.724416,-0.458291399292648,-0.40201012045145,
1686,0.72544,-0.466331599280238,-0.361809108406305,
1687,0.726464,-0.466331599280238,-0.40201012045145,
1688,0.727488,-0.482411999255419,-0.442211132496595,
1689,0.728512,-0.482411999255419,-0.40201012045145,
1690,0.729536,-0.482411999255419,-0.442211132496595,
1691,0.73056,-0.490452199243009,-0.442211132496595,
1692,0.731584,-0.490452199243009,-0.442211132496595,
1693,0.732608,-0.498492399230599,-0.442211132496595,
1694,0.733632,-0.498492399230599,-0.48241214454174,
1695,0.734656,-0.498492399230599,-0.48241214454174,
1696,0.73568,-0.50653259921819,-0.442211132496595,
1697,0.736704,-0.498492399230599,-0.48241214454174,
1698,0.737728,-0.498492399230599,-0.48241214454174,
1699,0.738752,-0.50653259921819,-0.48241214454174,
1700,0.739776,-0.50653259921819,-0.48241214454174,
1701,0.7408,-0.50653259921819,-0.48241214454174,
1702,0.741824,-0.498492399230599,-0.48241214454174,
1703,0.742848,-0.498492399230599,-0.522613156586885,
1704,0.743872,-0.498492399230599,-0.48241214454174,
1705,0.744896,-0.498492399230599,-0.522613156586885,
1706,0.74592,-0.490452199243009,-0.522613156586885,
1707,0.746944,-0.490452199243009,-0.522613156586885,
1708,0.747968,-0.482411999255419,-0.48241214454174,
1709,0.748992,-0.482411999255419,-0.48241214454174,
1710,0.750016,-0.466331599280238,-0.522613156586885,
1711,0.75104,-0.466331599280238,-0.522613156586885,
1712,0.752064,-0.474371799267828,-0.522613156586885,
1713,0.753088,-0.458291399292648,-0.48241214454174,
1714,0.754112,-0.450251199305058,-0.522613156586885,
1715,0.755136,-0.442210999317467,-0.48241214454174,
1716,0.75616,-0.434170799329877,-0.48241214454174,
1717,0.757184,-0.426130599342287,-0.48241214454174,
1718,0.758208,-0.410050199367106,-0.48241214454174,
1719,0.759232,-0.393969799391925,-0.48241214454174,
1720,0.760256,-0.393969799391925,-0.442211132496595,
1721,0.76128,-0.385929599404335,-0.442211132496595,
1722,0.762304,-0.377889399416745,-0.442211132496595,
1723,0.763328,-0.361808999441564,-0.442211132496595,
1724,0.764352,-0.353768799453974,-0.442211132496595,
1725,0.765376,-0.345728599466383,-0.442211132496595,
1726,0.7664,-0.329648199491203,-0.442211132496595,
1727,0.767424,-0.313567799516022,-0.442211132496595,
1728,0.768448,-0.305527599528432,-0.40201012045145,
1729,0.769472,-0.289447199553251,-0.40201012045145,
1730,0.770496,-0.273366799578071,-0.40201012045145,
1731,0.77152,-0.25728639960289,-0.361809108406305,
1732,0.772544,-0.2492461996153,-0.361809108406305,
1733,0.773568,-0.225125599652529,-0.361809108406305,
1734,0.774592,-0.217085399664938,-0.361809108406305,
1735,0.775616,-0.201004999689758,-0.32160809636116,
1736,0.77664,-0.192964799702168,-0.32160809636116,
1737,0.777664,-0.168844199739397,-0.32160809636116,
1738,0.778688,-0.160803999751806,-0.32160809636116,
1739,0.779712,-0.144723599776626,-0.281407084316015,
1740,0.780736,-0.136683399789035,-0.281407084316015,
1741,0.78176,-0.104522599838674,-0.281407084316015,
1742,0.782784,-0.104522599838674,-0.201005060225725,
1743,0.783808,-0.0804019998759031,-0.201005060225725,
1744,0.784832,-0.0562813999131322,-0.24120607227087,
1745,0.785856,-0.0402009999379516,-0.201005060225725,
1746,0.78688,-0.0321607999503613,-0.201005060225725,
1747,0.787904,-0.0160803999751806,-0.16080404818058,
1748,0.788928,0,-0.16080404818058,
1749,0.789952,0.0241205999627709,-0.120603036135435,
1750,0.790976,0.0402009999379516,-0.120603036135435,
1751,0.792,0.0482411999255419,-0.120603036135435,
1752,0.793024,0.0643215999007225,-0.120603036135435,
1753,0.794048,0.0804019998759031,-0.0804020240902901,
1754,0.795072,0.0884421998634934,-0.040201012045145,
1755,0.796096,0.120602999813855,-0.0804020240902901,
1756,0.79712,0.128643199801445,-0.0804020240902901,
1757,0.798144,0.136683399789035,-0.040201012045145,
1758,0.799168,0.152763799764216,0,
1759,0.800192,0.176884399726987,0,
1760,0.801216,0.192964799702168,0,
1761,0.80224,0.209045199677348,0,
1762,0.803264,0.217085399664938,0,
1763,0.804288,0.233165799640119,0.0804020240902901,
1764,0.805312,0.241205999627709,0.0804020240902901,
1765,0.806336,0.25728639960289,0.0804020240902901,
1766,0.80736,0.273366799578071,0.0804020240902901,
1767,0.808384,0.289447199553251,0.120603036135435,
1768,0.809408,0.297487399540842,0.120603036135435,
1769,0.810432,0.305527599528432,0.16080404818058,
1770,0.811456,0.329648199491203,0.16080404818058,
1771,0.81248,0.345728599466383,0.16080404818058,
1772,0.813504,0.353768799453974,0.16080404818058,
1773,0.814528,0.361808999441564,0.201005060225725,
1774,0.815552,0.369849199429154,0.201005060225725,
1775,0.816576,0.377889399416745,0.201005060225725,
1776,0.8176,0.393969799391925,0.24120607227087,
1777,0.818624,0.410050199367106,0.24120607227087,
1778,0.819648,0.410050199367106,0.24120607227087,
1779,0.820672,0.418090399354696,0.24120607227087,
1780,0.821696,0.426130599342287,0.281407084316015,
1781,0.82272,0.442210999317467,0.281407084316015,
1782,0.823744,0.442210999317467,0.281407084316015,
1783,0.824768,0.450251199305058,0.32160809636116,
1784,0.825792,0.450251199305058,0.361809108406305,
1785,0.826816,0.458291399292648,0.32160809636116,
1786,0.82784,0.466331599280238,0.32160809636116,
1787,0.828864,0.474371799267828,0.281407084316015,
1788,0.829888,0.482411999255419,0.361809108406305,
1789,0.830912,0.482411999255419,0.361809108406305,
1790,0.831936,0.482411999255419,0.361809108406305,
1791,0.83296,0.490452199243009,0.40201012045145,
1792,0.833984,0.490452199243009,0.361809108406305,
1793,0.835008,0.490452199243009,0.442211132496595,
1794,0.836032,0.498492399230599,0.442211132496595,
1795,0.837056,0.498492399230599,0.40201012045145,
1796,0.83808,0.498492399230599,0.40201012045145,
1797,0.839104,0.490452199243009,0.442211132496595,
1798,0.840128,0.50653259921819,0.442211132496595,
1799,0.841152,0.490452199243009,0.442211132496595,
1800,0.842176,0.490452199243009,0.442211132496595,
1801,0.8432,0.490452199243009,0.40201012045145,
1802,0.844224,0.482411999255419,0.442211132496595,
1803,0.845248,0.490452199243009,0.442211132496595,
1804,0.846272,0.482411999255419,0.442211132496595,
1805,0.847296,0.482411999255419,0.442211132496595,
1806,0.84832,0.474371799267828,0.442211132496595,
1807,0.849344,0.474371799267828,0.442211132496595,
1808,0.850368,0.466331599280238,0.442211132496595,
1809,0.851392,0.458291399292648,0.40201012045145,
1810,0.852416,0.458291399292648,0.442211132496595,
1811,0.85344,0.434170799329877,0.442211132496595,
1812,0.854464,0.426130599342287,0.442211132496595,
1813,0.855488,0.426130599342287,0.40201012045145,
1814,0.856512,0.426130599342287,0.40201012045145,
1815,0.857536,0.410050199367106,0.40201012045145,
1816,0.85856,0.402009999379516,0.40201012045145,
1817,0.859584,0.393969799391925,0.40201012045145,
1818,0.860608,0.377889399416745,0.40201012045145,
1819,0.861632,0.369849199429154,0.40201012045145,
1820,0.862656,0.353768799453974,0.361809108406305,
1821,0.86368,0.353768799453974,0.40201012045145,
1822,0.864704,0.337688399478793,0.361809108406305,
1823,0.865728,0.321607999503613,0.361809108406305,
1824,0.866752,0.313567799516022,0.361809108406305,
1825,0.867776,0.297487399540842,0.361809108406305,
1826,0.8688,0.281406999565661,0.32160809636116,
1827,0.869824,0.273366799578071,0.32160809636116,
1828,0.870848,0.26532659959048,0.32160809636116,
1829,0.871872,0.2492461996153,0.281407084316015,
1830,0.872896,0.241205999627709,0.281407084316015,
1831,0.87392,0.217085399664938,0.281407084316015,
1832,0.874944,0.201004999689758,0.281407084316015,
1833,0.875968,0.192964799702168,0.24120607227087,
1834,0.876992,0.176884399726987,0.24120607227087,
1835,0.878016,0.160803999751806,0.24120607227087,
1836,0.87904,0.144723599776626,0.24120607227087,
1837,0.880064,0.128643199801445,0.201005060225725,
1838,0.881088,0.104522599838674,0.201005060225725,
1839,0.882112,0.0964823998510838,0.16080404818058,
1840,0.883136,0.0804019998759031,0.16080404818058,
1841,0.88416,0.0562813999131322,0.16080404818058,
1842,0.885184,0.0482411999255419,0.16080404818058,
1843,0.886208,0.0321607999503613,0.16080404818058,
1844,0.887232,0.00804019998759031,0.120603036135435,
1845,0.888256,0,0.0804020240902901,
1846,0.88928,-0.0160803999751806,0.120603036135435,
1847,0.890304,-0.0402009999379516,0.0804020240902901,
1848,0.891328,-0.0402009999379516,0.040201012045145,
1849,0.892352,-0.0562813999131322,0.040201012045145,
1850,0.893376,-0.0804019998759031,0.040201012045145,
1851,0.8944,-0.0964823998510838,0,
1852,0.895424,-0.112562799826264,0,
1853,0.896448,-0.128643199801445,0,
1854,0.897472,-0.144723599776626,-0.040201012045145,
1855,0.898496,-0.152763799764216,-0.040201012045145,
1856,0.89952,-0.168844199739397,-0.040201012045145,
1857,0.900544,-0.192964799702168,0,
1858,0.901568,-0.201004999689758,-0.120603036135435,
1859,0.902592,-0.217085399664938,-0.120603036135435,
1860,0.903616,-0.233165799640119,-0.120603036135435,
1861,0.90464,-0.2492461996153,-0.16080404818058,
1862,0.905664,-0.26532659959048,-0.120603036135435,
1863,0.906688,-0.273366799578071,-0.201005060225725,
1864,0.907712,-0.289447199553251,-0.16080404818058,
1865,0.908736,-0.305527599528432,-0.201005060225725,
1866,0.90976,-0.321607999503613,-0.201005060225725,
1867,0.910784,-0.321607999503613,-0.24120607227087,
1868,0.911808,-0.337688399478793,-0.24120607227087,
1869,0.912832,-0.353768799453974,-0.24120607227087,
1870,0.913856,-0.361808999441564,-0.281407084316015,
1871,0.91488,-0.377889399416745,-0.24120607227087,
1872,0.915904,-0.385929599404335,-0.281407084316015,
1873,0.916928,-0.402009999379516,-0.281407084316015,
1874,0.917952,-0.402009999379516,-0.32160809636116,
1875,0.918976,-0.418090399354696,-0.32160809636116,
1876,0.92,-0.426130599342287,-0.361809108406305,
1877,0.921024,-0.434170799329877,-0.361809108406305,
1878,0.922048,-0.442210999317467,-0.361809108406305,
1879,0.923072,-0.458291399292648,-0.361809108406305,
1880,0.924096,-0.458291399292648,-0.40201012045145,
1881,0.92512,-0.458291399292648,-0.442211132496595,
1882,0.926144,-0.466331599280238,-0.40201012045145,
1883,0.927168,-0.482411999255419,-0.40201012045145,
1884,0.928192,-0.474371799267828,-0.442211132496595,
1885,0.929216,-0.482411999255419,-0.40201012045145,
1886,0.93024,-0.490452199243009,-0.48241214454174,
1887,0.931264,-0.498492399230599,-0.442211132496595,
1888,0.932288,-0.498492399230599,-0.442211132496595,
1889,0.933312,-0.498492399230599,-0.40201012045145,
1890,0.934336,-0.498492399230599,-0.48241214454174,
1891,0.93536,-0.50653259921819,-0.48241214454174,
1892,0.936384,-0.498492399230599,-0.442211132496595,
1893,0.937408,-0.50653259921819,-0.48241214454174,
1894,0.938432,-0.50653259921819,-0.48241214454174,
1895,0.939456,-0.50653259921819,-0.48241214454174,
1896,0.94048,-0.50653259921819,-0.522613156586885,
1897,0.941504,-0.498492399230599,-0.48241214454174,
1898,0.942528,-0.498492399230599,-0.48241214454174,
1899,0.943552,-0.498492399230599,-0.522613156586885,
1900,0.944576,-0.498492399230599,-0.522613156586885,
1901,0.9456,-0.490452199243009,-0.48241214454174,
1902,0.946624,-0.490452199243009,-0.522613156586885,
1903,0.947648,-0.490452199243009,-0.522613156586885,
1904,0.948672,-0.482411999255419,-0.56281416863203,
1905,0.949696,-0.474371799267828,-0.48241214454174,
1906,0.95072,-0.474371799267828,-0.48241214454174,
1907,0.951744,-0.466331599280238,-0.522613156586885,
1908,0.952768,-0.458291399292648,-0.48241214454174,
1909,0.953792,-0.450251199305058,-0.522613156586885,
1910,0.954816,-0.442210999317467,-0.522613156586885,
1911,0.95584,-0.434170799329877,-0.48241214454174,
1912,0.956864,-0.426130599342287,-0.48241214454174,
1913,0.957888,-0.418090399354696,-0.48241214454174,
1914,0.958912,-0.402009999379516,-0.48241214454174,
1915,0.959936,-0.393969799391925,-0.48241214454174,
1916,0.96096,-0.385929599404335,-0.48241214454174,
1917,0.961984,-0.385929599404335,-0.442211132496595,
1918,0.963008,-0.369849199429154,-0.442211132496595,
1919,0.964032,-0.353768799453974,-0.442211132496595,
1920,0.965056,-0.353768799453974,-0.40201012045145,
1921,0.96608,-0.329648199491203,-0.40201012045145,
1922,0.967104,-0.313567799516022,-0.442211132496595,
1923,0.968128,-0.313567799516022,-0.40201012045145,
1924,0.969152,-0.281406999565661,-0.40201012045145,
1925,0.970176,-0.273366799578071,-0.40201012045145,
1926,0.9712,-0.26532659959048,-0.361809108406305,
1927,0.972224,-0.25728639960289,-0.40201012045145,
1928,0.973248,-0.233165799640119,-0.361809108406305,
1929,0.974272,-0.225125599652529,-0.361809108406305,
1930,0.975296,-0.209045199677348,-0.361809108406305,
1931,0.97632,-0.192964799702168,-0.361809108406305,
1932,0.977344,-0.184924599714577,-0.32160809636116,
1933,0.978368,-0.152763799764216,-0.32160809636116,
1934,0.979392,-0.144723599776626,-0.281407084316015,
1935,0.980416,-0.136683399789035,-0.281407084316015,
1936,0.98144,-0.120602999813855,-0.281407084316015,
1937,0.982464,-0.104522599838674,-0.24120607227087,
1938,0.983488,-0.0964823998510838,-0.24120607227087,
1939,0.984512,-0.0723617998883128,-0.201005060225725,
1940,0.985536,-0.0562813999131322,-0.201005060225725,
1941,0.98656,-0.0321607999503613,-0.16080404818058,
1942,0.987584,-0.0321607999503613,-0.201005060225725,
1943,0.988608,0,-0.16080404818058,
1944,0.989632,0.00804019998759031,-0.16080404818058,
1945,0.990656,0.0241205999627709,-0.120603036135435,
1946,0.99168,0.0482411999255419,-0.120603036135435,
1947,0.992704,0.0482411999255419,-0.120603036135435,
1948,0.993728,0.0804019998759031,-0.120603036135435,
1949,0.994752,0.0884421998634934,-0.0804020240902901,
1950,0.995776,0.104522599838674,-0.0804020240902901,
1951,0.9968,0.120602999813855,-0.040201012045145,
1952,0.997824,0.128643199801445,-0.040201012045145,
1953,0.998848,0.160803999751806,-0.040201012045145,
