Model: ,Oscilloscope DSO-X 1102G
Serial Number:,CN57246464
Address: ,USBInstrument3
Date: ,2026-09-28 16:16:32

Sample Number,Time (s),1 (VOLT),2 (VOLT),
1,-0.25,-0.184924599714577,0.924623277038336,
2,-0.249744,-0.201004999689758,0.964824289083481,
3,-0.249488,-0.233165799640119,0.964824289083481,
4,-0.249232,-0.2492461996153,0.924623277038336,
5,-0.248976,-0.273366799578071,0.884422264993191,
6,-0.24872,-0.289447199553251,0.924623277038336,
7,-0.248464,-0.313567799516022,0.884422264993191,
8,-0.248208,-0.337688399478793,0.844221252948046,
9,-0.247952,-0.353768799453974,0.884422264993191,
10,-0.247696,-0.369849199429154,0.844221252948046,
11,-0.24744,-0.377889399416745,0.804020240902901,
12,-0.247184,-0.385929599404335,0.763819228857756,
13,-0.246928,-0.418090399354696,0.723618216812611,
14,-0.246672,-0.426130599342287,0.683417204767466,
15,-0.246416,-0.434170799329877,0.683417204767466,
16,-0.24616,-0.450251199305058,0.643216192722321,
17,-0.245904,-0.466331599280238,0.603015180677176,
18,-0.245648,-0.466331599280238,0.522613156586885,
19,-0.245392,-0.466331599280238,0.522613156586885,
20,-0.245136,-0.482411999255419,0.48241214454174,
21,-0.24488,-0.498492399230599,0.40201012045145,
22,-0.244624,-0.498492399230599,0.361809108406305,
23,-0.244368,-0.50653259921819,0.32160809636116,
24,-0.244112,-0.498492399230599,0.281407084316015,
25,-0.243856,-0.51457279920578,0.24120607227087,
26,-0.2436,-0.50653259921819,0.16080404818058,
27,-0.243344,-0.50653259921819,0.120603036135435,
28,-0.243088,-0.498492399230599,0.0804020240902901,
29,-0.242832,-0.498492399230599,0.040201012045145,
30,-0.242576,-0.498492399230599,0,
31,-0.24232,-0.490452199243009,-0.040201012045145,
32,-0.242064,-0.482411999255419,-0.0804020240902901,
33,-0.241808,-0.482411999255419,-0.16080404818058,
34,-0.241552,-0.466331599280238,-0.201005060225725,
35,-0.241296,-0.458291399292648,-0.24120607227087,
36,-0.24104,-0.442210999317467,-0.32160809636116,
37,-0.240784,-0.434170799329877,-0.32160809636116,
38,-0.240528,-0.418090399354696,-0.40201012045145,
39,-0.240272,-0.410050199367106,-0.40201012045145,
40,-0.240016,-0.393969799391925,-0.48241214454174,
41,-0.23976,-0.369849199429154,-0.48241214454174,
42,-0.239504,-0.361808999441564,-0.56281416863203,
43,-0.239248,-0.345728599466383,-0.603015180677176,
44,-0.238992,-0.329648199491203,-0.603015180677176,
45,-0.238736,-0.313567799516022,-0.643216192722321,
46,-0.23848,-0.281406999565661,-0.683417204767466,
47,-0.238224,-0.273366799578071,-0.723618216812611,
48,-0.237968,-0.241205999627709,-0.804020240902901,
49,-0.237712,-0.225125599652529,-0.804020240902901,
50,-0.237456,-0.201004999689758,-0.804020240902901,
51,-0.2372,-0.184924599714577,-0.884422264993191,
52,-0.236944,-0.160803999751806,-0.924623277038336,
53,-0.236688,-0.128643199801445,-0.924623277038336,
54,-0.236432,-0.112562799826264,-0.924623277038336,
55,-0.236176,-0.0884421998634934,-0.964824289083481,
56,-0.23592,-0.0643215999007225,-0.964824289083481,
57,-0.235664,-0.0402009999379516,-0.964824289083481,
58,-0.235408,-0.0160803999751806,-1.00502530112863,
59,-0.235152,0.00804019998759031,-1.00502530112863,
60,-0.234896,0.0321607999503613,-1.00502530112863,
61,-0.23464,0.0482411999255419,-1.00502530112863,
62,-0.234384,0.0804019998759031,-1.04522631317377,
63,-0.234128,0.0964823998510838,-1.00502530112863,
64,-0.233872,0.128643199801445,-1.04522631317377,
65,-0.233616,0.160803999751806,-1.00502530112863,
66,-0.23336,0.184924599714577,-1.04522631317377,
67,-0.233104,0.192964799702168,-1.04522631317377,
68,-0.232848,0.217085399664938,-1.00502530112863,
69,-0.232592,0.233165799640119,-0.964824289083481,
70,-0.232336,0.25728639960289,-1.00502530112863,
71,-0.23208,0.281406999565661,-0.964824289083481,
72,-0.231824,0.305527599528432,-0.964824289083481,
73,-0.231568,0.313567799516022,-0.884422264993191,
74,-0.231312,0.337688399478793,-0.884422264993191,
75,-0.231056,0.345728599466383,-0.844221252948046,
76,-0.2308,0.369849199429154,-0.844221252948046,
77,-0.230544,0.377889399416745,-0.804020240902901,
78,-0.230288,0.402009999379516,-0.804020240902901,
79,-0.230032,0.410050199367106,-0.763819228857756,
80,-0.229776,0.426130599342287,-0.723618216812611,
81,-0.22952,0.434170799329877,-0.723618216812611,
82,-0.229264,0.450251199305058,-0.683417204767466,
83,-0.229008,0.458291399292648,-0.603015180677176,
84,-0.228752,0.466331599280238,-0.56281416863203,
85,-0.228496,0.474371799267828,-0.522613156586885,
86,-0.22824,0.466331599280238,-0.48241214454174,
87,-0.227984,0.482411999255419,-0.442211132496595,
88,-0.227728,0.490452199243009,-0.40201012045145,
89,-0.227472,0.490452199243009,-0.32160809636116,
90,-0.227216,0.498492399230599,-0.281407084316015,
91,-0.22696,0.498492399230599,-0.24120607227087,
92,-0.226704,0.498492399230599,-0.201005060225725,
93,-0.226448,0.490452199243009,-0.16080404818058,
94,-0.226192,0.482411999255419,-0.0804020240902901,
95,-0.225936,0.482411999255419,-0.0804020240902901,
96,-0.22568,0.482411999255419,-0.040201012045145,
97,-0.225424,0.466331599280238,0.040201012045145,
98,-0.225168,0.466331599280238,0.0804020240902901,
99,-0.224912,0.458291399292648,0.0804020240902901,
100,-0.224656,0.450251199305058,0.201005060225725,
101,-0.2244,0.434170799329877,0.24120607227087,
102,-0.224144,0.418090399354696,0.281407084316015,
103,-0.223888,0.418090399354696,0.32160809636116,
104,-0.223632,0.402009999379516,0.32160809636116,
105,-0.223376,0.385929599404335,0.40201012045145,
106,-0.22312,0.361808999441564,0.442211132496595,
107,-0.222864,0.353768799453974,0.48241214454174,
108,-0.222608,0.337688399478793,0.56281416863203,
109,-0.222352,0.321607999503613,0.56281416863203,
110,-0.222096,0.297487399540842,0.603015180677176,
111,-0.22184,0.281406999565661,0.643216192722321,
112,-0.221584,0.25728639960289,0.683417204767466,
113,-0.221328,0.233165799640119,0.643216192722321,
114,-0.221072,0.217085399664938,0.763819228857756,
115,-0.220816,0.184924599714577,0.763819228857756,
116,-0.22056,0.168844199739397,0.804020240902901,
117,-0.220304,0.152763799764216,0.804020240902901,
118,-0.220048,0.128643199801445,0.844221252948046,
119,-0.219792,0.104522599838674,0.884422264993191,
120,-0.219536,0.0723617998883128,0.884422264993191,
121,-0.21928,0.0402009999379516,0.884422264993191,
122,-0.219024,0.0321607999503613,0.924623277038336,
123,-0.218768,0.00804019998759031,0.964824289083481,
124,-0.218512,-0.00804019998759031,0.964824289083481,
125,-0.218256,-0.0402009999379516,1.00502530112863,
126,-0.218,-0.0643215999007225,0.964824289083481,
127,-0.217744,-0.0884421998634934,0.964824289083481,
128,-0.217488,-0.104522599838674,0.964824289083481,
129,-0.217232,-0.128643199801445,0.924623277038336,
130,-0.216976,-0.152763799764216,0.924623277038336,
131,-0.21672,-0.176884399726987,0.964824289083481,
132,-0.216464,-0.201004999689758,0.964824289083481,
133,-0.216208,-0.225125599652529,0.964824289083481,
134,-0.215952,-0.2492461996153,0.924623277038336,
135,-0.215696,-0.26532659959048,0.924623277038336,
136,-0.21544,-0.289447199553251,0.884422264993191,
137,-0.215184,-0.305527599528432,0.884422264993191,
138,-0.214928,-0.329648199491203,0.844221252948046,
139,-0.214672,-0.345728599466383,0.804020240902901,
140,-0.214416,-0.353768799453974,0.844221252948046,
141,-0.21416,-0.385929599404335,0.804020240902901,
142,-0.213904,-0.393969799391925,0.763819228857756,
143,-0.213648,-0.410050199367106,0.723618216812611,
144,-0.213392,-0.426130599342287,0.683417204767466,
145,-0.213136,-0.434170799329877,0.683417204767466,
146,-0.21288,-0.442210999317467,0.643216192722321,
147,-0.212624,-0.458291399292648,0.603015180677176,
148,-0.212368,-0.474371799267828,0.522613156586885,
149,-0.212112,-0.474371799267828,0.522613156586885,
150,-0.211856,-0.474371799267828,0.48241214454174,
151,-0.2116,-0.498492399230599,0.442211132496595,
152,-0.211344,-0.490452199243009,0.361809108406305,
153,-0.211088,-0.50653259921819,0.361809108406305,
154,-0.210832,-0.50653259921819,0.281407084316015,
155,-0.210576,-0.50653259921819,0.24120607227087,
156,-0.21032,-0.50653259921819,0.201005060225725,
157,-0.210064,-0.50653259921819,0.120603036135435,
158,-0.209808,-0.50653259921819,0.120603036135435,
159,-0.209552,-0.498492399230599,0.0804020240902901,
160,-0.209296,-0.498492399230599,0,
161,-0.20904,-0.490452199243009,0,
162,-0.208784,-0.490452199243009,-0.120603036135435,
163,-0.208528,-0.474371799267828,-0.120603036135435,
164,-0.208272,-0.466331599280238,-0.16080404818058,
165,-0.208016,-0.466331599280238,-0.24120607227087,
166,-0.20776,-0.442210999317467,-0.281407084316015,
167,-0.207504,-0.434170799329877,-0.32160809636116,
168,-0.207248,-0.426130599342287,-0.361809108406305,
169,-0.206992,-0.418090399354696,-0.40201012045145,
170,-0.206736,-0.393969799391925,-0.48241214454174,
171,-0.20648,-0.385929599404335,-0.522613156586885,
172,-0.206224,-0.369849199429154,-0.522613156586885,
173,-0.205968,-0.353768799453974,-0.56281416863203,
174,-0.205712,-0.329648199491203,-0.643216192722321,
175,-0.205456,-0.313567799516022,-0.683417204767466,
176,-0.2052,-0.297487399540842,-0.723618216812611,
177,-0.204944,-0.273366799578071,-0.804020240902901,
178,-0.204688,-0.2492461996153,-0.804020240902901,
179,-0.204432,-0.225125599652529,-0.804020240902901,
180,-0.204176,-0.209045199677348,-0.844221252948046,
181,-0.20392,-0.184924599714577,-0.884422264993191,
182,-0.203664,-0.168844199739397,-0.884422264993191,
183,-0.203408,-0.136683399789035,-0.924623277038336,
184,-0.203152,-0.112562799826264,-0.924623277038336,
185,-0.202896,-0.0884421998634934,-0.924623277038336,
186,-0.20264,-0.0643215999007225,-0.964824289083481,
187,-0.202384,-0.0482411999255419,-0.964824289083481,
188,-0.202128,-0.0241205999627709,-1.00502530112863,
189,-0.201872,0,-1.04522631317377,
190,-0.201616,0.0241205999627709,-1.04522631317377,
191,-0.20136,0.0482411999255419,-1.00502530112863,
192,-0.201104,0.0804019998759031,-1.00502530112863,
193,-0.200848,0.0964823998510838,-1.04522631317377,
194,-0.200592,0.120602999813855,-1.00502530112863,
195,-0.200336,0.136683399789035,-1.04522631317377,
196,-0.20008,0.168844199739397,-1.04522631317377,
197,-0.199824,0.192964799702168,-1.00502530112863,
198,-0.199568,0.209045199677348,-0.964824289083481,
199,-0.199312,0.233165799640119,-1.00502530112863,
200,-0.199056,0.25728639960289,-1.00502530112863,
201,-0.1988,0.281406999565661,-1.00502530112863,
202,-0.198544,0.297487399540842,-0.964824289083481,
203,-0.198288,0.313567799516022,-0.884422264993191,
204,-0.198032,0.337688399478793,-0.884422264993191,
205,-0.197776,0.353768799453974,-0.924623277038336,
206,-0.19752,0.361808999441564,-0.844221252948046,
207,-0.197264,0.377889399416745,-0.804020240902901,
208,-0.197008,0.402009999379516,-0.763819228857756,
209,-0.196752,0.402009999379516,-0.723618216812611,
210,-0.196496,0.418090399354696,-0.723618216812611,
211,-0.19624,0.434170799329877,-0.683417204767466,
212,-0.195984,0.450251199305058,-0.643216192722321,
213,-0.195728,0.458291399292648,-0.603015180677176,
214,-0.195472,0.466331599280238,-0.56281416863203,
215,-0.195216,0.474371799267828,-0.522613156586885,
216,-0.19496,0.490452199243009,-0.522613156586885,
217,-0.194704,0.482411999255419,-0.442211132496595,
218,-0.194448,0.490452199243009,-0.40201012045145,
219,-0.194192,0.490452199243009,-0.361809108406305,
220,-0.193936,0.490452199243009,-0.32160809636116,
221,-0.19368,0.498492399230599,-0.24120607227087,
222,-0.193424,0.490452199243009,-0.201005060225725,
223,-0.193168,0.482411999255419,-0.201005060225725,
224,-0.192912,0.490452199243009,-0.120603036135435,
225,-0.192656,0.498492399230599,-0.040201012045145,
226,-0.1924,0.474371799267828,-0.0804020240902901,
227,-0.192144,0.466331599280238,0,
228,-0.191888,0.466331599280238,0.0804020240902901,
229,-0.191632,0.458291399292648,0.0804020240902901,
230,-0.191376,0.442210999317467,0.16080404818058,
231,-0.19112,0.442210999317467,0.201005060225725,
232,-0.190864,0.426130599342287,0.24120607227087,
233,-0.190608,0.410050199367106,0.32160809636116,
234,-0.190352,0.402009999379516,0.281407084316015,
235,-0.190096,0.385929599404335,0.361809108406305,
236,-0.18984,0.369849199429154,0.442211132496595,
237,-0.189584,0.353768799453974,0.442211132496595,
238,-0.189328,0.337688399478793,0.48241214454174,
239,-0.189072,0.321607999503613,0.56281416863203,
240,-0.188816,0.305527599528432,0.603015180677176,
241,-0.18856,0.281406999565661,0.643216192722321,
242,-0.188304,0.26532659959048,0.643216192722321,
243,-0.188048,0.241205999627709,0.683417204767466,
244,-0.187792,0.225125599652529,0.723618216812611,
245,-0.187536,0.209045199677348,0.763819228857756,
246,-0.18728,0.176884399726987,0.804020240902901,
247,-0.187024,0.160803999751806,0.844221252948046,
248,-0.186768,0.136683399789035,0.844221252948046,
249,-0.186512,0.104522599838674,0.844221252948046,
250,-0.186256,0.0884421998634934,0.844221252948046,
251,-0.186,0.0643215999007225,0.924623277038336,
252,-0.185744,0.0321607999503613,0.884422264993191,
253,-0.185488,0.0160803999751806,0.964824289083481,
254,-0.185232,-0.0160803999751806,0.964824289083481,
255,-0.184976,-0.0402009999379516,0.964824289083481,
256,-0.18472,-0.0562813999131322,0.964824289083481,
257,-0.184464,-0.0804019998759031,1.00502530112863,
258,-0.184208,-0.104522599838674,0.924623277038336,
259,-0.183952,-0.128643199801445,1.00502530112863,
260,-0.183696,-0.152763799764216,1.00502530112863,
261,-0.18344,-0.176884399726987,0.964824289083481,
262,-0.183184,-0.201004999689758,0.884422264993191,
263,-0.182928,-0.225125599652529,0.964824289083481,
264,-0.182672,-0.241205999627709,0.924623277038336,
265,-0.182416,-0.26532659959048,0.924623277038336,
266,-0.18216,-0.281406999565661,0.884422264993191,
267,-0.181904,-0.297487399540842,0.884422264993191,
268,-0.181648,-0.321607999503613,0.844221252948046,
269,-0.181392,-0.337688399478793,0.804020240902901,
270,-0.181136,-0.353768799453974,0.804020240902901,
271,-0.18088,-0.369849199429154,0.804020240902901,
272,-0.180624,-0.385929599404335,0.763819228857756,
273,-0.180368,-0.418090399354696,0.723618216812611,
274,-0.180112,-0.418090399354696,0.683417204767466,
275,-0.179856,-0.434170799329877,0.643216192722321,
276,-0.1796,-0.442210999317467,0.643216192722321,
277,-0.179344,-0.466331599280238,0.603015180677176,
278,-0.179088,-0.466331599280238,0.56281416863203,
279,-0.178832,-0.474371799267828,0.522613156586885,
280,-0.178576,-0.474371799267828,0.522613156586885,
281,-0.17832,-0.490452199243009,0.442211132496595,
282,-0.178064,-0.498492399230599,0.40201012045145,
283,-0.177808,-0.498492399230599,0.361809108406305,
284,-0.177552,-0.498492399230599,0.32160809636116,
285,-0.177296,-0.50653259921819,0.24120607227087,
286,-0.17704,-0.498492399230599,0.201005060225725,
287,-0.176784,-0.50653259921819,0.120603036135435,
288,-0.176528,-0.50653259921819,0.120603036135435,
289,-0.176272,-0.498492399230599,0.0804020240902901,
290,-0.176016,-0.498492399230599,0.040201012045145,
291,-0.17576,-0.490452199243009,-0.040201012045145,
292,-0.175504,-0.482411999255419,-0.0804020240902901,
293,-0.175248,-0.482411999255419,-0.120603036135435,
294,-0.174992,-0.474371799267828,-0.201005060225725,
295,-0.174736,-0.466331599280238,-0.24120607227087,
296,-0.17448,-0.450251199305058,-0.24120607227087,
297,-0.174224,-0.434170799329877,-0.32160809636116,
298,-0.173968,-0.426130599342287,-0.361809108406305,
299,-0.173712,-0.410050199367106,-0.40201012045145,
300,-0.173456,-0.402009999379516,-0.48241214454174,
301,-0.1732,-0.385929599404335,-0.48241214454174,
302,-0.172944,-0.369849199429154,-0.522613156586885,
303,-0.172688,-0.353768799453974,-0.56281416863203,
304,-0.172432,-0.329648199491203,-0.56281416863203,
305,-0.172176,-0.313567799516022,-0.643216192722321,
306,-0.17192,-0.297487399540842,-0.723618216812611,
307,-0.171664,-0.273366799578071,-0.763819228857756,
308,-0.171408,-0.25728639960289,-0.763819228857756,
309,-0.171152,-0.225125599652529,-0.804020240902901,
310,-0.170896,-0.225125599652529,-0.844221252948046,
311,-0.17064,-0.184924599714577,-0.844221252948046,
312,-0.170384,-0.176884399726987,-0.884422264993191,
313,-0.170128,-0.144723599776626,-0.884422264993191,
314,-0.169872,-0.120602999813855,-0.924623277038336,
315,-0.169616,-0.0964823998510838,-0.964824289083481,
316,-0.16936,-0.0643215999007225,-1.00502530112863,
317,-0.169104,-0.0402009999379516,-0.964824289083481,
318,-0.168848,-0.0321607999503613,-0.964824289083481,
319,-0.168592,0.00804019998759031,-1.00502530112863,
320,-0.168336,0.0241205999627709,-1.04522631317377,
321,-0.16808,0.0402009999379516,-1.04522631317377,
322,-0.167824,0.0643215999007225,-1.04522631317377,
323,-0.167568,0.0964823998510838,-1.00502530112863,
324,-0.167312,0.112562799826264,-1.00502530112863,
325,-0.167056,0.144723599776626,-1.00502530112863,
326,-0.1668,0.168844199739397,-1.00502530112863,
327,-0.166544,0.184924599714577,-1.04522631317377,
328,-0.166288,0.209045199677348,-1.00502530112863,
329,-0.166032,0.225125599652529,-1.00502530112863,
330,-0.165776,0.2492461996153,-1.00502530112863,
331,-0.16552,0.26532659959048,-1.00502530112863,
332,-0.165264,0.289447199553251,-0.964824289083481,
333,-0.165008,0.313567799516022,-0.924623277038336,
334,-0.164752,0.329648199491203,-0.924623277038336,
335,-0.164496,0.353768799453974,-0.884422264993191,
336,-0.16424,0.361808999441564,-0.844221252948046,
337,-0.163984,0.369849199429154,-0.844221252948046,
338,-0.163728,0.393969799391925,-0.763819228857756,
339,-0.163472,0.402009999379516,-0.763819228857756,
340,-0.163216,0.426130599342287,-0.723618216812611,
341,-0.16296,0.434170799329877,-0.723618216812611,
342,-0.162704,0.442210999317467,-0.643216192722321,
343,-0.162448,0.450251199305058,-0.643216192722321,
344,-0.162192,0.466331599280238,-0.603015180677176,
345,-0.161936,0.474371799267828,-0.56281416863203,
346,-0.16168,0.482411999255419,-0.48241214454174,
347,-0.161424,0.474371799267828,-0.442211132496595,
348,-0.161168,0.482411999255419,-0.442211132496595,
349,-0.160912,0.482411999255419,-0.361809108406305,
350,-0.160656,0.498492399230599,-0.32160809636116,
351,-0.1604,0.490452199243009,-0.281407084316015,
352,-0.160144,0.490452199243009,-0.24120607227087,
353,-0.159888,0.498492399230599,-0.16080404818058,
354,-0.159632,0.490452199243009,-0.120603036135435,
355,-0.159376,0.482411999255419,-0.0804020240902901,
356,-0.15912,0.482411999255419,-0.040201012045145,
357,-0.158864,0.474371799267828,0,
358,-0.158608,0.474371799267828,0.040201012045145,
359,-0.158352,0.466331599280238,0.120603036135435,
360,-0.158096,0.458291399292648,0.16080404818058,
361,-0.15784,0.434170799329877,0.201005060225725,
362,-0.157584,0.434170799329877,0.24120607227087,
363,-0.157328,0.426130599342287,0.281407084316015,
364,-0.157072,0.402009999379516,0.32160809636116,
365,-0.156816,0.393969799391925,0.40201012045145,
366,-0.15656,0.369849199429154,0.40201012045145,
367,-0.156304,0.361808999441564,0.48241214454174,
368,-0.156048,0.345728599466383,0.522613156586885,
369,-0.155792,0.321607999503613,0.522613156586885,
370,-0.155536,0.305527599528432,0.603015180677176,
371,-0.15528,0.289447199553251,0.603015180677176,
372,-0.155024,0.26532659959048,0.643216192722321,
373,-0.154768,0.2492461996153,0.723618216812611,
374,-0.154512,0.233165799640119,0.723618216812611,
375,-0.154256,0.209045199677348,0.763819228857756,
376,-0.154,0.184924599714577,0.844221252948046,
377,-0.153744,0.152763799764216,0.844221252948046,
378,-0.153488,0.144723599776626,0.844221252948046,
379,-0.153232,0.112562799826264,0.884422264993191,
380,-0.152976,0.0884421998634934,0.884422264993191,
381,-0.15272,0.0643215999007225,0.884422264993191,
382,-0.152464,0.0402009999379516,0.884422264993191,
383,-0.152208,0.0241205999627709,0.924623277038336,
384,-0.151952,-0.00804019998759031,0.964824289083481,
385,-0.151696,-0.0241205999627709,0.964824289083481,
386,-0.15144,-0.0562813999131322,1.00502530112863,
387,-0.151184,-0.0804019998759031,1.00502530112863,
388,-0.150928,-0.104522599838674,1.00502530112863,
389,-0.150672,-0.128643199801445,0.964824289083481,
390,-0.150416,-0.152763799764216,0.964824289083481,
391,-0.15016,-0.168844199739397,0.964824289083481,
392,-0.149904,-0.192964799702168,0.964824289083481,
393,-0.149648,-0.225125599652529,0.924623277038336,
394,-0.149392,-0.241205999627709,0.964824289083481,
395,-0.149136,-0.25728639960289,0.924623277038336,
396,-0.14888,-0.281406999565661,0.924623277038336,
397,-0.148624,-0.297487399540842,0.924623277038336,
398,-0.148368,-0.329648199491203,0.884422264993191,
399,-0.148112,-0.337688399478793,0.804020240902901,
400,-0.147856,-0.353768799453974,0.763819228857756,
401,-0.1476,-0.377889399416745,0.763819228857756,
402,-0.147344,-0.393969799391925,0.763819228857756,
403,-0.147088,-0.402009999379516,0.804020240902901,
404,-0.146832,-0.426130599342287,0.683417204767466,
405,-0.146576,-0.442210999317467,0.643216192722321,
406,-0.14632,-0.442210999317467,0.643216192722321,
407,-0.146064,-0.458291399292648,0.603015180677176,
408,-0.145808,-0.466331599280238,0.56281416863203,
409,-0.145552,-0.474371799267828,0.48241214454174,
410,-0.145296,-0.482411999255419,0.522613156586885,
411,-0.14504,-0.490452199243009,0.442211132496595,
412,-0.144784,-0.490452199243009,0.40201012045145,
413,-0.144528,-0.498492399230599,0.361809108406305,
414,-0.144272,-0.498492399230599,0.281407084316015,
415,-0.144016,-0.50653259921819,0.24120607227087,
416,-0.14376,-0.50653259921819,0.201005060225725,
417,-0.143504,-0.50653259921819,0.16080404818058,
418,-0.143248,-0.50653259921819,0.0804020240902901,
419,-0.142992,-0.498492399230599,0.0804020240902901,
420,-0.142736,-0.498492399230599,0,
421,-0.14248,-0.490452199243009,-0.040201012045145,
422,-0.142224,-0.482411999255419,-0.040201012045145,
423,-0.141968,-0.482411999255419,-0.120603036135435,
424,-0.141712,-0.474371799267828,-0.16080404818058,
425,-0.141456,-0.458291399292648,-0.201005060225725,
426,-0.1412,-0.442210999317467,-0.281407084316015,
427,-0.140944,-0.434170799329877,-0.281407084316015,
428,-0.140688,-0.434170799329877,-0.361809108406305,
429,-0.140432,-0.418090399354696,-0.40201012045145,
430,-0.140176,-0.393969799391925,-0.40201012045145,
431,-0.13992,-0.393969799391925,-0.522613156586885,
432,-0.139664,-0.369849199429154,-0.48241214454174,
433,-0.139408,-0.353768799453974,-0.56281416863203,
434,-0.139152,-0.337688399478793,-0.643216192722321,
435,-0.138896,-0.321607999503613,-0.643216192722321,
436,-0.13864,-0.297487399540842,-0.683417204767466,
437,-0.138384,-0.281406999565661,-0.723618216812611,
438,-0.138128,-0.2492461996153,-0.723618216812611,
439,-0.137872,-0.241205999627709,-0.804020240902901,
440,-0.137616,-0.217085399664938,-0.844221252948046,
441,-0.13736,-0.201004999689758,-0.844221252948046,
442,-0.137104,-0.168844199739397,-0.884422264993191,
443,-0.136848,-0.144723599776626,-0.884422264993191,
444,-0.136592,-0.128643199801445,-0.924623277038336,
445,-0.136336,-0.104522599838674,-0.964824289083481,
446,-0.13608,-0.0804019998759031,-0.964824289083481,
447,-0.135824,-0.0562813999131322,-1.00502530112863,
448,-0.135568,-0.0321607999503613,-1.00502530112863,
449,-0.135312,-0.00804019998759031,-1.00502530112863,
450,-0.135056,0.0160803999751806,-1.00502530112863,
451,-0.1348,0.0402009999379516,-1.04522631317377,
452,-0.134544,0.0562813999131322,-1.04522631317377,
453,-0.134288,0.0804019998759031,-1.04522631317377,
454,-0.134032,0.112562799826264,-1.00502530112863,
455,-0.133776,0.136683399789035,-1.04522631317377,
456,-0.13352,0.152763799764216,-1.04522631317377,
457,-0.133264,0.176884399726987,-1.00502530112863,
458,-0.133008,0.209045199677348,-0.964824289083481,
459,-0.132752,0.225125599652529,-1.00502530112863,
460,-0.132496,0.2492461996153,-0.964824289083481,
461,-0.13224,0.25728639960289,-0.964824289083481,
462,-0.131984,0.289447199553251,-0.964824289083481,
463,-0.131728,0.313567799516022,-0.924623277038336,
464,-0.131472,0.329648199491203,-0.884422264993191,
465,-0.131216,0.337688399478793,-0.924623277038336,
466,-0.13096,0.353768799453974,-0.884422264993191,
467,-0.130704,0.377889399416745,-0.844221252948046,
468,-0.130448,0.393969799391925,-0.804020240902901,
469,-0.130192,0.410050199367106,-0.763819228857756,
470,-0.129936,0.418090399354696,-0.723618216812611,
471,-0.12968,0.426130599342287,-0.723618216812611,
472,-0.129424,0.442210999317467,-0.643216192722321,
473,-0.129168,0.458291399292648,-0.643216192722321,
474,-0.128912,0.458291399292648,-0.56281416863203,
475,-0.128656,0.466331599280238,-0.56281416863203,
476,-0.1284,0.474371799267828,-0.48241214454174,
477,-0.128144,0.482411999255419,-0.442211132496595,
478,-0.127888,0.490452199243009,-0.442211132496595,
479,-0.127632,0.490452199243009,-0.40201012045145,
480,-0.127376,0.490452199243009,-0.32160809636116,
481,-0.12712,0.490452199243009,-0.281407084316015,
482,-0.126864,0.498492399230599,-0.24120607227087,
483,-0.126608,0.490452199243009,-0.16080404818058,
484,-0.126352,0.482411999255419,-0.120603036135435,
485,-0.126096,0.482411999255419,-0.0804020240902901,
486,-0.12584,0.482411999255419,0,
487,-0.125584,0.482411999255419,-0.040201012045145,
488,-0.125328,0.474371799267828,0,
489,-0.125072,0.458291399292648,0.0804020240902901,
490,-0.124816,0.450251199305058,0.201005060225725,
491,-0.12456,0.450251199305058,0.16080404818058,
492,-0.124304,0.434170799329877,0.24120607227087,
493,-0.124048,0.418090399354696,0.281407084316015,
494,-0.123792,0.410050199367106,0.361809108406305,
495,-0.123536,0.385929599404335,0.40201012045145,
496,-0.12328,0.377889399416745,0.40201012045145,
497,-0.123024,0.353768799453974,0.48241214454174,
498,-0.122768,0.353768799453974,0.522613156586885,
499,-0.122512,0.329648199491203,0.522613156586885,
500,-0.122256,0.313567799516022,0.603015180677176,
501,-0.122,0.289447199553251,0.643216192722321,
502,-0.121744,0.26532659959048,0.643216192722321,
503,-0.121488,0.25728639960289,0.683417204767466,
504,-0.121232,0.225125599652529,0.723618216812611,
505,-0.120976,0.209045199677348,0.763819228857756,
506,-0.12072,0.184924599714577,0.844221252948046,
507,-0.120464,0.160803999751806,0.804020240902901,
508,-0.120208,0.144723599776626,0.844221252948046,
509,-0.119952,0.112562799826264,0.804020240902901,
510,-0.119696,0.0964823998510838,0.924623277038336,
511,-0.11944,0.0723617998883128,0.924623277038336,
512,-0.119184,0.0402009999379516,0.884422264993191,
513,-0.118928,0.0241205999627709,0.924623277038336,
514,-0.118672,0,0.924623277038336,
515,-0.118416,-0.0241205999627709,0.964824289083481,
516,-0.11816,-0.0482411999255419,1.00502530112863,
517,-0.117904,-0.0723617998883128,0.924623277038336,
518,-0.117648,-0.0884421998634934,0.964824289083481,
519,-0.117392,-0.128643199801445,1.00502530112863,
520,-0.117136,-0.144723599776626,0.964824289083481,
521,-0.11688,-0.160803999751806,0.924623277038336,
522,-0.116624,-0.192964799702168,0.964824289083481,
523,-0.116368,-0.209045199677348,0.924623277038336,
524,-0.116112,-0.233165799640119,0.924623277038336,
525,-0.115856,-0.25728639960289,0.924623277038336,
526,-0.1156,-0.273366799578071,0.924623277038336,
527,-0.115344,-0.305527599528432,0.884422264993191,
528,-0.115088,-0.313567799516022,0.884422264993191,
529,-0.114832,-0.329648199491203,0.884422264993191,
530,-0.114576,-0.353768799453974,0.844221252948046,
531,-0.11432,-0.377889399416745,0.804020240902901,
532,-0.114064,-0.385929599404335,0.804020240902901,
533,-0.113808,-0.402009999379516,0.763819228857756,
534,-0.113552,-0.402009999379516,0.763819228857756,
535,-0.113296,-0.426130599342287,0.683417204767466,
536,-0.11304,-0.434170799329877,0.643216192722321,
537,-0.112784,-0.450251199305058,0.643216192722321,
538,-0.112528,-0.466331599280238,0.56281416863203,
539,-0.112272,-0.466331599280238,0.56281416863203,
540,-0.112016,-0.482411999255419,0.48241214454174,
541,-0.11176,-0.482411999255419,0.442211132496595,
542,-0.111504,-0.498492399230599,0.40201012045145,
543,-0.111248,-0.498492399230599,0.32160809636116,
544,-0.110992,-0.498492399230599,0.32160809636116,
545,-0.110736,-0.51457279920578,0.281407084316015,
546,-0.11048,-0.51457279920578,0.24120607227087,
547,-0.110224,-0.50653259921819,0.16080404818058,
548,-0.109968,-0.498492399230599,0.16080404818058,
549,-0.109712,-0.50653259921819,0.0804020240902901,
550,-0.109456,-0.50653259921819,0.040201012045145,
551,-0.1092,-0.490452199243009,0,
552,-0.108944,-0.490452199243009,-0.040201012045145,
553,-0.108688,-0.490452199243009,-0.120603036135435,
554,-0.108432,-0.474371799267828,-0.16080404818058,
555,-0.108176,-0.466331599280238,-0.24120607227087,
556,-0.10792,-0.458291399292648,-0.24120607227087,
557,-0.107664,-0.450251199305058,-0.281407084316015,
558,-0.107408,-0.426130599342287,-0.32160809636116,
559,-0.107152,-0.418090399354696,-0.361809108406305,
560,-0.106896,-0.410050199367106,-0.40201012045145,
561,-0.10664,-0.393969799391925,-0.48241214454174,
562,-0.106384,-0.369849199429154,-0.522613156586885,
563,-0.106128,-0.361808999441564,-0.56281416863203,
564,-0.105872,-0.337688399478793,-0.56281416863203,
565,-0.105616,-0.321607999503613,-0.643216192722321,
566,-0.10536,-0.305527599528432,-0.683417204767466,
567,-0.105104,-0.273366799578071,-0.683417204767466,
568,-0.104848,-0.26532659959048,-0.723618216812611,
569,-0.104592,-0.241205999627709,-0.723618216812611,
570,-0.104336,-0.225125599652529,-0.844221252948046,
571,-0.10408,-0.192964799702168,-0.844221252948046,
572,-0.103824,-0.176884399726987,-0.844221252948046,
573,-0.103568,-0.160803999751806,-0.884422264993191,
574,-0.103312,-0.128643199801445,-0.924623277038336,
575,-0.103056,-0.104522599838674,-0.964824289083481,
576,-0.1028,-0.0804019998759031,-0.964824289083481,
577,-0.102544,-0.0643215999007225,-0.964824289083481,
578,-0.102288,-0.0321607999503613,-1.00502530112863,
579,-0.102032,-0.00804019998759031,-1.00502530112863,
580,-0.101776,0.0160803999751806,-1.00502530112863,
581,-0.10152,0.0402009999379516,-1.00502530112863,
582,-0.101264,0.0562813999131322,-1.04522631317377,
583,-0.101008,0.0804019998759031,-1.04522631317377,
584,-0.100752,0.104522599838674,-1.04522631317377,
585,-0.100496,0.128643199801445,-1.00502530112863,
586,-0.10024,0.160803999751806,-1.00502530112863,
587,-0.099984,0.176884399726987,-1.08542732521892,
588,-0.099728,0.201004999689758,-1.00502530112863,
589,-0.099472,0.217085399664938,-1.00502530112863,
590,-0.099216,0.241205999627709,-1.00502530112863,
591,-0.09896,0.25728639960289,-0.964824289083481,
592,-0.098704,0.281406999565661,-0.924623277038336,
593,-0.098448,0.305527599528432,-0.924623277038336,
594,-0.098192,0.329648199491203,-0.924623277038336,
595,-0.097936,0.337688399478793,-0.924623277038336,
596,-0.09768,0.353768799453974,-0.884422264993191,
597,-0.097424,0.377889399416745,-0.844221252948046,
598,-0.097168,0.385929599404335,-0.844221252948046,
599,-0.096912,0.402009999379516,-0.723618216812611,
600,-0.096656,0.418090399354696,-0.763819228857756,
601,-0.0964,0.426130599342287,-0.723618216812611,
602,-0.096144,0.442210999317467,-0.643216192722321,
603,-0.095888,0.442210999317467,-0.683417204767466,
604,-0.095632,0.466331599280238,-0.603015180677176,
605,-0.095376,0.466331599280238,-0.56281416863203,
606,-0.09512,0.482411999255419,-0.522613156586885,
607,-0.094864,0.474371799267828,-0.48241214454174,
608,-0.094608,0.490452199243009,-0.40201012045145,
609,-0.094352,0.490452199243009,-0.40201012045145,
610,-0.094096,0.498492399230599,-0.281407084316015,
611,-0.09384,0.498492399230599,-0.281407084316015,
612,-0.093584,0.490452199243009,-0.24120607227087,
613,-0.093328,0.482411999255419,-0.16080404818058,
614,-0.093072,0.490452199243009,-0.16080404818058,
615,-0.092816,0.498492399230599,-0.0804020240902901,
616,-0.09256,0.482411999255419,-0.040201012045145,
617,-0.092304,0.482411999255419,0,
618,-0.092048,0.474371799267828,0.040201012045145,
619,-0.091792,0.466331599280238,0.0804020240902901,
620,-0.091536,0.450251199305058,0.16080404818058,
621,-0.09128,0.450251199305058,0.16080404818058,
622,-0.091024,0.434170799329877,0.281407084316015,
623,-0.090768,0.434170799329877,0.24120607227087,
624,-0.090512,0.410050199367106,0.32160809636116,
625,-0.090256,0.402009999379516,0.361809108406305,
626,-0.09,0.385929599404335,0.40201012045145,
627,-0.089744,0.369849199429154,0.442211132496595,
628,-0.089488,0.353768799453974,0.48241214454174,
629,-0.089232,0.329648199491203,0.522613156586885,
630,-0.088976,0.313567799516022,0.56281416863203,
631,-0.08872,0.289447199553251,0.603015180677176,
632,-0.088464,0.281406999565661,0.643216192722321,
633,-0.088208,0.25728639960289,0.683417204767466,
634,-0.087952,0.241205999627709,0.723618216812611,
635,-0.087696,0.217085399664938,0.763819228857756,
636,-0.08744,0.192964799702168,0.763819228857756,
637,-0.087184,0.168844199739397,0.844221252948046,
638,-0.086928,0.144723599776626,0.844221252948046,
639,-0.086672,0.128643199801445,0.804020240902901,
640,-0.086416,0.0964823998510838,0.884422264993191,
641,-0.08616,0.0804019998759031,0.924623277038336,
642,-0.085904,0.0562813999131322,0.924623277038336,
643,-0.085648,0.0241205999627709,0.924623277038336,
644,-0.085392,0,0.924623277038336,
645,-0.085136,-0.0160803999751806,0.924623277038336,
646,-0.08488,-0.0482411999255419,0.964824289083481,
647,-0.084624,-0.0723617998883128,0.964824289083481,
648,-0.084368,-0.0884421998634934,1.00502530112863,
649,-0.084112,-0.104522599838674,0.964824289083481,
650,-0.083856,-0.144723599776626,0.964824289083481,
651,-0.0836,-0.160803999751806,0.964824289083481,
652,-0.083344,-0.176884399726987,0.964824289083481,
653,-0.083088,-0.209045199677348,0.964824289083481,
654,-0.082832,-0.225125599652529,0.924623277038336,
655,-0.082576,-0.2492461996153,0.924623277038336,
656,-0.08232,-0.26532659959048,0.884422264993191,
657,-0.082064,-0.289447199553251,0.884422264993191,
658,-0.081808,-0.305527599528432,0.884422264993191,
659,-0.081552,-0.321607999503613,0.844221252948046,
660,-0.081296,-0.353768799453974,0.844221252948046,
661,-0.08104,-0.369849199429154,0.804020240902901,
662,-0.080784,-0.385929599404335,0.804020240902901,
663,-0.080528,-0.402009999379516,0.763819228857756,
664,-0.080272,-0.410050199367106,0.683417204767466,
665,-0.080016,-0.426130599342287,0.643216192722321,
666,-0.07976,-0.434170799329877,0.643216192722321,
667,-0.079504,-0.442210999317467,0.643216192722321,
668,-0.079248,-0.466331599280238,0.603015180677176,
669,-0.078992,-0.474371799267828,0.522613156586885,
670,-0.078736,-0.474371799267828,0.522613156586885,
671,-0.07848,-0.490452199243009,0.48241214454174,
672,-0.078224,-0.490452199243009,0.442211132496595,
673,-0.077968,-0.498492399230599,0.40201012045145,
674,-0.077712,-0.498492399230599,0.361809108406305,
675,-0.077456,-0.50653259921819,0.281407084316015,
676,-0.0772,-0.498492399230599,0.24120607227087,
677,-0.076944,-0.50653259921819,0.16080404818058,
678,-0.076688,-0.50653259921819,0.120603036135435,
679,-0.076432,-0.50653259921819,0.120603036135435,
680,-0.076176,-0.498492399230599,0.040201012045145,
681,-0.07592,-0.498492399230599,-0.040201012045145,
682,-0.075664,-0.482411999255419,-0.040201012045145,
683,-0.075408,-0.490452199243009,-0.0804020240902901,
684,-0.075152,-0.474371799267828,-0.120603036135435,
685,-0.074896,-0.466331599280238,-0.201005060225725,
686,-0.07464,-0.458291399292648,-0.24120607227087,
687,-0.074384,-0.450251199305058,-0.281407084316015,
688,-0.074128,-0.442210999317467,-0.32160809636116,
689,-0.073872,-0.426130599342287,-0.40201012045145,
690,-0.073616,-0.410050199367106,-0.442211132496595,
691,-0.07336,-0.385929599404335,-0.442211132496595,
692,-0.073104,-0.377889399416745,-0.522613156586885,
693,-0.072848,-0.353768799453974,-0.56281416863203,
694,-0.072592,-0.345728599466383,-0.603015180677176,
695,-0.072336,-0.337688399478793,-0.603015180677176,
696,-0.07208,-0.313567799516022,-0.643216192722321,
697,-0.071824,-0.281406999565661,-0.723618216812611,
698,-0.071568,-0.273366799578071,-0.763819228857756,
699,-0.071312,-0.2492461996153,-0.763819228857756,
700,-0.071056,-0.217085399664938,-0.804020240902901,
701,-0.0708,-0.209045199677348,-0.804020240902901,
702,-0.070544,-0.184924599714577,-0.884422264993191,
703,-0.070288,-0.160803999751806,-0.884422264993191,
704,-0.070032,-0.136683399789035,-0.924623277038336,
705,-0.069776,-0.112562799826264,-0.924623277038336,
706,-0.06952,-0.0884421998634934,-0.964824289083481,
707,-0.069264,-0.0723617998883128,-0.964824289083481,
708,-0.069008,-0.0482411999255419,-1.00502530112863,
709,-0.068752,-0.0160803999751806,-1.00502530112863,
710,-0.068496,0,-1.00502530112863,
711,-0.06824,0.0321607999503613,-1.04522631317377,
712,-0.067984,0.0562813999131322,-1.04522631317377,
713,-0.067728,0.0804019998759031,-1.00502530112863,
714,-0.067472,0.104522599838674,-1.04522631317377,
715,-0.067216,0.120602999813855,-1.04522631317377,
716,-0.06696,0.144723599776626,-1.04522631317377,
717,-0.066704,0.168844199739397,-1.04522631317377,
718,-0.066448,0.184924599714577,-1.04522631317377,
719,-0.066192,0.217085399664938,-1.00502530112863,
720,-0.065936,0.241205999627709,-0.964824289083481,
721,-0.06568,0.25728639960289,-0.964824289083481,
722,-0.065424,0.289447199553251,-0.964824289083481,
723,-0.065168,0.297487399540842,-0.924623277038336,
724,-0.064912,0.321607999503613,-0.924623277038336,
725,-0.064656,0.329648199491203,-0.924623277038336,
726,-0.0644,0.361808999441564,-0.884422264993191,
727,-0.064144,0.377889399416745,-0.844221252948046,
728,-0.063888,0.385929599404335,-0.804020240902901,
729,-0.063632,0.402009999379516,-0.763819228857756,
730,-0.063376,0.410050199367106,-0.763819228857756,
731,-0.06312,0.418090399354696,-0.763819228857756,
732,-0.062864,0.442210999317467,-0.683417204767466,
733,-0.062608,0.450251199305058,-0.643216192722321,
734,-0.062352,0.458291399292648,-0.643216192722321,
735,-0.062096,0.458291399292648,-0.56281416863203,
736,-0.06184,0.474371799267828,-0.522613156586885,
737,-0.061584,0.482411999255419,-0.442211132496595,
738,-0.061328,0.482411999255419,-0.442211132496595,
739,-0.061072,0.490452199243009,-0.361809108406305,
740,-0.060816,0.490452199243009,-0.32160809636116,
741,-0.06056,0.498492399230599,-0.32160809636116,
742,-0.060304,0.498492399230599,-0.281407084316015,
743,-0.060048,0.490452199243009,-0.201005060225725,
744,-0.059792,0.482411999255419,-0.16080404818058,
745,-0.059536,0.490452199243009,-0.120603036135435,
746,-0.05928,0.482411999255419,-0.0804020240902901,
747,-0.059024,0.482411999255419,-0.040201012045145,
748,-0.058768,0.482411999255419,0.040201012045145,
749,-0.058512,0.474371799267828,0.0804020240902901,
750,-0.058256,0.450251199305058,0.120603036135435,
751,-0.058,0.442210999317467,0.16080404818058,
752,-0.057744,0.434170799329877,0.201005060225725,
753,-0.057488,0.426130599342287,0.24120607227087,
754,-0.057232,0.410050199367106,0.281407084316015,
755,-0.056976,0.402009999379516,0.32160809636116,
756,-0.05672,0.393969799391925,0.40201012045145,
757,-0.056464,0.369849199429154,0.40201012045145,
758,-0.056208,0.353768799453974,0.48241214454174,
759,-0.055952,0.337688399478793,0.522613156586885,
760,-0.055696,0.313567799516022,0.603015180677176,
761,-0.05544,0.297487399540842,0.603015180677176,
762,-0.055184,0.273366799578071,0.683417204767466,
763,-0.054928,0.25728639960289,0.683417204767466,
764,-0.054672,0.241205999627709,0.723618216812611,
765,-0.054416,0.209045199677348,0.763819228857756,
766,-0.05416,0.201004999689758,0.763819228857756,
767,-0.053904,0.168844199739397,0.804020240902901,
768,-0.053648,0.144723599776626,0.844221252948046,
769,-0.053392,0.120602999813855,0.844221252948046,
770,-0.053136,0.104522599838674,0.884422264993191,
771,-0.05288,0.0804019998759031,0.924623277038336,
772,-0.052624,0.0482411999255419,0.884422264993191,
773,-0.052368,0.0321607999503613,0.924623277038336,
774,-0.052112,0.00804019998759031,0.924623277038336,
775,-0.051856,-0.0160803999751806,0.924623277038336,
776,-0.0516,-0.0402009999379516,0.964824289083481,
777,-0.051344,-0.0723617998883128,0.964824289083481,
778,-0.051088,-0.0884421998634934,0.964824289083481,
779,-0.050832,-0.120602999813855,1.00502530112863,
780,-0.050576,-0.128643199801445,0.964824289083481,
781,-0.05032,-0.160803999751806,0.964824289083481,
782,-0.050064,-0.184924599714577,0.964824289083481,
783,-0.049808,-0.201004999689758,0.964824289083481,
784,-0.049552,-0.225125599652529,0.924623277038336,
785,-0.049296,-0.2492461996153,0.964824289083481,
786,-0.04904,-0.273366799578071,0.884422264993191,
787,-0.048784,-0.289447199553251,0.884422264993191,
788,-0.048528,-0.313567799516022,0.924623277038336,
789,-0.048272,-0.329648199491203,0.884422264993191,
790,-0.048016,-0.345728599466383,0.844221252948046,
791,-0.04776,-0.361808999441564,0.804020240902901,
792,-0.047504,-0.377889399416745,0.763819228857756,
793,-0.047248,-0.385929599404335,0.763819228857756,
794,-0.046992,-0.410050199367106,0.723618216812611,
795,-0.046736,-0.426130599342287,0.683417204767466,
796,-0.04648,-0.426130599342287,0.643216192722321,
797,-0.046224,-0.442210999317467,0.643216192722321,
798,-0.045968,-0.450251199305058,0.56281416863203,
799,-0.045712,-0.466331599280238,0.56281416863203,
800,-0.045456,-0.482411999255419,0.48241214454174,
801,-0.0452,-0.482411999255419,0.48241214454174,
802,-0.044944,-0.490452199243009,0.40201012045145,
803,-0.044688,-0.490452199243009,0.361809108406305,
804,-0.044432,-0.490452199243009,0.361809108406305,
805,-0.044176,-0.50653259921819,0.281407084316015,
806,-0.04392,-0.498492399230599,0.201005060225725,
807,-0.043664,-0.498492399230599,0.201005060225725,
808,-0.043408,-0.498492399230599,0.120603036135435,
809,-0.043152,-0.498492399230599,0.120603036135435,
810,-0.042896,-0.498492399230599,0.040201012045145,
811,-0.04264,-0.498492399230599,0,
812,-0.042384,-0.498492399230599,-0.040201012045145,
813,-0.042128,-0.474371799267828,-0.120603036135435,
814,-0.041872,-0.474371799267828,-0.16080404818058,
815,-0.041616,-0.466331599280238,-0.201005060225725,
816,-0.04136,-0.458291399292648,-0.24120607227087,
817,-0.041104,-0.442210999317467,-0.281407084316015,
818,-0.040848,-0.442210999317467,-0.32160809636116,
819,-0.040592,-0.426130599342287,-0.40201012045145,
820,-0.040336,-0.410050199367106,-0.40201012045145,
821,-0.04008,-0.402009999379516,-0.442211132496595,
822,-0.039824,-0.377889399416745,-0.48241214454174,
823,-0.039568,-0.361808999441564,-0.522613156586885,
824,-0.039312,-0.345728599466383,-0.56281416863203,
825,-0.039056,-0.321607999503613,-0.603015180677176,
826,-0.0388,-0.321607999503613,-0.643216192722321,
827,-0.038544,-0.297487399540842,-0.683417204767466,
828,-0.038288,-0.273366799578071,-0.723618216812611,
829,-0.038032,-0.2492461996153,-0.804020240902901,
830,-0.037776,-0.233165799640119,-0.804020240902901,
831,-0.03752,-0.209045199677348,-0.884422264993191,
832,-0.037264,-0.192964799702168,-0.884422264993191,
833,-0.037008,-0.160803999751806,-0.884422264993191,
834,-0.036752,-0.152763799764216,-0.924623277038336,
835,-0.036496,-0.112562799826264,-0.964824289083481,
836,-0.03624,-0.0884421998634934,-0.964824289083481,
837,-0.035984,-0.0723617998883128,-0.964824289083481,
838,-0.035728,-0.0321607999503613,-0.964824289083481,
839,-0.035472,-0.0241205999627709,-1.00502530112863,
840,-0.035216,0,-1.00502530112863,
841,-0.03496,0.0160803999751806,-1.00502530112863,
842,-0.034704,0.0482411999255419,-1.04522631317377,
843,-0.034448,0.0643215999007225,-1.04522631317377,
844,-0.034192,0.0964823998510838,-1.04522631317377,
845,-0.033936,0.120602999813855,-1.04522631317377,
846,-0.03368,0.144723599776626,-1.00502530112863,
847,-0.033424,0.168844199739397,-1.00502530112863,
848,-0.033168,0.184924599714577,-1.04522631317377,
849,-0.032912,0.209045199677348,-0.964824289083481,
850,-0.032656,0.233165799640119,-1.00502530112863,
851,-0.0324,0.25728639960289,-0.924623277038336,
852,-0.032144,0.26532659959048,-0.964824289083481,
853,-0.031888,0.297487399540842,-1.00502530112863,
854,-0.031632,0.313567799516022,-0.924623277038336,
855,-0.031376,0.337688399478793,-0.884422264993191,
856,-0.03112,0.345728599466383,-0.844221252948046,
857,-0.030864,0.377889399416745,-0.844221252948046,
858,-0.030608,0.385929599404335,-0.844221252948046,
859,-0.030352,0.393969799391925,-0.804020240902901,
860,-0.030096,0.402009999379516,-0.804020240902901,
861,-0.02984,0.426130599342287,-0.683417204767466,
862,-0.029584,0.434170799329877,-0.723618216812611,
863,-0.029328,0.442210999317467,-0.643216192722321,
864,-0.029072,0.450251199305058,-0.603015180677176,
865,-0.028816,0.458291399292648,-0.603015180677176,
866,-0.02856,0.474371799267828,-0.522613156586885,
867,-0.028304,0.482411999255419,-0.48241214454174,
868,-0.028048,0.490452199243009,-0.442211132496595,
869,-0.027792,0.482411999255419,-0.40201012045145,
870,-0.027536,0.498492399230599,-0.361809108406305,
871,-0.02728,0.498492399230599,-0.32160809636116,
872,-0.027024,0.498492399230599,-0.24120607227087,
873,-0.026768,0.498492399230599,-0.24120607227087,
874,-0.026512,0.498492399230599,-0.16080404818058,
875,-0.026256,0.490452199243009,-0.16080404818058,
876,-0.026,0.482411999255419,-0.0804020240902901,
877,-0.025744,0.482411999255419,-0.040201012045145,
878,-0.025488,0.474371799267828,0,
879,-0.025232,0.474371799267828,0.0804020240902901,
880,-0.024976,0.458291399292648,0.0804020240902901,
881,-0.02472,0.450251199305058,0.16080404818058,
882,-0.024464,0.434170799329877,0.201005060225725,
883,-0.024208,0.426130599342287,0.24120607227087,
884,-0.023952,0.418090399354696,0.32160809636116,
885,-0.023696,0.402009999379516,0.32160809636116,
886,-0.02344,0.385929599404335,0.361809108406305,
887,-0.023184,0.369849199429154,0.442211132496595,
888,-0.022928,0.353768799453974,0.48241214454174,
889,-0.022672,0.337688399478793,0.56281416863203,
890,-0.022416,0.329648199491203,0.56281416863203,
891,-0.02216,0.305527599528432,0.603015180677176,
892,-0.021904,0.281406999565661,0.603015180677176,
893,-0.021648,0.26532659959048,0.683417204767466,
894,-0.021392,0.2492461996153,0.683417204767466,
895,-0.021136,0.217085399664938,0.763819228857756,
896,-0.02088,0.192964799702168,0.763819228857756,
897,-0.020624,0.184924599714577,0.804020240902901,
898,-0.020368,0.144723599776626,0.804020240902901,
899,-0.020112,0.136683399789035,0.844221252948046,
900,-0.019856,0.112562799826264,0.924623277038336,
901,-0.0196,0.0884421998634934,0.924623277038336,
902,-0.019344,0.0562813999131322,0.924623277038336,
903,-0.019088,0.0402009999379516,0.924623277038336,
904,-0.018832,0.00804019998759031,0.964824289083481,
905,-0.018576,-0.00804019998759031,0.964824289083481,
906,-0.01832,-0.0402009999379516,0.924623277038336,
907,-0.018064,-0.0562813999131322,0.964824289083481,
908,-0.017808,-0.0804019998759031,0.924623277038336,
909,-0.017552,-0.104522599838674,1.00502530112863,
910,-0.017296,-0.112562799826264,0.964824289083481,
911,-0.01704,-0.152763799764216,0.964824289083481,
912,-0.016784,-0.176884399726987,0.964824289083481,
913,-0.016528,-0.192964799702168,0.964824289083481,
914,-0.016272,-0.217085399664938,0.924623277038336,
915,-0.016016,-0.2492461996153,0.964824289083481,
916,-0.01576,-0.26532659959048,0.964824289083481,
917,-0.015504,-0.281406999565661,0.884422264993191,
918,-0.015248,-0.305527599528432,0.884422264993191,
919,-0.014992,-0.313567799516022,0.884422264993191,
920,-0.014736,-0.337688399478793,0.844221252948046,
921,-0.01448,-0.361808999441564,0.844221252948046,
922,-0.014224,-0.369849199429154,0.763819228857756,
923,-0.013968,-0.393969799391925,0.763819228857756,
924,-0.013712,-0.410050199367106,0.763819228857756,
925,-0.013456,-0.418090399354696,0.683417204767466,
926,-0.0132,-0.426130599342287,0.723618216812611,
927,-0.012944,-0.442210999317467,0.643216192722321,
928,-0.012688,-0.450251199305058,0.56281416863203,
929,-0.012432,-0.458291399292648,0.522613156586885,
930,-0.012176,-0.474371799267828,0.522613156586885,
931,-0.01192,-0.490452199243009,0.442211132496595,
932,-0.011664,-0.490452199243009,0.442211132496595,
933,-0.011408,-0.498492399230599,0.40201012045145,
934,-0.011152,-0.50653259921819,0.361809108406305,
935,-0.010896,-0.498492399230599,0.281407084316015,
936,-0.01064,-0.498492399230599,0.24120607227087,
937,-0.010384,-0.50653259921819,0.201005060225725,
938,-0.010128,-0.50653259921819,0.16080404818058,
939,-0.00987200000000002,-0.498492399230599,0.120603036135435,
940,-0.00961600000000001,-0.498492399230599,0.0804020240902901,
941,-0.00936000000000001,-0.498492399230599,0.040201012045145,
942,-0.009104,-0.498492399230599,-0.040201012045145,
943,-0.00884800000000002,-0.490452199243009,-0.0804020240902901,
944,-0.00859200000000002,-0.482411999255419,-0.16080404818058,
945,-0.00833600000000001,-0.474371799267828,-0.16080404818058,
946,-0.00808,-0.458291399292648,-0.201005060225725,
947,-0.007824,-0.458291399292648,-0.281407084316015,
948,-0.00756800000000002,-0.434170799329877,-0.32160809636116,
949,-0.00731200000000001,-0.434170799329877,-0.361809108406305,
950,-0.00705600000000001,-0.410050199367106,-0.361809108406305,
951,-0.0068,-0.393969799391925,-0.442211132496595,
952,-0.00654400000000002,-0.377889399416745,-0.48241214454174,
953,-0.00628800000000002,-0.369849199429154,-0.522613156586885,
954,-0.00603200000000001,-0.353768799453974,-0.56281416863203,
955,-0.005776,-0.329648199491203,-0.603015180677176,
956,-0.00552000000000002,-0.313567799516022,-0.603015180677176,
957,-0.00526400000000002,-0.297487399540842,-0.683417204767466,
958,-0.00500800000000001,-0.281406999565661,-0.723618216812611,
959,-0.00475200000000001,-0.26532659959048,-0.763819228857756,
960,-0.004496,-0.233165799640119,-0.804020240902901,
961,-0.00424000000000002,-0.217085399664938,-0.804020240902901,
962,-0.00398400000000002,-0.192964799702168,-0.844221252948046,
963,-0.00372800000000001,-0.168844199739397,-0.884422264993191,
964,-0.003472,-0.144723599776626,-0.924623277038336,
965,-0.00321600000000002,-0.120602999813855,-0.964824289083481,
966,-0.00296000000000002,-0.104522599838674,-0.964824289083481,
967,-0.00270400000000001,-0.0804019998759031,-0.964824289083481,
968,-0.00244800000000001,-0.0562813999131322,-0.964824289083481,
969,-0.002192,-0.0321607999503613,-1.00502530112863,
970,-0.00193600000000002,0,-1.00502530112863,
971,-0.00168000000000001,0.0241205999627709,-1.04522631317377,
972,-0.00142400000000001,0.0482411999255419,-1.08542732521892,
973,-0.001168,0.0643215999007225,-1.04522631317377,
974,-0.000912000000000024,0.0884421998634934,-1.04522631317377,
975,-0.000656000000000018,0.112562799826264,-1.04522631317377,
976,-0.000400000000000011,0.128643199801445,-1.04522631317377,
977,-0.000144000000000005,0.160803999751806,-1.04522631317377,
978,0.000112000000000001,0.184924599714577,-1.04522631317377,
979,0.000367999999999979,0.209045199677348,-1.04522631317377,
980,0.000624000000000013,0.233165799640119,-1.00502530112863,
981,0.000879999999999992,0.2492461996153,-1.00502530112863,
982,0.00113599999999997,0.273366799578071,-0.964824289083481,
983,0.001392,0.289447199553251,-0.924623277038336,
984,0.00164799999999998,0.305527599528432,-0.924623277038336,
985,0.00190399999999996,0.329648199491203,-0.884422264993191,
986,0.00216,0.345728599466383,-0.884422264993191,
987,0.00241599999999997,0.361808999441564,-0.884422264993191,
988,0.00267200000000001,0.377889399416745,-0.844221252948046,
989,0.00292799999999999,0.402009999379516,-0.804020240902901,
990,0.00318399999999996,0.402009999379516,-0.804020240902901,
991,0.00344,0.418090399354696,-0.723618216812611,
992,0.00369599999999998,0.434170799329877,-0.643216192722321,
993,0.00395200000000001,0.434170799329877,-0.683417204767466,
994,0.00420799999999999,0.450251199305058,-0.643216192722321,
995,0.00446399999999997,0.458291399292648,-0.56281416863203,
996,0.00472,0.474371799267828,-0.56281416863203,
997,0.00497599999999998,0.466331599280238,-0.48241214454174,
998,0.00523200000000001,0.474371799267828,-0.442211132496595,
999,0.00548799999999999,0.490452199243009,-0.442211132496595,
1000,0.00574399999999997,0.490452199243009,-0.361809108406305,
1001,0.00600000000000001,0.498492399230599,-0.32160809636116,
1002,0.00625599999999998,0.498492399230599,-0.24120607227087,
1003,0.00651199999999996,0.490452199243009,-0.24120607227087,
1004,0.006768,0.490452199243009,-0.201005060225725,
1005,0.00702399999999997,0.490452199243009,-0.120603036135435,
1006,0.00728000000000001,0.482411999255419,-0.0804020240902901,
1007,0.00753599999999999,0.490452199243009,-0.040201012045145,
1008,0.00779199999999997,0.474371799267828,0,
1009,0.008048,0.458291399292648,0.040201012045145,
1010,0.00830399999999998,0.458291399292648,0.0804020240902901,
1011,0.00856000000000001,0.450251199305058,0.16080404818058,
1012,0.00881599999999999,0.442210999317467,0.24120607227087,
1013,0.00907199999999997,0.426130599342287,0.201005060225725,
1014,0.009328,0.418090399354696,0.281407084316015,
1015,0.00958399999999998,0.410050199367106,0.361809108406305,
1016,0.00984000000000002,0.393969799391925,0.40201012045145,
1017,0.010096,0.377889399416745,0.442211132496595,
1018,0.010352,0.361808999441564,0.48241214454174,
1019,0.010608,0.345728599466383,0.48241214454174,
1020,0.010864,0.329648199491203,0.56281416863203,
1021,0.01112,0.305527599528432,0.603015180677176,
1022,0.011376,0.297487399540842,0.643216192722321,
1023,0.011632,0.26532659959048,0.643216192722321,
1024,0.011888,0.2492461996153,0.683417204767466,
1025,0.012144,0.225125599652529,0.723618216812611,
1026,0.0124,0.209045199677348,0.763819228857756,
1027,0.012656,0.176884399726987,0.804020240902901,
1028,0.012912,0.160803999751806,0.804020240902901,
1029,0.013168,0.136683399789035,0.844221252948046,
1030,0.013424,0.112562799826264,0.844221252948046,
1031,0.01368,0.0964823998510838,0.884422264993191,
1032,0.013936,0.0643215999007225,0.924623277038336,
1033,0.014192,0.0402009999379516,0.884422264993191,
1034,0.014448,0.0160803999751806,0.924623277038336,
1035,0.014704,0,0.964824289083481,
1036,0.01496,-0.0241205999627709,0.964824289083481,
1037,0.015216,-0.0482411999255419,1.00502530112863,
1038,0.015472,-0.0804019998759031,1.00502530112863,
1039,0.015728,-0.104522599838674,0.964824289083481,
1040,0.015984,-0.128643199801445,1.00502530112863,
1041,0.01624,-0.152763799764216,0.964824289083481,
1042,0.016496,-0.168844199739397,0.964824289083481,
1043,0.016752,-0.192964799702168,0.964824289083481,
1044,0.017008,-0.217085399664938,0.964824289083481,
1045,0.017264,-0.241205999627709,0.964824289083481,
1046,0.01752,-0.25728639960289,0.924623277038336,
1047,0.017776,-0.273366799578071,0.884422264993191,
1048,0.018032,-0.305527599528432,0.844221252948046,
1049,0.018288,-0.313567799516022,0.884422264993191,
1050,0.018544,-0.337688399478793,0.844221252948046,
1051,0.0188,-0.353768799453974,0.804020240902901,
1052,0.019056,-0.369849199429154,0.804020240902901,
1053,0.019312,-0.385929599404335,0.804020240902901,
1054,0.019568,-0.402009999379516,0.763819228857756,
1055,0.019824,-0.418090399354696,0.683417204767466,
1056,0.02008,-0.434170799329877,0.683417204767466,
1057,0.020336,-0.434170799329877,0.643216192722321,
1058,0.020592,-0.450251199305058,0.603015180677176,
1059,0.020848,-0.466331599280238,0.522613156586885,
1060,0.021104,-0.474371799267828,0.522613156586885,
1061,0.02136,-0.466331599280238,0.48241214454174,
1062,0.021616,-0.482411999255419,0.48241214454174,
1063,0.021872,-0.490452199243009,0.40201012045145,
1064,0.022128,-0.498492399230599,0.361809108406305,
1065,0.022384,-0.498492399230599,0.32160809636116,
1066,0.02264,-0.50653259921819,0.281407084316015,
1067,0.022896,-0.51457279920578,0.16080404818058,
1068,0.023152,-0.50653259921819,0.120603036135435,
1069,0.023408,-0.490452199243009,0.120603036135435,
1070,0.023664,-0.50653259921819,0.0804020240902901,
1071,0.02392,-0.498492399230599,0.040201012045145,
1072,0.024176,-0.490452199243009,0,
1073,0.024432,-0.490452199243009,-0.040201012045145,
1074,0.024688,-0.482411999255419,-0.0804020240902901,
1075,0.024944,-0.466331599280238,-0.16080404818058,
1076,0.0252,-0.466331599280238,-0.201005060225725,
1077,0.025456,-0.450251199305058,-0.281407084316015,
1078,0.025712,-0.442210999317467,-0.32160809636116,
1079,0.025968,-0.434170799329877,-0.32160809636116,
1080,0.026224,-0.418090399354696,-0.40201012045145,
1081,0.02648,-0.402009999379516,-0.48241214454174,
1082,0.026736,-0.385929599404335,-0.48241214454174,
1083,0.026992,-0.377889399416745,-0.522613156586885,
1084,0.027248,-0.353768799453974,-0.56281416863203,
1085,0.027504,-0.345728599466383,-0.603015180677176,
1086,0.02776,-0.321607999503613,-0.683417204767466,
1087,0.028016,-0.297487399540842,-0.683417204767466,
1088,0.028272,-0.281406999565661,-0.723618216812611,
1089,0.028528,-0.26532659959048,-0.763819228857756,
1090,0.028784,-0.241205999627709,-0.763819228857756,
1091,0.02904,-0.209045199677348,-0.804020240902901,
1092,0.029296,-0.192964799702168,-0.844221252948046,
1093,0.029552,-0.176884399726987,-0.884422264993191,
1094,0.029808,-0.144723599776626,-0.884422264993191,
1095,0.030064,-0.120602999813855,-0.924623277038336,
1096,0.03032,-0.104522599838674,-1.00502530112863,
1097,0.030576,-0.0723617998883128,-1.00502530112863,
1098,0.030832,-0.0562813999131322,-1.00502530112863,
1099,0.031088,-0.0241205999627709,-1.00502530112863,
1100,0.031344,-0.00804019998759031,-1.00502530112863,
1101,0.0316,0.0160803999751806,-1.00502530112863,
1102,0.031856,0.0321607999503613,-1.00502530112863,
1103,0.032112,0.0643215999007225,-1.04522631317377,
1104,0.032368,0.0804019998759031,-1.04522631317377,
1105,0.032624,0.112562799826264,-1.00502530112863,
1106,0.03288,0.136683399789035,-1.00502530112863,
1107,0.033136,0.160803999751806,-1.04522631317377,
1108,0.033392,0.176884399726987,-1.00502530112863,
1109,0.033648,0.201004999689758,-1.00502530112863,
1110,0.033904,0.233165799640119,-1.00502530112863,
1111,0.03416,0.2492461996153,-0.964824289083481,
1112,0.034416,0.26532659959048,-1.00502530112863,
1113,0.034672,0.281406999565661,-0.924623277038336,
1114,0.034928,0.305527599528432,-0.964824289083481,
1115,0.035184,0.329648199491203,-0.964824289083481,
1116,0.03544,0.345728599466383,-0.844221252948046,
1117,0.035696,0.361808999441564,-0.884422264993191,
1118,0.035952,0.377889399416745,-0.844221252948046,
1119,0.036208,0.393969799391925,-0.804020240902901,
1120,0.036464,0.402009999379516,-0.804020240902901,
1121,0.03672,0.418090399354696,-0.763819228857756,
1122,0.036976,0.426130599342287,-0.683417204767466,
1123,0.037232,0.442210999317467,-0.683417204767466,
1124,0.037488,0.450251199305058,-0.643216192722321,
1125,0.037744,0.466331599280238,-0.603015180677176,
1126,0.038,0.474371799267828,-0.522613156586885,
1127,0.038256,0.474371799267828,-0.522613156586885,
1128,0.038512,0.482411999255419,-0.48241214454174,
1129,0.038768,0.482411999255419,-0.40201012045145,
1130,0.039024,0.490452199243009,-0.361809108406305,
1131,0.03928,0.490452199243009,-0.361809108406305,
1132,0.039536,0.498492399230599,-0.281407084316015,
1133,0.039792,0.490452199243009,-0.24120607227087,
1134,0.040048,0.482411999255419,-0.24120607227087,
1135,0.040304,0.490452199243009,-0.120603036135435,
1136,0.04056,0.498492399230599,-0.0804020240902901,
1137,0.040816,0.482411999255419,-0.040201012045145,
1138,0.041072,0.474371799267828,0,
1139,0.041328,0.466331599280238,0,
1140,0.041584,0.466331599280238,0.120603036135435,
1141,0.04184,0.458291399292648,0.120603036135435,
1142,0.042096,0.450251199305058,0.16080404818058,
1143,0.042352,0.434170799329877,0.281407084316015,
1144,0.042608,0.426130599342287,0.281407084316015,
1145,0.042864,0.410050199367106,0.32160809636116,
1146,0.04312,0.393969799391925,0.361809108406305,
1147,0.043376,0.385929599404335,0.442211132496595,
1148,0.043632,0.353768799453974,0.442211132496595,
1149,0.043888,0.345728599466383,0.522613156586885,
1150,0.044144,0.321607999503613,0.56281416863203,
1151,0.0444,0.313567799516022,0.56281416863203,
1152,0.044656,0.289447199553251,0.603015180677176,
1153,0.044912,0.273366799578071,0.643216192722321,
1154,0.045168,0.25728639960289,0.683417204767466,
1155,0.045424,0.225125599652529,0.723618216812611,
1156,0.04568,0.209045199677348,0.723618216812611,
1157,0.045936,0.168844199739397,0.804020240902901,
1158,0.046192,0.160803999751806,0.804020240902901,
1159,0.046448,0.136683399789035,0.804020240902901,
1160,0.046704,0.112562799826264,0.884422264993191,
1161,0.04696,0.0964823998510838,0.884422264993191,
1162,0.047216,0.0643215999007225,0.924623277038336,
1163,0.047472,0.0562813999131322,0.964824289083481,
1164,0.047728,0.0241205999627709,0.964824289083481,
1165,0.047984,0,0.924623277038336,
1166,0.04824,-0.0241205999627709,0.964824289083481,
1167,0.048496,-0.0402009999379516,1.00502530112863,
1168,0.048752,-0.0723617998883128,0.924623277038336,
1169,0.049008,-0.104522599838674,0.964824289083481,
1170,0.049264,-0.120602999813855,0.964824289083481,
1171,0.04952,-0.136683399789035,0.964824289083481,
1172,0.049776,-0.160803999751806,0.964824289083481,
1173,0.050032,-0.184924599714577,0.964824289083481,
1174,0.050288,-0.209045199677348,0.924623277038336,
1175,0.050544,-0.225125599652529,0.924623277038336,
1176,0.0508,-0.25728639960289,0.964824289083481,
1177,0.051056,-0.273366799578071,0.884422264993191,
1178,0.051312,-0.289447199553251,0.924623277038336,
1179,0.051568,-0.313567799516022,0.844221252948046,
1180,0.051824,-0.329648199491203,0.884422264993191,
1181,0.05208,-0.353768799453974,0.844221252948046,
1182,0.052336,-0.369849199429154,0.844221252948046,
1183,0.052592,-0.385929599404335,0.804020240902901,
1184,0.052848,-0.402009999379516,0.723618216812611,
1185,0.053104,-0.418090399354696,0.723618216812611,
1186,0.05336,-0.434170799329877,0.683417204767466,
1187,0.053616,-0.434170799329877,0.643216192722321,
1188,0.053872,-0.450251199305058,0.603015180677176,
1189,0.054128,-0.458291399292648,0.56281416863203,
1190,0.054384,-0.466331599280238,0.56281416863203,
1191,0.05464,-0.482411999255419,0.48241214454174,
1192,0.054896,-0.482411999255419,0.442211132496595,
1193,0.055152,-0.482411999255419,0.40201012045145,
1194,0.055408,-0.498492399230599,0.361809108406305,
1195,0.055664,-0.498492399230599,0.32160809636116,
1196,0.05592,-0.498492399230599,0.281407084316015,
1197,0.056176,-0.498492399230599,0.201005060225725,
1198,0.056432,-0.50653259921819,0.16080404818058,
1199,0.056688,-0.50653259921819,0.120603036135435,
1200,0.056944,-0.498492399230599,0.0804020240902901,
1201,0.0572,-0.498492399230599,0.040201012045145,
1202,0.057456,-0.498492399230599,0,
1203,0.057712,-0.490452199243009,-0.040201012045145,
1204,0.057968,-0.490452199243009,-0.120603036135435,
1205,0.058224,-0.474371799267828,-0.120603036135435,
1206,0.05848,-0.466331599280238,-0.201005060225725,
1207,0.058736,-0.450251199305058,-0.24120607227087,
1208,0.058992,-0.450251199305058,-0.32160809636116,
1209,0.059248,-0.434170799329877,-0.32160809636116,
1210,0.059504,-0.418090399354696,-0.361809108406305,
1211,0.05976,-0.410050199367106,-0.442211132496595,
1212,0.060016,-0.385929599404335,-0.48241214454174,
1213,0.060272,-0.369849199429154,-0.522613156586885,
1214,0.060528,-0.361808999441564,-0.56281416863203,
1215,0.060784,-0.337688399478793,-0.56281416863203,
1216,0.06104,-0.321607999503613,-0.643216192722321,
1217,0.061296,-0.305527599528432,-0.683417204767466,
1218,0.061552,-0.297487399540842,-0.723618216812611,
1219,0.061808,-0.25728639960289,-0.723618216812611,
1220,0.062064,-0.241205999627709,-0.763819228857756,
1221,0.06232,-0.225125599652529,-0.804020240902901,
1222,0.062576,-0.192964799702168,-0.884422264993191,
1223,0.062832,-0.176884399726987,-0.844221252948046,
1224,0.063088,-0.152763799764216,-0.884422264993191,
1225,0.063344,-0.120602999813855,-0.924623277038336,
1226,0.0636,-0.104522599838674,-0.964824289083481,
1227,0.063856,-0.0884421998634934,-0.964824289083481,
1228,0.064112,-0.0643215999007225,-1.00502530112863,
1229,0.064368,-0.0402009999379516,-1.00502530112863,
1230,0.064624,-0.00804019998759031,-0.964824289083481,
1231,0.06488,0.00804019998759031,-0.964824289083481,
1232,0.065136,0.0321607999503613,-1.04522631317377,
1233,0.065392,0.0643215999007225,-1.04522631317377,
1234,0.065648,0.0884421998634934,-1.04522631317377,
1235,0.065904,0.104522599838674,-1.04522631317377,
1236,0.06616,0.128643199801445,-1.00502530112863,
1237,0.066416,0.152763799764216,-1.04522631317377,
1238,0.066672,0.168844199739397,-1.00502530112863,
1239,0.066928,0.201004999689758,-1.00502530112863,
1240,0.067184,0.225125599652529,-1.00502530112863,
1241,0.06744,0.241205999627709,-1.00502530112863,
1242,0.067696,0.26532659959048,-0.964824289083481,
1243,0.067952,0.289447199553251,-0.964824289083481,
1244,0.068208,0.305527599528432,-0.964824289083481,
1245,0.068464,0.313567799516022,-0.924623277038336,
1246,0.06872,0.337688399478793,-0.924623277038336,
1247,0.068976,0.353768799453974,-0.884422264993191,
1248,0.069232,0.377889399416745,-0.844221252948046,
1249,0.069488,0.393969799391925,-0.804020240902901,
1250,0.069744,0.410050199367106,-0.804020240902901,
1251,0.07,0.418090399354696,-0.723618216812611,
1252,0.070256,0.434170799329877,-0.723618216812611,
1253,0.070512,0.442210999317467,-0.683417204767466,
1254,0.070768,0.442210999317467,-0.643216192722321,
1255,0.071024,0.458291399292648,-0.603015180677176,
1256,0.07128,0.466331599280238,-0.56281416863203,
1257,0.071536,0.466331599280238,-0.522613156586885,
1258,0.071792,0.474371799267828,-0.442211132496595,
1259,0.072048,0.482411999255419,-0.442211132496595,
1260,0.072304,0.498492399230599,-0.40201012045145,
1261,0.07256,0.498492399230599,-0.281407084316015,
1262,0.072816,0.490452199243009,-0.32160809636116,
1263,0.073072,0.498492399230599,-0.24120607227087,
1264,0.073328,0.490452199243009,-0.201005060225725,
1265,0.073584,0.490452199243009,-0.120603036135435,
1266,0.07384,0.490452199243009,-0.120603036135435,
1267,0.074096,0.482411999255419,-0.0804020240902901,
1268,0.074352,0.474371799267828,0,
1269,0.074608,0.474371799267828,0,
1270,0.074864,0.466331599280238,0.120603036135435,
1271,0.07512,0.458291399292648,0.120603036135435,
1272,0.075376,0.442210999317467,0.16080404818058,
1273,0.075632,0.434170799329877,0.201005060225725,
1274,0.075888,0.426130599342287,0.281407084316015,
1275,0.076144,0.410050199367106,0.32160809636116,
1276,0.0764,0.402009999379516,0.32160809636116,
1277,0.076656,0.385929599404335,0.361809108406305,
1278,0.076912,0.369849199429154,0.442211132496595,
1279,0.077168,0.345728599466383,0.48241214454174,
1280,0.077424,0.337688399478793,0.56281416863203,
1281,0.07768,0.313567799516022,0.603015180677176,
1282,0.077936,0.297487399540842,0.603015180677176,
1283,0.078192,0.281406999565661,0.643216192722321,
1284,0.078448,0.26532659959048,0.683417204767466,
1285,0.078704,0.241205999627709,0.723618216812611,
1286,0.07896,0.225125599652529,0.763819228857756,
1287,0.079216,0.184924599714577,0.763819228857756,
1288,0.079472,0.168844199739397,0.804020240902901,
1289,0.079728,0.144723599776626,0.804020240902901,
1290,0.079984,0.120602999813855,0.884422264993191,
1291,0.08024,0.0964823998510838,0.884422264993191,
1292,0.080496,0.0884421998634934,0.884422264993191,
1293,0.080752,0.0482411999255419,0.884422264993191,
1294,0.081008,0.0241205999627709,0.964824289083481,
1295,0.081264,0.00804019998759031,0.924623277038336,
1296,0.08152,-0.0241205999627709,0.924623277038336,
1297,0.081776,-0.0482411999255419,1.00502530112863,
1298,0.082032,-0.0643215999007225,0.964824289083481,
1299,0.082288,-0.0804019998759031,1.00502530112863,
1300,0.082544,-0.112562799826264,0.964824289083481,
1301,0.0828,-0.136683399789035,0.964824289083481,
1302,0.083056,-0.152763799764216,0.964824289083481,
1303,0.083312,-0.176884399726987,0.964824289083481,
1304,0.083568,-0.209045199677348,0.924623277038336,
1305,0.083824,-0.233165799640119,0.924623277038336,
1306,0.08408,-0.2492461996153,0.924623277038336,
1307,0.084336,-0.26532659959048,0.884422264993191,
1308,0.084592,-0.289447199553251,0.924623277038336,
1309,0.084848,-0.313567799516022,0.884422264993191,
1310,0.085104,-0.329648199491203,0.844221252948046,
1311,0.08536,-0.345728599466383,0.844221252948046,
1312,0.085616,-0.377889399416745,0.804020240902901,
1313,0.085872,-0.385929599404335,0.804020240902901,
1314,0.086128,-0.393969799391925,0.723618216812611,
1315,0.086384,-0.410050199367106,0.723618216812611,
1316,0.08664,-0.418090399354696,0.683417204767466,
1317,0.086896,-0.434170799329877,0.643216192722321,
1318,0.087152,-0.450251199305058,0.603015180677176,
1319,0.087408,-0.458291399292648,0.603015180677176,
1320,0.087664,-0.474371799267828,0.56281416863203,
1321,0.08792,-0.474371799267828,0.522613156586885,
1322,0.088176,-0.482411999255419,0.442211132496595,
1323,0.088432,-0.482411999255419,0.442211132496595,
1324,0.088688,-0.498492399230599,0.361809108406305,
1325,0.088944,-0.50653259921819,0.32160809636116,
1326,0.0892,-0.498492399230599,0.281407084316015,
1327,0.089456,-0.498492399230599,0.201005060225725,
1328,0.089712,-0.50653259921819,0.201005060225725,
1329,0.089968,-0.498492399230599,0.16080404818058,
1330,0.090224,-0.498492399230599,0.120603036135435,
1331,0.09048,-0.498492399230599,0.0804020240902901,
1332,0.090736,-0.490452199243009,0,
1333,0.090992,-0.490452199243009,-0.040201012045145,
1334,0.091248,-0.482411999255419,-0.120603036135435,
1335,0.091504,-0.482411999255419,-0.0804020240902901,
1336,0.09176,-0.466331599280238,-0.16080404818058,
1337,0.092016,-0.458291399292648,-0.201005060225725,
1338,0.092272,-0.458291399292648,-0.281407084316015,
1339,0.092528,-0.434170799329877,-0.32160809636116,
1340,0.092784,-0.426130599342287,-0.361809108406305,
1341,0.09304,-0.410050199367106,-0.40201012045145,
1342,0.093296,-0.402009999379516,-0.442211132496595,
1343,0.093552,-0.377889399416745,-0.48241214454174,
1344,0.093808,-0.361808999441564,-0.522613156586885,
1345,0.094064,-0.345728599466383,-0.56281416863203,
1346,0.09432,-0.337688399478793,-0.643216192722321,
1347,0.094576,-0.305527599528432,-0.683417204767466,
1348,0.094832,-0.289447199553251,-0.683417204767466,
1349,0.095088,-0.26532659959048,-0.723618216812611,
1350,0.095344,-0.2492461996153,-0.763819228857756,
1351,0.0956,-0.225125599652529,-0.844221252948046,
1352,0.095856,-0.209045199677348,-0.844221252948046,
1353,0.096112,-0.176884399726987,-0.844221252948046,
1354,0.096368,-0.160803999751806,-0.884422264993191,
1355,0.096624,-0.136683399789035,-0.924623277038336,
1356,0.09688,-0.112562799826264,-0.964824289083481,
1357,0.097136,-0.0804019998759031,-0.964824289083481,
1358,0.097392,-0.0643215999007225,-0.964824289083481,
1359,0.097648,-0.0402009999379516,-1.00502530112863,
1360,0.097904,-0.0160803999751806,-1.00502530112863,
1361,0.09816,0.00804019998759031,-1.04522631317377,
1362,0.098416,0.0321607999503613,-1.04522631317377,
1363,0.098672,0.0562813999131322,-1.04522631317377,
1364,0.098928,0.0723617998883128,-1.04522631317377,
1365,0.099184,0.104522599838674,-1.00502530112863,
1366,0.09944,0.128643199801445,-1.00502530112863,
1367,0.099696,0.144723599776626,-1.04522631317377,
1368,0.099952,0.176884399726987,-1.04522631317377,
1369,0.100208,0.192964799702168,-1.00502530112863,
1370,0.100464,0.217085399664938,-1.00502530112863,
1371,0.10072,0.241205999627709,-1.00502530112863,
1372,0.100976,0.2492461996153,-1.00502530112863,
1373,0.101232,0.281406999565661,-0.964824289083481,
1374,0.101488,0.297487399540842,-1.00502530112863,
1375,0.101744,0.313567799516022,-0.924623277038336,
1376,0.102,0.329648199491203,-0.924623277038336,
1377,0.102256,0.345728599466383,-0.884422264993191,
1378,0.102512,0.369849199429154,-0.844221252948046,
1379,0.102768,0.385929599404335,-0.804020240902901,
1380,0.103024,0.402009999379516,-0.763819228857756,
1381,0.10328,0.410050199367106,-0.763819228857756,
1382,0.103536,0.426130599342287,-0.723618216812611,
1383,0.103792,0.434170799329877,-0.683417204767466,
1384,0.104048,0.450251199305058,-0.603015180677176,
1385,0.104304,0.466331599280238,-0.643216192722321,
1386,0.10456,0.466331599280238,-0.522613156586885,
1387,0.104816,0.482411999255419,-0.522613156586885,
1388,0.105072,0.482411999255419,-0.48241214454174,
1389,0.105328,0.490452199243009,-0.40201012045145,
1390,0.105584,0.490452199243009,-0.361809108406305,
1391,0.10584,0.498492399230599,-0.361809108406305,
1392,0.106096,0.490452199243009,-0.32160809636116,
1393,0.106352,0.498492399230599,-0.24120607227087,
1394,0.106608,0.490452199243009,-0.24120607227087,
1395,0.106864,0.498492399230599,-0.16080404818058,
1396,0.10712,0.490452199243009,-0.120603036135435,
1397,0.107376,0.490452199243009,-0.0804020240902901,
1398,0.107632,0.482411999255419,-0.040201012045145,
1399,0.107888,0.466331599280238,0,
1400,0.108144,0.466331599280238,0.040201012045145,
1401,0.1084,0.458291399292648,0.0804020240902901,
1402,0.108656,0.450251199305058,0.201005060225725,
1403,0.108912,0.434170799329877,0.201005060225725,
1404,0.109168,0.426130599342287,0.281407084316015,
1405,0.109424,0.418090399354696,0.281407084316015,
1406,0.10968,0.402009999379516,0.361809108406305,
1407,0.109936,0.385929599404335,0.40201012045145,
1408,0.110192,0.369849199429154,0.48241214454174,
1409,0.110448,0.345728599466383,0.48241214454174,
1410,0.110704,0.337688399478793,0.522613156586885,
1411,0.11096,0.313567799516022,0.603015180677176,
1412,0.111216,0.297487399540842,0.603015180677176,
1413,0.111472,0.281406999565661,0.683417204767466,
1414,0.111728,0.25728639960289,0.683417204767466,
1415,0.111984,0.241205999627709,0.723618216812611,
1416,0.11224,0.217085399664938,0.723618216812611,
1417,0.112496,0.201004999689758,0.763819228857756,
1418,0.112752,0.176884399726987,0.844221252948046,
1419,0.113008,0.152763799764216,0.844221252948046,
1420,0.113264,0.128643199801445,0.884422264993191,
1421,0.11352,0.104522599838674,0.844221252948046,
1422,0.113776,0.0804019998759031,0.924623277038336,
1423,0.114032,0.0482411999255419,0.924623277038336,
1424,0.114288,0.0241205999627709,0.924623277038336,
1425,0.114544,0.00804019998759031,0.924623277038336,
1426,0.1148,-0.00804019998759031,0.964824289083481,
1427,0.115056,-0.0402009999379516,0.964824289083481,
1428,0.115312,-0.0562813999131322,0.964824289083481,
1429,0.115568,-0.0884421998634934,0.964824289083481,
1430,0.115824,-0.112562799826264,0.964824289083481,
1431,0.11608,-0.136683399789035,0.964824289083481,
1432,0.116336,-0.144723599776626,0.964824289083481,
1433,0.116592,-0.176884399726987,0.964824289083481,
1434,0.116848,-0.201004999689758,0.964824289083481,
1435,0.117104,-0.225125599652529,0.964824289083481,
1436,0.11736,-0.241205999627709,0.964824289083481,
1437,0.117616,-0.26532659959048,0.884422264993191,
1438,0.117872,-0.289447199553251,0.924623277038336,
1439,0.118128,-0.305527599528432,0.884422264993191,
1440,0.118384,-0.329648199491203,0.884422264993191,
1441,0.11864,-0.337688399478793,0.844221252948046,
1442,0.118896,-0.361808999441564,0.804020240902901,
1443,0.119152,-0.377889399416745,0.804020240902901,
1444,0.119408,-0.385929599404335,0.763819228857756,
1445,0.119664,-0.410050199367106,0.723618216812611,
1446,0.11992,-0.426130599342287,0.643216192722321,
1447,0.120176,-0.434170799329877,0.683417204767466,
1448,0.120432,-0.442210999317467,0.603015180677176,
1449,0.120688,-0.442210999317467,0.603015180677176,
1450,0.120944,-0.466331599280238,0.56281416863203,
1451,0.1212,-0.474371799267828,0.522613156586885,
1452,0.121456,-0.474371799267828,0.442211132496595,
1453,0.121712,-0.490452199243009,0.442211132496595,
1454,0.121968,-0.498492399230599,0.40201012045145,
1455,0.122224,-0.498492399230599,0.32160809636116,
1456,0.12248,-0.50653259921819,0.281407084316015,
1457,0.122736,-0.498492399230599,0.24120607227087,
1458,0.122992,-0.498492399230599,0.201005060225725,
1459,0.123248,-0.498492399230599,0.16080404818058,
1460,0.123504,-0.50653259921819,0.0804020240902901,
1461,0.12376,-0.498492399230599,0.040201012045145,
1462,0.124016,-0.498492399230599,0,
1463,0.124272,-0.490452199243009,-0.040201012045145,
1464,0.124528,-0.490452199243009,-0.0804020240902901,
1465,0.124784,-0.482411999255419,-0.120603036135435,
1466,0.12504,-0.474371799267828,-0.16080404818058,
1467,0.125296,-0.458291399292648,-0.201005060225725,
1468,0.125552,-0.450251199305058,-0.281407084316015,
1469,0.125808,-0.434170799329877,-0.32160809636116,
1470,0.126064,-0.434170799329877,-0.40201012045145,
1471,0.12632,-0.410050199367106,-0.361809108406305,
1472,0.126576,-0.393969799391925,-0.48241214454174,
1473,0.126832,-0.377889399416745,-0.48241214454174,
1474,0.127088,-0.361808999441564,-0.522613156586885,
1475,0.127344,-0.345728599466383,-0.56281416863203,
1476,0.1276,-0.329648199491203,-0.643216192722321,
1477,0.127856,-0.321607999503613,-0.643216192722321,
1478,0.128112,-0.289447199553251,-0.683417204767466,
1479,0.128368,-0.281406999565661,-0.723618216812611,
1480,0.128624,-0.2492461996153,-0.763819228857756,
1481,0.12888,-0.233165799640119,-0.763819228857756,
1482,0.129136,-0.201004999689758,-0.844221252948046,
1483,0.129392,-0.176884399726987,-0.884422264993191,
1484,0.129648,-0.160803999751806,-0.884422264993191,
1485,0.129904,-0.144723599776626,-0.884422264993191,
1486,0.13016,-0.112562799826264,-0.884422264993191,
1487,0.130416,-0.104522599838674,-0.924623277038336,
1488,0.130672,-0.0723617998883128,-0.964824289083481,
1489,0.130928,-0.0562813999131322,-0.964824289083481,
1490,0.131184,-0.0160803999751806,-1.00502530112863,
1491,0.13144,0.00804019998759031,-1.00502530112863,
1492,0.131696,0.0241205999627709,-1.04522631317377,
1493,0.131952,0.0482411999255419,-1.04522631317377,
1494,0.132208,0.0723617998883128,-1.04522631317377,
1495,0.132464,0.0964823998510838,-1.04522631317377,
1496,0.13272,0.120602999813855,-1.04522631317377,
1497,0.132976,0.144723599776626,-1.04522631317377,
1498,0.133232,0.160803999751806,-1.04522631317377,
1499,0.133488,0.192964799702168,-1.04522631317377,
1500,0.133744,0.209045199677348,-1.00502530112863,
1501,0.134,0.233165799640119,-1.00502530112863,
1502,0.134256,0.25728639960289,-1.00502530112863,
1503,0.134512,0.273366799578071,-0.964824289083481,
1504,0.134768,0.289447199553251,-0.964824289083481,
1505,0.135024,0.321607999503613,-0.964824289083481,
1506,0.13528,0.329648199491203,-0.924623277038336,
1507,0.135536,0.345728599466383,-0.844221252948046,
1508,0.135792,0.369849199429154,-0.844221252948046,
1509,0.136048,0.377889399416745,-0.763819228857756,
1510,0.136304,0.402009999379516,-0.804020240902901,
1511,0.13656,0.418090399354696,-0.763819228857756,
1512,0.136816,0.418090399354696,-0.723618216812611,
1513,0.137072,0.426130599342287,-0.683417204767466,
1514,0.137328,0.450251199305058,-0.643216192722321,
1515,0.137584,0.450251199305058,-0.603015180677176,
1516,0.13784,0.466331599280238,-0.603015180677176,
1517,0.138096,0.466331599280238,-0.522613156586885,
1518,0.138352,0.474371799267828,-0.48241214454174,
1519,0.138608,0.474371799267828,-0.442211132496595,
1520,0.138864,0.490452199243009,-0.40201012045145,
1521,0.13912,0.490452199243009,-0.361809108406305,
1522,0.139376,0.498492399230599,-0.32160809636116,
1523,0.139632,0.50653259921819,-0.281407084316015,
1524,0.139888,0.490452199243009,-0.201005060225725,
1525,0.140144,0.490452199243009,-0.16080404818058,
1526,0.1404,0.490452199243009,-0.120603036135435,
1527,0.140656,0.482411999255419,-0.0804020240902901,
1528,0.140912,0.474371799267828,-0.0804020240902901,
1529,0.141168,0.482411999255419,0.040201012045145,
1530,0.141424,0.458291399292648,0.0804020240902901,
1531,0.14168,0.458291399292648,0.120603036135435,
1532,0.141936,0.450251199305058,0.16080404818058,
1533,0.142192,0.442210999317467,0.201005060225725,
1534,0.142448,0.426130599342287,0.24120607227087,
1535,0.142704,0.418090399354696,0.24120607227087,
1536,0.14296,0.402009999379516,0.32160809636116,
1537,0.143216,0.393969799391925,0.40201012045145,
1538,0.143472,0.377889399416745,0.40201012045145,
1539,0.143728,0.361808999441564,0.48241214454174,
1540,0.143984,0.337688399478793,0.522613156586885,
1541,0.14424,0.321607999503613,0.56281416863203,
1542,0.144496,0.305527599528432,0.603015180677176,
1543,0.144752,0.289447199553251,0.603015180677176,
1544,0.145008,0.26532659959048,0.643216192722321,
1545,0.145264,0.25728639960289,0.683417204767466,
1546,0.14552,0.225125599652529,0.723618216812611,
1547,0.145776,0.201004999689758,0.763819228857756,
1548,0.146032,0.176884399726987,0.804020240902901,
1549,0.146288,0.160803999751806,0.763819228857756,
1550,0.146544,0.128643199801445,0.844221252948046,
1551,0.1468,0.104522599838674,0.884422264993191,
1552,0.147056,0.0884421998634934,0.884422264993191,
1553,0.147312,0.0723617998883128,0.884422264993191,
1554,0.147568,0.0402009999379516,0.924623277038336,
1555,0.147824,0.00804019998759031,0.964824289083481,
1556,0.14808,-0.00804019998759031,0.964824289083481,
1557,0.148336,-0.0402009999379516,0.964824289083481,
1558,0.148592,-0.0643215999007225,1.00502530112863,
1559,0.148848,-0.0804019998759031,1.00502530112863,
1560,0.149104,-0.104522599838674,1.00502530112863,
1561,0.14936,-0.128643199801445,1.00502530112863,
1562,0.149616,-0.152763799764216,0.964824289083481,
1563,0.149872,-0.168844199739397,0.964824289083481,
1564,0.150128,-0.201004999689758,0.964824289083481,
1565,0.150384,-0.225125599652529,0.964824289083481,
1566,0.15064,-0.233165799640119,0.964824289083481,
1567,0.150896,-0.25728639960289,0.884422264993191,
1568,0.151152,-0.281406999565661,0.924623277038336,
1569,0.151408,-0.305527599528432,0.884422264993191,
1570,0.151664,-0.313567799516022,0.884422264993191,
1571,0.15192,-0.345728599466383,0.844221252948046,
1572,0.152176,-0.353768799453974,0.804020240902901,
1573,0.152432,-0.377889399416745,0.763819228857756,
1574,0.152688,-0.385929599404335,0.763819228857756,
1575,0.152944,-0.410050199367106,0.763819228857756,
1576,0.1532,-0.410050199367106,0.723618216812611,
1577,0.153456,-0.434170799329877,0.683417204767466,
1578,0.153712,-0.450251199305058,0.643216192722321,
1579,0.153968,-0.458291399292648,0.603015180677176,
1580,0.154224,-0.466331599280238,0.56281416863203,
1581,0.15448,-0.474371799267828,0.522613156586885,
1582,0.154736,-0.482411999255419,0.442211132496595,
1583,0.154992,-0.498492399230599,0.442211132496595,
1584,0.155248,-0.490452199243009,0.40201012045145,
1585,0.155504,-0.498492399230599,0.32160809636116,
1586,0.15576,-0.50653259921819,0.281407084316015,
1587,0.156016,-0.498492399230599,0.24120607227087,
1588,0.156272,-0.51457279920578,0.201005060225725,
1589,0.156528,-0.50653259921819,0.16080404818058,
1590,0.156784,-0.50653259921819,0.120603036135435,
1591,0.15704,-0.498492399230599,0.0804020240902901,
1592,0.157296,-0.498492399230599,0.040201012045145,
1593,0.157552,-0.498492399230599,-0.040201012045145,
1594,0.157808,-0.482411999255419,-0.0804020240902901,
1595,0.158064,-0.474371799267828,-0.120603036135435,
1596,0.15832,-0.474371799267828,-0.201005060225725,
1597,0.158576,-0.458291399292648,-0.201005060225725,
1598,0.158832,-0.450251199305058,-0.24120607227087,
1599,0.159088,-0.434170799329877,-0.281407084316015,
1600,0.159344,-0.434170799329877,-0.32160809636116,
1601,0.1596,-0.418090399354696,-0.40201012045145,
1602,0.159856,-0.402009999379516,-0.40201012045145,
1603,0.160112,-0.385929599404335,-0.522613156586885,
1604,0.160368,-0.377889399416745,-0.48241214454174,
1605,0.160624,-0.345728599466383,-0.56281416863203,
1606,0.16088,-0.337688399478793,-0.603015180677176,
1607,0.161136,-0.321607999503613,-0.643216192722321,
1608,0.161392,-0.297487399540842,-0.683417204767466,
1609,0.161648,-0.281406999565661,-0.723618216812611,
1610,0.161904,-0.26532659959048,-0.723618216812611,
1611,0.16216,-0.241205999627709,-0.763819228857756,
1612,0.162416,-0.217085399664938,-0.804020240902901,
1613,0.162672,-0.192964799702168,-0.804020240902901,
1614,0.162928,-0.176884399726987,-0.844221252948046,
1615,0.163184,-0.152763799764216,-0.924623277038336,
1616,0.16344,-0.120602999813855,-0.924623277038336,
1617,0.163696,-0.104522599838674,-0.924623277038336,
1618,0.163952,-0.0723617998883128,-0.964824289083481,
1619,0.164208,-0.0562813999131322,-1.00502530112863,
1620,0.164464,-0.0321607999503613,-1.00502530112863,
1621,0.16472,-0.00804019998759031,-1.00502530112863,
1622,0.164976,0.0241205999627709,-1.04522631317377,
1623,0.165232,0.0482411999255419,-1.04522631317377,
1624,0.165488,0.0643215999007225,-1.08542732521892,
1625,0.165744,0.0804019998759031,-1.04522631317377,
1626,0.166,0.120602999813855,-1.00502530112863,
1627,0.166256,0.136683399789035,-1.00502530112863,
1628,0.166512,0.168844199739397,-1.04522631317377,
1629,0.166768,0.184924599714577,-1.04522631317377,
1630,0.167024,0.201004999689758,-1.00502530112863,
1631,0.16728,0.233165799640119,-1.00502530112863,
1632,0.167536,0.2492461996153,-0.964824289083481,
1633,0.167792,0.26532659959048,-0.964824289083481,
1634,0.168048,0.289447199553251,-0.964824289083481,
1635,0.168304,0.313567799516022,-0.924623277038336,
1636,0.16856,0.329648199491203,-0.924623277038336,
1637,0.168816,0.345728599466383,-0.924623277038336,
1638,0.169072,0.353768799453974,-0.804020240902901,
1639,0.169328,0.377889399416745,-0.884422264993191,
1640,0.169584,0.393969799391925,-0.804020240902901,
1641,0.16984,0.402009999379516,-0.723618216812611,
1642,0.170096,0.418090399354696,-0.723618216812611,
1643,0.170352,0.426130599342287,-0.683417204767466,
1644,0.170608,0.442210999317467,-0.683417204767466,
1645,0.170864,0.450251199305058,-0.643216192722321,
1646,0.17112,0.458291399292648,-0.56281416863203,
1647,0.171376,0.474371799267828,-0.522613156586885,
1648,0.171632,0.466331599280238,-0.56281416863203,
1649,0.171888,0.482411999255419,-0.48241214454174,
1650,0.172144,0.482411999255419,-0.442211132496595,
1651,0.1724,0.490452199243009,-0.40201012045145,
1652,0.172656,0.498492399230599,-0.32160809636116,
1653,0.172912,0.498492399230599,-0.24120607227087,
1654,0.173168,0.490452199243009,-0.24120607227087,
1655,0.173424,0.490452199243009,-0.201005060225725,
1656,0.17368,0.490452199243009,-0.16080404818058,
1657,0.173936,0.482411999255419,-0.0804020240902901,
1658,0.174192,0.482411999255419,-0.040201012045145,
1659,0.174448,0.474371799267828,0,
1660,0.174704,0.474371799267828,0.0804020240902901,
1661,0.17496,0.466331599280238,0.0804020240902901,
1662,0.175216,0.450251199305058,0.16080404818058,
1663,0.175472,0.450251199305058,0.16080404818058,
1664,0.175728,0.434170799329877,0.24120607227087,
1665,0.175984,0.426130599342287,0.281407084316015,
1666,0.17624,0.402009999379516,0.32160809636116,
1667,0.176496,0.393969799391925,0.361809108406305,
1668,0.176752,0.377889399416745,0.442211132496595,
1669,0.177008,0.361808999441564,0.442211132496595,
1670,0.177264,0.337688399478793,0.522613156586885,
1671,0.17752,0.321607999503613,0.522613156586885,
1672,0.177776,0.313567799516022,0.603015180677176,
1673,0.178032,0.297487399540842,0.643216192722321,
1674,0.178288,0.26532659959048,0.683417204767466,
1675,0.178544,0.2492461996153,0.683417204767466,
1676,0.1788,0.225125599652529,0.723618216812611,
1677,0.179056,0.209045199677348,0.804020240902901,
1678,0.179312,0.184924599714577,0.804020240902901,
1679,0.179568,0.160803999751806,0.844221252948046,
1680,0.179824,0.136683399789035,0.884422264993191,
1681,0.18008,0.112562799826264,0.884422264993191,
1682,0.180336,0.0964823998510838,0.884422264993191,
1683,0.180592,0.0562813999131322,0.924623277038336,
1684,0.180848,0.0402009999379516,0.924623277038336,
1685,0.181104,0.0241205999627709,0.964824289083481,
1686,0.18136,0,0.964824289083481,
1687,0.181616,-0.0321607999503613,0.964824289083481,
1688,0.181872,-0.0562813999131322,1.00502530112863,
1689,0.182128,-0.0723617998883128,0.964824289083481,
1690,0.182384,-0.104522599838674,0.964824289083481,
1691,0.18264,-0.120602999813855,0.924623277038336,
1692,0.182896,-0.152763799764216,1.00502530112863,
1693,0.183152,-0.168844199739397,0.964824289083481,
1694,0.183408,-0.192964799702168,0.924623277038336,
1695,0.183664,-0.217085399664938,0.924623277038336,
1696,0.18392,-0.233165799640119,0.924623277038336,
1697,0.184176,-0.25728639960289,0.924623277038336,
1698,0.184432,-0.281406999565661,0.924623277038336,
1699,0.184688,-0.305527599528432,0.884422264993191,
1700,0.184944,-0.305527599528432,0.884422264993191,
1701,0.1852,-0.337688399478793,0.844221252948046,
1702,0.185456,-0.345728599466383,0.844221252948046,
1703,0.185712,-0.369849199429154,0.804020240902901,
1704,0.185968,-0.385929599404335,0.804020240902901,
1705,0.186224,-0.410050199367106,0.723618216812611,
1706,0.18648,-0.410050199367106,0.683417204767466,
1707,0.186736,-0.426130599342287,0.683417204767466,
1708,0.186992,-0.442210999317467,0.643216192722321,
1709,0.187248,-0.458291399292648,0.603015180677176,
1710,0.187504,-0.474371799267828,0.603015180677176,
1711,0.18776,-0.474371799267828,0.522613156586885,
1712,0.188016,-0.482411999255419,0.48241214454174,
1713,0.188272,-0.482411999255419,0.442211132496595,
1714,0.188528,-0.490452199243009,0.40201012045145,
1715,0.188784,-0.498492399230599,0.361809108406305,
1716,0.18904,-0.490452199243009,0.32160809636116,
1717,0.189296,-0.498492399230599,0.281407084316015,
1718,0.189552,-0.50653259921819,0.201005060225725,
1719,0.189808,-0.498492399230599,0.16080404818058,
1720,0.190064,-0.498492399230599,0.120603036135435,
1721,0.19032,-0.50653259921819,0.0804020240902901,
1722,0.190576,-0.498492399230599,0.040201012045145,
1723,0.190832,-0.498492399230599,0,
1724,0.191088,-0.490452199243009,-0.0804020240902901,
1725,0.191344,-0.482411999255419,-0.120603036135435,
1726,0.1916,-0.466331599280238,-0.16080404818058,
1727,0.191856,-0.466331599280238,-0.201005060225725,
1728,0.192112,-0.458291399292648,-0.201005060225725,
1729,0.192368,-0.434170799329877,-0.281407084316015,
1730,0.192624,-0.434170799329877,-0.32160809636116,
1731,0.19288,-0.418090399354696,-0.361809108406305,
1732,0.193136,-0.410050199367106,-0.40201012045145,
1733,0.193392,-0.385929599404335,-0.48241214454174,
1734,0.193648,-0.369849199429154,-0.522613156586885,
1735,0.193904,-0.353768799453974,-0.56281416863203,
1736,0.19416,-0.345728599466383,-0.603015180677176,
1737,0.194416,-0.321607999503613,-0.643216192722321,
1738,0.194672,-0.289447199553251,-0.683417204767466,
1739,0.194928,-0.281406999565661,-0.723618216812611,
1740,0.195184,-0.25728639960289,-0.723618216812611,
1741,0.19544,-0.241205999627709,-0.763819228857756,
1742,0.195696,-0.217085399664938,-0.844221252948046,
1743,0.195952,-0.192964799702168,-0.844221252948046,
1744,0.196208,-0.176884399726987,-0.884422264993191,
1745,0.196464,-0.144723599776626,-0.924623277038336,
1746,0.19672,-0.128643199801445,-0.924623277038336,
1747,0.196976,-0.0964823998510838,-0.964824289083481,
1748,0.197232,-0.0804019998759031,-0.964824289083481,
1749,0.197488,-0.0562813999131322,-0.964824289083481,
1750,0.197744,-0.0321607999503613,-1.00502530112863,
1751,0.198,-0.0160803999751806,-0.964824289083481,
1752,0.198256,0.0160803999751806,-1.00502530112863,
1753,0.198512,0.0321607999503613,-1.04522631317377,
1754,0.198768,0.0643215999007225,-1.04522631317377,
1755,0.199024,0.0884421998634934,-1.00502530112863,
1756,0.19928,0.104522599838674,-1.00502530112863,
1757,0.199536,0.136683399789035,-1.04522631317377,
1758,0.199792,0.152763799764216,-1.04522631317377,
1759,0.200048,0.176884399726987,-1.00502530112863,
1760,0.200304,0.201004999689758,-1.04522631317377,
1761,0.20056,0.225125599652529,-1.00502530112863,
1762,0.200816,0.2492461996153,-1.00502530112863,
1763,0.201072,0.26532659959048,-0.964824289083481,
1764,0.201328,0.289447199553251,-0.964824289083481,
1765,0.201584,0.305527599528432,-0.924623277038336,
1766,0.20184,0.321607999503613,-0.924623277038336,
1767,0.202096,0.337688399478793,-0.924623277038336,
1768,0.202352,0.361808999441564,-0.884422264993191,
1769,0.202608,0.369849199429154,-0.844221252948046,
1770,0.202864,0.385929599404335,-0.804020240902901,
1771,0.20312,0.410050199367106,-0.804020240902901,
1772,0.203376,0.418090399354696,-0.723618216812611,
1773,0.203632,0.434170799329877,-0.683417204767466,
1774,0.203888,0.434170799329877,-0.683417204767466,
1775,0.204144,0.450251199305058,-0.643216192722321,
1776,0.2044,0.458291399292648,-0.56281416863203,
1777,0.204656,0.466331599280238,-0.522613156586885,
1778,0.204912,0.474371799267828,-0.48241214454174,
1779,0.205168,0.482411999255419,-0.442211132496595,
1780,0.205424,0.482411999255419,-0.442211132496595,
1781,0.20568,0.498492399230599,-0.361809108406305,
1782,0.205936,0.498492399230599,-0.32160809636116,
1783,0.206192,0.498492399230599,-0.281407084316015,
1784,0.206448,0.490452199243009,-0.201005060225725,
1785,0.206704,0.490452199243009,-0.201005060225725,
1786,0.20696,0.490452199243009,-0.16080404818058,
1787,0.207216,0.482411999255419,-0.0804020240902901,
1788,0.207472,0.482411999255419,-0.0804020240902901,
1789,0.207728,0.490452199243009,-0.040201012045145,
1790,0.207984,0.474371799267828,0,
1791,0.20824,0.466331599280238,0.0804020240902901,
1792,0.208496,0.458291399292648,0.120603036135435,
1793,0.208752,0.442210999317467,0.201005060225725,
1794,0.209008,0.434170799329877,0.24120607227087,
1795,0.209264,0.426130599342287,0.281407084316015,
1796,0.20952,0.402009999379516,0.32160809636116,
1797,0.209776,0.402009999379516,0.40201012045145,
1798,0.210032,0.377889399416745,0.40201012045145,
1799,0.210288,0.369849199429154,0.48241214454174,
1800,0.210544,0.345728599466383,0.48241214454174,
1801,0.2108,0.329648199491203,0.522613156586885,
1802,0.211056,0.305527599528432,0.56281416863203,
1803,0.211312,0.281406999565661,0.603015180677176,
1804,0.211568,0.273366799578071,0.643216192722321,
1805,0.211824,0.2492461996153,0.723618216812611,
1806,0.21208,0.233165799640119,0.723618216812611,
1807,0.212336,0.209045199677348,0.723618216812611,
1808,0.212592,0.184924599714577,0.804020240902901,
1809,0.212848,0.160803999751806,0.844221252948046,
1810,0.213104,0.144723599776626,0.844221252948046,
1811,0.21336,0.120602999813855,0.844221252948046,
1812,0.213616,0.0964823998510838,0.924623277038336,
1813,0.213872,0.0723617998883128,0.884422264993191,
1814,0.214128,0.0482411999255419,0.924623277038336,
1815,0.214384,0.0160803999751806,0.924623277038336,
1816,0.21464,0,0.964824289083481,
1817,0.214896,-0.0160803999751806,0.964824289083481,
1818,0.215152,-0.0402009999379516,0.964824289083481,
1819,0.215408,-0.0723617998883128,0.964824289083481,
1820,0.215664,-0.0884421998634934,0.964824289083481,
1821,0.21592,-0.112562799826264,0.964824289083481,
1822,0.216176,-0.144723599776626,0.964824289083481,
1823,0.216432,-0.168844199739397,0.964824289083481,
1824,0.216688,-0.192964799702168,1.00502530112863,
1825,0.216944,-0.217085399664938,0.964824289083481,
1826,0.2172,-0.233165799640119,0.924623277038336,
1827,0.217456,-0.2492461996153,0.964824289083481,
1828,0.217712,-0.273366799578071,0.924623277038336,
1829,0.217968,-0.289447199553251,0.884422264993191,
1830,0.218224,-0.305527599528432,0.844221252948046,
1831,0.21848,-0.321607999503613,0.844221252948046,
1832,0.218736,-0.345728599466383,0.844221252948046,
1833,0.218992,-0.369849199429154,0.804020240902901,
1834,0.219248,-0.377889399416745,0.763819228857756,
1835,0.219504,-0.393969799391925,0.763819228857756,
1836,0.21976,-0.418090399354696,0.763819228857756,
1837,0.220016,-0.434170799329877,0.683417204767466,
1838,0.220272,-0.434170799329877,0.683417204767466,
1839,0.220528,-0.450251199305058,0.603015180677176,
1840,0.220784,-0.458291399292648,0.56281416863203,
1841,0.22104,-0.474371799267828,0.522613156586885,
1842,0.221296,-0.482411999255419,0.48241214454174,
1843,0.221552,-0.490452199243009,0.48241214454174,
1844,0.221808,-0.498492399230599,0.40201012045145,
1845,0.222064,-0.490452199243009,0.361809108406305,
1846,0.22232,-0.498492399230599,0.32160809636116,
1847,0.222576,-0.498492399230599,0.281407084316015,
1848,0.222832,-0.498492399230599,0.24120607227087,
1849,0.223088,-0.52261299919337,0.16080404818058,
1850,0.223344,-0.498492399230599,0.120603036135435,
1851,0.2236,-0.498492399230599,0.120603036135435,
1852,0.223856,-0.490452199243009,0.040201012045145,
1853,0.224112,-0.498492399230599,0,
1854,0.224368,-0.490452199243009,-0.040201012045145,
1855,0.224624,-0.474371799267828,-0.120603036135435,
1856,0.22488,-0.474371799267828,-0.120603036135435,
1857,0.225136,-0.466331599280238,-0.201005060225725,
1858,0.225392,-0.466331599280238,-0.24120607227087,
1859,0.225648,-0.442210999317467,-0.281407084316015,
1860,0.225904,-0.434170799329877,-0.32160809636116,
1861,0.22616,-0.426130599342287,-0.40201012045145,
1862,0.226416,-0.410050199367106,-0.40201012045145,
1863,0.226672,-0.377889399416745,-0.442211132496595,
1864,0.226928,-0.377889399416745,-0.522613156586885,
1865,0.227184,-0.361808999441564,-0.603015180677176,
1866,0.22744,-0.337688399478793,-0.603015180677176,
1867,0.227696,-0.329648199491203,-0.643216192722321,
1868,0.227952,-0.305527599528432,-0.683417204767466,
1869,0.228208,-0.289447199553251,-0.683417204767466,
1870,0.228464,-0.26532659959048,-0.763819228857756,
1871,0.22872,-0.241205999627709,-0.804020240902901,
1872,0.228976,-0.225125599652529,-0.804020240902901,
1873,0.229232,-0.201004999689758,-0.844221252948046,
1874,0.229488,-0.176884399726987,-0.844221252948046,
1875,0.229744,-0.152763799764216,-0.884422264993191,
1876,0.23,-0.128643199801445,-0.924623277038336,
1877,0.230256,-0.104522599838674,-0.924623277038336,
1878,0.230512,-0.0723617998883128,-0.924623277038336,
1879,0.230768,-0.0643215999007225,-0.964824289083481,
1880,0.231024,-0.0321607999503613,-0.964824289083481,
1881,0.23128,-0.0160803999751806,-1.00502530112863,
1882,0.231536,0.00804019998759031,-1.00502530112863,
1883,0.231792,0.0321607999503613,-1.00502530112863,
1884,0.232048,0.0643215999007225,-1.04522631317377,
1885,0.232304,0.0723617998883128,-1.04522631317377,
1886,0.23256,0.104522599838674,-1.04522631317377,
1887,0.232816,0.128643199801445,-1.04522631317377,
1888,0.233072,0.152763799764216,-1.04522631317377,
1889,0.233328,0.176884399726987,-1.04522631317377,
1890,0.233584,0.201004999689758,-1.00502530112863,
1891,0.23384,0.225125599652529,-1.04522631317377,
1892,0.234096,0.241205999627709,-1.00502530112863,
1893,0.234352,0.26532659959048,-0.964824289083481,
1894,0.234608,0.289447199553251,-0.964824289083481,
1895,0.234864,0.289447199553251,-0.924623277038336,
1896,0.23512,0.329648199491203,-0.964824289083481,
1897,0.235376,0.329648199491203,-0.884422264993191,
1898,0.235632,0.353768799453974,-0.884422264993191,
1899,0.235888,0.369849199429154,-0.844221252948046,
1900,0.236144,0.385929599404335,-0.804020240902901,
1901,0.2364,0.402009999379516,-0.763819228857756,
1902,0.236656,0.410050199367106,-0.763819228857756,
1903,0.236912,0.426130599342287,-0.683417204767466,
1904,0.237168,0.434170799329877,-0.643216192722321,
1905,0.237424,0.442210999317467,-0.643216192722321,
1906,0.23768,0.450251199305058,-0.56281416863203,
1907,0.237936,0.466331599280238,-0.56281416863203,
1908,0.238192,0.482411999255419,-0.522613156586885,
1909,0.238448,0.482411999255419,-0.442211132496595,
1910,0.238704,0.490452199243009,-0.48241214454174,
1911,0.23896,0.482411999255419,-0.40201012045145,
1912,0.239216,0.498492399230599,-0.361809108406305,
1913,0.239472,0.498492399230599,-0.281407084316015,
1914,0.239728,0.490452199243009,-0.24120607227087,
1915,0.239984,0.498492399230599,-0.201005060225725,
1916,0.24024,0.490452199243009,-0.16080404818058,
1917,0.240496,0.482411999255419,-0.120603036135435,
1918,0.240752,0.482411999255419,-0.040201012045145,
1919,0.241008,0.482411999255419,0,
1920,0.241264,0.466331599280238,0.040201012045145,
1921,0.24152,0.466331599280238,0.0804020240902901,
1922,0.241776,0.458291399292648,0.120603036135435,
1923,0.242032,0.450251199305058,0.201005060225725,
1924,0.242288,0.442210999317467,0.24120607227087,
1925,0.242544,0.426130599342287,0.281407084316015,
1926,0.2428,0.410050199367106,0.32160809636116,
1927,0.243056,0.402009999379516,0.361809108406305,
1928,0.243312,0.385929599404335,0.442211132496595,
1929,0.243568,0.361808999441564,0.48241214454174,
1930,0.243824,0.361808999441564,0.442211132496595,
1931,0.24408,0.337688399478793,0.522613156586885,
1932,0.244336,0.313567799516022,0.56281416863203,
1933,0.244592,0.289447199553251,0.603015180677176,
1934,0.244848,0.273366799578071,0.643216192722321,
1935,0.245104,0.26532659959048,0.683417204767466,
1936,0.24536,0.241205999627709,0.723618216812611,
1937,0.245616,0.225125599652529,0.723618216812611,
1938,0.245872,0.192964799702168,0.763819228857756,
1939,0.246128,0.176884399726987,0.804020240902901,
1940,0.246384,0.152763799764216,0.844221252948046,
1941,0.24664,0.128643199801445,0.804020240902901,
1942,0.246896,0.104522599838674,0.884422264993191,
1943,0.247152,0.0804019998759031,0.884422264993191,
1944,0.247408,0.0562813999131322,0.924623277038336,
1945,0.247664,0.0241205999627709,0.884422264993191,
1946,0.24792,0.00804019998759031,0.924623277038336,
1947,0.248176,-0.0160803999751806,1.00502530112863,
1948,0.248432,-0.0402009999379516,0.964824289083481,
1949,0.248688,-0.0643215999007225,1.00502530112863,
1950,0.248944,-0.0964823998510838,0.964824289083481,
1951,0.2492,-0.112562799826264,0.964824289083481,
1952,0.249456,-0.136683399789035,0.964824289083481,
1953,0.249712,-0.160803999751806,0.964824289083481,
