Model: ,Oscilloscope DSO-X 1102G
Serial Number:,CN57246464
Address: ,USBInstrument3
Date: ,2026-09-28 16:18:13

Sample Number,Time (s),1 (VOLT),2 (VOLT),
1,-0.01,0.120602999813855,0.0804020240902901,
2,-0.00998976,0.112562799826264,0.0804020240902901,
3,-0.00997952,0.120602999813855,0.0804020240902901,
4,-0.00996928,0.112562799826264,0.0804020240902901,
5,-0.00995904,0.112562799826264,0.0804020240902901,
6,-0.0099488,0.112562799826264,0.0804020240902901,
7,-0.00993856,0.112562799826264,0.0804020240902901,
8,-0.00992832,0.120602999813855,0.120603036135435,
9,-0.00991808,0.104522599838674,0.120603036135435,
10,-0.00990784,0.104522599838674,0.0804020240902901,
11,-0.0098976,0.104522599838674,0.0804020240902901,
12,-0.00988736,0.0964823998510838,0.0804020240902901,
13,-0.00987712,0.104522599838674,0.120603036135435,
14,-0.00986688,0.104522599838674,0.0804020240902901,
15,-0.00985664,0.0964823998510838,0.0804020240902901,
16,-0.0098464,0.0884421998634934,0.120603036135435,
17,-0.00983616,0.0884421998634934,0.0804020240902901,
18,-0.00982592,0.0964823998510838,0.0804020240902901,
19,-0.00981568,0.0884421998634934,0.0804020240902901,
20,-0.00980544,0.0804019998759031,0.040201012045145,
21,-0.0097952,0.0804019998759031,0.0804020240902901,
22,-0.00978496,0.0884421998634934,0.0804020240902901,
23,-0.00977472,0.0884421998634934,0.120603036135435,
24,-0.00976448,0.0723617998883128,0.0804020240902901,
25,-0.00975424,0.0723617998883128,0.0804020240902901,
26,-0.009744,0.0723617998883128,0.0804020240902901,
27,-0.00973376,0.0723617998883128,0.0804020240902901,
28,-0.00972352,0.0723617998883128,0.120603036135435,
29,-0.00971328,0.0643215999007225,0.0804020240902901,
30,-0.00970304,0.0723617998883128,0.120603036135435,
31,-0.0096928,0.0723617998883128,0.0804020240902901,
32,-0.00968256,0.0643215999007225,0.0804020240902901,
33,-0.00967232,0.0562813999131322,0.0804020240902901,
34,-0.00966208,0.0562813999131322,0.040201012045145,
35,-0.00965184,0.0562813999131322,0.0804020240902901,
36,-0.0096416,0.0562813999131322,0.0804020240902901,
37,-0.00963136,0.0562813999131322,0.0804020240902901,
38,-0.00962112,0.0562813999131322,0.0804020240902901,
39,-0.00961088,0.0482411999255419,0.120603036135435,
40,-0.00960064,0.0482411999255419,0.120603036135435,
41,-0.0095904,0.0402009999379516,0.120603036135435,
42,-0.00958016,0.0482411999255419,0.0804020240902901,
43,-0.00956992,0.0402009999379516,0.120603036135435,
44,-0.00955968,0.0482411999255419,0.0804020240902901,
45,-0.00954944,0.0402009999379516,0.0804020240902901,
46,-0.0095392,0.0402009999379516,0.0804020240902901,
47,-0.00952896,0.0321607999503613,0.040201012045145,
48,-0.00951872,0.0321607999503613,0.0804020240902901,
49,-0.00950848,0.0241205999627709,0.0804020240902901,
50,-0.00949824,0.0321607999503613,0.120603036135435,
51,-0.009488,0.0241205999627709,0.0804020240902901,
52,-0.00947776,0.0241205999627709,0.040201012045145,
53,-0.00946752,0.0241205999627709,0.0804020240902901,
54,-0.00945728,0.0241205999627709,0.0804020240902901,
55,-0.00944704,0.0160803999751806,0.0804020240902901,
56,-0.0094368,0.00804019998759031,0.120603036135435,
57,-0.00942656,0.0160803999751806,0.0804020240902901,
58,-0.00941632,0.0160803999751806,0.0804020240902901,
59,-0.00940608,0.0160803999751806,0.0804020240902901,
60,-0.00939584,0.0160803999751806,0.0804020240902901,
61,-0.0093856,0.00804019998759031,0.120603036135435,
62,-0.00937536,0.00804019998759031,0.0804020240902901,
63,-0.00936512,0.00804019998759031,0.0804020240902901,
64,-0.00935488,0,0.0804020240902901,
65,-0.00934464,0,0.0804020240902901,
66,-0.0093344,0,0.0804020240902901,
67,-0.00932416,0,0.120603036135435,
68,-0.00931392,-0.00804019998759031,0.0804020240902901,
69,-0.00930368,-0.00804019998759031,0.120603036135435,
70,-0.00929344,-0.0160803999751806,0.120603036135435,
71,-0.0092832,-0.0160803999751806,0.0804020240902901,
72,-0.00927296,-0.0241205999627709,0.0804020240902901,
73,-0.00926272,-0.0241205999627709,0.0804020240902901,
74,-0.00925248,-0.0160803999751806,0.120603036135435,
75,-0.00924224,-0.0160803999751806,0.0804020240902901,
76,-0.009232,-0.0160803999751806,0.0804020240902901,
77,-0.00922176,-0.0160803999751806,0.0804020240902901,
78,-0.00921152,-0.0241205999627709,0.120603036135435,
79,-0.00920128,-0.0241205999627709,0.0804020240902901,
80,-0.00919104,-0.0241205999627709,0.040201012045145,
81,-0.0091808,-0.0402009999379516,0.0804020240902901,
82,-0.00917056,-0.0321607999503613,0.0804020240902901,
83,-0.00916032,-0.0321607999503613,0.0804020240902901,
84,-0.00915008,-0.0402009999379516,0.120603036135435,
85,-0.00913984,-0.0402009999379516,0.0804020240902901,
86,-0.0091296,-0.0321607999503613,0.0804020240902901,
87,-0.00911936,-0.0402009999379516,0.0804020240902901,
88,-0.00910912,-0.0482411999255419,0.0804020240902901,
89,-0.00909888,-0.0482411999255419,0.0804020240902901,
90,-0.00908864,-0.0482411999255419,0.0804020240902901,
91,-0.0090784,-0.0482411999255419,0.0804020240902901,
92,-0.00906816,-0.0482411999255419,0.0804020240902901,
93,-0.00905792,-0.0482411999255419,0.0804020240902901,
94,-0.00904768,-0.0482411999255419,0.0804020240902901,
95,-0.00903744,-0.0643215999007225,0.120603036135435,
96,-0.0090272,-0.0562813999131322,0.0804020240902901,
97,-0.00901696,-0.0643215999007225,0.0804020240902901,
98,-0.00900672,-0.0562813999131322,0.0804020240902901,
99,-0.00899648,-0.0562813999131322,0.0804020240902901,
100,-0.00898624,-0.0723617998883128,0.040201012045145,
101,-0.008976,-0.0643215999007225,0.0804020240902901,
102,-0.00896576,-0.0723617998883128,0.0804020240902901,
103,-0.00895552,-0.0804019998759031,0.0804020240902901,
104,-0.00894528,-0.0723617998883128,0.0804020240902901,
105,-0.00893504,-0.0723617998883128,0.0804020240902901,
106,-0.0089248,-0.0723617998883128,0.0804020240902901,
107,-0.00891456,-0.0804019998759031,0.0804020240902901,
108,-0.00890432,-0.0804019998759031,0.120603036135435,
109,-0.00889408,-0.0884421998634934,0.0804020240902901,
110,-0.00888384,-0.0884421998634934,0.0804020240902901,
111,-0.0088736,-0.0804019998759031,0.120603036135435,
112,-0.00886336,-0.0884421998634934,0.0804020240902901,
113,-0.00885312,-0.0964823998510838,0.120603036135435,
114,-0.00884288,-0.0964823998510838,0.0804020240902901,
115,-0.00883264,-0.0964823998510838,0.0804020240902901,
116,-0.0088224,-0.0964823998510838,0.0804020240902901,
117,-0.00881216,-0.0964823998510838,0.0804020240902901,
118,-0.00880192,-0.0964823998510838,0.040201012045145,
119,-0.00879168,-0.104522599838674,0.0804020240902901,
120,-0.00878144,-0.104522599838674,0.040201012045145,
121,-0.0087712,-0.0964823998510838,0.0804020240902901,
122,-0.00876096,-0.104522599838674,0.0804020240902901,
123,-0.00875072,-0.112562799826264,0.0804020240902901,
124,-0.00874048,-0.112562799826264,0.0804020240902901,
125,-0.00873024,-0.112562799826264,0.040201012045145,
126,-0.00872,-0.112562799826264,0.0804020240902901,
127,-0.00870976,-0.112562799826264,0.0804020240902901,
128,-0.00869952,-0.112562799826264,0.0804020240902901,
129,-0.00868928,-0.128643199801445,0.040201012045145,
130,-0.00867904,-0.120602999813855,0.0804020240902901,
131,-0.0086688,-0.128643199801445,0.0804020240902901,
132,-0.00865856,-0.128643199801445,0.0804020240902901,
133,-0.00864832,-0.136683399789035,0.120603036135435,
134,-0.00863808,-0.136683399789035,0.0804020240902901,
135,-0.00862784,-0.128643199801445,0.0804020240902901,
136,-0.0086176,-0.136683399789035,0.040201012045145,
137,-0.00860736,-0.136683399789035,0.0804020240902901,
138,-0.00859712,-0.136683399789035,0.0804020240902901,
139,-0.00858688,-0.144723599776626,0.040201012045145,
140,-0.00857664,-0.136683399789035,0.0804020240902901,
141,-0.0085664,-0.152763799764216,0.0804020240902901,
142,-0.00855616,-0.144723599776626,0.040201012045145,
143,-0.00854592,-0.152763799764216,0.120603036135435,
144,-0.00853568,-0.144723599776626,0.040201012045145,
145,-0.00852544,-0.152763799764216,0.0804020240902901,
146,-0.0085152,-0.152763799764216,0.040201012045145,
147,-0.00850496,-0.152763799764216,0.0804020240902901,
148,-0.00849472,-0.152763799764216,0.0804020240902901,
149,-0.00848448,-0.152763799764216,0.040201012045145,
150,-0.00847424,-0.152763799764216,0.0804020240902901,
151,-0.008464,-0.160803999751806,0.0804020240902901,
152,-0.00845376,-0.160803999751806,0.0804020240902901,
153,-0.00844352,-0.168844199739397,0.0804020240902901,
154,-0.00843328,-0.168844199739397,0.0804020240902901,
155,-0.00842304,-0.168844199739397,0.0804020240902901,
156,-0.0084128,-0.168844199739397,0.0804020240902901,
157,-0.00840256,-0.168844199739397,0.040201012045145,
158,-0.00839232,-0.176884399726987,0.0804020240902901,
159,-0.00838208,-0.176884399726987,0.040201012045145,
160,-0.00837184,-0.176884399726987,0.0804020240902901,
161,-0.0083616,-0.184924599714577,0.0804020240902901,
162,-0.00835136,-0.176884399726987,0.0804020240902901,
163,-0.00834112,-0.184924599714577,0.0804020240902901,
164,-0.00833088,-0.176884399726987,0.040201012045145,
165,-0.00832064,-0.184924599714577,0.0804020240902901,
166,-0.0083104,-0.184924599714577,0.0804020240902901,
167,-0.00830016,-0.192964799702168,0.0804020240902901,
168,-0.00828992,-0.192964799702168,0.040201012045145,
169,-0.00827968,-0.192964799702168,0.0804020240902901,
170,-0.00826944,-0.192964799702168,0.0804020240902901,
171,-0.0082592,-0.201004999689758,0.0804020240902901,
172,-0.00824896,-0.209045199677348,0.040201012045145,
173,-0.00823872,-0.192964799702168,0.040201012045145,
174,-0.00822848,-0.201004999689758,0.040201012045145,
175,-0.00821824,-0.201004999689758,0.0804020240902901,
176,-0.008208,-0.217085399664938,0.040201012045145,
177,-0.00819776,-0.209045199677348,0.040201012045145,
178,-0.00818752,-0.217085399664938,0.040201012045145,
179,-0.00817728,-0.209045199677348,0.0804020240902901,
180,-0.00816704,-0.217085399664938,0.040201012045145,
181,-0.0081568,-0.209045199677348,0.0804020240902901,
182,-0.00814656,-0.217085399664938,0.0804020240902901,
183,-0.00813632,-0.209045199677348,0.040201012045145,
184,-0.00812608,-0.217085399664938,0.040201012045145,
185,-0.00811584,-0.225125599652529,0.040201012045145,
186,-0.0081056,-0.209045199677348,0.0804020240902901,
187,-0.00809536,-0.233165799640119,0.0804020240902901,
188,-0.00808512,-0.233165799640119,0.040201012045145,
189,-0.00807488,-0.225125599652529,0.040201012045145,
190,-0.00806464,-0.233165799640119,0.0804020240902901,
191,-0.0080544,-0.241205999627709,0.040201012045145,
192,-0.00804416,-0.233165799640119,0.040201012045145,
193,-0.00803392,-0.233165799640119,0.040201012045145,
194,-0.00802368,-0.225125599652529,0.040201012045145,
195,-0.00801344,-0.233165799640119,0.040201012045145,
196,-0.0080032,-0.241205999627709,0.040201012045145,
197,-0.00799296,-0.2492461996153,0.040201012045145,
198,-0.00798272,-0.241205999627709,0.040201012045145,
199,-0.00797248,-0.2492461996153,0.0804020240902901,
200,-0.00796224,-0.2492461996153,0.040201012045145,
201,-0.007952,-0.2492461996153,0.0804020240902901,
202,-0.00794176,-0.25728639960289,0.040201012045145,
203,-0.00793152,-0.25728639960289,0.040201012045145,
204,-0.00792128,-0.26532659959048,0.0804020240902901,
205,-0.00791104,-0.25728639960289,0.040201012045145,
206,-0.0079008,-0.25728639960289,0.040201012045145,
207,-0.00789056,-0.25728639960289,0.0804020240902901,
208,-0.00788032,-0.25728639960289,0.040201012045145,
209,-0.00787008,-0.26532659959048,0.040201012045145,
210,-0.00785984,-0.273366799578071,0.0804020240902901,
211,-0.0078496,-0.26532659959048,0.040201012045145,
212,-0.00783936,-0.273366799578071,0.040201012045145,
213,-0.00782912,-0.273366799578071,0.040201012045145,
214,-0.00781888,-0.26532659959048,0.0804020240902901,
215,-0.00780864,-0.281406999565661,0.040201012045145,
216,-0.0077984,-0.273366799578071,0.0804020240902901,
217,-0.00778816,-0.273366799578071,0.040201012045145,
218,-0.00777792,-0.273366799578071,0.040201012045145,
219,-0.00776768,-0.289447199553251,0.040201012045145,
220,-0.00775744,-0.281406999565661,0.040201012045145,
221,-0.0077472,-0.289447199553251,0.040201012045145,
222,-0.00773696,-0.281406999565661,0.040201012045145,
223,-0.00772672,-0.289447199553251,0.040201012045145,
224,-0.00771648,-0.289447199553251,0.040201012045145,
225,-0.00770624,-0.289447199553251,0.040201012045145,
226,-0.007696,-0.289447199553251,0.040201012045145,
227,-0.00768576,-0.289447199553251,0.0804020240902901,
228,-0.00767552,-0.297487399540842,0.040201012045145,
229,-0.00766528,-0.305527599528432,0.040201012045145,
230,-0.00765504,-0.289447199553251,0.040201012045145,
231,-0.0076448,-0.289447199553251,0.040201012045145,
232,-0.00763456,-0.305527599528432,0.040201012045145,
233,-0.00762432,-0.297487399540842,0.040201012045145,
234,-0.00761408,-0.313567799516022,0.040201012045145,
235,-0.00760384,-0.305527599528432,0.040201012045145,
236,-0.0075936,-0.305527599528432,0.040201012045145,
237,-0.00758336,-0.305527599528432,0.040201012045145,
238,-0.00757312,-0.313567799516022,0.040201012045145,
239,-0.00756288,-0.305527599528432,0,
240,-0.00755264,-0.321607999503613,0.040201012045145,
241,-0.0075424,-0.313567799516022,0.040201012045145,
242,-0.00753216,-0.313567799516022,0.0804020240902901,
243,-0.00752192,-0.313567799516022,0.040201012045145,
244,-0.00751168,-0.329648199491203,0.040201012045145,
245,-0.00750144,-0.321607999503613,0.040201012045145,
246,-0.0074912,-0.329648199491203,0.040201012045145,
247,-0.00748096,-0.329648199491203,0,
248,-0.00747072,-0.329648199491203,0.040201012045145,
249,-0.00746048,-0.329648199491203,0,
250,-0.00745024,-0.329648199491203,0.040201012045145,
251,-0.00744,-0.329648199491203,0.040201012045145,
252,-0.00742976,-0.329648199491203,0.040201012045145,
253,-0.00741952,-0.337688399478793,0,
254,-0.00740928,-0.345728599466383,0.040201012045145,
255,-0.00739904,-0.329648199491203,0,
256,-0.0073888,-0.337688399478793,0,
257,-0.00737856,-0.337688399478793,0.040201012045145,
258,-0.00736832,-0.337688399478793,0.040201012045145,
259,-0.00735808,-0.345728599466383,0,
260,-0.00734784,-0.345728599466383,0,
261,-0.0073376,-0.353768799453974,0.040201012045145,
262,-0.00732736,-0.345728599466383,0.040201012045145,
263,-0.00731712,-0.345728599466383,0,
264,-0.00730688,-0.345728599466383,0,
265,-0.00729664,-0.345728599466383,0.040201012045145,
266,-0.0072864,-0.353768799453974,0,
267,-0.00727616,-0.353768799453974,0.040201012045145,
268,-0.00726592,-0.353768799453974,0,
269,-0.00725568,-0.353768799453974,0,
270,-0.00724544,-0.361808999441564,0.040201012045145,
271,-0.0072352,-0.353768799453974,0,
272,-0.00722496,-0.353768799453974,0,
273,-0.00721472,-0.369849199429154,0.040201012045145,
274,-0.00720448,-0.353768799453974,0,
275,-0.00719424,-0.361808999441564,0,
276,-0.007184,-0.361808999441564,0,
277,-0.00717376,-0.369849199429154,0,
278,-0.00716352,-0.369849199429154,0,
279,-0.00715328,-0.369849199429154,0.040201012045145,
280,-0.00714304,-0.369849199429154,0,
281,-0.0071328,-0.377889399416745,0.040201012045145,
282,-0.00712256,-0.377889399416745,0,
283,-0.00711232,-0.377889399416745,0.040201012045145,
284,-0.00710208,-0.377889399416745,0,
285,-0.00709184,-0.377889399416745,0.040201012045145,
286,-0.0070816,-0.377889399416745,0.040201012045145,
287,-0.00707136,-0.377889399416745,0.0804020240902901,
288,-0.00706112,-0.393969799391925,0,
289,-0.00705088,-0.385929599404335,0,
290,-0.00704064,-0.385929599404335,0,
291,-0.0070304,-0.393969799391925,0.040201012045145,
292,-0.00702016,-0.385929599404335,0.040201012045145,
293,-0.00700992,-0.385929599404335,0,
294,-0.00699968,-0.393969799391925,0.040201012045145,
295,-0.00698944,-0.393969799391925,0,
296,-0.0069792,-0.385929599404335,-0.040201012045145,
297,-0.00696896,-0.393969799391925,0.040201012045145,
298,-0.00695872,-0.385929599404335,0,
299,-0.00694848,-0.393969799391925,0,
300,-0.00693824,-0.393969799391925,0.040201012045145,
301,-0.006928,-0.393969799391925,0.040201012045145,
302,-0.00691776,-0.393969799391925,0,
303,-0.00690752,-0.402009999379516,0.040201012045145,
304,-0.00689728,-0.402009999379516,0.040201012045145,
305,-0.00688704,-0.402009999379516,0,
306,-0.0068768,-0.402009999379516,0,
307,-0.00686656,-0.402009999379516,0,
308,-0.00685632,-0.402009999379516,-0.040201012045145,
309,-0.00684608,-0.402009999379516,0,
310,-0.00683584,-0.410050199367106,0.040201012045145,
311,-0.0068256,-0.402009999379516,0,
312,-0.00681536,-0.410050199367106,0,
313,-0.00680512,-0.402009999379516,0,
314,-0.00679488,-0.410050199367106,0.040201012045145,
315,-0.00678464,-0.410050199367106,0,
316,-0.0067744,-0.418090399354696,0,
317,-0.00676416,-0.410050199367106,0.040201012045145,
318,-0.00675392,-0.410050199367106,0,
319,-0.00674368,-0.410050199367106,0,
320,-0.00673344,-0.418090399354696,-0.040201012045145,
321,-0.0067232,-0.418090399354696,0,
322,-0.00671296,-0.426130599342287,-0.040201012045145,
323,-0.00670272,-0.418090399354696,0,
324,-0.00669248,-0.418090399354696,0.040201012045145,
325,-0.00668224,-0.426130599342287,0.040201012045145,
326,-0.006672,-0.426130599342287,0,
327,-0.00666176,-0.426130599342287,0,
328,-0.00665152,-0.426130599342287,0,
329,-0.00664128,-0.426130599342287,0,
330,-0.00663104,-0.434170799329877,0.040201012045145,
331,-0.0066208,-0.426130599342287,0,
332,-0.00661056,-0.426130599342287,-0.040201012045145,
333,-0.00660032,-0.434170799329877,0,
334,-0.00659008,-0.434170799329877,-0.040201012045145,
335,-0.00657984,-0.434170799329877,-0.040201012045145,
336,-0.0065696,-0.442210999317467,0,
337,-0.00655936,-0.442210999317467,0,
338,-0.00654912,-0.434170799329877,-0.040201012045145,
339,-0.00653888,-0.442210999317467,-0.040201012045145,
340,-0.00652864,-0.442210999317467,0,
341,-0.0065184,-0.434170799329877,0,
342,-0.00650816,-0.434170799329877,0,
343,-0.00649792,-0.442210999317467,0,
344,-0.00648768,-0.450251199305058,0,
345,-0.00647744,-0.442210999317467,0,
346,-0.0064672,-0.442210999317467,0,
347,-0.00645696,-0.442210999317467,0,
348,-0.00644672,-0.450251199305058,0,
349,-0.00643648,-0.450251199305058,0,
350,-0.00642624,-0.458291399292648,-0.040201012045145,
351,-0.006416,-0.442210999317467,0,
352,-0.00640576,-0.442210999317467,-0.040201012045145,
353,-0.00639552,-0.450251199305058,0,
354,-0.00638528,-0.458291399292648,-0.040201012045145,
355,-0.00637504,-0.450251199305058,0,
356,-0.0063648,-0.442210999317467,-0.040201012045145,
357,-0.00635456,-0.450251199305058,-0.040201012045145,
358,-0.00634432,-0.458291399292648,0,
359,-0.00633408,-0.458291399292648,0,
360,-0.00632384,-0.458291399292648,0,
361,-0.0063136,-0.458291399292648,-0.040201012045145,
362,-0.00630336,-0.450251199305058,-0.040201012045145,
363,-0.00629312,-0.458291399292648,-0.040201012045145,
364,-0.00628288,-0.450251199305058,-0.040201012045145,
365,-0.00627264,-0.458291399292648,-0.040201012045145,
366,-0.0062624,-0.466331599280238,-0.040201012045145,
367,-0.00625216,-0.466331599280238,0,
368,-0.00624192,-0.466331599280238,0.040201012045145,
369,-0.00623168,-0.466331599280238,0,
370,-0.00622144,-0.466331599280238,-0.040201012045145,
371,-0.0062112,-0.466331599280238,-0.040201012045145,
372,-0.00620096,-0.458291399292648,-0.040201012045145,
373,-0.00619072,-0.466331599280238,-0.040201012045145,
374,-0.00618048,-0.474371799267828,-0.040201012045145,
375,-0.00617024,-0.474371799267828,-0.040201012045145,
376,-0.00616,-0.466331599280238,0,
377,-0.00614976,-0.466331599280238,-0.040201012045145,
378,-0.00613952,-0.474371799267828,-0.040201012045145,
379,-0.00612928,-0.482411999255419,-0.040201012045145,
380,-0.00611904,-0.466331599280238,0,
381,-0.0061088,-0.474371799267828,-0.040201012045145,
382,-0.00609856,-0.474371799267828,-0.040201012045145,
383,-0.00608832,-0.474371799267828,-0.040201012045145,
384,-0.00607808,-0.482411999255419,-0.040201012045145,
385,-0.00606784,-0.474371799267828,-0.040201012045145,
386,-0.0060576,-0.466331599280238,0,
387,-0.00604736,-0.474371799267828,-0.040201012045145,
388,-0.00603712,-0.482411999255419,-0.040201012045145,
389,-0.00602688,-0.474371799267828,-0.040201012045145,
390,-0.00601664,-0.474371799267828,-0.040201012045145,
391,-0.0060064,-0.490452199243009,-0.040201012045145,
392,-0.00599616,-0.490452199243009,-0.040201012045145,
393,-0.00598592,-0.482411999255419,-0.040201012045145,
394,-0.00597568,-0.482411999255419,0,
395,-0.00596544,-0.474371799267828,0,
396,-0.0059552,-0.482411999255419,0,
397,-0.00594496,-0.490452199243009,-0.040201012045145,
398,-0.00593472,-0.482411999255419,-0.040201012045145,
399,-0.00592448,-0.490452199243009,0,
400,-0.00591424,-0.490452199243009,-0.040201012045145,
401,-0.005904,-0.482411999255419,0,
402,-0.00589376,-0.482411999255419,-0.040201012045145,
403,-0.00588352,-0.490452199243009,-0.040201012045145,
404,-0.00587328,-0.490452199243009,-0.040201012045145,
405,-0.00586304,-0.482411999255419,-0.040201012045145,
406,-0.0058528,-0.482411999255419,-0.040201012045145,
407,-0.00584256,-0.490452199243009,-0.040201012045145,
408,-0.00583232,-0.490452199243009,-0.040201012045145,
409,-0.00582208,-0.490452199243009,-0.040201012045145,
410,-0.00581184,-0.490452199243009,-0.040201012045145,
411,-0.0058016,-0.490452199243009,0,
412,-0.00579136,-0.490452199243009,-0.040201012045145,
413,-0.00578112,-0.490452199243009,-0.040201012045145,
414,-0.00577088,-0.498492399230599,0,
415,-0.00576064,-0.490452199243009,-0.0804020240902901,
416,-0.0057504,-0.498492399230599,-0.040201012045145,
417,-0.00574016,-0.490452199243009,-0.040201012045145,
418,-0.00572992,-0.490452199243009,-0.0804020240902901,
419,-0.00571968,-0.490452199243009,-0.040201012045145,
420,-0.00570944,-0.498492399230599,-0.040201012045145,
421,-0.0056992,-0.498492399230599,-0.0804020240902901,
422,-0.00568896,-0.498492399230599,-0.0804020240902901,
423,-0.00567872,-0.50653259921819,-0.040201012045145,
424,-0.00566848,-0.498492399230599,-0.040201012045145,
425,-0.00565824,-0.498492399230599,-0.040201012045145,
426,-0.005648,-0.490452199243009,-0.040201012045145,
427,-0.00563776,-0.498492399230599,-0.040201012045145,
428,-0.00562752,-0.50653259921819,-0.040201012045145,
429,-0.00561728,-0.498492399230599,-0.040201012045145,
430,-0.00560704,-0.498492399230599,-0.040201012045145,
431,-0.0055968,-0.498492399230599,-0.0804020240902901,
432,-0.00558656,-0.498492399230599,-0.040201012045145,
433,-0.00557632,-0.498492399230599,-0.0804020240902901,
434,-0.00556608,-0.498492399230599,-0.040201012045145,
435,-0.00555584,-0.498492399230599,-0.040201012045145,
436,-0.0055456,-0.498492399230599,-0.0804020240902901,
437,-0.00553536,-0.50653259921819,-0.0804020240902901,
438,-0.00552512,-0.498492399230599,-0.040201012045145,
439,-0.00551488,-0.490452199243009,-0.040201012045145,
440,-0.00550464,-0.498492399230599,-0.040201012045145,
441,-0.0054944,-0.498492399230599,-0.040201012045145,
442,-0.00548416,-0.498492399230599,-0.0804020240902901,
443,-0.00547392,-0.50653259921819,-0.040201012045145,
444,-0.00546368,-0.50653259921819,-0.040201012045145,
445,-0.00545344,-0.50653259921819,-0.040201012045145,
446,-0.0054432,-0.50653259921819,-0.040201012045145,
447,-0.00543296,-0.498492399230599,-0.040201012045145,
448,-0.00542272,-0.498492399230599,-0.0804020240902901,
449,-0.00541248,-0.498492399230599,-0.0804020240902901,
450,-0.00540224,-0.50653259921819,-0.040201012045145,
451,-0.005392,-0.498492399230599,-0.120603036135435,
452,-0.00538176,-0.50653259921819,-0.0804020240902901,
453,-0.00537152,-0.51457279920578,-0.040201012045145,
454,-0.00536128,-0.50653259921819,-0.0804020240902901,
455,-0.00535104,-0.50653259921819,-0.0804020240902901,
456,-0.0053408,-0.498492399230599,-0.040201012045145,
457,-0.00533056,-0.50653259921819,-0.0804020240902901,
458,-0.00532032,-0.50653259921819,-0.040201012045145,
459,-0.00531008,-0.51457279920578,-0.040201012045145,
460,-0.00529984,-0.498492399230599,-0.0804020240902901,
461,-0.0052896,-0.50653259921819,-0.0804020240902901,
462,-0.00527936,-0.498492399230599,-0.0804020240902901,
463,-0.00526912,-0.498492399230599,-0.0804020240902901,
464,-0.00525888,-0.498492399230599,-0.0804020240902901,
465,-0.00524864,-0.498492399230599,-0.0804020240902901,
466,-0.0052384,-0.50653259921819,-0.0804020240902901,
467,-0.00522816,-0.498492399230599,-0.040201012045145,
468,-0.00521792,-0.50653259921819,-0.0804020240902901,
469,-0.00520768,-0.498492399230599,-0.040201012045145,
470,-0.00519744,-0.50653259921819,-0.0804020240902901,
471,-0.0051872,-0.50653259921819,-0.0804020240902901,
472,-0.00517696,-0.50653259921819,-0.0804020240902901,
473,-0.00516672,-0.498492399230599,-0.040201012045145,
474,-0.00515648,-0.50653259921819,-0.040201012045145,
475,-0.00514624,-0.50653259921819,-0.0804020240902901,
476,-0.005136,-0.50653259921819,-0.0804020240902901,
477,-0.00512576,-0.498492399230599,-0.0804020240902901,
478,-0.00511552,-0.50653259921819,-0.0804020240902901,
479,-0.00510528,-0.51457279920578,-0.120603036135435,
480,-0.00509504,-0.498492399230599,-0.0804020240902901,
481,-0.0050848,-0.50653259921819,-0.0804020240902901,
482,-0.00507456,-0.50653259921819,-0.040201012045145,
483,-0.00506432,-0.51457279920578,-0.120603036135435,
484,-0.00505408,-0.50653259921819,-0.120603036135435,
485,-0.00504384,-0.50653259921819,-0.040201012045145,
486,-0.0050336,-0.498492399230599,-0.0804020240902901,
487,-0.00502336,-0.50653259921819,-0.0804020240902901,
488,-0.00501312,-0.51457279920578,-0.0804020240902901,
489,-0.00500288,-0.51457279920578,-0.0804020240902901,
490,-0.00499264,-0.50653259921819,-0.040201012045145,
491,-0.0049824,-0.50653259921819,-0.120603036135435,
492,-0.00497216,-0.498492399230599,-0.120603036135435,
493,-0.00496192,-0.50653259921819,-0.040201012045145,
494,-0.00495168,-0.50653259921819,-0.0804020240902901,
495,-0.00494144,-0.50653259921819,-0.0804020240902901,
496,-0.0049312,-0.50653259921819,-0.0804020240902901,
497,-0.00492096,-0.498492399230599,-0.0804020240902901,
498,-0.00491072,-0.498492399230599,-0.040201012045145,
499,-0.00490048,-0.498492399230599,-0.0804020240902901,
500,-0.00489024,-0.50653259921819,-0.120603036135435,
501,-0.00488,-0.498492399230599,-0.0804020240902901,
502,-0.00486976,-0.498492399230599,-0.0804020240902901,
503,-0.00485952,-0.50653259921819,-0.0804020240902901,
504,-0.00484928,-0.498492399230599,-0.0804020240902901,
505,-0.00483904,-0.50653259921819,-0.0804020240902901,
506,-0.0048288,-0.490452199243009,-0.0804020240902901,
507,-0.00481856,-0.490452199243009,-0.0804020240902901,
508,-0.00480832,-0.498492399230599,-0.120603036135435,
509,-0.00479808,-0.498492399230599,-0.120603036135435,
510,-0.00478784,-0.50653259921819,-0.0804020240902901,
511,-0.0047776,-0.498492399230599,-0.0804020240902901,
512,-0.00476736,-0.498492399230599,-0.120603036135435,
513,-0.00475712,-0.50653259921819,-0.0804020240902901,
514,-0.00474688,-0.498492399230599,-0.120603036135435,
515,-0.00473664,-0.50653259921819,-0.0804020240902901,
516,-0.0047264,-0.498492399230599,-0.040201012045145,
517,-0.00471616,-0.50653259921819,-0.0804020240902901,
518,-0.00470592,-0.498492399230599,-0.120603036135435,
519,-0.00469568,-0.490452199243009,-0.120603036135435,
520,-0.00468544,-0.490452199243009,-0.0804020240902901,
521,-0.0046752,-0.50653259921819,-0.0804020240902901,
522,-0.00466496,-0.498492399230599,-0.0804020240902901,
523,-0.00465472,-0.498492399230599,-0.0804020240902901,
524,-0.00464448,-0.490452199243009,-0.120603036135435,
525,-0.00463424,-0.498492399230599,-0.0804020240902901,
526,-0.004624,-0.490452199243009,-0.0804020240902901,
527,-0.00461376,-0.490452199243009,-0.120603036135435,
528,-0.00460352,-0.490452199243009,-0.120603036135435,
529,-0.00459328,-0.490452199243009,-0.0804020240902901,
530,-0.00458304,-0.498492399230599,-0.0804020240902901,
531,-0.0045728,-0.498492399230599,-0.0804020240902901,
532,-0.00456256,-0.498492399230599,-0.0804020240902901,
533,-0.00455232,-0.490452199243009,-0.120603036135435,
534,-0.00454208,-0.498492399230599,-0.120603036135435,
535,-0.00453184,-0.490452199243009,-0.0804020240902901,
536,-0.0045216,-0.490452199243009,-0.0804020240902901,
537,-0.00451136,-0.482411999255419,-0.0804020240902901,
538,-0.00450112,-0.490452199243009,-0.0804020240902901,
539,-0.00449088,-0.490452199243009,-0.0804020240902901,
540,-0.00448064,-0.490452199243009,-0.120603036135435,
541,-0.0044704,-0.490452199243009,-0.120603036135435,
542,-0.00446016,-0.490452199243009,-0.0804020240902901,
543,-0.00444992,-0.490452199243009,-0.0804020240902901,
544,-0.00443968,-0.498492399230599,-0.0804020240902901,
545,-0.00442944,-0.482411999255419,-0.120603036135435,
546,-0.0044192,-0.490452199243009,-0.0804020240902901,
547,-0.00440896,-0.482411999255419,-0.120603036135435,
548,-0.00439872,-0.482411999255419,-0.120603036135435,
549,-0.00438848,-0.490452199243009,-0.120603036135435,
550,-0.00437824,-0.482411999255419,-0.0804020240902901,
551,-0.004368,-0.490452199243009,-0.120603036135435,
552,-0.00435776,-0.482411999255419,-0.0804020240902901,
553,-0.00434752,-0.482411999255419,-0.120603036135435,
554,-0.00433728,-0.482411999255419,-0.0804020240902901,
555,-0.00432704,-0.490452199243009,-0.120603036135435,
556,-0.0043168,-0.482411999255419,-0.120603036135435,
557,-0.00430656,-0.482411999255419,-0.120603036135435,
558,-0.00429632,-0.482411999255419,-0.0804020240902901,
559,-0.00428608,-0.482411999255419,-0.120603036135435,
560,-0.00427584,-0.474371799267828,-0.0804020240902901,
561,-0.0042656,-0.474371799267828,-0.0804020240902901,
562,-0.00425536,-0.482411999255419,-0.120603036135435,
563,-0.00424512,-0.474371799267828,-0.0804020240902901,
564,-0.00423488,-0.482411999255419,-0.0804020240902901,
565,-0.00422464,-0.474371799267828,-0.120603036135435,
566,-0.0042144,-0.466331599280238,-0.0804020240902901,
567,-0.00420416,-0.482411999255419,-0.16080404818058,
568,-0.00419392,-0.474371799267828,-0.120603036135435,
569,-0.00418368,-0.482411999255419,-0.0804020240902901,
570,-0.00417344,-0.474371799267828,-0.120603036135435,
571,-0.0041632,-0.482411999255419,-0.120603036135435,
572,-0.00415296,-0.466331599280238,-0.120603036135435,
573,-0.00414272,-0.466331599280238,-0.0804020240902901,
574,-0.00413248,-0.474371799267828,-0.120603036135435,
575,-0.00412224,-0.474371799267828,-0.16080404818058,
576,-0.004112,-0.482411999255419,-0.0804020240902901,
577,-0.00410176,-0.466331599280238,-0.120603036135435,
578,-0.00409152,-0.474371799267828,-0.120603036135435,
579,-0.00408128,-0.466331599280238,-0.120603036135435,
580,-0.00407104,-0.458291399292648,-0.16080404818058,
581,-0.0040608,-0.458291399292648,-0.16080404818058,
582,-0.00405056,-0.474371799267828,-0.120603036135435,
583,-0.00404032,-0.466331599280238,-0.120603036135435,
584,-0.00403008,-0.466331599280238,-0.0804020240902901,
585,-0.00401984,-0.458291399292648,-0.120603036135435,
586,-0.0040096,-0.458291399292648,-0.120603036135435,
587,-0.00399936,-0.458291399292648,-0.120603036135435,
588,-0.00398912,-0.458291399292648,-0.120603036135435,
589,-0.00397888,-0.466331599280238,-0.120603036135435,
590,-0.00396864,-0.450251199305058,-0.0804020240902901,
591,-0.0039584,-0.458291399292648,-0.120603036135435,
592,-0.00394816,-0.458291399292648,-0.120603036135435,
593,-0.00393792,-0.458291399292648,-0.120603036135435,
594,-0.00392768,-0.458291399292648,-0.120603036135435,
595,-0.00391744,-0.458291399292648,-0.0804020240902901,
596,-0.0039072,-0.458291399292648,-0.120603036135435,
597,-0.00389696,-0.442210999317467,-0.120603036135435,
598,-0.00388672,-0.450251199305058,-0.120603036135435,
599,-0.00387648,-0.450251199305058,-0.120603036135435,
600,-0.00386624,-0.450251199305058,-0.120603036135435,
601,-0.003856,-0.442210999317467,-0.120603036135435,
602,-0.00384576,-0.450251199305058,-0.120603036135435,
603,-0.00383552,-0.450251199305058,-0.120603036135435,
604,-0.00382528,-0.450251199305058,-0.120603036135435,
605,-0.00381504,-0.442210999317467,-0.16080404818058,
606,-0.0038048,-0.442210999317467,-0.120603036135435,
607,-0.00379456,-0.450251199305058,-0.120603036135435,
608,-0.00378432,-0.442210999317467,-0.120603036135435,
609,-0.00377408,-0.442210999317467,-0.120603036135435,
610,-0.00376384,-0.442210999317467,-0.120603036135435,
611,-0.0037536,-0.442210999317467,-0.120603036135435,
612,-0.00374336,-0.442210999317467,-0.120603036135435,
613,-0.00373312,-0.434170799329877,-0.120603036135435,
614,-0.00372288,-0.434170799329877,-0.0804020240902901,
615,-0.00371264,-0.426130599342287,-0.120603036135435,
616,-0.0037024,-0.434170799329877,-0.120603036135435,
617,-0.00369216,-0.434170799329877,-0.120603036135435,
618,-0.00368192,-0.426130599342287,-0.16080404818058,
619,-0.00367168,-0.426130599342287,-0.120603036135435,
620,-0.00366144,-0.426130599342287,-0.120603036135435,
621,-0.0036512,-0.434170799329877,-0.0804020240902901,
622,-0.00364096,-0.434170799329877,-0.120603036135435,
623,-0.00363072,-0.418090399354696,-0.120603036135435,
624,-0.00362048,-0.426130599342287,-0.120603036135435,
625,-0.00361024,-0.418090399354696,-0.120603036135435,
626,-0.0036,-0.426130599342287,-0.0804020240902901,
627,-0.00358976,-0.426130599342287,-0.120603036135435,
628,-0.00357952,-0.418090399354696,-0.16080404818058,
629,-0.00356928,-0.418090399354696,-0.120603036135435,
630,-0.00355904,-0.418090399354696,-0.16080404818058,
631,-0.0035488,-0.418090399354696,-0.120603036135435,
632,-0.00353856,-0.410050199367106,-0.16080404818058,
633,-0.00352832,-0.410050199367106,-0.120603036135435,
634,-0.00351808,-0.418090399354696,-0.16080404818058,
635,-0.00350784,-0.410050199367106,-0.16080404818058,
636,-0.0034976,-0.410050199367106,-0.120603036135435,
637,-0.00348736,-0.410050199367106,-0.120603036135435,
638,-0.00347712,-0.418090399354696,-0.0804020240902901,
639,-0.00346688,-0.410050199367106,-0.16080404818058,
640,-0.00345664,-0.410050199367106,-0.120603036135435,
641,-0.0034464,-0.402009999379516,-0.120603036135435,
642,-0.00343616,-0.402009999379516,-0.120603036135435,
643,-0.00342592,-0.402009999379516,-0.120603036135435,
644,-0.00341568,-0.402009999379516,-0.201005060225725,
645,-0.00340544,-0.402009999379516,-0.120603036135435,
646,-0.0033952,-0.402009999379516,-0.120603036135435,
647,-0.00338496,-0.402009999379516,-0.120603036135435,
648,-0.00337472,-0.402009999379516,-0.120603036135435,
649,-0.00336448,-0.402009999379516,-0.16080404818058,
650,-0.00335424,-0.393969799391925,-0.120603036135435,
651,-0.003344,-0.393969799391925,-0.120603036135435,
652,-0.00333376,-0.393969799391925,-0.120603036135435,
653,-0.00332352,-0.393969799391925,-0.120603036135435,
654,-0.00331328,-0.393969799391925,-0.120603036135435,
655,-0.00330304,-0.393969799391925,-0.120603036135435,
656,-0.0032928,-0.385929599404335,-0.16080404818058,
657,-0.00328256,-0.385929599404335,-0.16080404818058,
658,-0.00327232,-0.385929599404335,-0.16080404818058,
659,-0.00326208,-0.393969799391925,-0.16080404818058,
660,-0.00325184,-0.385929599404335,-0.16080404818058,
661,-0.0032416,-0.377889399416745,-0.16080404818058,
662,-0.00323136,-0.385929599404335,-0.201005060225725,
663,-0.00322112,-0.385929599404335,-0.120603036135435,
664,-0.00321088,-0.377889399416745,-0.120603036135435,
665,-0.00320064,-0.377889399416745,-0.201005060225725,
666,-0.0031904,-0.369849199429154,-0.16080404818058,
667,-0.00318016,-0.377889399416745,-0.16080404818058,
668,-0.00316992,-0.377889399416745,-0.120603036135435,
669,-0.00315968,-0.369849199429154,-0.120603036135435,
670,-0.00314944,-0.369849199429154,-0.120603036135435,
671,-0.0031392,-0.369849199429154,-0.120603036135435,
672,-0.00312896,-0.369849199429154,-0.16080404818058,
673,-0.00311872,-0.369849199429154,-0.120603036135435,
674,-0.00310848,-0.361808999441564,-0.16080404818058,
675,-0.00309824,-0.369849199429154,-0.120603036135435,
676,-0.003088,-0.361808999441564,-0.120603036135435,
677,-0.00307776,-0.361808999441564,-0.120603036135435,
678,-0.00306752,-0.353768799453974,-0.120603036135435,
679,-0.00305728,-0.353768799453974,-0.16080404818058,
680,-0.00304704,-0.361808999441564,-0.16080404818058,
681,-0.0030368,-0.361808999441564,-0.120603036135435,
682,-0.00302656,-0.345728599466383,-0.16080404818058,
683,-0.00301632,-0.353768799453974,-0.120603036135435,
684,-0.00300608,-0.353768799453974,-0.16080404818058,
685,-0.00299584,-0.345728599466383,-0.120603036135435,
686,-0.0029856,-0.345728599466383,-0.120603036135435,
687,-0.00297536,-0.345728599466383,-0.120603036135435,
688,-0.00296512,-0.345728599466383,-0.16080404818058,
689,-0.00295488,-0.337688399478793,-0.16080404818058,
690,-0.00294464,-0.337688399478793,-0.16080404818058,
691,-0.0029344,-0.337688399478793,-0.16080404818058,
692,-0.00292416,-0.337688399478793,-0.16080404818058,
693,-0.00291392,-0.345728599466383,-0.16080404818058,
694,-0.00290368,-0.337688399478793,-0.16080404818058,
695,-0.00289344,-0.337688399478793,-0.120603036135435,
696,-0.0028832,-0.345728599466383,-0.16080404818058,
697,-0.00287296,-0.337688399478793,-0.120603036135435,
698,-0.00286272,-0.329648199491203,-0.16080404818058,
699,-0.00285248,-0.337688399478793,-0.16080404818058,
700,-0.00284224,-0.337688399478793,-0.16080404818058,
701,-0.002832,-0.321607999503613,-0.120603036135435,
702,-0.00282176,-0.329648199491203,-0.16080404818058,
703,-0.00281152,-0.337688399478793,-0.16080404818058,
704,-0.00280128,-0.313567799516022,-0.120603036135435,
705,-0.00279104,-0.329648199491203,-0.16080404818058,
706,-0.0027808,-0.321607999503613,-0.16080404818058,
707,-0.00277056,-0.321607999503613,-0.16080404818058,
708,-0.00276032,-0.305527599528432,-0.120603036135435,
709,-0.00275008,-0.321607999503613,-0.120603036135435,
710,-0.00273984,-0.321607999503613,-0.16080404818058,
711,-0.0027296,-0.313567799516022,-0.16080404818058,
712,-0.00271936,-0.321607999503613,-0.16080404818058,
713,-0.00270912,-0.313567799516022,-0.16080404818058,
714,-0.00269888,-0.305527599528432,-0.201005060225725,
715,-0.00268864,-0.305527599528432,-0.16080404818058,
716,-0.0026784,-0.305527599528432,-0.16080404818058,
717,-0.00266816,-0.313567799516022,-0.120603036135435,
718,-0.00265792,-0.297487399540842,-0.16080404818058,
719,-0.00264768,-0.297487399540842,-0.120603036135435,
720,-0.00263744,-0.297487399540842,-0.16080404818058,
721,-0.0026272,-0.297487399540842,-0.201005060225725,
722,-0.00261696,-0.297487399540842,-0.16080404818058,
723,-0.00260672,-0.289447199553251,-0.16080404818058,
724,-0.00259648,-0.289447199553251,-0.120603036135435,
725,-0.00258624,-0.289447199553251,-0.16080404818058,
726,-0.002576,-0.289447199553251,-0.120603036135435,
727,-0.00256576,-0.281406999565661,-0.16080404818058,
728,-0.00255552,-0.281406999565661,-0.16080404818058,
729,-0.00254528,-0.289447199553251,-0.16080404818058,
730,-0.00253504,-0.289447199553251,-0.16080404818058,
731,-0.0025248,-0.273366799578071,-0.16080404818058,
732,-0.00251456,-0.281406999565661,-0.16080404818058,
733,-0.00250432,-0.281406999565661,-0.16080404818058,
734,-0.00249408,-0.273366799578071,-0.16080404818058,
735,-0.00248384,-0.273366799578071,-0.16080404818058,
736,-0.0024736,-0.273366799578071,-0.16080404818058,
737,-0.00246336,-0.273366799578071,-0.16080404818058,
738,-0.00245312,-0.26532659959048,-0.16080404818058,
739,-0.00244288,-0.26532659959048,-0.16080404818058,
740,-0.00243264,-0.26532659959048,-0.16080404818058,
741,-0.0024224,-0.26532659959048,-0.201005060225725,
742,-0.00241216,-0.26532659959048,-0.16080404818058,
743,-0.00240192,-0.26532659959048,-0.16080404818058,
744,-0.00239168,-0.25728639960289,-0.16080404818058,
745,-0.00238144,-0.25728639960289,-0.16080404818058,
746,-0.0023712,-0.25728639960289,-0.16080404818058,
747,-0.00236096,-0.25728639960289,-0.16080404818058,
748,-0.00235072,-0.25728639960289,-0.16080404818058,
749,-0.00234048,-0.2492461996153,-0.16080404818058,
750,-0.00233024,-0.2492461996153,-0.16080404818058,
751,-0.00232,-0.25728639960289,-0.16080404818058,
752,-0.00230976,-0.2492461996153,-0.16080404818058,
753,-0.00229952,-0.241205999627709,-0.16080404818058,
754,-0.00228928,-0.2492461996153,-0.120603036135435,
755,-0.00227904,-0.241205999627709,-0.16080404818058,
756,-0.0022688,-0.241205999627709,-0.201005060225725,
757,-0.00225856,-0.233165799640119,-0.120603036135435,
758,-0.00224832,-0.233165799640119,-0.16080404818058,
759,-0.00223808,-0.241205999627709,-0.16080404818058,
760,-0.00222784,-0.225125599652529,-0.16080404818058,
761,-0.0022176,-0.241205999627709,-0.201005060225725,
762,-0.00220736,-0.225125599652529,-0.120603036135435,
763,-0.00219712,-0.233165799640119,-0.120603036135435,
764,-0.00218688,-0.225125599652529,-0.201005060225725,
765,-0.00217664,-0.217085399664938,-0.120603036135435,
766,-0.0021664,-0.217085399664938,-0.16080404818058,
767,-0.00215616,-0.225125599652529,-0.120603036135435,
768,-0.00214592,-0.217085399664938,-0.16080404818058,
769,-0.00213568,-0.209045199677348,-0.201005060225725,
770,-0.00212544,-0.209045199677348,-0.16080404818058,
771,-0.0021152,-0.217085399664938,-0.16080404818058,
772,-0.00210496,-0.217085399664938,-0.16080404818058,
773,-0.00209472,-0.209045199677348,-0.16080404818058,
774,-0.00208448,-0.201004999689758,-0.16080404818058,
775,-0.00207424,-0.201004999689758,-0.201005060225725,
776,-0.002064,-0.201004999689758,-0.16080404818058,
777,-0.00205376,-0.201004999689758,-0.120603036135435,
778,-0.00204352,-0.201004999689758,-0.16080404818058,
779,-0.00203328,-0.192964799702168,-0.16080404818058,
780,-0.00202304,-0.201004999689758,-0.120603036135435,
781,-0.0020128,-0.192964799702168,-0.120603036135435,
782,-0.00200256,-0.209045199677348,-0.16080404818058,
783,-0.00199232,-0.192964799702168,-0.16080404818058,
784,-0.00198208,-0.192964799702168,-0.201005060225725,
785,-0.00197184,-0.192964799702168,-0.120603036135435,
786,-0.0019616,-0.192964799702168,-0.120603036135435,
787,-0.00195136,-0.184924599714577,-0.16080404818058,
788,-0.00194112,-0.184924599714577,-0.16080404818058,
789,-0.00193088,-0.176884399726987,-0.16080404818058,
790,-0.00192064,-0.176884399726987,-0.201005060225725,
791,-0.0019104,-0.176884399726987,-0.16080404818058,
792,-0.00190016,-0.168844199739397,-0.16080404818058,
793,-0.00188992,-0.176884399726987,-0.201005060225725,
794,-0.00187968,-0.168844199739397,-0.16080404818058,
795,-0.00186944,-0.168844199739397,-0.16080404818058,
796,-0.0018592,-0.168844199739397,-0.16080404818058,
797,-0.00184896,-0.160803999751806,-0.16080404818058,
798,-0.00183872,-0.168844199739397,-0.16080404818058,
799,-0.00182848,-0.152763799764216,-0.16080404818058,
800,-0.00181824,-0.160803999751806,-0.16080404818058,
801,-0.001808,-0.152763799764216,-0.16080404818058,
802,-0.00179776,-0.160803999751806,-0.201005060225725,
803,-0.00178752,-0.152763799764216,-0.120603036135435,
804,-0.00177728,-0.152763799764216,-0.120603036135435,
805,-0.00176704,-0.144723599776626,-0.16080404818058,
806,-0.0017568,-0.152763799764216,-0.201005060225725,
807,-0.00174656,-0.152763799764216,-0.16080404818058,
808,-0.00173632,-0.152763799764216,-0.16080404818058,
809,-0.00172608,-0.144723599776626,-0.16080404818058,
810,-0.00171584,-0.144723599776626,-0.16080404818058,
811,-0.0017056,-0.136683399789035,-0.16080404818058,
812,-0.00169536,-0.136683399789035,-0.120603036135435,
813,-0.00168512,-0.136683399789035,-0.16080404818058,
814,-0.00167488,-0.136683399789035,-0.16080404818058,
815,-0.00166464,-0.136683399789035,-0.16080404818058,
816,-0.0016544,-0.128643199801445,-0.16080404818058,
817,-0.00164416,-0.120602999813855,-0.16080404818058,
818,-0.00163392,-0.128643199801445,-0.201005060225725,
819,-0.00162368,-0.120602999813855,-0.201005060225725,
820,-0.00161344,-0.120602999813855,-0.16080404818058,
821,-0.0016032,-0.120602999813855,-0.201005060225725,
822,-0.00159296,-0.120602999813855,-0.120603036135435,
823,-0.00158272,-0.112562799826264,-0.16080404818058,
824,-0.00157248,-0.112562799826264,-0.120603036135435,
825,-0.00156224,-0.120602999813855,-0.16080404818058,
826,-0.001552,-0.104522599838674,-0.16080404818058,
827,-0.00154176,-0.112562799826264,-0.16080404818058,
828,-0.00153152,-0.104522599838674,-0.16080404818058,
829,-0.00152128,-0.104522599838674,-0.16080404818058,
830,-0.00151104,-0.112562799826264,-0.16080404818058,
831,-0.0015008,-0.0964823998510838,-0.16080404818058,
832,-0.00149056,-0.104522599838674,-0.16080404818058,
833,-0.00148032,-0.0964823998510838,-0.16080404818058,
834,-0.00147008,-0.0964823998510838,-0.201005060225725,
835,-0.00145984,-0.0804019998759031,-0.120603036135435,
836,-0.0014496,-0.0964823998510838,-0.16080404818058,
837,-0.00143936,-0.0884421998634934,-0.120603036135435,
838,-0.00142912,-0.0964823998510838,-0.16080404818058,
839,-0.00141888,-0.0884421998634934,-0.16080404818058,
840,-0.00140864,-0.0884421998634934,-0.16080404818058,
841,-0.0013984,-0.0884421998634934,-0.201005060225725,
842,-0.00138816,-0.0884421998634934,-0.16080404818058,
843,-0.00137792,-0.0723617998883128,-0.201005060225725,
844,-0.00136768,-0.0723617998883128,-0.16080404818058,
845,-0.00135744,-0.0804019998759031,-0.201005060225725,
846,-0.0013472,-0.0723617998883128,-0.16080404818058,
847,-0.00133696,-0.0643215999007225,-0.16080404818058,
848,-0.00132672,-0.0643215999007225,-0.16080404818058,
849,-0.00131648,-0.0723617998883128,-0.16080404818058,
850,-0.00130624,-0.0643215999007225,-0.16080404818058,
851,-0.001296,-0.0723617998883128,-0.201005060225725,
852,-0.00128576,-0.0643215999007225,-0.16080404818058,
853,-0.00127552,-0.0643215999007225,-0.16080404818058,
854,-0.00126528,-0.0562813999131322,-0.16080404818058,
855,-0.00125504,-0.0482411999255419,-0.16080404818058,
856,-0.0012448,-0.0562813999131322,-0.16080404818058,
857,-0.00123456,-0.0482411999255419,-0.16080404818058,
858,-0.00122432,-0.0562813999131322,-0.120603036135435,
859,-0.00121408,-0.0482411999255419,-0.120603036135435,
860,-0.00120384,-0.0482411999255419,-0.201005060225725,
861,-0.0011936,-0.0482411999255419,-0.16080404818058,
862,-0.00118336,-0.0402009999379516,-0.201005060225725,
863,-0.00117312,-0.0402009999379516,-0.16080404818058,
864,-0.00116288,-0.0402009999379516,-0.16080404818058,
865,-0.00115264,-0.0402009999379516,-0.16080404818058,
866,-0.0011424,-0.0321607999503613,-0.16080404818058,
867,-0.00113216,-0.0402009999379516,-0.201005060225725,
868,-0.00112192,-0.0321607999503613,-0.16080404818058,
869,-0.00111168,-0.0321607999503613,-0.120603036135435,
870,-0.00110144,-0.0241205999627709,-0.16080404818058,
871,-0.0010912,-0.0321607999503613,-0.16080404818058,
872,-0.00108096,-0.0160803999751806,-0.16080404818058,
873,-0.00107072,-0.0321607999503613,-0.16080404818058,
874,-0.00106048,-0.0241205999627709,-0.16080404818058,
875,-0.00105024,-0.0160803999751806,-0.120603036135435,
876,-0.00104,-0.0160803999751806,-0.120603036135435,
877,-0.00102976,-0.0160803999751806,-0.120603036135435,
878,-0.00101952,-0.0160803999751806,-0.16080404818058,
879,-0.00100928,-0.00804019998759031,-0.16080404818058,
880,-0.00099904,-0.00804019998759031,-0.16080404818058,
881,-0.0009888,0,-0.120603036135435,
882,-0.00097856,-0.00804019998759031,-0.120603036135435,
883,-0.00096832,0,-0.16080404818058,
884,-0.00095808,0.00804019998759031,-0.16080404818058,
885,-0.00094784,0,-0.120603036135435,
886,-0.0009376,0,-0.16080404818058,
887,-0.00092736,0,-0.16080404818058,
888,-0.00091712,0.00804019998759031,-0.16080404818058,
889,-0.000906880000000001,0.00804019998759031,-0.16080404818058,
890,-0.000896640000000001,0.00804019998759031,-0.16080404818058,
891,-0.000886400000000001,0.00804019998759031,-0.16080404818058,
892,-0.000876160000000001,0.00804019998759031,-0.120603036135435,
893,-0.000865919999999999,0.0160803999751806,-0.16080404818058,
894,-0.000855679999999999,0.0160803999751806,-0.16080404818058,
895,-0.000845439999999999,0.0160803999751806,-0.201005060225725,
896,-0.000835199999999999,0.0241205999627709,-0.16080404818058,
897,-0.00082496,0.0241205999627709,-0.16080404818058,
898,-0.00081472,0.0241205999627709,-0.16080404818058,
899,-0.00080448,0.0321607999503613,-0.16080404818058,
900,-0.00079424,0.0321607999503613,-0.16080404818058,
901,-0.000784,0.0321607999503613,-0.120603036135435,
902,-0.00077376,0.0402009999379516,-0.16080404818058,
903,-0.00076352,0.0321607999503613,-0.16080404818058,
904,-0.00075328,0.0321607999503613,-0.16080404818058,
905,-0.00074304,0.0321607999503613,-0.16080404818058,
906,-0.0007328,0.0482411999255419,-0.201005060225725,
907,-0.000722560000000001,0.0402009999379516,-0.16080404818058,
908,-0.000712320000000001,0.0482411999255419,-0.16080404818058,
909,-0.000702080000000001,0.0482411999255419,-0.16080404818058,
910,-0.000691840000000001,0.0402009999379516,-0.16080404818058,
911,-0.000681599999999999,0.0482411999255419,-0.16080404818058,
912,-0.000671359999999999,0.0482411999255419,-0.16080404818058,
913,-0.000661119999999999,0.0562813999131322,-0.16080404818058,
914,-0.00065088,0.0643215999007225,-0.16080404818058,
915,-0.00064064,0.0562813999131322,-0.16080404818058,
916,-0.0006304,0.0482411999255419,-0.16080404818058,
917,-0.00062016,0.0643215999007225,-0.16080404818058,
918,-0.00060992,0.0562813999131322,-0.120603036135435,
919,-0.00059968,0.0643215999007225,-0.120603036135435,
920,-0.00058944,0.0643215999007225,-0.120603036135435,
921,-0.0005792,0.0643215999007225,-0.16080404818058,
922,-0.00056896,0.0723617998883128,-0.16080404818058,
923,-0.00055872,0.0723617998883128,-0.16080404818058,
924,-0.00054848,0.0723617998883128,-0.16080404818058,
925,-0.000538240000000001,0.0804019998759031,-0.16080404818058,
926,-0.000528000000000001,0.0804019998759031,-0.16080404818058,
927,-0.000517760000000001,0.0804019998759031,-0.16080404818058,
928,-0.000507519999999999,0.0804019998759031,-0.201005060225725,
929,-0.000497279999999999,0.0723617998883128,-0.16080404818058,
930,-0.000487039999999999,0.0964823998510838,-0.120603036135435,
931,-0.000476799999999999,0.0884421998634934,-0.120603036135435,
932,-0.00046656,0.0884421998634934,-0.16080404818058,
933,-0.00045632,0.0964823998510838,-0.16080404818058,
934,-0.00044608,0.0964823998510838,-0.16080404818058,
935,-0.00043584,0.0884421998634934,-0.120603036135435,
936,-0.0004256,0.0884421998634934,-0.120603036135435,
937,-0.00041536,0.0964823998510838,-0.120603036135435,
938,-0.00040512,0.104522599838674,-0.120603036135435,
939,-0.00039488,0.0964823998510838,-0.16080404818058,
940,-0.00038464,0.112562799826264,-0.16080404818058,
941,-0.0003744,0.112562799826264,-0.16080404818058,
942,-0.000364160000000001,0.112562799826264,-0.120603036135435,
943,-0.000353920000000001,0.112562799826264,-0.16080404818058,
944,-0.000343680000000001,0.120602999813855,-0.16080404818058,
945,-0.000333440000000001,0.104522599838674,-0.16080404818058,
946,-0.000323199999999999,0.112562799826264,-0.16080404818058,
947,-0.000312959999999999,0.112562799826264,-0.120603036135435,
948,-0.000302719999999999,0.120602999813855,-0.120603036135435,
949,-0.000292479999999999,0.128643199801445,-0.16080404818058,
950,-0.00028224,0.128643199801445,-0.16080404818058,
951,-0.000272,0.112562799826264,-0.120603036135435,
952,-0.00026176,0.128643199801445,-0.16080404818058,
953,-0.00025152,0.128643199801445,-0.120603036135435,
954,-0.00024128,0.128643199801445,-0.120603036135435,
955,-0.00023104,0.136683399789035,-0.16080404818058,
956,-0.0002208,0.136683399789035,-0.16080404818058,
957,-0.00021056,0.144723599776626,-0.16080404818058,
958,-0.00020032,0.136683399789035,-0.16080404818058,
959,-0.00019008,0.144723599776626,-0.16080404818058,
960,-0.000179840000000001,0.144723599776626,-0.16080404818058,
961,-0.000169600000000001,0.144723599776626,-0.120603036135435,
962,-0.000159360000000001,0.144723599776626,-0.16080404818058,
963,-0.000149120000000001,0.152763799764216,-0.120603036135435,
964,-0.000138879999999999,0.144723599776626,-0.120603036135435,
965,-0.000128639999999999,0.152763799764216,-0.120603036135435,
966,-0.000118399999999999,0.152763799764216,-0.16080404818058,
967,-0.00010816,0.152763799764216,-0.120603036135435,
968,-9.79199999999996E-05,0.152763799764216,-0.16080404818058,
969,-8.76799999999997E-05,0.152763799764216,-0.120603036135435,
970,-7.74399999999998E-05,0.160803999751806,-0.120603036135435,
971,-6.71999999999999E-05,0.176884399726987,-0.16080404818058,
972,-5.696E-05,0.176884399726987,-0.120603036135435,
973,-4.67200000000001E-05,0.168844199739397,-0.120603036135435,
974,-3.64800000000002E-05,0.168844199739397,-0.16080404818058,
975,-2.62400000000003E-05,0.168844199739397,-0.16080404818058,
976,-1.60000000000004E-05,0.168844199739397,-0.16080404818058,
977,-5.76000000000049E-06,0.176884399726987,-0.120603036135435,
978,4.47999999999942E-06,0.176884399726987,-0.120603036135435,
979,1.47199999999993E-05,0.184924599714577,-0.120603036135435,
980,2.49599999999992E-05,0.176884399726987,-0.120603036135435,
981,3.52000000000009E-05,0.184924599714577,-0.16080404818058,
982,4.54400000000008E-05,0.184924599714577,-0.16080404818058,
983,5.56800000000007E-05,0.176884399726987,-0.120603036135435,
984,6.59200000000006E-05,0.184924599714577,-0.120603036135435,
985,7.61600000000005E-05,0.192964799702168,-0.16080404818058,
986,8.64000000000004E-05,0.192964799702168,-0.120603036135435,
987,9.66400000000003E-05,0.192964799702168,-0.16080404818058,
988,0.00010688,0.192964799702168,-0.16080404818058,
989,0.00011712,0.192964799702168,-0.16080404818058,
990,0.00012736,0.201004999689758,-0.16080404818058,
991,0.0001376,0.201004999689758,-0.16080404818058,
992,0.00014784,0.201004999689758,-0.120603036135435,
993,0.00015808,0.209045199677348,-0.120603036135435,
994,0.00016832,0.201004999689758,-0.16080404818058,
995,0.000178559999999999,0.209045199677348,-0.16080404818058,
996,0.000188799999999999,0.209045199677348,-0.16080404818058,
997,0.000199039999999999,0.217085399664938,-0.16080404818058,
998,0.000209279999999999,0.217085399664938,-0.120603036135435,
999,0.000219520000000001,0.217085399664938,-0.120603036135435,
1000,0.000229760000000001,0.209045199677348,-0.120603036135435,
1001,0.000240000000000001,0.209045199677348,-0.120603036135435,
1002,0.000250240000000001,0.225125599652529,-0.120603036135435,
1003,0.00026048,0.209045199677348,-0.120603036135435,
1004,0.00027072,0.217085399664938,-0.120603036135435,
1005,0.00028096,0.217085399664938,-0.120603036135435,
1006,0.0002912,0.225125599652529,-0.120603036135435,
1007,0.00030144,0.225125599652529,-0.16080404818058,
1008,0.00031168,0.217085399664938,-0.120603036135435,
1009,0.00032192,0.225125599652529,-0.120603036135435,
1010,0.00033216,0.233165799640119,-0.120603036135435,
1011,0.0003424,0.233165799640119,-0.16080404818058,
1012,0.00035264,0.241205999627709,-0.120603036135435,
1013,0.000362879999999999,0.233165799640119,-0.0804020240902901,
1014,0.000373119999999999,0.241205999627709,-0.0804020240902901,
1015,0.000383359999999999,0.233165799640119,-0.16080404818058,
1016,0.000393599999999999,0.241205999627709,-0.120603036135435,
1017,0.000403840000000001,0.2492461996153,-0.120603036135435,
1018,0.000414080000000001,0.2492461996153,-0.120603036135435,
1019,0.000424320000000001,0.241205999627709,-0.120603036135435,
1020,0.000434560000000001,0.25728639960289,-0.120603036135435,
1021,0.0004448,0.2492461996153,-0.120603036135435,
1022,0.00045504,0.2492461996153,-0.120603036135435,
1023,0.00046528,0.26532659959048,-0.0804020240902901,
1024,0.00047552,0.26532659959048,-0.120603036135435,
1025,0.00048576,0.26532659959048,-0.120603036135435,
1026,0.000496,0.26532659959048,-0.16080404818058,
1027,0.00050624,0.26532659959048,-0.120603036135435,
1028,0.00051648,0.26532659959048,-0.120603036135435,
1029,0.00052672,0.25728639960289,-0.120603036135435,
1030,0.00053696,0.273366799578071,-0.0804020240902901,
1031,0.000547199999999999,0.26532659959048,-0.120603036135435,
1032,0.000557439999999999,0.273366799578071,-0.120603036135435,
1033,0.000567679999999999,0.273366799578071,-0.0804020240902901,
1034,0.000577920000000001,0.281406999565661,-0.120603036135435,
1035,0.000588160000000001,0.281406999565661,-0.120603036135435,
1036,0.000598400000000001,0.273366799578071,-0.16080404818058,
1037,0.000608640000000001,0.273366799578071,-0.120603036135435,
1038,0.00061888,0.273366799578071,-0.120603036135435,
1039,0.00062912,0.281406999565661,-0.120603036135435,
1040,0.00063936,0.273366799578071,-0.16080404818058,
1041,0.0006496,0.281406999565661,-0.120603036135435,
1042,0.00065984,0.273366799578071,-0.120603036135435,
1043,0.00067008,0.289447199553251,-0.120603036135435,
1044,0.00068032,0.289447199553251,-0.120603036135435,
1045,0.00069056,0.289447199553251,-0.120603036135435,
1046,0.0007008,0.289447199553251,-0.120603036135435,
1047,0.00071104,0.289447199553251,-0.120603036135435,
1048,0.000721279999999999,0.289447199553251,-0.120603036135435,
1049,0.000731519999999999,0.289447199553251,-0.0804020240902901,
1050,0.000741759999999999,0.297487399540842,-0.16080404818058,
1051,0.000751999999999999,0.297487399540842,-0.120603036135435,
1052,0.000762240000000001,0.297487399540842,-0.120603036135435,
1053,0.000772480000000001,0.297487399540842,-0.120603036135435,
1054,0.000782720000000001,0.297487399540842,-0.120603036135435,
1055,0.000792960000000001,0.305527599528432,-0.0804020240902901,
1056,0.0008032,0.305527599528432,-0.0804020240902901,
1057,0.00081344,0.305527599528432,-0.0804020240902901,
1058,0.00082368,0.313567799516022,-0.0804020240902901,
1059,0.00083392,0.313567799516022,-0.120603036135435,
1060,0.00084416,0.313567799516022,-0.120603036135435,
1061,0.0008544,0.313567799516022,-0.120603036135435,
1062,0.00086464,0.313567799516022,-0.0804020240902901,
1063,0.00087488,0.313567799516022,-0.120603036135435,
1064,0.00088512,0.313567799516022,-0.16080404818058,
1065,0.00089536,0.321607999503613,-0.16080404818058,
1066,0.000905599999999999,0.321607999503613,-0.120603036135435,
1067,0.000915839999999999,0.321607999503613,-0.0804020240902901,
1068,0.000926079999999999,0.321607999503613,-0.120603036135435,
1069,0.000936319999999999,0.321607999503613,-0.120603036135435,
1070,0.000946560000000001,0.329648199491203,-0.0804020240902901,
1071,0.000956800000000001,0.329648199491203,-0.120603036135435,
1072,0.000967040000000001,0.329648199491203,-0.0804020240902901,
1073,0.000977280000000001,0.337688399478793,-0.120603036135435,
1074,0.00098752,0.329648199491203,-0.120603036135435,
1075,0.00099776,0.337688399478793,-0.120603036135435,
1076,0.001008,0.337688399478793,-0.120603036135435,
1077,0.00101824,0.329648199491203,-0.0804020240902901,
1078,0.00102848,0.345728599466383,-0.0804020240902901,
1079,0.00103872,0.345728599466383,-0.16080404818058,
1080,0.00104896,0.345728599466383,-0.0804020240902901,
1081,0.0010592,0.337688399478793,-0.0804020240902901,
1082,0.00106944,0.345728599466383,-0.120603036135435,
1083,0.00107968,0.345728599466383,-0.0804020240902901,
1084,0.00108992,0.353768799453974,-0.120603036135435,
1085,0.00110016,0.345728599466383,-0.120603036135435,
1086,0.0011104,0.345728599466383,-0.120603036135435,
1087,0.00112064,0.345728599466383,-0.0804020240902901,
1088,0.00113088,0.345728599466383,-0.0804020240902901,
1089,0.00114112,0.353768799453974,-0.0804020240902901,
1090,0.00115136,0.353768799453974,-0.120603036135435,
1091,0.0011616,0.361808999441564,-0.0804020240902901,
1092,0.00117184,0.361808999441564,-0.120603036135435,
1093,0.00118208,0.353768799453974,-0.0804020240902901,
1094,0.00119232,0.353768799453974,-0.0804020240902901,
1095,0.00120256,0.361808999441564,-0.0804020240902901,
1096,0.0012128,0.361808999441564,-0.120603036135435,
1097,0.00122304,0.361808999441564,-0.0804020240902901,
1098,0.00123328,0.361808999441564,-0.120603036135435,
1099,0.00124352,0.369849199429154,-0.0804020240902901,
1100,0.00125376,0.369849199429154,-0.120603036135435,
1101,0.001264,0.369849199429154,-0.0804020240902901,
1102,0.00127424,0.369849199429154,-0.120603036135435,
1103,0.00128448,0.369849199429154,-0.120603036135435,
1104,0.00129472,0.369849199429154,-0.0804020240902901,
1105,0.00130496,0.369849199429154,-0.0804020240902901,
1106,0.0013152,0.377889399416745,-0.0804020240902901,
1107,0.00132544,0.377889399416745,-0.0804020240902901,
1108,0.00133568,0.377889399416745,-0.0804020240902901,
1109,0.00134592,0.377889399416745,-0.0804020240902901,
1110,0.00135616,0.385929599404335,-0.0804020240902901,
1111,0.0013664,0.385929599404335,-0.040201012045145,
1112,0.00137664,0.385929599404335,-0.120603036135435,
1113,0.00138688,0.369849199429154,-0.0804020240902901,
1114,0.00139712,0.385929599404335,-0.120603036135435,
1115,0.00140736,0.385929599404335,-0.0804020240902901,
1116,0.0014176,0.385929599404335,-0.0804020240902901,
1117,0.00142784,0.385929599404335,-0.0804020240902901,
1118,0.00143808,0.385929599404335,-0.120603036135435,
1119,0.00144832,0.402009999379516,-0.120603036135435,
1120,0.00145856,0.385929599404335,-0.0804020240902901,
1121,0.0014688,0.393969799391925,-0.0804020240902901,
1122,0.00147904,0.393969799391925,-0.0804020240902901,
1123,0.00148928,0.402009999379516,-0.040201012045145,
1124,0.00149952,0.402009999379516,-0.0804020240902901,
1125,0.00150976,0.402009999379516,-0.0804020240902901,
1126,0.00152,0.393969799391925,-0.0804020240902901,
1127,0.00153024,0.402009999379516,-0.0804020240902901,
1128,0.00154048,0.402009999379516,-0.120603036135435,
1129,0.00155072,0.402009999379516,-0.0804020240902901,
1130,0.00156096,0.402009999379516,-0.0804020240902901,
1131,0.0015712,0.410050199367106,-0.0804020240902901,
1132,0.00158144,0.410050199367106,-0.040201012045145,
1133,0.00159168,0.410050199367106,-0.0804020240902901,
1134,0.00160192,0.410050199367106,-0.040201012045145,
1135,0.00161216,0.410050199367106,-0.0804020240902901,
1136,0.0016224,0.410050199367106,-0.0804020240902901,
1137,0.00163264,0.410050199367106,-0.0804020240902901,
1138,0.00164288,0.418090399354696,-0.040201012045145,
1139,0.00165312,0.418090399354696,-0.0804020240902901,
1140,0.00166336,0.418090399354696,-0.0804020240902901,
1141,0.0016736,0.418090399354696,-0.0804020240902901,
1142,0.00168384,0.418090399354696,-0.0804020240902901,
1143,0.00169408,0.418090399354696,-0.040201012045145,
1144,0.00170432,0.426130599342287,-0.0804020240902901,
1145,0.00171456,0.410050199367106,-0.040201012045145,
1146,0.0017248,0.418090399354696,-0.0804020240902901,
1147,0.00173504,0.426130599342287,-0.0804020240902901,
1148,0.00174528,0.418090399354696,-0.0804020240902901,
1149,0.00175552,0.426130599342287,-0.0804020240902901,
1150,0.00176576,0.426130599342287,-0.0804020240902901,
1151,0.001776,0.426130599342287,-0.0804020240902901,
1152,0.00178624,0.426130599342287,-0.0804020240902901,
1153,0.00179648,0.426130599342287,-0.0804020240902901,
1154,0.00180672,0.426130599342287,-0.040201012045145,
1155,0.00181696,0.434170799329877,-0.0804020240902901,
1156,0.0018272,0.426130599342287,-0.0804020240902901,
1157,0.00183744,0.434170799329877,-0.0804020240902901,
1158,0.00184768,0.426130599342287,-0.0804020240902901,
1159,0.00185792,0.434170799329877,-0.0804020240902901,
1160,0.00186816,0.434170799329877,-0.0804020240902901,
1161,0.0018784,0.434170799329877,-0.0804020240902901,
1162,0.00188864,0.434170799329877,-0.0804020240902901,
1163,0.00189888,0.434170799329877,-0.040201012045145,
1164,0.00190912,0.434170799329877,-0.040201012045145,
1165,0.00191936,0.442210999317467,-0.0804020240902901,
1166,0.0019296,0.442210999317467,-0.040201012045145,
1167,0.00193984,0.442210999317467,-0.120603036135435,
1168,0.00195008,0.442210999317467,-0.040201012045145,
1169,0.00196032,0.442210999317467,-0.0804020240902901,
1170,0.00197056,0.442210999317467,-0.0804020240902901,
1171,0.0019808,0.442210999317467,-0.0804020240902901,
1172,0.00199104,0.442210999317467,-0.0804020240902901,
1173,0.00200128,0.450251199305058,-0.040201012045145,
1174,0.00201152,0.450251199305058,-0.040201012045145,
1175,0.00202176,0.442210999317467,-0.040201012045145,
1176,0.002032,0.450251199305058,-0.0804020240902901,
1177,0.00204224,0.450251199305058,-0.040201012045145,
1178,0.00205248,0.458291399292648,-0.040201012045145,
1179,0.00206272,0.442210999317467,-0.0804020240902901,
1180,0.00207296,0.450251199305058,-0.0804020240902901,
1181,0.0020832,0.458291399292648,-0.040201012045145,
1182,0.00209344,0.450251199305058,-0.0804020240902901,
1183,0.00210368,0.458291399292648,-0.040201012045145,
1184,0.00211392,0.458291399292648,-0.040201012045145,
1185,0.00212416,0.450251199305058,-0.0804020240902901,
1186,0.0021344,0.466331599280238,-0.040201012045145,
1187,0.00214464,0.458291399292648,-0.0804020240902901,
1188,0.00215488,0.458291399292648,-0.040201012045145,
1189,0.00216512,0.458291399292648,-0.040201012045145,
1190,0.00217536,0.458291399292648,-0.0804020240902901,
1191,0.0021856,0.458291399292648,-0.040201012045145,
1192,0.00219584,0.466331599280238,-0.0804020240902901,
1193,0.00220608,0.458291399292648,-0.040201012045145,
1194,0.00221632,0.466331599280238,-0.040201012045145,
1195,0.00222656,0.458291399292648,-0.040201012045145,
1196,0.0022368,0.466331599280238,-0.040201012045145,
1197,0.00224704,0.458291399292648,-0.0804020240902901,
1198,0.00225728,0.466331599280238,0,
1199,0.00226752,0.466331599280238,-0.040201012045145,
1200,0.00227776,0.474371799267828,-0.040201012045145,
1201,0.002288,0.466331599280238,-0.0804020240902901,
1202,0.00229824,0.466331599280238,-0.040201012045145,
1203,0.00230848,0.474371799267828,-0.040201012045145,
1204,0.00231872,0.466331599280238,-0.040201012045145,
1205,0.00232896,0.474371799267828,-0.040201012045145,
1206,0.0023392,0.466331599280238,-0.040201012045145,
1207,0.00234944,0.466331599280238,-0.0804020240902901,
1208,0.00235968,0.474371799267828,-0.040201012045145,
1209,0.00236992,0.466331599280238,0,
1210,0.00238016,0.474371799267828,-0.040201012045145,
1211,0.0023904,0.474371799267828,-0.040201012045145,
1212,0.00240064,0.466331599280238,-0.0804020240902901,
1213,0.00241088,0.474371799267828,0,
1214,0.00242112,0.474371799267828,-0.040201012045145,
1215,0.00243136,0.474371799267828,-0.040201012045145,
1216,0.0024416,0.474371799267828,0,
1217,0.00245184,0.474371799267828,0,
1218,0.00246208,0.474371799267828,-0.040201012045145,
1219,0.00247232,0.474371799267828,-0.040201012045145,
1220,0.00248256,0.474371799267828,-0.040201012045145,
1221,0.0024928,0.474371799267828,0,
1222,0.00250304,0.474371799267828,-0.040201012045145,
1223,0.00251328,0.474371799267828,-0.040201012045145,
1224,0.00252352,0.482411999255419,0,
1225,0.00253376,0.482411999255419,-0.040201012045145,
1226,0.002544,0.474371799267828,-0.040201012045145,
1227,0.00255424,0.474371799267828,-0.0804020240902901,
1228,0.00256448,0.490452199243009,0,
1229,0.00257472,0.490452199243009,-0.0804020240902901,
1230,0.00258496,0.482411999255419,-0.040201012045145,
1231,0.0025952,0.482411999255419,0,
1232,0.00260544,0.482411999255419,-0.040201012045145,
1233,0.00261568,0.482411999255419,-0.040201012045145,
1234,0.00262592,0.482411999255419,-0.040201012045145,
1235,0.00263616,0.482411999255419,-0.0804020240902901,
1236,0.0026464,0.490452199243009,-0.040201012045145,
1237,0.00265664,0.482411999255419,0,
1238,0.00266688,0.482411999255419,-0.040201012045145,
1239,0.00267712,0.482411999255419,-0.040201012045145,
1240,0.00268736,0.490452199243009,-0.040201012045145,
1241,0.0026976,0.490452199243009,-0.040201012045145,
1242,0.00270784,0.490452199243009,-0.040201012045145,
1243,0.00271808,0.490452199243009,-0.040201012045145,
1244,0.00272832,0.490452199243009,-0.040201012045145,
1245,0.00273856,0.482411999255419,0,
1246,0.0027488,0.490452199243009,-0.040201012045145,
1247,0.00275904,0.490452199243009,0,
1248,0.00276928,0.490452199243009,-0.040201012045145,
1249,0.00277952,0.490452199243009,-0.040201012045145,
1250,0.00278976,0.490452199243009,-0.040201012045145,
1251,0.0028,0.490452199243009,-0.040201012045145,
1252,0.00281024,0.490452199243009,-0.040201012045145,
1253,0.00282048,0.490452199243009,0,
1254,0.00283072,0.490452199243009,0,
1255,0.00284096,0.490452199243009,0,
1256,0.0028512,0.498492399230599,0,
1257,0.00286144,0.482411999255419,0,
1258,0.00287168,0.490452199243009,0,
1259,0.00288192,0.490452199243009,-0.040201012045145,
1260,0.00289216,0.490452199243009,0,
1261,0.0029024,0.490452199243009,0,
1262,0.00291264,0.490452199243009,-0.040201012045145,
1263,0.00292288,0.490452199243009,0,
1264,0.00293312,0.490452199243009,0,
1265,0.00294336,0.490452199243009,0,
1266,0.0029536,0.490452199243009,0,
1267,0.00296384,0.490452199243009,0,
1268,0.00297408,0.490452199243009,0,
1269,0.00298432,0.490452199243009,0,
1270,0.00299456,0.498492399230599,-0.040201012045145,
1271,0.0030048,0.482411999255419,0,
1272,0.00301504,0.490452199243009,0,
1273,0.00302528,0.498492399230599,0,
1274,0.00303552,0.490452199243009,0,
1275,0.00304576,0.482411999255419,0,
1276,0.003056,0.498492399230599,0,
1277,0.00306624,0.498492399230599,0,
1278,0.00307648,0.498492399230599,0,
1279,0.00308672,0.490452199243009,0,
1280,0.00309696,0.498492399230599,0,
1281,0.0031072,0.498492399230599,0,
1282,0.00311744,0.498492399230599,0,
1283,0.00312768,0.490452199243009,0,
1284,0.00313792,0.490452199243009,-0.040201012045145,
1285,0.00314816,0.490452199243009,0,
1286,0.0031584,0.498492399230599,0,
1287,0.00316864,0.498492399230599,0,
1288,0.00317888,0.498492399230599,0,
1289,0.00318912,0.498492399230599,0,
1290,0.00319936,0.498492399230599,0,
1291,0.0032096,0.498492399230599,0,
1292,0.00321984,0.498492399230599,0,
1293,0.00323008,0.498492399230599,0,
1294,0.00324032,0.482411999255419,0,
1295,0.00325056,0.490452199243009,0.040201012045145,
1296,0.0032608,0.498492399230599,-0.040201012045145,
1297,0.00327104,0.490452199243009,0,
1298,0.00328128,0.490452199243009,0,
1299,0.00329152,0.51457279920578,0,
1300,0.00330176,0.490452199243009,0,
1301,0.003312,0.498492399230599,0.040201012045145,
1302,0.00332224,0.498492399230599,0.040201012045145,
1303,0.00333248,0.490452199243009,0,
1304,0.00334272,0.498492399230599,0,
1305,0.00335296,0.490452199243009,0,
1306,0.0033632,0.490452199243009,0,
1307,0.00337344,0.498492399230599,0,
1308,0.00338368,0.482411999255419,-0.040201012045145,
1309,0.00339392,0.498492399230599,0,
1310,0.00340416,0.490452199243009,0,
1311,0.0034144,0.490452199243009,0,
1312,0.00342464,0.482411999255419,0,
1313,0.00343488,0.490452199243009,0,
1314,0.00344512,0.490452199243009,0,
1315,0.00345536,0.498492399230599,0,
1316,0.0034656,0.498492399230599,0,
1317,0.00347584,0.490452199243009,0,
1318,0.00348608,0.498492399230599,0.040201012045145,
1319,0.00349632,0.490452199243009,0.040201012045145,
1320,0.00350656,0.482411999255419,0.040201012045145,
1321,0.0035168,0.490452199243009,0,
1322,0.00352704,0.482411999255419,0,
1323,0.00353728,0.482411999255419,0,
1324,0.00354752,0.490452199243009,0,
1325,0.00355776,0.482411999255419,0,
1326,0.003568,0.498492399230599,0,
1327,0.00357824,0.490452199243009,0.040201012045145,
1328,0.00358848,0.498492399230599,0.040201012045145,
1329,0.00359872,0.490452199243009,0.040201012045145,
1330,0.00360896,0.482411999255419,0.040201012045145,
1331,0.0036192,0.490452199243009,0,
1332,0.00362944,0.490452199243009,0,
1333,0.00363968,0.490452199243009,0.0804020240902901,
1334,0.00364992,0.490452199243009,0,
1335,0.00366016,0.490452199243009,0.040201012045145,
1336,0.0036704,0.490452199243009,0,
1337,0.00368064,0.482411999255419,0.040201012045145,
1338,0.00369088,0.482411999255419,0.040201012045145,
1339,0.00370112,0.490452199243009,0.040201012045145,
1340,0.00371136,0.498492399230599,0.040201012045145,
1341,0.0037216,0.482411999255419,0.040201012045145,
1342,0.00373184,0.482411999255419,0.040201012045145,
1343,0.00374208,0.474371799267828,-0.040201012045145,
1344,0.00375232,0.482411999255419,0.040201012045145,
1345,0.00376256,0.482411999255419,0,
1346,0.0037728,0.482411999255419,0,
1347,0.00378304,0.490452199243009,0.040201012045145,
1348,0.00379328,0.482411999255419,0.040201012045145,
1349,0.00380352,0.482411999255419,0,
1350,0.00381376,0.474371799267828,0.040201012045145,
1351,0.003824,0.474371799267828,0.040201012045145,
1352,0.00383424,0.482411999255419,0,
1353,0.00384448,0.482411999255419,0,
1354,0.00385472,0.474371799267828,0.040201012045145,
1355,0.00386496,0.474371799267828,0.040201012045145,
1356,0.0038752,0.474371799267828,0.040201012045145,
1357,0.00388544,0.482411999255419,0,
1358,0.00389568,0.482411999255419,0,
1359,0.00390592,0.474371799267828,0.040201012045145,
1360,0.00391616,0.474371799267828,0,
1361,0.0039264,0.482411999255419,0.040201012045145,
1362,0.00393664,0.474371799267828,0,
1363,0.00394688,0.474371799267828,0.040201012045145,
1364,0.00395712,0.474371799267828,0.040201012045145,
1365,0.00396736,0.474371799267828,0.040201012045145,
1366,0.0039776,0.474371799267828,0,
1367,0.00398784,0.474371799267828,0,
1368,0.00399808,0.474371799267828,0.040201012045145,
1369,0.00400832,0.482411999255419,0.040201012045145,
1370,0.00401856,0.466331599280238,0.040201012045145,
1371,0.0040288,0.466331599280238,0.040201012045145,
1372,0.00403904,0.466331599280238,0.040201012045145,
1373,0.00404928,0.466331599280238,0.040201012045145,
1374,0.00405952,0.466331599280238,0.040201012045145,
1375,0.00406976,0.466331599280238,0,
1376,0.00408,0.458291399292648,0.040201012045145,
1377,0.00409024,0.466331599280238,0.040201012045145,
1378,0.00410048,0.466331599280238,0.040201012045145,
1379,0.00411072,0.458291399292648,0.040201012045145,
1380,0.00412096,0.466331599280238,0.040201012045145,
1381,0.0041312,0.474371799267828,0,
1382,0.00414144,0.466331599280238,0.040201012045145,
1383,0.00415168,0.466331599280238,0.040201012045145,
1384,0.00416192,0.458291399292648,0,
1385,0.00417216,0.466331599280238,0.0804020240902901,
1386,0.0041824,0.466331599280238,0.040201012045145,
1387,0.00419264,0.458291399292648,0.040201012045145,
1388,0.00420288,0.466331599280238,0.040201012045145,
1389,0.00421312,0.458291399292648,0.040201012045145,
1390,0.00422336,0.458291399292648,0.040201012045145,
1391,0.0042336,0.458291399292648,0.040201012045145,
1392,0.00424384,0.458291399292648,0,
1393,0.00425408,0.450251199305058,0.040201012045145,
1394,0.00426432,0.450251199305058,0.040201012045145,
1395,0.00427456,0.458291399292648,0.040201012045145,
1396,0.0042848,0.450251199305058,0.040201012045145,
1397,0.00429504,0.450251199305058,0,
1398,0.00430528,0.450251199305058,0,
1399,0.00431552,0.442210999317467,0.040201012045145,
1400,0.00432576,0.450251199305058,0.040201012045145,
1401,0.004336,0.442210999317467,0.040201012045145,
1402,0.00434624,0.442210999317467,0.040201012045145,
1403,0.00435648,0.442210999317467,0.040201012045145,
1404,0.00436672,0.450251199305058,0,
1405,0.00437696,0.442210999317467,0.040201012045145,
1406,0.0043872,0.450251199305058,0.040201012045145,
1407,0.00439744,0.450251199305058,0.040201012045145,
1408,0.00440768,0.442210999317467,0,
1409,0.00441792,0.442210999317467,0.040201012045145,
1410,0.00442816,0.442210999317467,0.0804020240902901,
1411,0.0044384,0.442210999317467,0.040201012045145,
1412,0.00444864,0.442210999317467,0.0804020240902901,
1413,0.00445888,0.442210999317467,0.0804020240902901,
1414,0.00446912,0.434170799329877,0.0804020240902901,
1415,0.00447936,0.442210999317467,0.040201012045145,
1416,0.0044896,0.434170799329877,0.040201012045145,
1417,0.00449984,0.434170799329877,0.040201012045145,
1418,0.00451008,0.434170799329877,0.040201012045145,
1419,0.00452032,0.442210999317467,0.0804020240902901,
1420,0.00453056,0.434170799329877,0.040201012045145,
1421,0.0045408,0.426130599342287,0.0804020240902901,
1422,0.00455104,0.426130599342287,0.040201012045145,
1423,0.00456128,0.434170799329877,0.040201012045145,
1424,0.00457152,0.434170799329877,0.040201012045145,
1425,0.00458176,0.426130599342287,0.0804020240902901,
1426,0.004592,0.434170799329877,0.0804020240902901,
1427,0.00460224,0.426130599342287,0.040201012045145,
1428,0.00461248,0.418090399354696,0.0804020240902901,
1429,0.00462272,0.426130599342287,0.0804020240902901,
1430,0.00463296,0.418090399354696,0.040201012045145,
1431,0.0046432,0.418090399354696,0.0804020240902901,
1432,0.00465344,0.426130599342287,0.0804020240902901,
1433,0.00466368,0.418090399354696,0.0804020240902901,
1434,0.00467392,0.418090399354696,0.040201012045145,
1435,0.00468416,0.418090399354696,0.0804020240902901,
1436,0.0046944,0.426130599342287,0.040201012045145,
1437,0.00470464,0.410050199367106,0.040201012045145,
1438,0.00471488,0.418090399354696,0.040201012045145,
1439,0.00472512,0.418090399354696,0.040201012045145,
1440,0.00473536,0.418090399354696,0.040201012045145,
1441,0.0047456,0.402009999379516,0.0804020240902901,
1442,0.00475584,0.410050199367106,0.0804020240902901,
1443,0.00476608,0.410050199367106,0.040201012045145,
1444,0.00477632,0.410050199367106,0.040201012045145,
1445,0.00478656,0.393969799391925,0.040201012045145,
1446,0.0047968,0.402009999379516,0.040201012045145,
1447,0.00480704,0.410050199367106,0.040201012045145,
1448,0.00481728,0.402009999379516,0.040201012045145,
1449,0.00482752,0.402009999379516,0.040201012045145,
1450,0.00483776,0.410050199367106,0.120603036135435,
1451,0.004848,0.402009999379516,0.0804020240902901,
1452,0.00485824,0.393969799391925,0.040201012045145,
1453,0.00486848,0.393969799391925,0.040201012045145,
1454,0.00487872,0.393969799391925,0.0804020240902901,
1455,0.00488896,0.402009999379516,0.040201012045145,
1456,0.0048992,0.393969799391925,0.040201012045145,
1457,0.00490944,0.393969799391925,0.0804020240902901,
1458,0.00491968,0.393969799391925,0.040201012045145,
1459,0.00492992,0.393969799391925,0.0804020240902901,
1460,0.00494016,0.393969799391925,0.040201012045145,
1461,0.0049504,0.393969799391925,0.040201012045145,
1462,0.00496064,0.385929599404335,0.040201012045145,
1463,0.00497088,0.385929599404335,0.0804020240902901,
1464,0.00498112,0.385929599404335,0.0804020240902901,
1465,0.00499136,0.385929599404335,0.040201012045145,
1466,0.0050016,0.385929599404335,0.0804020240902901,
1467,0.00501184,0.369849199429154,0.040201012045145,
1468,0.00502208,0.377889399416745,0.040201012045145,
1469,0.00503232,0.377889399416745,0.040201012045145,
1470,0.00504256,0.377889399416745,0.0804020240902901,
1471,0.0050528,0.377889399416745,0.0804020240902901,
1472,0.00506304,0.377889399416745,0.0804020240902901,
1473,0.00507328,0.369849199429154,0.0804020240902901,
1474,0.00508352,0.369849199429154,0.120603036135435,
1475,0.00509376,0.369849199429154,0.0804020240902901,
1476,0.005104,0.369849199429154,0.0804020240902901,
1477,0.00511424,0.369849199429154,0.0804020240902901,
1478,0.00512448,0.369849199429154,0.0804020240902901,
1479,0.00513472,0.369849199429154,0.0804020240902901,
1480,0.00514496,0.369849199429154,0.0804020240902901,
1481,0.0051552,0.369849199429154,0.0804020240902901,
1482,0.00516544,0.361808999441564,0.0804020240902901,
1483,0.00517568,0.353768799453974,0.040201012045145,
1484,0.00518592,0.361808999441564,0.0804020240902901,
1485,0.00519616,0.361808999441564,0.0804020240902901,
1486,0.0052064,0.353768799453974,0.0804020240902901,
1487,0.00521664,0.353768799453974,0.0804020240902901,
1488,0.00522688,0.345728599466383,0.040201012045145,
1489,0.00523712,0.353768799453974,0.040201012045145,
1490,0.00524736,0.353768799453974,0.0804020240902901,
1491,0.0052576,0.353768799453974,0.0804020240902901,
1492,0.00526784,0.345728599466383,0.040201012045145,
1493,0.00527808,0.337688399478793,0.0804020240902901,
1494,0.00528832,0.345728599466383,0.040201012045145,
1495,0.00529856,0.345728599466383,0.0804020240902901,
1496,0.0053088,0.345728599466383,0.040201012045145,
1497,0.00531904,0.345728599466383,0.120603036135435,
1498,0.00532928,0.345728599466383,0.0804020240902901,
1499,0.00533952,0.345728599466383,0.0804020240902901,
1500,0.00534976,0.337688399478793,0.040201012045145,
1501,0.00536,0.337688399478793,0.040201012045145,
1502,0.00537024,0.337688399478793,0.040201012045145,
1503,0.00538048,0.329648199491203,0.0804020240902901,
1504,0.00539072,0.329648199491203,0.040201012045145,
1505,0.00540096,0.329648199491203,0.0804020240902901,
1506,0.0054112,0.329648199491203,0.040201012045145,
1507,0.00542144,0.329648199491203,0.120603036135435,
1508,0.00543168,0.329648199491203,0.0804020240902901,
1509,0.00544192,0.321607999503613,0.040201012045145,
1510,0.00545216,0.329648199491203,0.0804020240902901,
1511,0.0054624,0.329648199491203,0.0804020240902901,
1512,0.00547264,0.321607999503613,0.0804020240902901,
1513,0.00548288,0.321607999503613,0.0804020240902901,
1514,0.00549312,0.321607999503613,0.0804020240902901,
1515,0.00550336,0.313567799516022,0.0804020240902901,
1516,0.0055136,0.321607999503613,0.0804020240902901,
1517,0.00552384,0.305527599528432,0.0804020240902901,
1518,0.00553408,0.313567799516022,0.0804020240902901,
1519,0.00554432,0.305527599528432,0.040201012045145,
1520,0.00555456,0.305527599528432,0.0804020240902901,
1521,0.0055648,0.305527599528432,0.040201012045145,
1522,0.00557504,0.305527599528432,0.120603036135435,
1523,0.00558528,0.305527599528432,0.0804020240902901,
1524,0.00559552,0.305527599528432,0.040201012045145,
1525,0.00560576,0.297487399540842,0.040201012045145,
1526,0.005616,0.305527599528432,0.0804020240902901,
1527,0.00562624,0.297487399540842,0.120603036135435,
1528,0.00563648,0.297487399540842,0.120603036135435,
1529,0.00564672,0.305527599528432,0.120603036135435,
1530,0.00565696,0.289447199553251,0.0804020240902901,
1531,0.0056672,0.289447199553251,0.0804020240902901,
1532,0.00567744,0.297487399540842,0.0804020240902901,
1533,0.00568768,0.289447199553251,0.0804020240902901,
1534,0.00569792,0.289447199553251,0.0804020240902901,
1535,0.00570816,0.297487399540842,0.0804020240902901,
1536,0.0057184,0.289447199553251,0.0804020240902901,
1537,0.00572864,0.281406999565661,0.0804020240902901,
1538,0.00573888,0.281406999565661,0.0804020240902901,
1539,0.00574912,0.289447199553251,0.0804020240902901,
1540,0.00575936,0.281406999565661,0.0804020240902901,
1541,0.0057696,0.273366799578071,0.0804020240902901,
1542,0.00577984,0.273366799578071,0.0804020240902901,
1543,0.00579008,0.273366799578071,0.0804020240902901,
1544,0.00580032,0.273366799578071,0.0804020240902901,
1545,0.00581056,0.26532659959048,0.0804020240902901,
1546,0.0058208,0.273366799578071,0.0804020240902901,
1547,0.00583104,0.25728639960289,0.0804020240902901,
1548,0.00584128,0.26532659959048,0.0804020240902901,
1549,0.00585152,0.26532659959048,0.0804020240902901,
1550,0.00586176,0.25728639960289,0.0804020240902901,
1551,0.005872,0.25728639960289,0.0804020240902901,
1552,0.00588224,0.25728639960289,0.0804020240902901,
1553,0.00589248,0.26532659959048,0.0804020240902901,
1554,0.00590272,0.25728639960289,0.120603036135435,
1555,0.00591296,0.25728639960289,0.0804020240902901,
1556,0.0059232,0.2492461996153,0.0804020240902901,
1557,0.00593344,0.25728639960289,0.120603036135435,
1558,0.00594368,0.25728639960289,0.0804020240902901,
1559,0.00595392,0.241205999627709,0.0804020240902901,
1560,0.00596416,0.2492461996153,0.0804020240902901,
1561,0.0059744,0.2492461996153,0.040201012045145,
1562,0.00598464,0.241205999627709,0.0804020240902901,
1563,0.00599488,0.233165799640119,0.0804020240902901,
1564,0.00600512,0.233165799640119,0.120603036135435,
1565,0.00601536,0.233165799640119,0.0804020240902901,
1566,0.0060256,0.233165799640119,0.0804020240902901,
1567,0.00603584,0.241205999627709,0.0804020240902901,
1568,0.00604608,0.233165799640119,0.0804020240902901,
1569,0.00605632,0.225125599652529,0.0804020240902901,
1570,0.00606656,0.233165799640119,0.0804020240902901,
1571,0.0060768,0.225125599652529,0.040201012045145,
1572,0.00608704,0.225125599652529,0.0804020240902901,
1573,0.00609728,0.217085399664938,0.0804020240902901,
1574,0.00610752,0.225125599652529,0.040201012045145,
1575,0.00611776,0.225125599652529,0.120603036135435,
1576,0.006128,0.225125599652529,0.0804020240902901,
1577,0.00613824,0.209045199677348,0.0804020240902901,
1578,0.00614848,0.217085399664938,0.0804020240902901,
1579,0.00615872,0.217085399664938,0.0804020240902901,
1580,0.00616896,0.217085399664938,0.0804020240902901,
1581,0.0061792,0.209045199677348,0.0804020240902901,
1582,0.00618944,0.209045199677348,0.0804020240902901,
1583,0.00619968,0.201004999689758,0.0804020240902901,
1584,0.00620992,0.201004999689758,0.120603036135435,
1585,0.00622016,0.201004999689758,0.0804020240902901,
1586,0.0062304,0.201004999689758,0.120603036135435,
1587,0.00624064,0.201004999689758,0.0804020240902901,
1588,0.00625088,0.201004999689758,0.0804020240902901,
1589,0.00626112,0.192964799702168,0.040201012045145,
1590,0.00627136,0.192964799702168,0.0804020240902901,
1591,0.0062816,0.184924599714577,0.0804020240902901,
1592,0.00629184,0.184924599714577,0.0804020240902901,
1593,0.00630208,0.184924599714577,0.0804020240902901,
1594,0.00631232,0.192964799702168,0.0804020240902901,
1595,0.00632256,0.184924599714577,0.0804020240902901,
1596,0.0063328,0.184924599714577,0.0804020240902901,
1597,0.00634304,0.184924599714577,0.0804020240902901,
1598,0.00635328,0.184924599714577,0.0804020240902901,
1599,0.00636352,0.176884399726987,0.0804020240902901,
1600,0.00637376,0.168844199739397,0.0804020240902901,
1601,0.006384,0.176884399726987,0.0804020240902901,
1602,0.00639424,0.168844199739397,0.0804020240902901,
1603,0.00640448,0.176884399726987,0.0804020240902901,
1604,0.00641472,0.160803999751806,0.0804020240902901,
1605,0.00642496,0.168844199739397,0.040201012045145,
1606,0.0064352,0.168844199739397,0.0804020240902901,
1607,0.00644544,0.160803999751806,0.0804020240902901,
1608,0.00645568,0.160803999751806,0.120603036135435,
1609,0.00646592,0.160803999751806,0.120603036135435,
1610,0.00647616,0.160803999751806,0.0804020240902901,
1611,0.0064864,0.152763799764216,0.0804020240902901,
1612,0.00649664,0.144723599776626,0.0804020240902901,
1613,0.00650688,0.152763799764216,0.0804020240902901,
1614,0.00651712,0.152763799764216,0.0804020240902901,
1615,0.00652736,0.160803999751806,0.0804020240902901,
1616,0.0065376,0.144723599776626,0.0804020240902901,
1617,0.00654784,0.144723599776626,0.0804020240902901,
1618,0.00655808,0.144723599776626,0.0804020240902901,
1619,0.00656832,0.136683399789035,0.0804020240902901,
1620,0.00657856,0.136683399789035,0.0804020240902901,
1621,0.0065888,0.136683399789035,0.040201012045145,
1622,0.00659904,0.136683399789035,0.0804020240902901,
1623,0.00660928,0.136683399789035,0.120603036135435,
1624,0.00661952,0.136683399789035,0.0804020240902901,
1625,0.00662976,0.128643199801445,0.120603036135435,
1626,0.00664,0.128643199801445,0.120603036135435,
1627,0.00665024,0.120602999813855,0.120603036135435,
1628,0.00666048,0.120602999813855,0.0804020240902901,
1629,0.00667072,0.120602999813855,0.0804020240902901,
1630,0.00668096,0.120602999813855,0.040201012045145,
1631,0.0066912,0.112562799826264,0.0804020240902901,
1632,0.00670144,0.120602999813855,0.0804020240902901,
1633,0.00671168,0.104522599838674,0.120603036135435,
1634,0.00672192,0.104522599838674,0.0804020240902901,
1635,0.00673216,0.104522599838674,0.0804020240902901,
1636,0.0067424,0.112562799826264,0.0804020240902901,
1637,0.00675264,0.104522599838674,0.120603036135435,
1638,0.00676288,0.104522599838674,0.0804020240902901,
1639,0.00677312,0.0964823998510838,0.120603036135435,
1640,0.00678336,0.104522599838674,0.0804020240902901,
1641,0.0067936,0.0964823998510838,0.0804020240902901,
1642,0.00680384,0.0964823998510838,0.0804020240902901,
1643,0.00681408,0.104522599838674,0.040201012045145,
1644,0.00682432,0.0964823998510838,0.0804020240902901,
1645,0.00683456,0.0964823998510838,0.0804020240902901,
1646,0.0068448,0.0884421998634934,0.0804020240902901,
1647,0.00685504,0.0884421998634934,0.0804020240902901,
1648,0.00686528,0.0884421998634934,0.0804020240902901,
1649,0.00687552,0.0804019998759031,0.0804020240902901,
1650,0.00688576,0.0723617998883128,0.0804020240902901,
1651,0.006896,0.0804019998759031,0.0804020240902901,
1652,0.00690624,0.0804019998759031,0.120603036135435,
1653,0.00691648,0.0723617998883128,0.0804020240902901,
1654,0.00692672,0.0643215999007225,0.0804020240902901,
1655,0.00693696,0.0643215999007225,0.120603036135435,
1656,0.0069472,0.0643215999007225,0.120603036135435,
1657,0.00695744,0.0723617998883128,0.040201012045145,
1658,0.00696768,0.0643215999007225,0.0804020240902901,
1659,0.00697792,0.0643215999007225,0.0804020240902901,
1660,0.00698816,0.0643215999007225,0.0804020240902901,
1661,0.0069984,0.0562813999131322,0.120603036135435,
1662,0.00700864,0.0562813999131322,0.0804020240902901,
1663,0.00701888,0.0643215999007225,0.0804020240902901,
1664,0.00702912,0.0562813999131322,0.0804020240902901,
1665,0.00703936,0.0562813999131322,0.0804020240902901,
1666,0.0070496,0.0482411999255419,0.0804020240902901,
1667,0.00705984,0.0482411999255419,0.0804020240902901,
1668,0.00707008,0.0482411999255419,0.120603036135435,
1669,0.00708032,0.0482411999255419,0.0804020240902901,
1670,0.00709056,0.0321607999503613,0.0804020240902901,
1671,0.0071008,0.0402009999379516,0.0804020240902901,
1672,0.00711104,0.0482411999255419,0.0804020240902901,
1673,0.00712128,0.0402009999379516,0.040201012045145,
1674,0.00713152,0.0321607999503613,0.0804020240902901,
1675,0.00714176,0.0241205999627709,0.120603036135435,
1676,0.007152,0.0321607999503613,0.0804020240902901,
1677,0.00716224,0.0241205999627709,0.0804020240902901,
1678,0.00717248,0.0241205999627709,0.040201012045145,
1679,0.00718272,0.0241205999627709,0.0804020240902901,
1680,0.00719296,0.0321607999503613,0.0804020240902901,
1681,0.0072032,0.0241205999627709,0.0804020240902901,
1682,0.00721344,0.0241205999627709,0.040201012045145,
1683,0.00722368,0.0160803999751806,0.120603036135435,
1684,0.00723392,0.0160803999751806,0.0804020240902901,
1685,0.00724416,0.00804019998759031,0.0804020240902901,
1686,0.0072544,0.0160803999751806,0.0804020240902901,
1687,0.00726464,0.00804019998759031,0.0804020240902901,
1688,0.00727488,0.00804019998759031,0.0804020240902901,
1689,0.00728512,0.00804019998759031,0.0804020240902901,
1690,0.00729536,0,0.120603036135435,
1691,0.0073056,0,0.0804020240902901,
1692,0.00731584,0,0.120603036135435,
1693,0.00732608,0,0.0804020240902901,
1694,0.00733632,0,0.120603036135435,
1695,0.00734656,0,0.0804020240902901,
1696,0.0073568,0,0.0804020240902901,
1697,0.00736704,-0.00804019998759031,0.0804020240902901,
1698,0.00737728,-0.00804019998759031,0.0804020240902901,
1699,0.00738752,-0.00804019998759031,0.0804020240902901,
1700,0.00739776,-0.00804019998759031,0.0804020240902901,
1701,0.007408,-0.0160803999751806,0.0804020240902901,
1702,0.00741824,-0.0160803999751806,0.040201012045145,
1703,0.00742848,-0.0241205999627709,0.040201012045145,
1704,0.00743872,-0.0160803999751806,0.040201012045145,
1705,0.00744896,-0.0241205999627709,0.0804020240902901,
1706,0.0074592,-0.0241205999627709,0.0804020240902901,
1707,0.00746944,-0.0321607999503613,0.0804020240902901,
1708,0.00747968,-0.0241205999627709,0.0804020240902901,
1709,0.00748992,-0.0241205999627709,0.120603036135435,
1710,0.00750016,-0.0321607999503613,0.0804020240902901,
1711,0.0075104,-0.0321607999503613,0.0804020240902901,
1712,0.00752064,-0.0402009999379516,0.0804020240902901,
1713,0.00753088,-0.0402009999379516,0.120603036135435,
1714,0.00754112,-0.0402009999379516,0.0804020240902901,
1715,0.00755136,-0.0402009999379516,0.0804020240902901,
1716,0.0075616,-0.0482411999255419,0.040201012045145,
1717,0.00757184,-0.0402009999379516,0.0804020240902901,
1718,0.00758208,-0.0402009999379516,0.0804020240902901,
1719,0.00759232,-0.0482411999255419,0.040201012045145,
1720,0.00760256,-0.0482411999255419,0.0804020240902901,
1721,0.0076128,-0.0562813999131322,0.0804020240902901,
1722,0.00762304,-0.0562813999131322,0.0804020240902901,
1723,0.00763328,-0.0562813999131322,0.040201012045145,
1724,0.00764352,-0.0643215999007225,0.0804020240902901,
1725,0.00765376,-0.0562813999131322,0.0804020240902901,
1726,0.007664,-0.0562813999131322,0.0804020240902901,
1727,0.00767424,-0.0723617998883128,0.0804020240902901,
1728,0.00768448,-0.0723617998883128,0.0804020240902901,
1729,0.00769472,-0.0723617998883128,0.0804020240902901,
1730,0.00770496,-0.0643215999007225,0.0804020240902901,
1731,0.0077152,-0.0804019998759031,0.040201012045145,
1732,0.00772544,-0.0723617998883128,0.0804020240902901,
1733,0.00773568,-0.0804019998759031,0.0804020240902901,
1734,0.00774592,-0.0804019998759031,0.0804020240902901,
1735,0.00775616,-0.0804019998759031,0.0804020240902901,
1736,0.0077664,-0.0884421998634934,0.0804020240902901,
1737,0.00777664,-0.0884421998634934,0.0804020240902901,
1738,0.00778688,-0.0804019998759031,0.0804020240902901,
1739,0.00779712,-0.0884421998634934,0.0804020240902901,
1740,0.00780736,-0.0884421998634934,0.0804020240902901,
1741,0.0078176,-0.0884421998634934,0.0804020240902901,
1742,0.00782784,-0.0964823998510838,0.0804020240902901,
1743,0.00783808,-0.0964823998510838,0.0804020240902901,
1744,0.00784832,-0.0964823998510838,0.0804020240902901,
1745,0.00785856,-0.104522599838674,0.0804020240902901,
1746,0.0078688,-0.0964823998510838,0.0804020240902901,
1747,0.00787904,-0.104522599838674,0.120603036135435,
1748,0.00788928,-0.112562799826264,0.0804020240902901,
1749,0.00789952,-0.104522599838674,0.0804020240902901,
1750,0.00790976,-0.104522599838674,0.040201012045145,
1751,0.00792,-0.112562799826264,0.0804020240902901,
1752,0.00793024,-0.112562799826264,0.0804020240902901,
1753,0.00794048,-0.112562799826264,0.0804020240902901,
1754,0.00795072,-0.120602999813855,0.040201012045145,
1755,0.00796096,-0.112562799826264,0.0804020240902901,
1756,0.0079712,-0.120602999813855,0.0804020240902901,
1757,0.00798144,-0.128643199801445,0.0804020240902901,
1758,0.00799168,-0.120602999813855,0.040201012045145,
1759,0.00800192,-0.120602999813855,0.0804020240902901,
1760,0.00801216,-0.128643199801445,0.0804020240902901,
1761,0.0080224,-0.128643199801445,0.0804020240902901,
1762,0.00803264,-0.128643199801445,0.0804020240902901,
1763,0.00804288,-0.128643199801445,0.040201012045145,
1764,0.00805312,-0.136683399789035,0.040201012045145,
1765,0.00806336,-0.136683399789035,0.0804020240902901,
1766,0.0080736,-0.136683399789035,0.0804020240902901,
1767,0.00808384,-0.136683399789035,0.0804020240902901,
1768,0.00809408,-0.144723599776626,0.0804020240902901,
1769,0.00810432,-0.144723599776626,0.040201012045145,
1770,0.00811456,-0.152763799764216,0.0804020240902901,
1771,0.0081248,-0.144723599776626,0.040201012045145,
1772,0.00813504,-0.152763799764216,0.0804020240902901,
1773,0.00814528,-0.152763799764216,0.0804020240902901,
1774,0.00815552,-0.152763799764216,0.040201012045145,
1775,0.00816576,-0.152763799764216,0.0804020240902901,
1776,0.008176,-0.160803999751806,0.0804020240902901,
1777,0.00818624,-0.168844199739397,0.0804020240902901,
1778,0.00819648,-0.160803999751806,0.040201012045145,
1779,0.00820672,-0.160803999751806,0,
1780,0.00821696,-0.168844199739397,0.040201012045145,
1781,0.0082272,-0.168844199739397,0.0804020240902901,
1782,0.00823744,-0.168844199739397,0.0804020240902901,
1783,0.00824768,-0.176884399726987,0.040201012045145,
1784,0.00825792,-0.176884399726987,0.040201012045145,
1785,0.00826816,-0.176884399726987,0.0804020240902901,
1786,0.0082784,-0.168844199739397,0.0804020240902901,
1787,0.00828864,-0.176884399726987,0.040201012045145,
1788,0.00829888,-0.176884399726987,0.040201012045145,
1789,0.00830912,-0.176884399726987,0.0804020240902901,
1790,0.00831936,-0.184924599714577,0.0804020240902901,
1791,0.0083296,-0.184924599714577,0.0804020240902901,
1792,0.00833984,-0.184924599714577,0.040201012045145,
1793,0.00835008,-0.184924599714577,0.0804020240902901,
1794,0.00836032,-0.192964799702168,0.0804020240902901,
1795,0.00837056,-0.201004999689758,0.0804020240902901,
1796,0.0083808,-0.192964799702168,0.040201012045145,
1797,0.00839104,-0.192964799702168,0.040201012045145,
1798,0.00840128,-0.201004999689758,0.0804020240902901,
1799,0.00841152,-0.201004999689758,0.040201012045145,
1800,0.00842176,-0.201004999689758,0.0804020240902901,
1801,0.008432,-0.201004999689758,0.0804020240902901,
1802,0.00844224,-0.201004999689758,0.040201012045145,
1803,0.00845248,-0.201004999689758,0.0804020240902901,
1804,0.00846272,-0.209045199677348,0.040201012045145,
1805,0.00847296,-0.209045199677348,0.0804020240902901,
1806,0.0084832,-0.217085399664938,0.0804020240902901,
1807,0.00849344,-0.217085399664938,0.040201012045145,
1808,0.00850368,-0.209045199677348,0.0804020240902901,
1809,0.00851392,-0.225125599652529,0.040201012045145,
1810,0.00852416,-0.217085399664938,0.040201012045145,
1811,0.0085344,-0.217085399664938,0.040201012045145,
1812,0.00854464,-0.217085399664938,0,
1813,0.00855488,-0.225125599652529,0.0804020240902901,
1814,0.00856512,-0.225125599652529,0.040201012045145,
1815,0.00857536,-0.225125599652529,0.040201012045145,
1816,0.0085856,-0.225125599652529,0.040201012045145,
1817,0.00859584,-0.225125599652529,0.0804020240902901,
1818,0.00860608,-0.233165799640119,0.0804020240902901,
1819,0.00861632,-0.233165799640119,0.0804020240902901,
1820,0.00862656,-0.241205999627709,0.040201012045145,
1821,0.0086368,-0.241205999627709,0.040201012045145,
1822,0.00864704,-0.241205999627709,0.040201012045145,
1823,0.00865728,-0.233165799640119,0.0804020240902901,
1824,0.00866752,-0.2492461996153,0.040201012045145,
1825,0.00867776,-0.241205999627709,0.0804020240902901,
1826,0.008688,-0.241205999627709,0.040201012045145,
1827,0.00869824,-0.2492461996153,0.040201012045145,
1828,0.00870848,-0.2492461996153,0.040201012045145,
1829,0.00871872,-0.25728639960289,0.040201012045145,
1830,0.00872896,-0.25728639960289,0.040201012045145,
1831,0.0087392,-0.25728639960289,0.040201012045145,
1832,0.00874944,-0.25728639960289,0.040201012045145,
1833,0.00875968,-0.25728639960289,0.040201012045145,
1834,0.00876992,-0.25728639960289,0.040201012045145,
1835,0.00878016,-0.26532659959048,0.040201012045145,
1836,0.0087904,-0.26532659959048,0.040201012045145,
1837,0.00880064,-0.26532659959048,0.0804020240902901,
1838,0.00881088,-0.26532659959048,0.040201012045145,
1839,0.00882112,-0.281406999565661,0.040201012045145,
1840,0.00883136,-0.273366799578071,0.040201012045145,
1841,0.0088416,-0.273366799578071,0.040201012045145,
1842,0.00885184,-0.281406999565661,0.040201012045145,
1843,0.00886208,-0.273366799578071,0.0804020240902901,
1844,0.00887232,-0.26532659959048,0.040201012045145,
1845,0.00888256,-0.281406999565661,0.040201012045145,
1846,0.0088928,-0.26532659959048,0.040201012045145,
1847,0.00890304,-0.289447199553251,0,
1848,0.00891328,-0.289447199553251,0.040201012045145,
1849,0.00892352,-0.289447199553251,0.0804020240902901,
1850,0.00893376,-0.281406999565661,0.040201012045145,
1851,0.008944,-0.281406999565661,0.040201012045145,
1852,0.00895424,-0.281406999565661,0.040201012045145,
1853,0.00896448,-0.297487399540842,0.040201012045145,
1854,0.00897472,-0.289447199553251,0.040201012045145,
1855,0.00898496,-0.281406999565661,0.040201012045145,
1856,0.0089952,-0.297487399540842,0,
1857,0.00900544,-0.297487399540842,0.040201012045145,
1858,0.00901568,-0.297487399540842,0.0804020240902901,
1859,0.00902592,-0.297487399540842,0.040201012045145,
1860,0.00903616,-0.305527599528432,0.040201012045145,
1861,0.0090464,-0.297487399540842,0.040201012045145,
1862,0.00905664,-0.305527599528432,0,
1863,0.00906688,-0.305527599528432,0,
1864,0.00907712,-0.305527599528432,0.040201012045145,
1865,0.00908736,-0.321607999503613,0.040201012045145,
1866,0.0090976,-0.313567799516022,0.0804020240902901,
1867,0.00910784,-0.313567799516022,0.040201012045145,
1868,0.00911808,-0.305527599528432,0.040201012045145,
1869,0.00912832,-0.313567799516022,0.040201012045145,
1870,0.00913856,-0.313567799516022,0.040201012045145,
1871,0.0091488,-0.313567799516022,0.0804020240902901,
1872,0.00915904,-0.313567799516022,0.0804020240902901,
1873,0.00916928,-0.313567799516022,0.040201012045145,
1874,0.00917952,-0.321607999503613,0.040201012045145,
1875,0.00918976,-0.329648199491203,0,
1876,0.0092,-0.321607999503613,0.040201012045145,
1877,0.00921024,-0.329648199491203,0,
1878,0.00922048,-0.321607999503613,0.040201012045145,
1879,0.00923072,-0.329648199491203,0.040201012045145,
1880,0.00924096,-0.329648199491203,0,
1881,0.0092512,-0.329648199491203,0.040201012045145,
1882,0.00926144,-0.337688399478793,0.040201012045145,
1883,0.00927168,-0.337688399478793,0,
1884,0.00928192,-0.337688399478793,0.0804020240902901,
1885,0.00929216,-0.337688399478793,0.040201012045145,
1886,0.0093024,-0.345728599466383,0.040201012045145,
1887,0.00931264,-0.345728599466383,0.040201012045145,
1888,0.00932288,-0.345728599466383,0.040201012045145,
1889,0.00933312,-0.345728599466383,0,
1890,0.00934336,-0.353768799453974,0,
1891,0.0093536,-0.345728599466383,0.040201012045145,
1892,0.00936384,-0.353768799453974,0.040201012045145,
1893,0.00937408,-0.353768799453974,0.040201012045145,
1894,0.00938432,-0.353768799453974,0.040201012045145,
1895,0.00939456,-0.345728599466383,0.040201012045145,
1896,0.0094048,-0.353768799453974,0.040201012045145,
1897,0.00941504,-0.353768799453974,0,
1898,0.00942528,-0.353768799453974,0,
1899,0.00943552,-0.369849199429154,0.040201012045145,
1900,0.00944576,-0.361808999441564,0.040201012045145,
1901,0.009456,-0.361808999441564,0.040201012045145,
1902,0.00946624,-0.361808999441564,0,
1903,0.00947648,-0.361808999441564,0,
1904,0.00948672,-0.361808999441564,0.040201012045145,
1905,0.00949696,-0.369849199429154,0,
1906,0.0095072,-0.369849199429154,0.040201012045145,
1907,0.00951744,-0.369849199429154,0,
1908,0.00952768,-0.369849199429154,0,
1909,0.00953792,-0.377889399416745,0.040201012045145,
1910,0.00954816,-0.377889399416745,0,
1911,0.0095584,-0.369849199429154,0,
1912,0.00956864,-0.369849199429154,0,
1913,0.00957888,-0.369849199429154,0,
1914,0.00958912,-0.369849199429154,0,
1915,0.00959936,-0.377889399416745,0.040201012045145,
1916,0.0096096,-0.377889399416745,0.040201012045145,
1917,0.00961984,-0.385929599404335,0,
1918,0.00963008,-0.385929599404335,0,
1919,0.00964032,-0.385929599404335,0.040201012045145,
1920,0.00965056,-0.377889399416745,0,
1921,0.0096608,-0.385929599404335,0,
1922,0.00967104,-0.377889399416745,0,
1923,0.00968128,-0.385929599404335,0,
1924,0.00969152,-0.385929599404335,0,
1925,0.00970176,-0.402009999379516,0,
1926,0.009712,-0.385929599404335,0,
1927,0.00972224,-0.393969799391925,0.040201012045145,
1928,0.00973248,-0.402009999379516,0,
1929,0.00974272,-0.402009999379516,0,
1930,0.00975296,-0.393969799391925,0,
1931,0.0097632,-0.410050199367106,0.040201012045145,
1932,0.00977344,-0.402009999379516,-0.040201012045145,
1933,0.00978368,-0.402009999379516,0.040201012045145,
1934,0.00979392,-0.393969799391925,0,
1935,0.00980416,-0.402009999379516,0.040201012045145,
1936,0.0098144,-0.402009999379516,0,
1937,0.00982464,-0.410050199367106,0.040201012045145,
1938,0.00983488,-0.410050199367106,0,
1939,0.00984512,-0.410050199367106,0.040201012045145,
1940,0.00985536,-0.410050199367106,0,
1941,0.0098656,-0.410050199367106,0.040201012045145,
1942,0.00987584,-0.418090399354696,0,
1943,0.00988608,-0.410050199367106,0,
1944,0.00989632,-0.418090399354696,0,
1945,0.00990656,-0.410050199367106,0,
1946,0.0099168,-0.418090399354696,0,
1947,0.00992704,-0.410050199367106,-0.040201012045145,
1948,0.00993728,-0.426130599342287,0,
1949,0.00994752,-0.426130599342287,0,
1950,0.00995776,-0.426130599342287,0,
1951,0.009968,-0.426130599342287,0,
1952,0.00997824,-0.418090399354696,0,
1953,0.00998848,-0.426130599342287,0,
